연번,훈련기관명,훈련기관위치,주소,위도,경도,훈련기관계열구분
1,뉴하나컴퓨터학원,전남 여수,"(59673) 전라남도 여수시 시청로 21 (학동 김재민내과, 창성약국) 3층, 뉴하나컴퓨터학원",127.6625966,34.76360007,IT계열
2,문영미 커피문화 아카데미 학원,전북 전주,(560833) 전라북도 전주시 완산구 백제대로 332 4층,127.1232257,35.82269319,식품·외식계열
3,PLC에듀학원,경기 안양,(431824) 경기도 안양시 동안구 평촌대로374번길 17 비산동 1038-18 2층전체,126.9506682,37.40397043,전기·전자계열
4,이삭엔지니어링(주),경기 군포,(15881) 경기도 군포시 군포첨단산업1로 15 (부곡동 이삭엔지니어링) 이삭엔지니어링(주),,,전기·전자계열
5,본메디간호학원,경남 양산,(50629) 경상남도 양산시 양산역2길 7 (중부동 대상골드타워) 4층(402호),129.0279168,35.33553529,보건계열
6,(사)한국환경산업협회,서울 중구,"(04505) 서울특별시 중구 서소문로 38(중림동, 센트럴타워) 703~705호",126.9662603,37.56045309,환경계열
7,에이치아카데미 D&D교육센터,서울 서대문구,"(03780) 서울특별시 서대문구 신촌로 141(대현동, 위고인 호스텔) 1층 101호, 2층 201호, 202호, 203호, 4층 403호",126.9416035,37.5570287,디자인계열
8,주식회사광주중장비학원,광주 광산구,(506053) 광주광역시 광산구 하남지실길 46-2 광주중장비학원,126.7982439,35.16815703,기계·중장비계열
9,거제배관특수용접학원,경남 거제,(53323) 경상남도 거제시 장승로 68 (장승포동) 거제배관특수용접학원,128.7232112,34.86097066,건설·용접계열
10,포항중앙평생교육원,경북 포항,(37681) 경상북도 포항시 남구 대이로60번길 16-5 2층,129.3429052,36.02068325,종합계열
11,경기스마트고등학교,경기 시흥,(15051) 경기도 시흥시 정왕천로 404 (정왕동 경기스마트고등학교) 경기스마트고등학교,126.7520001,37.34314087,종합계열
12,강남대학교산학협력단,경기 용인,(16979) 경기도 용인시 기흥구 강남로 40 (구갈동 강남대학교) 강남대학교,127.1319595,37.27540845,종합계열
13,수원직업전문학교,경기 수원,"(16489) 경기도 수원시 팔달구 권광로207번길 13 (2, 4, 5층)",,,종합계열
14,쇼콜라띠에제과제빵직업전문학교,경기 수원,"(443814) 경기도 수원시 영통구 청명남로28번길 2 501호, 705호 일부, 706호(영통동, 아이텐텐빌딩)",127.0754936,37.25179551,식품·외식계열
15,두리미용직업전문학교 ,경기 오산,"(18138) 경기도 오산시 원동 오산로240번길 27(수라상) 지하(전체),1층(일부),2층(전체)",127.0714774,37.1482505,미용계열
16,이제이커피학원,인천 서구,"(22722) 인천광역시 서구 서곶로 347 (연희동) KM빌딩 2층일부, 3층일부",126.6768082,37.54852916,식품·외식계열
17,실버엔젤요양보호사교육원,경기 김포,(415711) 경기도 김포시 북변중로65번길 4-8 실버엔젤요양보호사교육원,126.7087757,37.62633135,복지계열
18,범계간호학원,경기 안양,(14047) 경기도 안양시 동안구 시민대로 187 (비산동 안양건설타워) 1201호 일부,126.9516478,37.39169011,보건계열
19,(사)산림문화콘텐츠연구소,서울 종로구,(110052) 서울특별시 종로구 자하문로2길 18 4층,126.9736076,37.57628456,보건계열
20,용산여성인력개발센터,서울 용산구,(04370) 서울특별시 용산구 청파로 139-21 산 7-2번지,126.9663602,37.53475616,환경계열
21,구립영등포노인케어센터,서울 영등포구,(07296) 서울특별시 영등포구 도림로 482 ,,,종합계열
22,탑평생교육원,서울 구로구,(08269) 서울특별시 구로구 경인로 187 (오류동 오류동 삼전솔하임) 202호,126.8416847,37.49551278,종합계열
23,(주)엠비씨플레이비,서울 송파구,(138721) 서울특별시 송파구 잠실3동 키자니아,,,교육·문화계열
24,영등포리더스간호학원,서울 영등포구,(150035) 서울특별시 영등포구 영중로 46 홍익빌딩 3층,126.9052265,37.52043175,보건계열
25,프레이즈요양보호사교육원,서울 동작구,(06956) 서울특별시 동작구 상도로26길 12 (상도동 명진 빌딩) 401호,,,복지계열
26,새한전기기술사학원,서울 영등포구,(07354) 서울특별시 영등포구 영등포로 400 (신길동 신성빌딩) 4층,126.9225304,37.5129035,전기·전자계열
27,미래디지털 원격평생교육원,서울 강서구,"(07667) 서울특별시 강서구 등촌동 등촌로51길 14(태진빌딩) 502호, 501호일부",126.8625893,37.54912888,종합계열
28,현대요양보호사교육원,경기 하남,(465810) 경기도 하남시 대청로 33 현대베스코아 1003호,127.2159544,37.54101166,복지계열
29,에듀윌 국비교육원 성남센터,경기 성남,"(13376) 경기도 성남시 중원구 성남대로 1129 (성남동 하나빌딩) 6층 일부, 7층",127.1289937,37.43035923,종합계열
30,군산대학교 산학협력단,전북 군산,(573701) 전라북도 군산시 대학로 558 산학협력관 2층 산학협력단,126.6814869,35.94694653,종합계열
31,예스커피제과제빵학원,대전 서구,"(35368) 대전광역시 서구 계백로 1149 (가수원동 효진빌딩) 403,404호",127.3508354,36.30494546,식품·외식계열
32,모아소방전기학원,서울 영등포구,"(07301) 서울특별시 영등포구 영신로32길 29 (영등포동4가) 2층 일부, 3층 일부",126.9043461,37.51898042,건설·전기계열
33,진주용접학원,경남 진주,(52820) 경상남도 진주시 진주대로 620-4 (가좌동) 3층,128.1070162,35.16173018,건설·용접계열
34,(주)피알원,서울 서대문구,(120020) 서울특별시 서대문구 충정로 70 19층 (주) 피알원,126.9663682,37.56483106,종합계열
35,부산포시드직업전문학교,부산 부산진구,"(47213) 부산광역시 부산진구 중앙대로 917 (양정동) 4F, 5F",,,종합계열
36,제천장애인종합복지관,충북 제천,(27152) 충청북도 제천시 의림대로 242 의림대로 242,128.2158371,37.14888462,복지계열
37,(학교법인)인하공업전문대학,인천 미추홀구,"(22212) 인천광역시 미추홀구 인하로 100 (용현동 인하대,인하공전,정석항공고) 인하공업전문대학",126.6534252,37.44987607,종합계열
38,제천미용기술학원,충북 제천,(27169) 충청북도 제천시 의림대로 99 (명동) 3층4층,,,미용계열
39,커커뷰티직업전문학교,전북 전주,(54969) 전라북도 전주시 완산구 홍산로 250 (효자동3가) 203호 일부,127.1064187,35.8159675,미용계열
40,한양직업전문학교,전남 목포,(530230) 전남 목포시 무안동 5-16,126.3847165,34.78863319,종합계열
41,거성컴퓨터학원,전북 군산,(54025) 전라북도 군산시 월명로 466 (명산동 반석신협) 3층,126.7098138,35.98350056,IT계열
42,보령여성인력개발센터,충남 보령,(355938) 충청남도 보령시 한내로 11 ,,,종합계열
43,(주)네오플램(일학습병행),강원 원주,(220823) 강원도 원주시 지정면 기업도시로 1 (주)네오플램,127.8914948,37.37665887,제조계열
44,안양여성인력개발센터,경기 안양,(14109) 경기도 안양시 동안구 경수대로 594 (호계동) 안양YWCA여성인력개발센터,126.9568071,37.3755281,종합계열
45,여수중장비학원,전남 여수,(555080) 전라남도 여수시 좌수영로 831 ,,,건설·기계계열
46,플레이데이터평생교육원,서울 서초구,(06643) 서울특별시 서초구 효령로 335 (서초동 대호프레조빌) 1층 일부,127.0207805,37.48637721,종합계열
47,양산직업학교,경남 양산,(50629) 경상남도 양산시 양산역7길 10 (중부동 양산역프라자) 2층,129.0274272,35.33794952,종합계열
48,한일네트웍스(주),서울 중구,(04555) 서울특별시 중구 저동2가 수표로 34(씨티센터타워) 11층,126.9903071,37.56439455,IT계열
49,대우능력개발원,서울 중랑구,(02098) 서울특별시 중랑구 상봉동 망우로 285-1 4~6층,,,T계열
50,가천대학교,경기 성남,(13120) 경기도 성남시 수정구 성남대로 1342 ,,,종합계열
51,한백산업디자인학원(구:한백컴퓨터학원),서울 영등포구,(07289) 서울특별시 영등포구 경인로71길 6 (문래동2가 삼승빌딩) 6층,126.891507,37.51159891,디자인계열
52,둔산요리학원,대전 서구,(35263) 대전광역시 서구 계룡로553번안길 47 (탄방동) 5층,127.3878011,36.34605152,식품·외식계열
53,전북제과직업전문학교,전북 익산,(570957) 전라북도 익산시 익산대로 219 ,,,식품·외식계열
54,주식회사 대진,전남 광양,(545711) 전라남도 광양시 폭포사랑길 20-26 사서함 28호,127.7359946,34.93230424,제조계열
55,(재단법인)건설산업교육원 건국대분원,서울 광진구,(05072) 서울특별시 광진구 아차산로 208 (자양동 상록빌딩) 5층.,127.0662685,37.54097963,건설계열
56,(주)현대리서치연구소,서울 종로구,(04309) 서울특별시 용산구 청파로53길 5 솔밤빌딩 4층,126.9697495,37.54589336,종합계열
57,보람장례지도사교육원,충남 천안,(330843) 충청남도 천안시 동남구 목천읍 종합휴양지로 58-35 보람장례지도사교육원,127.2304989,36.76891584,복지계열
58,DYETEC연구원,대구 서구,(703834) 대구광역시 서구 달서천로 92 (평리동) DYETEC연구원,128.5441976,35.88229556,연구계열
59,궁전요리제빵커피학원,전북 전주,(55000) 전북특별자치도 전주시 완산구 경원동3가 팔달로 198(CTS전북방송) 2층(경원동3가),127.1466366,35.81997275,식품·외식계열
60,그린컴퓨터아트학원,전북 전주,(55000) 전라북도 전주시 완산구 팔달로 184 (경원동1가 관통빌딩) 2층 전체,127.1471546,35.81898075,IT계열
61,(사)한국수상레저안전연합회 부산지부,부산 수영구,(48275) 부산광역시 수영구 민락수변로239번길 18 ,,,기타계열
62,녹색환경기술학원,부산 동래구,"(47809) 부산광역시 동래구 명륜로138번길 34 (명륜동) 1층,2층,3층",129.0837492,35.20671619,환경계열
63,주식회사 에스알,서울 강남구,(06367) 서울특별시 강남구 수서동 광평로56길 12 (주)에스알(희림빌딩),127.1037839,37.4869093,물류·운송계열
64,주식회사 은행동미즈간호학원,대전 중구,(34832) 대전광역시 중구 목척8길 37 (은행동) 2~4층,127.4261872,36.32941241,보건계열
65,미래요양보호사교육원미래간호조무사학원,대전 대덕구,"(34422) 대전광역시 대덕구 계족산로 2 (중리동 조은크리닉) 4층 402호, 403호",,,복지계열
66,제이에스엘인재개발원,대전 중구,(34856) 대전광역시 중구 계룡로 825 (용두동 희영빌딩) 5~7층 일부,,,종합계열
67,뉴임마누엘패션디자인학원,충남 공주,(32576) 충청남도 공주시 한적2길 7 (신관동) 2층 뉴임마누엘 패션디자인 학원,,,디자인계열
68,공주간호학원부설요양보호사교육원,충남 공주,(32586) 충청남도 공주시 공주대학로 17-20 (신관동) 공주간호학원부설요양보호사교육원,127.1356511,36.46783963,복지계열
69,유양에스엔지주식회사,충남 당진,(31719) 충청남도 당진시 송악읍 북부산업로 1480 B열연 재질시험실 3층,126.7313397,36.98354343,종합계열
70,산본요양보호사 교육원,경기 군포,(15865) 경기도 군포시 번영로 515 (산본동 유화프라자빌딩) 603호,126.9335421,37.3591183,복지계열
71,큰사랑요양보호사교육원,경북 구미,"(730924) 경상북도 구미시 구미중앙로 145 3층, 큰사랑요양보호사교육원",128.3380234,36.12626234,복지계열
72,예랑도예학원,서울 송파구,(05665) 서울특별시 송파구 백제고분로 414 (송파동) 3층,127.1109035,37.50776382,디자인계열
73,양평간호학원부설요양보호사교육원,경기 양평,(12561) 경기도 양평군 시민로 40 (양평읍) 4층,,,복지계열
74,문릿꽃꽂이학원,서울 강남구,(06033) 서울특별시 강남구 도산대로17길 36 (신사동) 2층,127.024024,37.5209838,디자인계열
75,(주)가온원자력(일학습병행),서울 서초구,(06721) 서울특별시 서초구 효령로68길 102 (서초동),127.0194122,37.48529621,전기·전자계열
76,마산제과제빵전문학원,경남 창원,(51362) 경상남도 창원시 마산회원구 3·15대로 728 (합성동 마산요리학원) 웅미빌딩 3층 301호,128.5818579,35.23692425,식품·외식계열
77,고려아트컴퓨터학원,서울 송파구,(05772) 서울특별시 송파구 오금로 478 (거여동 이화빌딩) 4층.,,,IT계열
78,엔플러스간호학원,서울 노원구,(01695) 서울특별시 노원구 노해로 511 (상계동 신영빌딩) 3층 4층,127.0646771,37.65538666,보건계열
79,(주)광진,충남 아산,(336831) 충청남도 아산시 인주면 걸매리 인주산업단지 1블럭,,,종합계열
80,(주)아데코코리아,서울 송파구,"(05556) 서울특별시 송파구 백제고분로 69(잠실동, 애플타워) 5층",127.0790234,37.5104556,종합계열
81,프로종합관리(주),서울 금천구,(08639) 서울특별시 금천구 시흥대로 97 (시흥동 시흥유통상가) 1-330,126.9015978,37.44326743,종합계열
82,(재)영남건설기술교육원,부산 서구,(49253) 부산광역시 서구 충무대로 277 (충무동1가 충무 에코펠리스2차) 3층,129.0239313,35.09531015,건설계열
83,(주)동성직업전문학교,경기 수원,"(16470) 경기도 수원시 팔달구 세지로 271 (인계동) (301호, 303호, 304호 제외)",127.0234252,37.27517968,종합계열
84,오산간호학원,경기 오산,(18136) 경기도 오산시 오산로 247 (오산동 용현빌딩) 5층 (일부),127.0683272,37.14926145,보건계열
85,경상직업전문학교,대구 달서구,(42737) 대구광역시 달서구 월배로 455 (송현동) 3층,128.5547064,35.83404843,종합계열
86,비에이치아이주식회사,경남 함안,(52063) 경상남도 함안군 군북면 장백로 122 ,,,종합계열
87,동남간호조무사학원,경기 고양,"(10414) 경기도 고양시 일산동구 마두동 강석로 123(뉴삼창마트) 411호, 412호, 413호, 414호, 415호, 416호, 424호, 425호, 428호, 429호",126.7787622,37.6518023,보건계열
88,에스지씨이앤씨 주식회사,서울 서초구,(06792) 서울특별시 서초구 염곡동 양재대로 246 (염곡동),127.044909,37.46588242,건설계열
89,(주)경농,서울 서초구,(06627) 서울특별시 서초구 효령로77길 28 동오빌딩 (경농사옥),127.028991,37.4913762,화학·제조계열
90,사단법인다물민족연구소평생교육원,경남 산청,(52241) 경상남도 산청군 호암로619번길 50-29 (단성면 다물평생교육원) 경남 산청군 호암로 619번길(단성면 운리 515번지),,,종합계열
91,(주)케이씨,경기 안성,(17599) 경기도 안성시 제2공단3길 30 (미양면 케이씨텍) (주)케이씨,127.2596838,36.97894476,화학·제조계열
92,(주)포스코와이드,서울 중구,"(04514) 서울특별시 중구 세종대로 73(서소문동, 태평로빌딩) 22층",126.9756954,37.56295052,건설계열
93,한국보훈복지의료공단 부산보훈병원,부산 사상구,(617717) 부산광역시 사상구 백양대로 420 부산보훈병원,129.0068778,35.15380862,보건계열
94,제이성모요양보호사교육원,전북 익산,(570982) 전라북도 익산시 무왕로 1071 (3층),126.9757127,35.95870218,복지계열
95,(주)진에어,서울 강서구,(157841) 서울특별시 강서구 공항대로 453 대한항공 교육훈련센터 3층,126.8574011,37.55472813,항공계열
96,코디잡평생교육원,인천 미추홀구,(22139) 인천광역시 미추홀구 석바위로 56 (주안동 주안빌딩) 3층 전부(주안동),126.6792821,37.46042828,종합계열
97,인천서구SBS아카데미미용학원,인천 서구,"(22642) 인천광역시 서구 완정로 18 (마전동 한윤메디칼) 3층 301호, 302호",126.6719173,37.59510514,미용계열
98,서울특별시 기술교육원 남부캠퍼스,경기 군포,(15820) 경기도 군포시 고산로 589 (산본동 엘림복지원) 서울특별시 남부기술교육원,126.9252613,37.36588878,종합계열
99,(주)탑디자인학원,충북 청주,(28555) 충청북도 청주시 서원구 사운로 81 (사직동 굿모닝빌딩) 4층,127.4788118,36.63618766,디자인계열
100,광양(주),전남 광양,(545883) 전라남도 광양시 백운1로 180 ,,,제조계열
101,(사)한국환경기술인협회,서울 금천구,"(08595) 서울특별시 금천구 범안로 1130 (가산동 디지털엠파이어빌딩) 1509호, 은평사무소(서울시 은평구 진흥로 215 환경산업기술원 B동 403호), 전용교육장(경기도 안산시 단원구 동산로 60(원시동)502호) ※국가인적자원개발컨소시엄업무 - 은평사무소",,,환경계열
102,(주)신명건설기술공사,전남 순천,(540080) 전라남도 순천시 가곡길 12 ,,,건설계열
103,대연부경정보처리학원,부산 남구,"(48434) 부산광역시 남구 수영로 297 (대연동 동남CATV) 7층 일부(대연동, 대영빌딩)",129.0986484,35.13703514,IT계열
104,(주)영동이앤씨,전남 여수,(59632) 전라남도 여수시 봉계6길 12-1 ,,,건설계열
105,프리머스HR(주),서울 성동구,(04783) 서울특별시 성동구 아차산로 126 (성수동2가 더리브 세종타워) 913호,,,종합계열
106,무궁애학원,경남 양산,(626814) 경상남도 양산시 물금읍 청룡로 69 ,,,복지계열
107,인천교통공사,인천 계양구,(21016) 인천광역시 계양구 만봉길 65 (귤현동) 귤현기지사업소,126.7424924,37.56966712,물류·운송계열
108,라온시큐어(주),서울 영등포구,(07335) 서울특별시 영등포구 여의대로 108 (여의도동 파크원) 타워2 48층,126.9282519,37.52598062,IT계열
109,대전생활과학고등학교,대전 대덕구,(34432) 대전광역시 대덕구 오정동 동산초교로63번길 12(경덕중학교) 대전생활과학고등학교,127.4228758,36.349493,종합계열
110,(재단법인)백제직업전문학교,전북 전주,(54924) 전라북도 전주시 덕진구 기린대로 330 ,,,종합계열
111,(주)원풍산업,부산 기장군,(619961) 부산광역시 기장군 정관면 산단5로 100-52 ,,,화학·제조계열
112,(주)하이미디어컴퓨터학원,경기 안양,(13992) 경기도 안양시 만안구 안양로314번길 10 (안양동) 3층,126.920844,37.40007916,IT계열
113,안양아이비알뷰티미용학원,경기 안양,(13991) 경기도 안양시 만안구 안양로 336 (안양동 금강빌딩) 1201호,126.9194302,37.40197029,미용계열
114,(주)알투소프트,대전 중구,(34839) 대전광역시 중구 중앙로 119 (선화동) 디스테이션 703호,127.4227934,36.32791043,IT계열
115,주식회사 서울기술사학원,서울 중구,(04502) 서울특별시 중구 중림로 34 (중림동 새마을금고) 3층,126.9669441,37.5579114,건설계열
116,(주)티웨이항공,서울 강서구,(157240) 서울특별시 강서구 하늘길 210 김포국제공항 화물청사 (주)티웨이항공 (7번 게이트),126.8084611,37.55670292,항공계열
117,(주)평택직업전문학교,경기 평택,"(17910) 경기도 평택시 평택1로 16 (평택동) 3층,4층 일부(평택동, 영일빌딩)",127.0873985,36.99332936,종합계열
118,국제호텔직업전문학교,서울 동대문구,"(02582) 서울특별시 동대문구 왕산로 14 (신설동 글로리아 타워) 5층, 7층 일부(703호·704호. 교무·도서·상담실)",127.0251942,37.57589866,호텔외식계열
119,창원간호학원,경남 창원,(51495) 경상남도 창원시 성산구 원이대로 658 (상남동 상남프라자) 6층,128.6853514,35.22406631,보건계열
120,(주)유프랜드,광주 광산구,(506500) 광주광역시 광산구 평동산단1번로 52 ,,,종합계열
121,(주)이디야,서울 강남구,(06107) 서울특별시 강남구 논현로 636 (논현동 이디야빌딩) 이디야빌딩,127.0326847,37.51032321,식품·외식계열
122,늘푸른간호병원코디네이터학원,서울 강서구,(157925) 서울특별시 강서구 강서로 155 (화곡동 1075-39외3필지) 등대빌딩6층,126.8407054,37.54047983,보건계열
123,한국폴리텍대학 창원캠퍼스,경남 창원,(641772) 경상남도 창원시 성산구 중앙동 (외동반림로 51-88),128.6688429,35.22828703,종합계열
124,서보산업(주)(일학습병행제),충북 음성,(27670) 충청북도 음성군 대소면 대금로196번길 52 서보산업(주),127.46352,36.97736479,제조계열
125,국제직업전문학교,광주 동구,(61468) 광주광역시 동구 백서로175번길 8 (서석동) (1-5층),126.9236754,35.14451738,종합계열
126,(주)이노티안경체인,경남 진주,(52813) 경상남도 진주시 큰들로 118 (상평동) 이노티 프라자 1층,128.115757,35.17092447,종합계열
127,샘표아이에스피,서울 중구,(100728) 서울특별시 중구 충무로 2 ,,,식품·제조계열
128,특수법인한국방재협회,서울 강동구,(05402) 서울특별시 강동구 성안로 9 (성내동 한국방재협회) 한국방재협회,127.1290095,37.52488046,건설계열
129,비엘테크(주),강원 춘천,(24427) 강원도 춘천시 퇴계농공로 84 비엘테크(주),127.7418594,37.84612289,제조계열
130,하이미디어컴퓨터학원,서울 노원구,(01693) 서울특별시 노원구 상계로5길 32 금호프라자 6층,127.0624915,37.65729784,IT계열
131,(주)노루페인트,경기 안양,(430030) 경기 안양시 만안구 박달동 615번지,126.8925898,37.4058857,화학·제조계열
132,천성원,대전 대덕구,(34371) 대전광역시 대덕구 대화1길 2 (대화동 천성원) 천성원,,,복지계열
133,서면미리벌직업전문학교,부산 부산진구,"(47296) 부산광역시 부산진구 중앙대로680번길 35 4층, 5층",,,종합계열
134,준오헤어 서울대1호점(일학습병행),서울 관악구,(08787) 서울특별시 관악구 관악로 163 2층 준오헤어,126.9522773,37.47988055,미용계열
135,(사)한국철도시설협회,서울 용산구,"(04377) 서울특별시 용산구 한강대로21나길 7 (한강로3가 철도회관) 서울시 용산구 한강대로 21 나길 7, 808호(철도회관, 한국철도 시설협협회)",126.9648466,37.52980925,건설계열
136,우진일렉트로나이트(주),경기 평택,(451833) 경기도 평택시 청북면 원율북로 172 ,,,전기·전자계열
137,자화전자(주),충북 청원,(363922) 충북 청원군 북이면 현암리 7-6,127.5471049,36.75030858,전기·전자계열
138,에이치디현대인프라코어(주) 기술교육센터,경기 안산,(15528) 경기도 안산시 상록구 용담로 48 (팔곡이동 두산인프라코어(주)) 에이치디현대인프라코어(주) 기술교육센터,126.888233,37.28523546,제조계열
139,한국댓와일러,대구 달서구,(704833) 대구광역시 달서구 성서서로15길 26 ,,,제조계열
140,한국자동차연구원,충남 천안,(330910) 충청남도 천안시 풍세면 용정리 74번지 ,,,연구계열
141,동아쏘시오그룹 상주인재개발원,경북 상주,(37106) 경상북도 상주시 은척면 무릉1길 89 동아쏘시오그룹 상주인재개발원,128.0883067,36.57542568,제조계열
142,쿠쿠홀딩스(주),경남 양산,(626210) 경상남도 양산시 교동 91번지,129.0306999,35.35272729,제조계열
143,한국단자공업(주),인천 연수구,(406840) 인천광역시 연수구 송도동 7-38,126.6552849,37.38496439,전기·전자계열
144,(주)한솔케미칼,전북 완주,(565902) 전라북도 완주군 봉동읍 과학로 873 (주)한솔케미칼,127.1232228,35.94523465,화학·제조계열
145,(주)네패스,충북 음성,(369834) 충청북도 음성군 삼성면 용성리 74-10,127.4884151,37.01210965,전자·반도체계열
146,대동금속(주),대구 달성군,(711855) 대구광역시 달성군 논공읍 본리리 29-18,128.4561921,35.73802688,제조계열
147,평화씨엠비(주),대구 달성군,(42982) 대구광역시 달성군 논공로 529 (논공읍) 평화씨엠비(주),128.4640785,35.74013921,제조계열
148,한국교통안전공단,경북 김천,(39660) 경상북도 김천시 혁신6로 17 (율곡동 한국교통안전공단) (교육장) 김천시 혁신로 288-7 첨단자동차검사연구센터,128.183479,36.1245871,물류·운송계열
149,한라병원,제주 제주,(63127) 제주특별자치도 제주시 도령로 65 (연동),126.4849579,33.49030216,보건계열
150,SK실트론(주),경북 구미,(39386) 경상북도 구미시 임수로 53 (임수동 SK실트론) SK실트론,,,전자·반도체계열
151,사단법인 충남산학융합원,충남 당진,(31702) 충청남도 당진시 산단7로 201 (석문면) 사단법인 충남산학융합원,126.5840756,37.00259628,종합계열
152,(주)천안직업전문학교,충남 천안,(31081) 충청남도 천안시 서북구 천안대로 1344 (신당동 파크랜드) 2층/실습장 : 충청남도 천안시 서북구 천안대로 1346-33,127.1518027,36.86073602,종합계열
153,나눔요양보호사교육원,충남 아산,(31513) 충청남도 아산시 충무로 11 (온천동 최순규의원) (3층),127.0041815,36.78235273,복지계열
154,이젠아카데미컴퓨터학원,충남 천안,"(330944) 충청남도 천안시 동남구 터미널2로 10 시암빌딩 4,5층",127.1583361,36.81985406,IT계열
155,보령직업전문학교,충남 보령,(33449) 충청남도 보령시 중앙로 187 -70,126.5833183,36.35239619,종합계열
156,(사단법인)대전충청씨티오포럼,대전 유성구,(34103) 대전광역시 유성구 유성대로1312번길 20-62 5층,127.3634336,36.40045846,종합계열
157,한화호텔앤드리조트(주),서울 중구,"(04525) 서울특별시 중구 소공로 119(태평로2가, 더 플라자) 한화호텔앤드리조트 7층",126.9778992,37.56465414,호텔외식계열
158,신라엔지니어링(주),충남 아산,(336871) 충청남도 아산시 둔포면 아산밸리로 271 ,,,건설계열
159,삼성전기(주),경기 수원,(443743) 경기도 수원시 영통구 매영로 150 ,,,전기·전자계열
160,삼성전자(주) PMC,경기 수원,(16522) 경기도 수원시 영통구 삼성로 290 (원천동 삼성전자(주)CS아카데미) .,127.0654959,37.26565906,전자·반도체계열
161,동의병원,부산 부산진구,(614710) 부산 부산진구 양정2동 동의의료원 총무과,129.0767505,35.17024985,보건계열
162,다이아덴트(충북RC),충북 청주,(28161) 충청북도 청주시 흥덕구 오송읍 오송생명4로 16 다아아덴트,127.3204908,36.64281547,보건계열
163,동일기업(주),경북 포항,(37781) 경상북도 포항시 남구 대해로 102 대도동 동일기업(주),129.3632825,36.0215451,제조계열
164,케이에치알디주식회사(khrd),서울 성동구,(133825) 서울특별시 성동구 광나루로 130 ,,,IT계열
165,(주)테이팩스,경기 수원,"(16226) 경기도 수원시 영통구 대학4로 17 (이의동) 812호, 813호",127.0463845,37.3004022,화학·제조계열
166,대구과학대학교,대구 북구,(702723) 대구광역시 북구 영송로 47 ,,,종합계열
167,한국기술교육대학교,충남 천안,(330708) 충남 천안시 병천면 한국기술교육대학교 산학협력단,127.2814405,36.76319362,종합계열
168,대전보건대학,대전 동구,(34504) 대전광역시 동구 충정로 21 77-3,127.4549029,36.34938517,보건계열
169,스카우트부설평생교육원,서울 강남구,(06221) 서울특별시 강남구 언주로 431 (역삼동 삼봉빌딩) 3층 일부,127.0428255,37.50170673,IT계열
170,영진전문대학,대구 북구,(702721) 대구광역시 북구 복현로 35 영진전문대학,128.6220778,35.89606728,종합계열
171,가톨릭관동대학교,강원 강릉,(210701) 강원도 강릉시 범일로579번길 24 평생교육원,128.8740565,37.73605107,종합계열
172,부산정보고등학교,부산 부산진구,(614857) 부산광역시 부산진구 양정1동 화지로 32,,,종합계열
173,대구대학교,경북 경산,(38453) 경상북도 경산시 진량읍 대구대로 201 대구대학교,128.8428349,35.90252013,종합계열
174,중부대학교,경기 고양,(10279) 경기도 고양시 덕양구 동헌로 305 (대자동 중부대학교 고양캠퍼스) ,,,종합계열
175,미래직업전문학교,강원 원주,"(26425) 강원도 원주시 천사로 174 (일산동 원주신협 ) 2층, 3층",127.9434969,37.34960567,종합계열
176,전주비전대학,전북 전주,(560760) 전라북도 전주시 완산구 효자동2가 전주비전대학 1070번지,127.0905323,35.80880618,종합계열
177,스탭스(주),서울 중구,(100829) 서울 중구 신당2동 423-6 비에스빌딩,127.0102721,37.55600683,종합계열
178,상주중장비운전학원,경북 상주,"(37227) 경상북도 상주시 양촌동 남상주로 1438 양촌동 563-5, 양촌동 565-3, 양촌동 565-6",128.146146,36.3605859,건설계열
179,(주)동부그린,전남 순천,(58023) 전라남도 순천시 해룡산단6로 100 (해룡면) (주)동부그린,127.5625663,34.90567199,제조계열
180,뷰티패션중앙직업전문학교,전북 익산,"(54662) 전라북도 익산시 익산대로 171 (창인동1가 중앙미용전문학원) 1층,3층,4층,5층(뷰티패션중앙직업전문학교)",126.9475798,35.94156014,미용계열
181,부산전기학원,경남 창원,(51302) 경상남도 창원시 마산회원구 3·15대로 707 225-4번지 3층,128.5800229,35.23575856,건설계열
182,대화건축아카데미,광주 북구,(500815) 광주광역시 북구 서하로 125 ,,,건설계열
183,이도타일직업학원,서울 중랑구,"(02139) 서울특별시 중랑구 봉우재로 67 (상봉동) 1층 일부(상봉동) / 실습장: 서울특별시 중랑구 동일로 686, 2층 일부(상봉동) / 서울특별시 중랑구 봉우재로 68, 4층 일부(면목동)",,,IT계열
184,열린컴퓨터학원,대전 대덕구,(34437) 대전광역시 대덕구 대전로 1159 (오정동) 열린빌딩 2F,,,IT계열
185,실리콘밸리(주),경북 김천,(740180) 경상북도 김천시 공단4길 34 (응명동),128.1269018,36.15686076,종합계열
186,한선생직업전문학교,경기 수원,"(442040) 경기도 수원시 팔달구 정조로 867 대한빌딩3,4층",127.0152524,37.2853444,종합계열
187,송파여성인력개발센터,서울 송파구,"(05712) 서울특별시 송파구 중대로9길 34 (가락동 대호빌딩) 2층, 3층, 5층(5층 요양보호사교육원 제외)",127.118599,37.49618779,복지계열
188,평화의집,부산 북구,(616833) 부산광역시 북구 양달로 65 평화의집,129.0199517,35.24415755,종합계열
189,(사)한국신.재생에너지협회,경기 성남,(13558) 경기도 성남시 분당구 성남대로331번길 13 (정자동) 510호(백궁프라자 5층),127.10624,37.36533751,종합계열
190,사단법인 한국에듀테크산업협회,서울 강남구,(06185) 서울특별시 강남구 삼성로86길 6 3층,127.0579372,37.50543076,종합계열
191,(주)대영자동차운전전문학원대영중장비운전학원,충북 청주,(28153) 충청북도 청주시 청원구 구성길 17 (내수읍) 실습장 (청주시 청원구 내수읍 구성길 19),127.5050523,36.68242413,건설계열
192,(사단법인)한국플랜트산업협회,서울 구로구,(08208) 서울특별시 구로구 경인로 661 (신도림동 신도림1차푸르지오) 16층,126.8877327,37.50936984,종합계열
193,푸본현대생명보험(주),서울 영등포구,(07327) 서울특별시 영등포구 여의나루로 57 (여의도동 신송센타빌딩) 푸본현대생명,126.9254267,37.52312266,금융계열
194,프로틴팅학원,경기 고양,"(10454) 경기도 고양시 덕양구 독곶이길 162 (주교동) 1,2층",126.8217587,37.65488538,종합계열
195,하이미디어IT인재개발학원,경기 성남,"(13376) 경기도 성남시 중원구 성남대로 1133 (성남동) 4층,5층 일부(성남메트로칸,성남동)",127.1285768,37.43099938,IT계열
196,한국아파트경리학원,경기 성남,(13373) 경기도 성남시 중원구 둔촌대로 111 (성남동 거명빌딩) 4층,127.1312404,37.4293567,종합계열
197,두드림IT교육원,경기 성남,(13364) 경기도 성남시 중원구 광명로 4 아트팰리스 5층(고용노동부 우수훈련기관),127.1295964,37.43263812,IT계열
198,분당요양보호사교육원,경기 성남,(13506) 경기도 성남시 분당구 장미로86번길 8 (야탑동 동호빌딩) 502호,127.1303538,37.41286026,복지계열
199,경인디지털컴퓨터학원,경기 부천,(14557) 경기도 부천시 부천로 196 (춘의동) 4층 401호,126.7870712,37.50175961,IT계열
200,케어대한요양보호사교육원,인천 남동구,"(405835) 인천광역시 남동구 구월남로 163 5층 503호(구월동, 토성프라자)",126.7076355,37.45315038,복지계열
201,논현요양보호사교육원,인천 남동구,(405825) 인천 남동구 논현동 636-1번지 제일프라자  704호,126.7109985,37.40204493,
202,논현요리제과커피학원,인천 남동구,(21653) 인천광역시 남동구 청능대로 563 (논현동 동아베스트프라자) 701호.702호,126.7217544,37.40096276,
203,논현간호학원,인천 남동구,(21653) 인천광역시 남동구 논고개로123번길 17 (논현동 아이플렉스) 807호 논현간호학원,126.722994,37.40170452,
204,마음과마음요양보호사교육원,경기 남양주시,(12260) 경기도 남양주시 다산동 경춘로 383 4층,127.1569788,37.60597398,
205,의료법인 한양의료재단 남양주한양병원,경기 남양주시,(472880) 경기도 남양주시 오남읍 오남리 570번지,127.2047508,37.68282672,
206,(주)안산직업전문학교,경기 안산시 상록구,(15494) 경기도 안산시 상록구 이동 광덕1로 385(엔타운) 5층 (501-503호),126.8517734,37.30898155,
207,행복한학원,경기 안산시 상록구,"(15486) 경기도 안산시 상록구 조구나리1길 58 (이동) 1,2,3층",126.843126,37.31220486,
208,성원회계컴퓨터학원,경남 김해시,(50920) 경상남도 김해시 가락로 39 (부원동) 4층일부,,,
209,(주)한국외식조리직업전문학교(CIK),경기 부천시,(14539) 경기도 부천시 길주로 249 (중동 대일빌딩) 3층-5층,126.7703595,37.50439484,
210,(재)상무대학직업전문학교,광주 서구,(61901) 광주광역시 서구 하남대로550번길 19-27 (동천동),126.855294,35.17184535,
211,명진디지털직업전문학교,인천 미추홀구,"(22105) 인천광역시 미추홀구 경인로 113 지하1층 전체, 2층 일부,3층 전체",126.6551374,37.46649068,
212,중앙직업전문학교,대구 중구,"(41912) 대구광역시 중구 교동1길 35 지하1층, 지상4층, 중구 경상감영길 177(동문동) 3~4층",128.5973634,35.87278278,
213,전주기전대학,전북 전주시 완산구,(560701) 전라북도 전주시 완산구 중화산동1가 177 전주기전대학,127.1354782,35.81744405,
214,안산여성인력개발센터,경기 안산시 단원구,"(15353) 경기도 안산시 단원구 광덕대로 271 (고잔동 한국산업은행안산지점) 2,3,4층",126.8299235,37.32086904,
215,(주)오디텍,전북 완주군,(565902) 전라북도 완주군 봉동읍 완주산단5로 87 (주)오디텍,127.1272223,35.94428429,
216,제주한라대학교,제주 제주시,(63092) 제주특별자치도 제주시 한라대학로 38 (노형동 제주한라대학교) 제주한라대학교,126.4746747,33.47730302,
217,대한요리제과제빵학원,강원 동해시,(240810) 강원도 동해시 천곡동 (천곡동) 1078-14번지 삼성빌딩 3층 가호,129.1105725,37.52377127,
218,사랑간호학원 부설 요양보호사교육원,강원 원주시,(26484) 강원도 원주시 서원대로 392 (단구동) 606호,127.948387,37.33097036,
219,강릉요양보호사교육원,강원 강릉시,(25548) 강원도 강릉시 용지각길 20 (포남동) 3층 강릉요양보호사교육원,128.9057482,37.76127128,
220,도봉여성센터,서울 도봉구,(132830) 서울특별시 도봉구 방학로12길 28 ,,,
221,호남제과전문학원,광주 동구,(501013) 광주광역시 동구 중앙로 170 3층,126.9141566,35.14885529,
222,둔산전산세무회계직업전문학교(구:둔산직업전문학교),대전 서구,(35262) 대전광역시 서구 문정로 66 (탄방동) 한빛빌딩 7층 대전고용센터 옆,127.3865211,36.34627192,
223,김해대학(직장),경남 김해시,(621908) 경남 김해시 삼방동 산 77-9번지,128.9131829,35.25318087,
224,마이스터직업전문학원,인천 연수구,(21909) 인천광역시 연수구 선학동 학나래로118번길 9(선학프라자) 316호,126.6983903,37.42816024,
225,명성컴퓨터학원,부산 사하구,(49408) 부산광역시 사하구 낙동대로 443 3층,128.9699327,35.10453436,
226,덕계컴퓨터학원,경남 양산시,(626842) 경남 양산시 덕계동 748-1번지 유창빌딩 2층,129.1499882,35.37316705,
227,평화홀딩스(주),대구 달성군,(711855) 대구광역시 달성군 논공읍 본리리 29-17,128.4596299,35.73864315,
228,(주)아모레퍼시픽,경기 용인시 기흥구,(17074) 경기도 용인시 기흥구 용구대로 1920 (주)아모레퍼시픽 인재개발연구원,127.1078882,37.25990752,
229,경북이?미용직업전문학원,경북 예천군,(36849) 경상북도 예천군 새움3로 52 (호명면 JM골드스퀘어) 6층,128.4919644,36.57613056,
230,자은간호학원 부설 요양보호사 교육원,충남 천안시 서북구,(31180) 충청남도 천안시 서북구 충무로 215 (쌍용동 진솔빌딩) 406호,,,
231,순천중장비학원,전남 순천시,(58028) 전라남도 순천시 양율길 166 (대룡동 순천중장비학원) 순천중장비학원,127.4836101,34.90900247,
232,퍼스트컴퓨터아카데미학원,강원 춘천시,"(24436) 강원도 춘천시 경춘로 2362 (온의동) 6층, 7층, 8층",127.7203578,37.86423823,
233,그린요양보호사교육원,서울 서대문구,(03682) 서울특별시 서대문구 응암로 104 (북가좌동 청송) 3층,126.9129242,37.5816688,
234,호남직업전문학교 첨단,광주 북구,(500470) 광주광역시 북구 첨단벤처로 102 958-20번지,126.8589114,35.23073434,
235,사회복지법인가교,광주 북구,(500210) 광주광역시 북구 하서로 600-11 ,,,
236,(주)이젠커뮤니케이션즈,광주 북구,(500714) 광주광역시 북구 동문대로 50 동강대학교 산학협력관 403호,126.9246824,35.17009831,
237,엔터컴퓨터학원,광주 광산구,(506901) 광주광역시 광산구 수등로258번길 10 우미아파트 상가 2층 201호,126.8358282,35.18415047,
238,예담노인복지센터,전남 장성군,(57220) 전라남도 장성군 장성읍 청운길 55 예담노인복지센터,126.7815507,35.30480609,
239,동광주간호학원,광주 북구,(61170) 광주광역시 북구 동문대로 193 4층,126.9294598,35.17962853,
240,CSA(씨에스에이)자동차인테리어학원,광주 북구,"(61252) 광주광역시 북구 태봉로 54 (신안동) 1층,2층일부",126.9049557,35.16190875,
241,(주)아미스능력개발원,광주 서구,(61955) 광주광역시 서구 상무대로673번길 8 (마륵동) 2층일부,126.8381632,35.14232216,
242,가람미용학원,전남 목포시,"(58691) 전라남도 목포시 비파로 41 (상동) 3, 4층",126.4270148,34.80221723,
243,(주)코스원,전남 광양시,(545711) 전라남도 광양시 폭포사랑길 20-26 방재센터 內,127.7359946,34.93230424,
244,홍대리회계학원,전남 광양시,"(57783) 전라남도 광양시 중마용소3길 61 (중동) 2,3층",127.6888045,34.94202605,
245,주식회사 히든베이호텔,전남 여수시,(59747) 전라남도 여수시 신월로 496-25 ,,,
246,전남대학교산학협력단여수산학협력본부,전남 여수시,(550250) 전남 여수시 둔덕동 산 96-1번지,127.6977516,34.77474394,
247,(주)케이티엠오에스남부,대전 서구,(35291) 대전광역시 서구 괴정로 72 KT서대전지사 6층,127.3814667,36.33997088,
248,낙산요양원,강원 양양군,(25007) 강원도 양양군 고래골길 109 (강현면 낙산노인전문요양원) 낙산요양원,,,
249,경북전문대학산학협력단,경북 영주시,(36133) 경상북도 영주시 대학로 77 경북전문대학교,128.6141667,36.80496663,
250,부산과학기술대학교 산학협력단,부산 북구,(616737) 부산광역시 북구 시랑로132번길 88 부산과학기술대학교 산학협력단,129.0038418,35.1942488,
251,김해여성인력개발센터,경남 김해시,(621070) 경상남도 김해시 해반천로168번길 10-16 1469-5번지,128.8680221,35.26242866,
252,한국섬유소재연구원,경기 양주시,(11410) 경기도 양주시 검준길 170 (남면) 한국섬유소재연구원,126.9990406,37.86713574,
253,가톨릭요양보호사교육원,대전 동구,(34553) 대전광역시 동구 동서대로 1629-6 (홍도동) 3층,127.4310742,36.34732815,
254,대한기술교육학원,대전 중구,(34952) 대전광역시 중구 충무로 25 (대흥동) 대동빌딩3층,,,
255,풀잎평생교육원,전남 여수시,(59687) 전라남도 여수시 신기남2길 28 (신기동) (2층),127.6694295,34.76029984,
256,이젠컴퓨터아트서비스학원,전북 전주시 덕진구,(561180) 전북 전주시 덕진구 금암동 667-52번지  B  L 4층,127.1324505,35.84043817,
257,아중안골평화간호학원,전북 전주시 덕진구,(561870) 전라북도 전주시 덕진구 견훤로 289 3층,127.1560315,35.83732817,
258,한세기요양보호사교육원,경기 구리시,(11946) 경기도 구리시 벌말로129번길 92 메인프라자 3층 301호,127.1449226,37.5905914,
259,더감성뷰티아카데미학원,전남 여수시,(59704) 전라남도 여수시 문수동 문수로 15-1 6층,127.6990941,34.7498851,
260,우쌤전산세무회계직업전문학교,대전 서구,(35235) 대전광역시 서구 둔산서로 3 (둔산동 선우빌딩) 11층,127.382414,36.34696992,
261,화원요양보호사교육원,대구 달성군,(711836) 대구광역시 달성군 화원읍 비슬로 2620 3층,128.5031524,35.80488405,
262,대경요양보호사교육원,대구 서구,(41815) 대구광역시 서구 국채보상로 354-1 (비산동) 3층,128.5697605,35.87193514,
263,달서구요양보호사교육원,대구 달서구,(42696) 대구광역시 달서구 달구벌대로 1298 3층,128.5090911,35.85104775,
264,SBS아카데미컴퓨터아트학원 2캠퍼스,서울 서초구,(06615) 서울특별시 서초구 서초대로77길 3 아라타워 6층(604~609호),127.0264714,37.4978729,
265,세인한강평생교육원,경기 김포시,"(10073) 경기도 김포시 김포한강1로 247 (운양동 김포운양헤리움타운) 505~506, 509~511",126.6848005,37.65418115,
266,사하요양보호사교육원,부산 사하구,(49341) 부산광역시 사하구 낙동대로 246 (괴정동 화원 레샹스) 202호,128.9901312,35.09953679,
267,한국교원직업전문학교,경기 부천시,(14750) 경기도 부천시 성주로 242 (심곡본동) 3층,126.7817192,37.47971143,
268,나이팅게일요양보호사교육원,대전 중구,(34909) 대전광역시 중구 계룡로 880 (오류동) 7층,127.4114076,36.32291237,
269,본커스텀직업전문학원,대전 중구,"(34927) 대전광역시 중구 대전천서로 409-7 2층, 3층",127.431323,36.32563626,
270,공주원로원아담스하우스,충남 공주시,(32589) 충청남도 공주시 연수원길 47-30 ,,,
271,인천예원요양보호사교육원,인천 미추홀구,(22135) 인천광역시 미추홀구 주안로 114 (주안동 한림프라자) 5층,126.6823084,37.4637612,
272,경기외식직업전문학교,경기 수원시 권선구,(16391) 경기도 수원시 권선구 금곡로 205 (금곡동 해피라움) 7층(707~710호),126.9529227,37.27426088,
273,한국폴리텍대학 아산캠퍼스,충남 아산시,(336781) 충청남도 아산시 신창면 행목로 45 한국폴리텍대학 아산캠퍼스,126.9490281,36.77151829,
274,한국외식제과직업전문학교,대구 중구,(41942) 대구광역시 중구 동성로5길 26 (삼덕동1가) 동원빌딩 7층,128.596058,35.86763324,
275,문화컴퓨터학원,전북 전주시 덕진구,(561818) 전라북도 전주시 덕진구 송천중앙로 141 2층,127.1208898,35.85941225,
276,한국기상산업기술원,서울 서대문구,(03735) 서울특별시 서대문구 통일로 135 (충정로2가 충정빌딩) 14층,126.9654733,37.56630839,
277,IS전기학원,전남 무안군,"(58565) 전라남도 무안군 오룡3길 41-51 (삼향읍) 2층, 3층",126.4590611,34.81627304,
278,그린컴퓨터아트학원,인천 서구,"(22731) 인천광역시 서구 염곡로464번길 23 (가정동 엔시티타워) 8층 803호, 804호",126.6719725,37.52631547,
279,제이티친애저축은행주식회사,서울 중구,(04551) 서울특별시 중구 을지로 100 (을지로2가 파인에비뉴) 파인에비뉴 B동 17층,,,
280,송파간호학원,서울 송파구,"(05854) 서울특별시 송파구 법원로 114 (문정동 엠스테이트) C-316,317,320,321호",127.1197363,37.48585227,
281,길컴퓨터학원,인천 미추홀구,(22201) 인천광역시 미추홀구 용현동 소성로 20 201호,126.6519608,37.44760938,
282,피나캐드(CAD)학원,인천 미추홀구,(22136) 인천광역시 미추홀구 미추홀대로719번길 4 (주안동 부성PINE) 201·202·208호,,,
283,사회복지법인예원,인천 계양구,(21000) 인천광역시 계양구 둑실안길 54 (둑실동) 예원,,,
284,진주샘간호학원,경남 진주시,"(52759) 경상남도 진주시 남강로 682 (동성동) 2층, 3층 일부, 4층",128.0861794,35.19106606,
285,(주)경남지식인재개발원 (밀양평생교육원),경남 밀양시,(50440) 경상남도 밀양시 삼문중앙로 38 (삼문동) 중앙빌딩 3층 동편,128.756195,35.48487124,
286,대연컴퓨터학원,부산 남구,(48445) 부산광역시 남구 수영로 243-1 (대연동 대연컴퓨터학원) 3층,129.0932845,35.13533453,
287,덕천요양보호사교육원,부산 북구,(46576) 부산광역시 북구 백양대로 1204 (덕천동 동강빌딩) 4층,129.0057935,35.20979751,
288,재단법인 이찬 경북직업전문학교,경북 포항시 북구,(37743) 경상북도 포항시 북구 죽도동 죽도로20번길 28(경북직업전문학교) 재단법인 이찬 경북직업전문학교 본관,129.3612864,36.0327115,
289,미래직업전문학교,부산 동구,(601837) 부산광역시 동구 중앙대로286번길 13 미래직업전문학교,129.0449282,35.12166864,
290,경기과학기술대학교,경기 시흥시,(429450) 경기 시흥시 정왕동 2121-3,126.7360592,37.33850181,
291,한국인터넷진흥원,경기 성남시 수정구,(13449) 경기도 성남시 수정구 대왕판교로 815 (시흥동 판교창조경제밸리 기업지원허브) 한국인터넷진흥원,127.0998565,37.41366407,
292,(주)이지오스,서울 중구,(100194) 서울 중구 을지로4가 310-68 삼풍빌딩 6층,126.9955247,37.56606181,
293,(주)알파코,서울 성동구,(04794) 서울특별시 성동구 성수동2가 성수일로8길 59 6층(성수동2가),127.0568799,37.54498468,
294,(재)서강직업전문학교,서울 영등포구,"(07290) 서울특별시 영등포구 경인로 725(문래동2가, 조양빌딩) 5층",,,
295,서강직업전문학교 제2캠퍼스,서울 영등포구,(07290) 서울특별시 영등포구 경인로 727 (문래동2가 종도빌딩) 4층,126.8943106,37.51253855,
296,하이미디어컴퓨터학원,서울 구로구,(08216) 서울특별시 구로구 구로동 경인로 557 삼영빌딩 4층,126.8785923,37.50362126,
297,우성중장비직업전문학교,대구 북구,"(41499) 대구광역시 북구 팔달로 63 (노원동3가) 3층  /   (실습장주소) 경상북도 칠곡군 봉암리 588외 558-2, 607, 604-2, 604-3, 604-4, 567-2, 566-2, 566-3",128.5570069,35.89068225,
298,(재)현대산업직업전문학교,서울 양천구,(08028) 서울특별시 양천구 중앙로 305 (신월동) 2층,126.8509011,37.5232575,
299,구포요양보호사교육원,부산 북구,(46630) 부산광역시 북구 시랑로 12 4층,129.0040718,35.20451819,
300,경기간호학원,경기 시흥시,"(14908) 경기도 시흥시 복지로 96 204호(대야동, A&C빌딩)",126.7915222,37.44723941,
301,엔플러스간호학원(광명점),경기 광명시,(14235) 경기도 광명시 철산로 11 (철산동 신안빌딩) 신안빌딩 6층 가호,126.8670948,37.47634453,
302,흰마실,전북 진안군,(567883) 전라북도 진안군 백운면 윤기길 4-41 ,,,
303,(주)한국기술경영연구원,서울 은평구,"(03379) 서울특별시 은평구 서오릉로4길 11 (녹번동) 주리원B/D 1,2층",126.9254438,37.60500402,
304,세왕요양보호사교육원,서울 성동구,"(04715) 서울특별시 성동구 무학봉28길 7(하왕십리동, 설악빌딩) 202호",127.0330755,37.56220085,
305,수원행복요양보호사교육원,경기 수원시 팔달구,(16439) 경기도 수원시 팔달구 팔달로 167 2층,127.0061746,37.28301135,
306,그린컴퓨터아트학원,대구 중구,(700060) 대구 중구 남일동 109-2  2필지 제일빌딩 5층,128.5940004,35.86826428,
307,그린컴퓨터아트학원,충북 청주시 서원구,"(28575) 충청북도 청주시 서원구 사직대로 109 (사창동) 3,4,5층",127.4595067,36.63510077,
308,(주)오토 경주공장,경북 경주시,(38177) 경상북도 경주시 건천읍 신평공단길 60 (주)오토 경주공장,129.0683527,35.87118971,
309,김포도배필름학원,경기 김포시,(415832) 경기도 김포시 북변중로 48 2층,126.7115192,37.62577055,
310,인천광역시청(교통연수원),인천 계양구,(405750) 인천광역시 남동구 정각로 29 ,,,
311,시티간호전문학원,광주 남구,(503843) 광주광역시 남구 서문대로 655 3층,126.8983496,35.11793533,
312,서울아이티고등학교,서울 노원구,(139863) 서울특별시 노원구 섬밭로 299 서울아이티고등학교,127.0619014,37.64202669,
313,참빛요양보호사교육원,부산 연제구,(611816) 부산광역시 연제구 안연로 1 2층,129.1009446,35.18800008,
314,주식회사성호전자(일학습 병행),경남 창원시 성산구    ,(51528) 경상남도 창원시 성산구 완암로 153 (내동 (주)성호전자) (주)성호전자,128.6684826,35.21495407,
315,SBS방송아카데미미용학원,경남 창원시 성산구    ,"(51495) 경상남도 창원시 성산구 원이대로 652(상남동, 롯데빌딩) 601호, 602호",128.6846757,35.22431903,
316,진해요리제과제빵전문학원,경남 창원시 진해구    ,(51694) 경상남도 창원시 진해구 충장로 135-1 (여좌동) 2층,128.6670186,35.15233067,
317,올리브요리제과커피학원,경남 창원시 성산구    ,"(51436) 경상남도 창원시 성산구 원이대로579번길 6 (용호동 명동종합상가) 3층 1호, 2-1호, 3-1호, 3-2호, 4호(용호동, 명동상가)",128.6791567,35.22884756,
318,글로벌간호학원부설요양보호사교육원,울산 남구,"(44674) 울산광역시 남구 중앙로 213 (신정동) 2층, 4층",129.3117778,35.53998808,
319,제니스병원,울산 남구,"(44703) 울산광역시 남구 번영로 160 (달동) 2~3층,5~11층",129.3275294,35.53954117,
320,울산중장비교육원,울산 남구,"(44690) 울산광역시 남구 돋질로 81 (신정동) (2층,3층,지하) / (실습장) 울산광역시 울주군 웅촌면 웅촌로 557-20(실습실)",129.3145884,35.5388169,
321,(주)울산미래자동차직업학교,울산 남구,"(44716) 울산광역시 남구 산업로 629 1~4층, 5층(일부)",,,
322,거제요양보호사교육원,경남 거제시,(656930) 경상남도 거제시 고현로12길 15 ,,,
323,아신유니텍,경남 김해시,(50849) 경상남도 김해시 한림면 한림로816번길 43-1 ,,,
324,(재)두류문화연구원,경남 김해시,(51001) 경상남도 김해시 장유로330번길 5 (신문동 SG이너스아파트) 3층,128.8157471,35.19693213,
325,에스에이치아이엔티,경남 김해시,(50870) 경상남도 김해시 진영읍 서부로123번길 25 ,,,
326,밀양간호학원,경남 밀양시,(50440) 경상남도 밀양시 삼문중앙로 38 (삼문동) 중앙빌딩 3층,128.756195,35.48487124,
327,호계요양보호사교육원,울산 북구,(44225) 울산광역시 북구 호계로 238 (호계동) 2층,129.3536863,35.62506501,
328,울주음식나라조리학원,울산 울주군,(689852) 울산 울주군 범서읍 구영리 716-2번지 현대빌딩 3층,129.2403926,35.57636764,
329,경주기술직업전문학교,경북 경주시,(38057) 경상북도 경주시 충현로1길 15 ,,,
330,광산간호전문학원,광주 광산구,(62276) 광주광역시 광산구 첨단중앙로 96 (월계동) LC타워 4층 408호,126.8434665,35.21376081,
331,주식회사 군웅기업,경남 거제시,(53261) 경상남도 거제시 장평3로 80 삼성중공업내 주식회사 군웅기업,128.6024733,34.89974226,
332,안성성심간호학원,경기 안성시,"(17580) 경기도 안성시 중앙로 383 (대천동) 5층,6층",127.2692407,37.00769481,
333,케이비에스아트비전미용학원,경기 수원시 팔달구,(16487) 경기도 수원시 팔달구 인계로 123 KBS편의상가 2층,127.0320032,37.26924011,
334,정읍지역자활센터,전북 정읍시,(56187) 전라북도 정읍시 벚꽃로 442 (상동) 2층,126.8595615,35.55932654,
335,에이펙스정보처리기술융합학원,경기 부천시 원미구,"(14543) 경기도 부천시 원미구 길주로77번길 61(상동, 부건프라자) 602호",126.7522208,37.50731299,
336,덕천미래컴퓨터학원,부산 북구,"(46548) 부산광역시 북구 만덕대로 33 (덕천동 삼원빌딩) 5층 일부, 6층 일부",129.0084808,35.21102364,
337,맥세스FC실무경영학원,서울 종로구,(110111) 서울특별시 종로구 종로8길 17 3층,126.9840807,37.5691419,
338,고객서비스그룹,서울 영등포구,(07255) 서울특별시 영등포구 선유로 130 (양평동3가 에이스 하이테크시티3) 1403호 CSG,,,
339,비에이치쓰리디(BH3D)조형학원,서울 성동구,(04782) 서울특별시 성동구 연무장5가길 25 (성수동2가 성수역 SK V1 Tower) 212~214호,127.0556002,37.54350764,
340,(주)휴엔시스템(일학습병행),서울 금천구,(08507) 서울특별시 금천구 가산디지털1로 168 우림라이온스밸리 B동 412호,126.8824301,37.48004623,
341,퍼플미디어 아카데미학원,서울 마포구,"(04029) 서울특별시 마포구 동교로12안길 41 (서교동) 1,2층",126.9145641,37.55431622,
342,(주)데이터클립,서울 금천구,"(08506) 서울특별시 금천구 가산디지털1로 145 1207호(가산동, 에이스하이엔드타워 3차)",126.8816531,37.47807225,
343,엘림평생교육원,부산 동구,"(48729) 부산광역시 동구 초량동 중앙대로 312 한솔빌딩 2층, 3층 일부(초량동)",129.0448721,35.12425591,
344,(주)스맥,경남 김해시,(621844) 경상남도 김해시 주촌면 골든루트로 157-10 ,,,
345,진해간호학원,경남 창원시 진해구    ,"(51586) 경상남도 창원시 진해구 진해대로 757 (석동 화남빌딩) 402호, 503-2호",128.6984322,35.1596365,
346,계양온누리요양보호사교육원,인천 계양구,(21058) 인천광역시 계양구 장제로 799 (계산동 동성프라자) 3층,126.7339988,37.53931201,
347,조은요양보호사교육원,인천 계양구,(21047) 인천광역시 계양구 계양대로 101 (작전동 삼성프라자) 3층 303호 일부,126.7218832,37.53264355,
348,주식회사 인천대산전기직업학교,인천 부평구,"(21389) 인천광역시 부평구 부평대로17번길 5 (부평동) 2층,3층/(별관) 인천광역시 서구 심곡로56번길2 삼원빌딩2층",,,
349,목포여성인력개발센터,전남 목포시,(58693) 전라남도 목포시 통일대로37번길 34-1 (상동 여성인력개발센터) 목포여성인력개발센터,126.4270419,34.80146921,
350,광주대학교,광주 남구,(61743) 광주광역시 남구 효덕로 277 (진월동 광주대학교) 평생교육원,126.8955228,35.10690928,
351,(주)세일직업전문학교,충남 천안시 서북구,(31110) 충청남도 천안시 서북구 성정두정로 12 (성정동 두정메트로존) 5층 (주)세일직업전문학교,127.1414465,36.82648898,
352,순천간호학원,전남 순천시,(57956) 전라남도 순천시 장명로 54 (장천동) 2층,127.4898309,34.95074727,
353,강릉여성인력개발센터,강원 강릉시,(25492) 강원도 강릉시 강릉대로 317 (포남동 한국레져타운) 3층,128.9020315,37.76457423,
354,나우직업전문학교,경남 창원시 마산회원구,"(51356) 경상남도 창원시 마산회원구 합성동 3·15대로 768(마산시외버스터미널) 시외버스하차장 2층, 3층",128.5843284,35.2397038,
355,왜관컴퓨터학원,경북 칠곡군,(39898) 경상북도 칠곡군 전원1길 15-18 (왜관읍) 1층,128.400158,35.98622082,
356,삼성화재애니카손해사정(주),서울 강남구,(06142) 서울특별시 강남구 테헤란로 231 (역삼동 센터필드) 18층,,,
357,홍성요리학원,충남 홍성군,(32236) 충청남도 홍성군 홍성천길 150 (홍성읍 홍성요리학원) 4층,126.6650592,36.59850566,
358,금성기술직업전문학교,부산 부산진구,(614855) 부산광역시 부산진구 연수로 15-1 310-3,129.0728905,35.17383037,
359,대승컴퓨터학원,대전 대덕구,(34384) 대전광역시 대덕구 중리북로 10 (법동) 유지빌딩 4층,127.4288783,36.36752199,
360,홍성간호학원,충남 홍성군,(32232) 충청남도 홍성군 조양로 198 (홍성읍) 홍성간호학원 간호조무사반,126.6714118,36.60001036,
361,구미간호조무사학원,경북 구미시,(39233) 경상북도 구미시 송원동로 72 (원평동 종합버스터미널) 나동 (2층일부),,,
362,지산간호보건학원,부산 부산진구,(47210) 부산광역시 부산진구 중앙대로 931 (양정동) 6층 일부,129.0710861,35.17322138,
363,마음모아요양보호사교육원,경기 남양주시,(472938) 경기도 남양주시 경춘로1256번길 10 ,,,
364,스카이캠프 원격평생교육원,서울 금천구,(08511) 서울특별시 금천구 디지털로9길 47 (가산동 한신IT 타워2차) 404호,126.8858113,37.47951804,
365,76오리진커피바리스타학원,경남 김해시,(50997) 경상남도 김해시 팔판로 26 (관동동 중원프라자) 502호,128.7904483,35.17721164,
366,상록요양보호사교육원,경기 안산시 단원구,(15354) 경기도 안산시 단원구 화랑로 358 (고잔동 자유센터) 612호,126.8274936,37.3208145,
367,대한민국항공보안협회민간경비교육원,경기 김포시,(10110) 경기도 김포시 장릉로 92 (사우동) 효원연수문화센터,126.7166398,37.61385421,
368,한성미용직업전문학원,서울 중랑구,(02098) 서울특별시 중랑구 망우로 277 (상봉동) 2층~5층,,,
369,(주)케이티엔지니어링,서울 광진구,(04919) 서울특별시 광진구 천호대로 549 (중곡동 지타워) 19층,127.0788225,37.55773056,
370,학교법인 숭실대학교 숭실호스피탈리티직업전문학교,서울 동작구,(06987) 서울특별시 동작구 상도동 사당로 57(정호빌딩) 1~8층/분원: 서울시 동작구 상도로 62길43 지하1층~5층,126.9610536,37.49482248,
371,한방유비스(주),서울 성동구,(133822) 서울특별시 성동구 성수일로 77 서울숲삼성IT밸리 9층,127.0498545,37.54740232,
372,(주)비트컴퓨터,서울 서초구,(137858) 서울특별시 서초구 서초대로74길 33 ,,,
373,주식회사 디알비동일,부산 금정구,(609721) 부산 금정구 금사동 동일고무벨트(주) 동일고무벨트(주),129.1159485,35.22310867,
374,주식회사로옴코리아,서울 금천구,(153023) 서울시 금천구 가산동 371-11 ,,,
375,수원화성오산축산업협동조합,경기 수원시 권선구,(16670) 경기도 수원시 권선구 곡반정로 121 (곡반정동) 수원축산농협,127.030921,37.23912792,
376,아이아 주식회사,경기 안산시 단원구,(425833) 경기도 안산시 성곡동 636-2번지,126.7560328,37.31781276,
377,(주)우신세이프티시스템,경기 화성시,(18589) 경기도 화성시 향남읍 토성로 295 (주) 우신세이프티시스템,126.9545107,37.11812037,
378,디에이치엘글로벌포워딩코리아(주),서울 중구,(04527) 서울특별시 중구 통일로 10 (남대문로5가 연세대학교 세브란스빌딩) 7층,126.973717,37.55706662,
379,한국전기공사협회 전기공사인재개발원,충북 청주시 흥덕구,(28220) 충청북도 청주시 흥덕구 오송생명8로 9 (오송읍) 한국전기공사협회,127.3019063,36.61974076,
380,창원캐드디자인학원,경남 창원시 성산구    ,(51436) 경상남도 창원시 성산구 원이대로 587 (용호동 정우상가) 507호 508호 509호,128.6794545,35.2283748,
381,LS미래원,경기 안성시,(17606) 경기도 안성시 바우덕이로 248 (서운면) LS미래원,127.2779304,36.95594458,
382,한국국토정보공사 국토정보교육원,충남 공주시,(32522) 충청남도 공주시 연수단지길 182 (사곡면) 한국국토정보공사 국토정보교육원,,,
383,인천국제공항공사 부설 항공보안교육원,인천 중구,(400340) 인천 중구 운서동 인천광역시 중구 용유로 557 인재개발원 內 항공교육센터 항공보안교육원,126.3863147,37.45498325,
384,한전케이디엔(주),전남 나주시,(520350) 전라남도 나주시 빛가람로 661 한전케이디엔,126.7831149,35.02217395,
385,한림대학교강남성심병원,서울 영등포구,(150950) 서울 영등포구 대림1동 948-1 강남성심병원 ,,,
386,효다움요양병원,광주 남구,(503820) 광주광역시 남구 송암로98번길 36-10 ,,,
387,종로요양보호사교육원,전북 정읍시,(56165) 전라북도 정읍시 관통로 14-4 (장명동 컴미어린이집) 3층,,,
388,정화미용아카데미학원,전북 김제시,(54395) 전북특별자치도 김제시 신풍동 동서로 284 2층,126.8977467,35.80338465,
389,대한직업전문학교,전북 군산시,"(54027) 전라북도 군산시 중앙로 122 2,3층",126.7162088,35.98433612,
390,전북지체장애인협회 순창군지회,전북 순창군,(56042) 전라북도 순창군 순창읍 양지길 75 ,,,
391,NEW국제직업전문학교,광주 서구,"(61978) 광주광역시 서구 화정동 죽봉대로 37(대신증권) CNS빌딩 6층, 4층, 5층 일부",126.8828803,35.15643574,
392,목포국제직업전문학교,전남 목포시,"(58663) 전라남도 목포시 옥암로 94 (옥암동) 2층, 3층",126.4268802,34.80743562,
393,나눔요양보호사교육원,광주 동구,"(61473) 광주광역시 동구 대인동 구성로204번길 1-1 2,3층",126.9150186,35.15348886,
394,제일미용직업전문학교,광주 광산구,(62331) 광주광역시 광산구 사암로 391 3층,126.8075251,35.17945719,
395,광주패션디자인학원,광주 북구,"(61256) 광주광역시 북구 운암동 서강로 104-3(운암프라자) 218호,219호",126.8734369,35.18026664,
396,현대요양보호사교육원,광주 남구,(61656) 광주광역시 남구 회재로 1270 (백운동 현대간호학원) 3층(백운동),126.8996009,35.13468354,
397,미원상사 주식회사,경기 안양시 만안구,(430805) 경기도 안양시 만안구 안양로 464 ,,,
398,주식회사디에스캠솔,충북 충주시,(27459) 충청북도 충주시 주덕읍 중원산업로 178 대원포리머,127.7509946,37.01055583,
399,한국공항공사 항공기술훈련원,충북 청주시 상당구,(28207) 충청북도 청주시 상당구 남계길 22-55 (문의면) 항공기술훈련원,,,
400,동부케어요양보호사교육원,경기 화성시,(18401) 경기도 화성시 병점중앙로 155 (진안동 렉스몰) 204호,127.0378391,37.2114643,
401,다사랑요양보호사교육원,충북 음성군,(369904) 충청북도 음성군 금석로107번길 2 다사랑요양보호사교육원,127.5956508,36.9947007,
402,수원탑학원,경기 수원시 팔달구,"(442870) 경기도 수원시 팔달구 덕영대로697번길 7 , 505호(화서동,아트프라자)",126.9905342,37.28473171,
403,안성중앙간호학원,경기 안성시,(17560) 경기도 안성시 공도읍 공도로 159 203호,127.1765724,37.00343333,
404,사회복지법인삼육재단삼육요양원,경기 이천시,(467852) 경기도 이천시 대월면 대대리 503-4번지,127.4666875,37.22655478,
405,성빈첸시오의집,경기 양주시,(482861) 경기도 양주시 은현면 은현로55번길 224 ,,,
406,다인직업전문학교,서울 양천구,"(08019) 서울특별시 양천구 오목로 138 (신정동 신정스포렉스) 5층, 6층, 7층",126.8526527,37.52415172,
407,대성중장비학원,경기 남양주시,"(12021) 경기도 남양주시 경복대로 511 (진접읍) 2층 일부,(실습장)경기도 남양주시 진접읍 진벌리438-13",,,
408,(주)미래비엠,서울 중구,(04590) 서울특별시 중구 다산로 162 (신당동 약수빌딩) 4층,127.0128301,37.55792574,
409,에이치에스양성학원,경기 안양시 동안구,(14057) 경기도 안양시 동안구 시민대로365번길 51 (관양동) 2층,126.9701758,37.39863446,
410,굿모닝간호학원,서울 중랑구,(02136) 서울특별시 중랑구 망우로 268 301호,127.0823481,37.59517302,
411,드림컴퓨터학원,대구 달서구,(42690) 대구광역시 달서구 장기로 245-1 (장기동) 3층 일부,128.5333378,35.84329788,
412,열린요양보호사교육원,서울 광진구,(04930) 서울특별시 광진구 천호대로 591 (중곡동 유신빌딩) 2층,127.0837096,37.55581723,
413,부산한국전기학원,부산 부산진구,"(47244) 부산광역시 부산진구 부전동 중앙대로 760 한우리빌딩 2층, 3층",129.0613122,35.15991573,
414,케이지에듀원 원격평생교육원,서울 동작구,"(06928) 서울특별시 동작구 장승배기로 171(노량진동, 노량진아이비빌딩) 2층 일부",126.9399542,37.51319422,
415,수영제과제빵직업전문학교,부산 수영구,(613800) 부산광역시 수영구 수영로 706 ,,,
416,뉴정보처리학원,인천 중구,"(22319) 인천광역시 중구 참외전로174번길 1 (경동 송월타월,미치코런던) 2층 전부, 3층 전부, 4층 전부",126.635483,37.47214829,
417,국제요리학원,인천 남동구,(405234) 인천 남동구 간석4동 239-5,126.7073564,37.46665561,
418,부산전기학원,부산 부산진구,(47254) 부산광역시 부산진구 중앙대로 741 (부전동) 5층,129.0597028,35.15875355,
419,(재)부산디자인진흥원,부산 해운대구,(612020) 부산광역시 해운대구 우동 센텀동로 57,129.1293609,35.17399629,
420,(주)아산대신,충남 아산시,(31421) 충청남도 아산시 둔포면 해위안길 72-32 신항리,127.0265085,36.89311295,
421,한미간호조무사학원,서울 영등포구,"(07302) 서울특별시 영등포구 영등포로 216-1 (영등포동3가) 3층 일부, 4층",126.9054539,37.51951292,
422,금천구시설관리공단,서울 금천구,(08541) 서울특별시 금천구 시흥대로148길 37-18 금천구시설관리공단,126.9010113,37.4757119,
423,등대의집,충남 천안시 서북구,(31033) 충청남도 천안시 서북구 직산읍 성진로 410-11 등대의집,127.1770221,36.90983798,
424,인천구월그린컴퓨터아트학원,인천 남동구,"(21559) 인천광역시 남동구 문화로 147 (구월동 건설회관) 2층, 3층(일부)",126.6997503,37.45231952,
425,강원도경제진흥원,강원 원주시,(220736) 강원도 원주시 호저로 47 강원도산업경제진흥원,127.9409953,37.38074544,
426,이성실요리커피제빵학원,대구 북구,(702885) 대구광역시 북구 구암로 135 중앙빌딩 6층,128.555667,35.9320615,
427,고정현헤어청라점,인천 서구,(22736) 인천광역시 서구 중봉대로586번길 19 연희동 홍익파크 2F,126.6520014,37.53203314,
428,의료법인인봉의료재단뉴고려병원,경기 김포시,(415060) 경기도 김포시 김포2동 (장기동) 1764번지 1764,,,
429,김포중장비자동차정비학원,경기 김포시,"(10065) 경기도 김포시 김포한강4로 245 (양촌읍) ,247",126.6557642,37.65025273,
430,의왕요리학원,경기 의왕시,(437801) 경기도 의왕시 경수대로 257 대영골든벨리 202호,126.9728382,37.34939483,
431,메디치교육센터 평생교육시설,서울 금천구,"(08507) 서울특별시 금천구 가산디지털1로 168 (가산동 우림라이온스밸리) A동 304, 305,306,307호",126.8824529,37.47990209,
432,주식회사디앤티,대전 유성구,(305343) 대전광역시 유성구 가정북로 26-121 주식회사 디앤티,127.3646076,36.38679337,
433,서비스탑주식회사,대전 서구,(302858) 대전시 서구 탄방동 (탄방동) 594번지 SK텔레콤 건물14층,127.3841079,36.34710871,
434,보아스메디서비스교육학원,대전 서구,"(35234) 대전광역시 서구 둔산남로9번길 35 (둔산동) 청암빌딩 4,5층",127.3781938,36.3496597,
435,정수향당패션학원,대구 서구,(41802) 대구광역시 서구 국채보상로 433 (3층),128.5783156,35.87121047,
436,서산효담요양원,충남 서산시,(356842) 충청남도 서산시 상홍가재들길 29-39 ,,,
437,한양세무직업전문학원,충북 청주시 상당구,(28514) 충청북도 청주시 상당구 상당로 118 2층 (북문로2가),127.4903328,36.63865519,
438,능동동탄간호학원,경기 화성시,"(445320) 경기도 화성시 동탄지성로 144 402호 (능동,아이비타워)",127.0598398,37.21013124,
439,명성요양보호사교육원,전남 여수시,(59706) 전라남도 여수시 문수로 34 4층,,,
440,의료법인 원광의료재단 군산원광효도요양병원,전북 군산시,(573885) 전라북도 군산시 조촌4길 11 ,,,
441,군산성모간호전문학원부설 요양보호사교육원,전북 군산시,(54128) 전라북도 군산시 나운동 대학로 316(시민프라자) 405호,126.6942042,35.9656713,
442,나사로간호학원,제주 제주시,(63198) 제주특별자치도 제주시 서광로 287 (이도일동) 2층 나사로간호학원,,,
443,연안중장비운전학원,경기 고양시 덕양구,"(10266) 경기도 고양시 덕양구 동헌로 61 (관산동) 가동1층일부,동헌로127-37가동1층,2층,16-1,16-4,16-10,16-11",126.8646712,37.70520829,
444,모현노인요양원,경기 포천시,(487804) 경기도 포천시 왕방로 210 ,,,
445,남산컴퓨터학원,부산 동래구,"(607804) 부산광역시 동래구 명륜로 105 남산컴퓨터학원(5층, 501호)",129.0828951,35.2033606,
446,천안베스트간호학원,충남 천안시 서북구,(31174) 충청남도 천안시 서북구 충무로 167-12 (쌍용동 쌍용가구백화점) (쌍용동) 쌍용빌딩B  5층,,,
447,나레스트천안미용학원,충남 천안시 서북구,"(31105) 충청남도 천안시 서북구 봉정로 321 2층 201호~205호, 208호",127.1448675,36.83066012,
448,충남제과제빵커피 직업전문학교,충남 천안시 서북구,"(31173) 충청남도 천안시 서북구 불당대로 260 (쌍용동 하이렉스파) 503호, 503-1호, 503-3호",127.124456,36.79951969,
449,서천군장애인종합복지관,충남 서천군,(33610) 충청남도 서천군 종천면 충서로302번길 88-8 ,,,
450,대전요양원,대전 서구,(302819) 대전광역시 서구 조달청길 116 ,,,
451,(주)조근혜 부설 대전직업상담사학원,대전 서구,(35263) 대전광역시 서구 계룡로553번안길 55 (탄방동) 3층 일부,127.3882474,36.34618526,
452,마두간호학원,경기 고양시 일산동구,"(10414) 경기도 고양시 일산동구 장백로 194 (장항동 위너스21) 503,504호",126.7766878,37.65202358,
453,하남간호학원,경기 하남시,(12949) 경기도 하남시 하남대로 788 4층,,,
454,주식회사대호정밀,경기 시흥시,(429100) 경기도 시흥시 금화로445번길 90 주식회사대호정밀,126.8238275,37.39189001,
455,주식회사에스엘케이,경기 용인시 처인구,(17180) 경기도 용인시 처인구 백암면 고안로51번길 205 .,127.4200193,37.14309426,
456,연세요양보호사교육원,경기 용인시 처인구,(449924) 경기도 용인시 처인구 백옥대로 1097 로데오빌딩 5층,127.2087418,37.23355515,
457,그린리버요양보호사교육원,경기 용인시 수지구,(16837) 경기도 용인시 수지구 풍덕천로129번길 3 (풍덕천동) 5층,127.0956112,37.32353914,
458,현대제철주식회사(성남지점),경기 성남시 분당구,(13529) 경기도 성남시 분당구 분당내곡로 117 (백현동 그레이츠 판교(GREITS PANGYO)) 9층,127.1121292,37.39413754,
459,거창노인전문요양원,경남 거창군,(670802) 경상남도 거창군 거안로 1266-43 거창노인전문요양원,127.8878489,35.68402376,
460,뉴미즈간호학원,충북 청주시 상당구,(360011) 충청북도 청주시 상당구 사직대로 370 6층,127.4885647,36.63665292,
461,(주)번영중공업,전북 군산시,(54002) 전라북도 군산시 군산산단로 170-30 번영중공업,126.5441445,35.95813497,
462,(주)선영테크,전북 군산시,(54001) 전라북도 군산시 서해로 625 ,,,
463,평화간호전문학원,전북 전주시 완산구,(55122) 전라북도 전주시 완산구 장승배기로 210 (평화동1가) 4층일부.5층일부,127.1357526,35.79619226,
464,(의)백상의료재단 가족사랑요양병원,전북 김제시,(576140) 전라북도 김제시 하동 1길13,126.8917537,35.81682591,
465,일강,전북 김제시,(576881) 전라북도 김제시 백석로 344 ,,,
466,김제성모요양보호사교육원,전북 김제시,(576805) 전라북도 김제시 요촌동 84-7,126.8921396,35.80188353,
467,익산간호요양보호사교육원,전북 익산시,(54662) 전라북도 익산시 익산대로 133-2 (창인동2가) 3층일부 (실습겸용강의실),126.9462743,35.93839621,
468,새만금목조건축학원,전북 부안군,(56328) 전라북도 부안군 선돌로 1060 (보안면 보안초등학교) 새만금목조건축학교,126.6897143,35.62173408,
469,대성글로벌네트웍(주),대구 중구,(700440) 대구 중구 남산동 2267-6번지,128.5806681,35.85751839,
470,메디컬간호학원,강원 속초시,"(24863) 강원도 속초시 청대로 347 (교동) 3층,메디컬 간호학원",128.5715229,38.19771366,
471,포천간호학원,경기 포천시,"(11144) 경기도 포천시 포천로 1568 (신읍동) 한내빌딩 2층,3층",127.2048252,37.8979187,
472,봉담요양보호사교육원,경기 화성시,"(18302) 경기도 화성시 동화새터길 98 (봉담읍) 스타타워2 501호, 502호",126.9594836,37.21721913,
473,주식회사 안단테꽃예술인천직업학교,인천 남동구,(21558) 인천광역시 남동구 인주대로591번길 32 (구월동 훼미리프라자) 201호 일부,,,
474,한양요양보호사교육원,충남 천안시 동남구,(31123) 충청남도 천안시 동남구 만남로 6 캐럿빌딩 6층 6005호,127.1525611,36.81834763,
475,에이아이아카데미학원,서울 강남구,(06134) 서울특별시 강남구 역삼동 강남대로94길 20 삼오빌딩 7층,127.0290503,37.49951216,
476,평화요양보호사교육원,충북 청주시 흥덕구,(361872) 충청북도 청주시 흥덕구 가로수로1164번길 64-2 ,,,
477,참사랑노인요양원,충북 청주시 서원구,(28802) 충청북도 청주시 서원구 궁뜰로 1-5 (미평동) 참사랑요양원,,,
478,차의과학대학교분당차병원,경기 성남시 분당구,(463712) 경기 성남시 분당구 야탑동 포천중문의과대학분당차병원 351 ,,,
479,한국장애인고용공단 전남직업능력개발원,전남 함평군,(525802) 전남 함평군 함평읍 기각리 453-1,126.5282795,35.07260588,
480,효성굿스프링스(주),서울 마포구,(04144) 서울특별시 마포구 마포대로 119 6층,126.9520066,37.54567081,
481,삼성화재해상보험(주),서울 서초구,(06620) 서울특별시 서초구 서초대로74길 14 (서초동 삼성물산(주)) 삼성화재해상보험(주),127.0260298,37.49596288,
482,한국방송광고진흥공사,서울 중구,(04520) 서울특별시 중구 세종대로 124 (태평로1가 한국프레스센터) 17층 한국방송광고진흥공사,126.9776972,37.5674739,
483,케이지모빌리티주식회사,경기 평택시,(17749) 경기도 평택시 동삭로 455-12 (칠괴동) 케이지모빌리티주식회사,,,
484,청주기술직업전문학교(주),충북 청주시 청원구,(28345) 충청북도 청주시 청원구 율천남로 70 (내덕동) 지하~3층,127.4790618,36.66226491,
485,유진IT컴퓨터교육원,경기 오산시,(18137) 경기도 오산시 역광장로 55 (오산동 동일빌딩) 5층,127.0674226,37.14522526,
486,그린컴퓨터아카데미 신촌,서울 마포구,"(04101) 서울특별시 마포구 신촌로 104 (노고산동) 4층, 5층",126.9375034,37.55459243,
487,그린컴퓨터아카데미 부산,부산 부산진구,(47296) 부산광역시 부산진구 중앙대로 688 한준빌딩 2층~6층,129.059477,35.15414349,
488,그린컴퓨터디자인학원,대구 중구,(41937) 대구광역시 중구 국채보상로 586 16층 일부(동성로2가),128.5947839,35.87035353,
489,서울디지텍고등학교,서울 용산구,(140857) 서울 용산구 이태원2동 200∼214 서울디지텍고등학교,126.9905829,37.5388967,
490,세화정공(주),경기 양주시,(11447) 경기도 양주시 칠봉산로 372 ,,,
491,은곡직업전문학교,서울 노원구,(01763) 서울특별시 노원구 동일로 1351 2층(상계동),127.0615671,37.64916255,
492,태봉컴퓨터전산학원,광주 북구,"(61114) 광주광역시 북구 비엔날레로 54-2 (운암동) 2,3층",126.8889324,35.17662274,
493,한국표준협회 경기강원지역본부,경기 수원시 영통구,(16229) 경기도 수원시 영통구 광교로 145 (이의동 차세대융합기술연구원) 씨동 3층,127.0446101,37.29384338,
494,한국지식능력개발원(주),경기 성남시 수정구,(13316) 경기도 성남시 수정구 수정로 68 (수진동 세종빌딩) 7층,127.1282408,37.43957729,
495,금오공과대학교,경북 구미시,(39177) 경상북도 구미시 대학로 61 (양호동 금오공과대학교) 산학협력관 305호,128.3885104,36.14539643,
496,유한책임회사하이모(HIMOLLC),서울 서초구,(137888) 서울특별시 서초구 강남대로 216 양재플라자 5층,127.0355232,37.48343681,
497,남구지역자활센터,대구 남구,(705836) 대구광역시 남구 명덕로68길 43 희망드림타운 2층,128.6061088,35.85271195,
498,무궁화직업전문학교,대구 중구,(41968) 대구광역시 중구 중앙대로 273 (남산동) 6층,,,
499,을지대학교평생교육원(성남캠퍼스),경기 성남시 수정구,"(13135) 경기도 성남시 수정구 산성대로 553(양지동, 을지대학교) 뉴밀레니엄센터 6층 601-1호",,,
500,서강대학교 미래교육원,서울 마포구,(04107) 서울특별시 마포구 신수동 백범로 35(서강대학교) 김대건관 107호,126.9392491,37.55114261,
501,사단법인 중소기업융합경기연합회,경기 수원시 영통구,(16225) 경기도 수원시 영통구 대학3로4번길 15 (이의동) 광교테라스힐 1차 B동 204호,127.0429782,37.30025923,
502,국제전산세무회계학원,광주 북구,"(61190) 광주광역시 북구 호동로 6 (중흥동) 3, 4층",126.9133715,35.17434484,
503,그린컴퓨터아트학원 안양,경기 안양시 만안구,"(14001) 경기도 안양시 만안구 안양로 303 (안양동 안양 메쎄 포스빌) S210, S213~215, S802~804호 (안양동 676-91)",126.9207325,37.39874559,
504,안양대학교,경기 안양시 만안구,(430714) 경기도 안양시 만안구 안양5동 708-113 사회교육원 교학과 ,,,
505,(재)한국아이티교육재단 한국IT아카데미 구로,서울 구로구,"(08392) 서울특별시 구로구 디지털로32가길 25 (구로동 티타운빌딩) 3, 4층 일부",126.8988097,37.48181873,
506,한국폴리텍I대학(서울정수캠퍼스),서울 용산구,(140823) 서울특별시 용산구 보광로 73 ,,,
507,관악여성인력개발센터,서울 관악구,(151841) 서울특별시 관악구 쑥고개로 75 광장빌딩 1~5F,126.9449741,37.4795168,
508,동아요리기술학원,서울 영등포구,(150033) 서울특별시 영등포구 영등포동3가 12-6번지 성결빌딩 2층,126.9098112,37.51770545,
509,에임시스템(주),경기 성남시 분당구,(13595) 경기도 성남시 분당구 황새울로 246 (수내동 도담빌딩) A동 4층,127.1155412,37.38003354,
510,부산IT교육센터,부산 부산진구,(47291) 부산광역시 부산진구 중앙대로 708 (부전동) 4~5층,129.0593097,35.15577742,
511,볼보그룹코리아(주),경남 창원시 성산구    ,(51710) 경상남도 창원시 성산구 두산볼보로 160 (귀현동 볼보건설기계코리아(주)) 볼보그룹코리아,,,
512,글로벌푸드아트수도직업전문학교,서울 종로구,(03129) 서울특별시 종로구 대학로 13 (효제동 SKY308빌딩) 7층~9층,127.0018292,37.57250406,
513,군장대학산학협력단,전북 군산시,(573709) 전라북도 군산시 성산면 군장대길 13 ,,,
514,목원대학교,대전 서구,(302318) 대전광역시 서구 도안동 800번지,127.3384976,36.32535617,
515,동의대학교미래교육원,부산 부산진구,(47340) 부산광역시 부산진구 엄광로 176 (가야동 동의대학교) 지천관 2층,129.0335085,35.1414698,
516,남서울요양보호사교육원,경기 용인시 수지구,(16834) 경기도 용인시 수지구 포은대로 476 (풍덕천동 성지교회) 4층 (풍덕천동),127.1019969,37.32342584,
517,와이랩아카데미,서울 마포구,(04072) 서울특별시 마포구 독막로 42 남정빌딩 3층 와이랩아카데미,126.9177516,37.54775939,
518,에이스애견미용학원,경기 부천시,(14598) 경기도 부천시 송내대로73번길 11 (상동 금강리빙스텔) 206호 207호 307호,126.7533526,37.49007041,
519,서울현대직업전문학교,서울 구로구,(08215) 서울특별시 구로구 구로중앙로39길 20-8 (구로동 서울현대교육재단) .,126.8753213,37.50514946,
520,서비스에이스주식회사,서울 영등포구,(07298) 서울특별시 영등포구 문래로28길 25 (문래동3가 영시티) S타워 7층 서비스 에이스,,,
521,오라클자바교육학원,서울 구로구,"(08390) 서울특별시 구로구 디지털로30길 31 코오롱디지털타워빌란트2차 204, 205호",126.8959817,37.48281631,
522,예림인테리어목공목조주택학원,서울 구로구,(08359) 서울특별시 구로구 경인로 22 (오류동) 2층 일부,126.8252402,37.4893402,
523,강남미래간호학원,서울 강남구,(06329) 서울특별시 강남구 개포로82길 9-11 (개포동) 한국빌딩 301호,127.0679319,37.48899156,
524,상상우리,서울 중구,"(04554) 서울특별시 중구 수표로 12(충무로3가, 영한빌딩) 11층",126.9905791,37.56220519,
525,한국실버요양보호사교육원,서울 관악구,"(08793) 서울특별시 관악구 남부순환로 1950 (봉천동) 진성빌딩, 601호",126.9653601,37.47599313,
526,한국문화원,서울 동작구,(06939) 서울특별시 동작구 대방동 여의대방로 284 3층(대방동),126.9253706,37.51173411,
527,봉담간호전문학원,경기 화성시,(18302) 경기도 화성시 동화길 93-12 (봉담읍) 파크프라자 501~502호.,,,
528,평택포도나무요양보호사교육원,경기 평택시,(17777) 경기도 평택시 점촌로 33 (서정동) 2층,127.0577848,37.06334235,
529,쿠킹아카데미학원,경북 구미시,(39375) 경상북도 구미시 산호대로 187 (공단동 낙동상가) 504호,128.3852355,36.10056738,
530,순천하나병원,전남 순천시,(540120) 전라남도 순천시 덕암동 158번지,127.5098579,34.94072325,
531,엠에스파이프(주),경북 포항시 남구,(790902) 경상북도 포항시 남구 오천읍 송덕로212번길 65 ,,,
532,예산군노인종합복지관,충남 예산군,(340802) 충청남도 예산군 벚꽃로155번길 10 ,,,
533,(주)광진상공,경북 경주시,(780952) 경북 경주시 황성동 45번지,129.2211638,35.87460922,
534,(주)한금,경북 포항시 남구,(790240) 경북 포항시 남구 장흥동 1874번지,129.3772616,35.97215654,
535,(사)한국선급,부산 강서구,(46762) 부산광역시 강서구 명지오션시티9로 36 (명지동 (사)한국선급) 한국선급,128.9006913,35.08789394,
536,(주)하림,전북 익산시,(570883) 전북 익산시 망성면 어량리 13-14,127.0408383,36.07668688,
537,예수병원,전북 전주시 완산구,(560832) 전북 전주시 완산구 중화산동1가 300번지,127.1330829,35.81430131,
538,(주)반도건설,인천 연수구,(406840) 인천광역시 연수구 컨벤시아대로 81 ,,,
539,(재)건설기술교육원 서울강남분원,서울 강남구,(06130) 서울특별시 강남구 테헤란로7길 22 (역삼동 과학기술회관) 2관 3층,,,
540,에스엘 주식회사,경북 경산시,(38470) 경상북도 경산시 공단6로 77 (진량읍 에스엘주 진량공장) 에스엘 주식회사 진량 공장,,,
541,다온요양보호사교육원,대전 서구,"(35363) 대전광역시 서구 관저북로 25(관저동, 월드상가) 201호",127.3366911,36.30391339,
542,윌문화인재평생교육원(e문화저널),경북 구미시,(39440) 경상북도 구미시 인동35길 13-4 다운빌딩 3층 302호,128.4330693,36.09557242,
543,사회복지법인 세종중앙,세종 세종,(339883) 세종특별자치시  새내10길 15 ,,,
544,충남간호전문학원,충남 공주시,(32547) 충청남도 공주시 무령로 222 (중동) 충남간호전문학원,127.1244091,36.45636193,
545,SK네트웍스서비스(주),경기 수원시 장안구,(16312) 경기도 수원시 장안구 장안로 120 5층,127.0004234,37.29453548,
546,군산성모간호전문학원,전북 군산시,(54128) 전라북도 군산시 나운동 대학로 316(시민프라자) 502호,126.6942042,35.9656713,
547,에어부산 주식회사,부산 강서구,(46721) 부산광역시 강서구 유통단지1로57번가길 6 (대저2동 에어부산사옥) 에어부산,128.9548181,35.16549984,
548,은혜요양보호사교육원,충남 부여군,"(33146) 충청남도 부여군 석탑로 61-1 (부여읍) 2층, 3층",126.9123799,36.28166245,
549,이젠아카데미DX교육센터,서울 서초구,"(06612) 서울특별시 서초구 서초동 서초대로77길 41(대동Ⅱ) 대동빌딩 5층, 9층, 10층",127.0249118,37.50115281,
550,(주)두루안 (일학습병행),서울 금천구,(08517) 서울특별시 금천구 디지털로10길 78 (가산동) 1201호~1209호,126.8897646,37.47448532,
551,(주)플래닛39평생교육원,경북 구미시,(730931) 경상북도 구미시 형곡동로 24 2층,128.3362741,36.10426723,
552,구미간호학원부설요양보호사교육원,경북 구미시,"(39233) 경상북도 구미시 송원동로 72 (원평동 종합버스터미널) 1,2층 일부",128.3522045,36.12266731,
553,한솔건축인테리어학원,경북 구미시,(39232) 경상북도 구미시 산업로 268 2층,128.3494957,36.1242055,
554,서면성산간호학원,부산 부산진구,(47296) 부산광역시 부산진구 동천로 59 (부전동) 3층,129.0620951,35.15397285,
555,뷰티인 미용학원,경북 안동시,(760090) 경북 안동시 서부동 91-3번지,128.729665,36.56596806,
556,엠스커피아카데미,서울 은평구,(03333) 서울특별시 은평구 연서로27길 15 (갈현동) 2층 일부,126.9177283,37.61794573,
557,일산에르모소직업전문학교,경기 고양시 덕양구,"(10497) 경기도 고양시 덕양구 화정로 47(화정동, 동원텔) 401-2호 403호",126.8314026,37.63507845,
558,국제간호학원,경기 고양시 덕양구,"(10560) 경기도 고양시 덕양구 권율대로 685 (원흥동) SIB타워 11층 1107,1108호",126.8739842,37.65110687,
559,성남이비에스미용학원,경기 성남시 수정구,(461807) 경기도 성남시수정구 성남대로1185 (수진동한양빌딩6층),127.1280194,37.43552301,
560,주식회사 메타씨티,경기 하남시,"(12925) 경기도 하남시 미사대로 550(덕풍동, 현대지식산업센터 한강미사) A907~A912호",127.2064244,37.55662451,
561,한국폴리텍대학울산캠퍼스,울산 중구,(681280) 울산광역시 중구 산전길 155 한국폴리텍대학 울산캠퍼스,129.3479137,35.5796752,
562,인제대학교,경남 김해시,(50834) 경상남도 김해시 인제로 197 ,,,
563,경주간호학원,경북 경주시,(38154) 경상북도 경주시 동성로 111 (노동동) 3층,,,
564,메디원간호학원,대구 동구,"(701300) 대구시 동구 안심3,4동 (신서동) 528-2번지 보광빌딩 4층",,,
565,대구컴퓨터캐드회계학원,대구 북구,(41419) 대구광역시 북구 학남로17길 2 (국우동 해일빌딩 ) 5층 대구컴퓨터캐드회계학원,128.5699981,35.9446442,
566,포항커피제과제빵학원,경북 포항시 북구,(37736) 경상북도 포항시 북구 불종로 65 (중앙동) 4층,129.3666999,36.03829004,
567,대구FKTU인적자원전문학교,대구 달서구,(42758) 대구광역시 달서구 조암로 13 (월성동) 5층,128.528341,35.82510421,
568,서울게임아카데미부산학원,부산 부산진구,(47297) 부산광역시 부산진구 전포대로199번길 19 9층 10층(예원빌딩),129.0640676,35.15430877,
569,성서간호학원,대구 달서구,"(42612) 대구광역시 달서구 계대동문로 92 (이곡동 한성코아) 304호, 308호",128.5025398,35.85523893,
570,금빛요양보호사교육원,서울 강서구,(07770) 서울특별시 강서구 강서로17길 25 (화곡동) 4층,126.8445693,37.53248431,
571,경도요양보호사교육원,경북 예천군,(757803) 경상북도 예천군 충효로 241 4층,128.4501293,36.65100911,
572,경북요양보호사교육원,경북 상주시,"(37219) 경상북도 상주시 상산로 178 (신봉동 현대아파트) 17,18호",128.1607467,36.40683438,
573,한빛컴퓨터,충남 금산군,(312803) 충청남도 금산군 금산읍 비호산로 4 3층,127.4892452,36.11007788,
574,(주)한국직업전문학교,경기 수원시 팔달구,"(16489) 경기도 수원시 팔달구 인계로 140 (인계동 시안프라자) 8층,502호,503호",127.0326674,37.26665399,
575,부산평생교육원,부산 중구,(48948) 부산광역시 중구 광복중앙로 21 (신창동1가) 4층 일부,129.0306512,35.10101043,
576,전남간호학원,전남 순천시,(540190) 전남 순천시 장천동 353,127.4926045,34.94955533,
577,(주)한일케어 요양보호사교육원,서울 광진구,(05044) 서울특별시 광진구 아차산로 403 (구의동) 3층,127.0874011,37.53762374,
578,메타빌드 주식회사,서울 서초구,"(06640) 서울특별시 서초구 서초중앙로 64(서초동, 메타빌드빌딩 제2사옥) 4층",,,
579,서원레저(주),경기 파주시,(413852) 경기도 파주시 서원길 333 서원밸리컨트리클럽,126.897664,37.82180755,
580,한국인터텍테스팅서비스(주),서울 성동구,(133833) 서울시 성동구 성수2가제3동(성수동2가) 284-56번지 아주디지털타워 1층,127.0519135,37.5465906,
581,(주)케이씨이노베이션,경기 화성시,(18469) 경기도 화성시 동탄첨단산업1로 45 (영천동) (주)케이씨이노베이션 사업장,127.0904966,37.21322111,
582,장애인거주시설예림원,인천 부평구,(21425) 인천광역시 부평구 동수로 87 ,,,
583,에스제이에프(주),대구 달서구,(704946) 대구광역시 달서구 달서대로109길 93 ,,,
584,새마을금고중앙회(MG인재개발원),충남 천안시 동남구,(31230) 충청남도 천안시 동남구 삼방로 346 (목천읍 MG인재개발원) MG인재개발원,127.2408809,36.7976046,
585,티아이씨(주),경남 창원시 성산구    ,(642290) 경상남도 창원시 성산구 공단로271번길 11 ,,,
586,중소벤처기업진흥공단 대구경북연수원,경북 경산시,(712100) 경상북도 경산시 경청로222길 86 ,,,
587,엔에이치투자증권 (주),서울 영등포구,(07335) 서울특별시 영등포구 여의대로 108 (여의도동 파크원) 타워2 NH금융타워,126.9282519,37.52598062,
588,KBS미디어,서울 마포구,(121915) 서울특별시 마포구 매봉산로 45 ,,,
589,LG Display,서울 영등포구,(07336) 서울특별시 영등포구 여의대로 128 (여의도동) LG Display,126.9291665,37.52781921,
590,S-OIL(주),서울 마포구,(04196) 서울특별시 마포구 백범로 192 (공덕동 에쓰오일사옥빌딩) 18층,126.9514877,37.54333703,
591,로이문화예술실용전문학교,인천 부평구,(21366) 인천광역시 부평구 부평대로 147 (부평동) 7층~9층 전체,126.720971,37.50444948,
592,대한건축사협회,서울 서초구,(137877) 서울특별시 서초구 효령로 317 건축사회관 9층 대한건축사협회,127.0189374,37.48579182,
593,한국생산성본부 대전충청지역본부,대전 서구,"(35209) 대전광역시 서구 한밭대로 809 (둔산동 사학연금회관) 5층 503호, 504호",127.3888861,36.35824075,
594,흥국생명보험(주),서울 종로구,(110786) 서울특별시 종로구 신문로1가 흥국생명빌딩,126.9722179,37.56964397,
595,소니코리아(주),서울 영등포구,"(150945) 서울특별시 영등포구 국제금융로 10 원아이에프씨 23층,24층",126.9252552,37.5248975,
596,한국폴리텍Ⅵ대학,대구 서구,(703721) 대구광역시 서구 평리5동 1495,128.553065,35.87309797,
597,한국폴리텍 Ⅶ대학 동부산캠퍼스,부산 기장군,(46027) 부산광역시 기장군 정관읍 산단4로 2-69 938-40,129.1799134,35.31006774,
598,한국폴리텍대학 남인천캠퍼스,인천 미추홀구,(22121) 인천광역시 미추홀구 염전로333번길 23 (주안동 한국폴리텍대학 남인천캠퍼스) 주안동 1389-2,126.6763612,37.47192594,
599,주식회사티와이엠 익산공장,전북 익산시,(54576) 전라북도 익산시 왕궁농공단지길 7-40 (왕궁면 동양물산기업(주)) 주식회사 티와이엠 익산공장,127.0936122,35.98708662,
600,(주)브레인트레이닝센터,서울 강남구,"(06103) 서울특별시 강남구 봉은사로 317(논현동, 아모제논현빌딩) 봉은사로317",,,
601,제일요양보호사교육원,경북 안동시,(36623) 경상북도 안동시 경동로 159 (송현동) 1층,128.6791372,36.57493368,
602,BBS미용예술직업전문학교,경남 양산시,(626050) 경상남도 양산시 양산역6길 17 701호,129.0277323,35.33739472,
603,보성간호학원,경북 구미시,"(39225) 경상북도 구미시 문화로 56 (원평동) (2층, 3층)",128.3369323,36.12742794,
604,현대평생교육원,대구 달서구,(42824) 대구광역시 달서구 월배로 332 (송현동) 성수빌딩 4층,,,
605,더스타일미용학원,서울 강북구,"(01211) 서울특별시 강북구 도봉로 41-1 (미아동) 2층일부(212호),4층일부(403호)",127.0297468,37.61263962,
606,미래직업기술학원,울산 남구,"(44705) 울산광역시 남구 삼산중로114번길 9-1 (삼산동) 2층, 4층/ 울산 북구 신천동 724번지",129.3368011,35.54374109,
607,제일간호학원,부산 해운대구,"(48104) 부산광역시 해운대구 해운대로 790(좌동, 해운대대림아크로텔) 302호,303호,304호,313호",,,
608,한국안전기술원 평생교육원,울산 중구,(44455) 울산광역시 중구 신기11길 8 새운상가 3층,129.3011113,35.55329323,
609,한컴아카데미(분당),경기 성남시 분당구,"(13493) 경기도 성남시 분당구 삼평동 대왕판교로644번길 49(한컴타워) 3층 (삼평동, 한컴타워)",127.1122518,37.40074182,
610,(주)제이비컴,충북 청주시 상당구,(28543) 충청북도 청주시 상당구 사직대로 379 (북문로2가 타임타워) 3층 2호,127.4893626,36.63729847,
611,대전홍명요리제과제빵커피학원,대전 중구,(34838) 대전광역시 중구 중앙로121번길 10 (선화동) 1층-5층(선화동),127.423185,36.32825149,
612,씨제이프레시웨이주식회사,서울 중구,(04560) 서울특별시 중구 동호로 330 (쌍림동 씨제이제일제당센터) CJ제일제당센터,,,
613,(재단법인)영진건설기술교육원,대구 동구,(41166) 대구광역시 동구 화랑로 525 A동 2층,128.6818068,35.87551338,
614,토파스여행정보학원,부산 중구,(600816) 부산 중구 중앙동4가 77-1 대한항공 빌딩 5층,129.0379572,35.11039525,
615,중앙컴퓨터직업전문학원,제주 서귀포시,(63595) 제주특별자치도 서귀포시 태평로 446 (서귀동 효림스카이) 2층 201호,126.5677052,33.24610544,
616,금호중.경북휴먼테크고등학교,경북 영천시,(38877) 경상북도 영천시 교대길 8-18 (금호읍 금호공업중고등학교) 금호중.경북휴먼테크고등학교,128.8733898,35.93254064,
617,안양패션디자인학원,경기 안양시 만안구,"(14001) 경기도 안양시 만안구 병목안로 6 (안양동 현진빌딩) 802,803,804,805호 (안양동 782-6)",126.9194554,37.3996367,
618,(주)이티엠,서울 성동구,(133835) 서울특별시 성동구 성수이로 90 317-15번지 덕수빌딩 5층,127.0567992,37.5428674,
619,미래미용학원,광주 광산구,"(62305) 광주광역시 광산구 수등로 211(신가동, 세영빌딩) 202호 일부, 502호",126.8320077,35.18541927,
620,(주)지지스쿨,서울 강남구,"(06110) 서울특별시 강남구 학동로4길 15 (논현동 동화상가) 203호, 204호, 206호(논현동)",127.0231615,37.51076671,
621,엠즈씨드주식회사 폴바셋 트레이닝센터,서울 강남구,(135517) 서울특별시 강남구 도산대로75길 20 ,,,
622,주식회사 로켓부스트,서울 성동구,"(04793) 서울특별시 성동구 성수일로10길 12(성수동2가, 성수씨에프타워(성수CF-TOWER)) 1층 105호,106호,107호 / 12층 1202호,1203호,1204호",127.0519165,37.54740346,
623,서울특별시기술교육원동부캠퍼스,서울 강동구,"(05235) 서울특별시 강동구 고덕로 183(고덕동, 서울특별시 동부기술교육원) 서울특별시기술교육원동부캠퍼스",127.1453901,37.55613084,
624,가족요양보호사교육원,서울 강동구,(05303) 서울특별시 강동구 양재대로 1520 오륜빌딩 701-1호,127.1415362,37.5412306,
625,메가넥스트평생교육원,서울 강남구,(06194) 서울특별시 강남구 대치동 테헤란로 424(삼성생명 대치타워) 19층 일부(10호),127.0536136,37.50544734,
626,행복한요양원,충북 청주시 상당구,(360812) 충청북도 청주시 상당구 용암북로 124-1 정일빌딩5층,127.5117799,36.62010165,
627,주식회사국제,광주 동구,(61468) 광주광역시 동구 백서로175번길 8 (서석동) 주식회사국제,,,
628,강동대학교산학협력단,충북 음성군,(27600) 충청북도 음성군 감곡면 대학길 278 공산관경천관,127.6484147,37.14207051,
629,시대컴퓨터학원,인천 남동구,(405837) 인천광역시 남동구 구월남로 232 롯데프라자 301-1 시대컴퓨터학원,126.7151657,37.45232201,
630,한누리요양보호사교육원,경기 성남시 수정구,(13345) 경기도 성남시 수정구 산성대로 241 (신흥동 비와이씨) 7층,127.1439027,37.43982994,
631,경산가구디자인학원,경북 경산시,(38540) 경상북도 경산시 화랑로 126 (갑제동 주에이엔티 경산지점) 1층,128.766295,35.82619151,
632,JK이용.미용직업전문학원,충북 청주시 서원구,(28705) 충청북도 청주시 서원구 청남로 2106 청주이용학원,127.4876764,36.61979664,
633,퍼스트바리스타제과제빵학원,경기 수원시 팔달구,"(16488) 경기도 수원시 팔달구 효원로 303 (인계동 삼호파크타워) 406호 일부, 407~408호",127.035089,37.26123817,
634,고정현헤어스퀘어원2호점,인천 연수구,(21975) 인천광역시 연수구 청능대로 210 2동2층,126.6836393,37.40591162,
635,김포요양보호사교육원,경기 김포시,"(10104) 경기도 김포시 검단로 920 3층 김포요양보호사교육원 (감정동, 동신빌딩)",126.6977724,37.6217445,
636,예일직업능력교육원,경기 김포시,"(10110) 경기도 김포시 김포대로 841 (사우동 제우스프라자) 306호,501호~503호,506호/실습지:김포시 양촌읍 구래리 663-23번지",126.7199943,37.61930418,
637,Zicon 평생교육원,서울 종로구,(03044) 서울특별시 종로구 자하문로10길 10-5 1층,126.9721688,37.57905921,
638,"한쿡외식문화학원(요리,제과제빵,바리스타,조리)",경기 용인시 기흥구,"(446573) 경기도 용인시 기흥구 중부대로 579 강남대프라자 803,804,805,806,807호",127.1269676,37.27032298,
639,준오헤어(수내2),경기 성남시 분당구,(13595) 경기도 성남시 분당구 백현로 97 3층 준오헤어 수내역2호점,127.111325,37.37675779,
640,정읍간호학원 부설 요양보호사교육원,전북 정읍시,(580805) 전라북도 정읍시 충정로 324 4층,126.8488452,35.57415751,
641,스마트인재개발원,광주 동구,(61475) 광주광역시 동구 금남로3가 중앙로 196 4층,126.9161691,35.15049918,
642,안정플로리스트종합예술학원,전북 전주시 덕진구,"(54931) 전라북도 전주시 덕진구 기린대로 400-2 (금암동) 전라북도 전주시덕진구기린대로 400-2 .3,4층",,,
643,이노직업전문학교,경기 부천시 원미구,"(14637) 경기도 부천시 원미구 심곡동 부일로 448(프리존 빌딩) 404호,405호",126.7801332,37.48596698,
644,(재)한국아이티교육재단 한국IT직업전문학교,서울 서초구,(06755) 서울특별시 서초구 바우뫼로20길 8 (양재동 다산빌딩) 전층,127.0331679,37.47440945,
645,현대씨앤알(주),경기 광주시,(12818) 경기도 광주시 도척면 마도로 112-51 하이비전센터,127.3397449,37.28479369,
646,현대씨앤알(주),부산 동구,(601837) 부산광역시 동구 중앙대로 240 현대해상 부산사옥,129.0420366,35.11831095,
647,현대씨앤알(주) 원격평생교육원,서울 송파구,(05510) 서울특별시 송파구 송파대로 570 (신천동) Tower730 27층 일부,127.0990156,37.51571182,
648,대한상공회의소부산인력개발원,부산 남구,"(48518) 부산광역시 남구 신선로 454-20 (용당동 대한상공회의소) (별관) 부산광역시 동구 중앙대로176, 3층, 9층",129.1031475,35.12555772,
649,(주)조선호텔앤리조트,서울 중구,(04533) 서울특별시 중구 소공로 106 (소공동 서울 웨스틴조선호텔) 반도사옥,126.9800525,37.56436598,
650,신선생요리제과제빵학원,전북 군산시,"(54085) 전라북도 군산시 번영로 74 (경장동) 4층,5층",126.7294519,35.97052426,
651,브루드커피교육학원,경남 거제시,(53241) 경상남도 거제시 제산로3길 2 (양정동) 2층~3층,128.6425492,34.88788834,
652,은빛꽃꽂이조경학원,경기 성남시 수정구,"(13311) 경기도 성남시 수정구 성남대로 1238 (태평동 삼능스페이스향) 1층 106, 107, 108, 109, 110호 전체",127.128129,37.44027118,
653,대경녹색기술직업전문학교,대구 북구,(41588) 대구광역시 북구 칠성남로 122 (칠성동2가) 3층,128.5935909,35.87768652,
654,이롬요리학원,대구 달서구,"(42664) 대구광역시 달서구 명덕로 30 (두류동) 서부빌딩 4층 , 일부",,,
655,주식회사엠피씨플러스,서울 중구,(04637) 서울특별시 중구 소월로2길 30 (남대문로5가 남산트라팰리스) 12층 (주)엠피씨플러스,126.9757213,37.55376048,
656,(주)제너시스비비큐,경기 이천시,(467813) 경기 이천시 마장면 목리 1-11번지,127.4122721,37.2696622,
657,(재)건설기술호남교육원,광주 북구,"(61271) 광주광역시 북구 동운로 90 (동림동) (103호,104호 제외) / 광주광역시 북구 동운로 96(301호, 306호, 신관102호)",,,
658,삼성SDI(주)울산훈련원,울산 울주군,(44953) 울산광역시 울주군 삼남읍 반구대로 163(삼성SDI) 울산훈련원,129.095407,35.51476073,
659,삼성전자(주) 구미사업장,경기 수원시 영통구,(443803) 경기 수원시영통구 매탄3동 416번지,127.0527739,37.25766396,
660,의료법인정화의료재단,부산 동구,(601723) 부산광역시 동구 좌천1동 봉생병원 68-11,129.0504491,35.13102862,
661,(사)대한산업안전협회중부지역본부,인천 부평구,(21315) 인천광역시 부평구 부평대로 301 (청천동 남광센트렉스) 817호,,,
662,보성금속공업(주),인천 남동구,(405310) 인천 남동구 고잔동 647-3번지  남동공단 77B-4L,126.7032501,37.39938561,
663,한국전기기술인협회,경기 안양시 동안구,"(14058) 경기도 안양시 동안구 흥안대로439번길 20-3 (관양동 한국전기기술인협회 교육원, 연구원) 한국전기기술인협회",126.9740287,37.39408537,
664,서울디자인고등학교,서울 마포구,(121873) 서울특별시 마포구 염리동 서울디자인고등학교,126.9476156,37.5462815,
665,충청대학교,충북 청주시 흥덕구,(361792) 충청북도 청주시 흥덕구 강내면 월곡길 38 충청대학교,127.3675983,36.62081939,
666,선문대학교,충남 아산시,(336708) 충청남도 아산시 선문로221번길 70 381-7번지,127.0732926,36.79787592,
667,배재대학교 IPP사업단,대전 서구,"(35345) 대전광역시 서구 배재로 155-40(도마동, 배재대학교) 스마트배재관 504호",127.3662822,36.32049818,
668,오픈베이스(일학습병행),서울 서초구,(137924) 서울특별시 서초구 매헌로 16 하이브랜드 리빙관4층,127.0369726,37.46332614,
669,속초상공회의소,강원 속초시,(24837) 강원도 속초시 중앙로 98 신성빌딩 6층 속초상공회의소,128.5867642,38.20151758,
670,한일후지코리아(주),경남 창원시 진해구    ,(51609) 경상남도 창원시 진해구 신항로 434-2 (안골동 후지글로벌로지스틱 ) 한일후지코리아(주),128.7833079,35.08372672,
671,에스비에스(SBS)아카데미컴퓨터아트학원,광주 동구,(61482) 광주광역시 동구 금남로 238 무등 빌딩 6층,126.9176031,35.14824485,
672,한솔요리커피제과제빵아카데미,서울 강서구,(07803) 서울특별시 강서구 공항대로 271 (마곡동 이천이프라자) 8층,126.8377908,37.55889191,
673,원즈아카데미요리전문학원,울산 중구,(44420) 울산광역시 중구 백양로 88-1 (성안동) 3층,129.3158554,35.57332081,
674,경희간호학원,충북 충주시,(27344) 충청북도 충주시 갱고개로 214 현대빌딩 5층,127.9391739,36.99001042,
675,인제지역자활센터,강원 인제군,(24634) 강원특별자치도 인제군 비봉로 52 (인제읍 목공예갤러리) 2층,,,
676,(주) 김해직업전문학교,경남 김해시,"(50902) 경상남도 김해시 삼계중앙로 54 (삼계동) 7층·8층 (삼계동, 금우빌딩)",128.8708866,35.26037484,
677,국제미용예술직업전문학교,서울 송파구,"(05668) 서울특별시 송파구 송파대로 398 (송파동) (2층,4층,5층,6층)",127.1096866,37.50304373,
678,아뮤즈미용전문학원,경남 창원시 마산합포구,"(51724) 경상남도 창원시 마산합포구 3·15대로 412 (상남동) 2,3층",128.5755496,35.21115026,
679,공간인테리어기술학원,경남 김해시,(51006) 경상남도 김해시 칠산로413번길 37 2층,128.849086,35.20890972,
680,제주간호학원,제주 제주시,(63198) 제주특별자치도 제주시 서광로 297 (이도일동) 3층 제주간호학원,,,
681,효문컴퓨터회계전문학원,전북 익산시,"(54659) 전라북도 익산시 고현로7길 10 (모현동1가) 301호, 302호(모현동1가)",126.9424339,35.94625307,
682,(주)하이텔레서비스,서울 강서구,"(07788) 서울특별시 강서구 마곡중앙5로 18 (마곡동 메이플레이스 빌딩) 3,4,5층",126.8257972,37.56711852,
683,대한법률학원,서울 영등포구,(07290) 서울특별시 영등포구 경인로 727 (문래동2가 종도빌딩) 3층 일부,126.8943106,37.51253855,
684,한성냉동용접학원,서울 영등포구,"(07308) 서울특별시 영등포구 경인로112길 8 (영등포동1가) 가동 2층 일부, 3층 일부,나동 1층",126.913623,37.51781651,
685,원격평생교육원 오쌤,광주 북구,(61238) 광주광역시 북구 경양로 170 (중흥동) 한경빌딩 7층 일부,126.9100396,35.16004696,
686,하이컴퓨터그래픽전산회계학원,경기 안산시 단원구,"(15360) 경기도 안산시 단원구 고잔2길 41 (고잔동 신양복합빌딩) 405~407호, 502호",126.8356006,37.31787089,
687,아름다운세상만들기요양보호사교육원,서울 강서구,(07561) 서울특별시 강서구 공항대로65길 1-5 (염창동) 4층,126.867153,37.550397,
688,주경야독 직업전문학교,서울 금천구,"(08510) 서울특별시 금천구 가산동 벚꽃로 298(대륭포스트타워6차) (08510) 서울특별시 금천구 벚꽃로 298 (가산동 대륭포스트타워6차) 3층(301호,302호,야외실습), 4층(411호,412호), 지하1층(B121호,B116호)",,,
689,휴먼리소스코리아원격평생교육원,서울 마포구,(04011) 서울특별시 마포구 망원로 96 (망원동) 4층 좌측 일부,126.9073963,37.55753616,
690,이레요양보호사교육원,서울 은평구,(03368) 서울특별시 은평구 통일로 724 (불광동) 3층,126.930331,37.61022378,
691,예성요양보호사교육원,서울 구로구,"(152894) 서울특별시 구로구 경인로 176 오류동, 씨티월드 B105호",126.84102,37.49434959,
692,한국표준협회충북지역본부,충북 청주시 청원구,(28116) 충청북도 청주시 청원구 연구단지로 40 (오창읍 충북테크노파크) 선도기업관(에이관),127.4310671,36.72281243,
693,음식나라요리커피학원,전북 익산시,(54546) 전라북도 익산시 무왕로 1085-1 (영등동) 3층,126.9774309,35.95872959,
694,아세아직업전문학교,서울 용산구,"(04313) 서울특별시 용산구 청파로43다길 30 2층 일부(202~203호 제외), 3층 일부(301~304호)",126.969211,37.54223886,
695,아이씨씨텍스타일디자인학원,서울 강남구,"(06039) 서울특별시 강남구 논현로149길 65 (논현동) 202호, 302호",127.0243055,37.51631662,
696,거창요리제과제빵학원,경남 거창군,(50131) 경상남도 거창군 공수들7길 48 (거창읍) 1-2층,127.9024073,35.6859166,
697,삼척요리제과제빵직업전문학교,강원 삼척시,(25921) 강원도 삼척시 척주로 9 (남양동 대한타운) 3층,129.1649317,37.44422712,
698,에스케이오션플랜트(주),경남 고성군,(638842) 경상남도 고성군 동해면 내산3길 51-1 159-13번지,128.4762322,35.04894881,
699,로드네일미용학원,부산 연제구,(47540) 부산광역시 연제구 월드컵대로 163 (연산동 구문빌딩) 5층 로드네일미용학원,129.0783902,35.18682986,
700,에스엠sm간호학원,부산 부산진구,(47213) 부산광역시 부산진구 중앙대로 919 (양정동) 한들빌딩 3층_,129.0702837,35.1723069,
701,신라대학교(일학습병행),부산 사상구,(46958) 부산광역시 사상구 백양대로700번길 140 화랑관1층 IPP일학습병행제사업단,128.9950157,35.16952233,
702,부산중앙간호학원,부산 사상구,(47006) 부산광역시 사상구 가야대로 390 (주례동 동원빌딩) 5층,129.0150983,35.15122117,
703,나레스트뷰티아카데미미용학원 연산점,부산 연제구,(47520) 부산광역시 연제구 중앙대로 1114 (연산동) 세종빌딩 6층,,,
704,사하제일간호학원,부산 사하구,(49326) 부산광역시 사하구 낙동대로 436 (당리동) 2층 삼우빌딩 2층,128.9710455,35.1047506,
705,문화요리학원,부산 부산진구,(614845) 부산광역시 부산진구 서전로10번길 28 오기빌딩 10층,129.0600028,35.15672087,
706,김천요리제과직업전문학교,경북 김천시,(740090) 경북 김천시 평화동 452-18,128.1088207,36.12666941,
707,한국호텔관광실용전문학교,경기 안산시 단원구,(425868) 경기도 안산시 단원구 중앙대로 937 ,,,
708,한일여자고등학교,경남 창원시 마산합포구,(630812) 경남 마산시 양덕2동 888-9번지,128.5788806,35.22895119,
709,삼성금형기계기술학원,서울 동작구,(07069) 서울특별시 동작구 대림로 56 (신대방동 장안빌딩) 5층 501호,126.9071451,37.48845711,
710,상아탑학원,경기 이천시,(467804) 경기도 이천시 영창로 166 (3층) 상아탑컴퓨터학원,127.4410436,37.28129952,
711,현대중장비학원,부산 북구,"(46502) 부산광역시 북구 낙동대로1694번길 10 (구포동) 2층/(실습장) 경남 김해시 유하동472일부, 472-1일부, 475일부",,,
712,양산미래직업학교,경남 양산시,(50629) 경상남도 양산시 양산역로 105 골든프라자 5층,129.0291403,35.33873183,
713,충북요리제과제빵전문학원,충북 청주시 서원구,"(28647) 충청북도 청주시 서원구 사직대로 126 (사창동) 2, 3, 4, 5층",127.4612598,36.63471557,
714,청강아카데미평생교육원,서울 종로구,"(03189) 서울특별시 종로구 종로8길 21 (관철동) 302호, 303호",126.9840807,37.56897973,
715,한국공학대학교,경기 시흥시,(429793) 경기도 시흥시 산기대학로 237 한국산업기술대학교,126.7335597,37.34008193,
716,자리잡자직업전문학교,서울 용산구,"(04352) 서울특별시 용산구 한강대로 254 (남영동 서울빌딩) 3층(301호,302호,305호)",126.9734403,37.54103802,
717,메디아이잠실보험학원,서울 송파구,(05542) 서울특별시 송파구 올림픽로30길 6 (방이동 금곡빌딩) 3층,127.1078715,37.51518171,
718,서영대학교(학교법인 서강학원),광주 북구,(500170) 광주광역시 북구 운암동 서강로 1 서영대학교 서정관 702호,126.8695467,35.17589991,
719,쎄아떼이용미용전문학원(주),서울 중구,"(04507) 서울특별시 중구 청파로 433 (중림동) 스마일빌딩 2,4,5층",126.9689971,37.55817357,
720,전북연자동차정비학원,전북 전주시 덕진구,(561842) 전북 전주시덕진구 팔복동(팔복동2가) 24-6번지,127.107317,35.85132263,
721,프렌치제과제빵바리스타학원,경기 파주시,"(10908) 경기도 파주시 경의로 1042 5층 502호,503호",,,
722,한국폴리텍I대학 성남캠퍼스 산학협력단,경기 성남시 수정구,(13122) 경기도 성남시 수정구 수정로 398 한국폴리텍대학 성남캠퍼스,127.1536474,37.45891011,
723,석운노인전문요양원,경기 성남시 분당구,(463450) 경기도 성남시 분당구 석운로 133 ,,,
724,(주)한국에이치알디교육센터,경기 성남시 분당구,(13590) 경기도 성남시 분당구 황새울로359번길 7 (서현동 한국정보공학본사사옥) 2층,127.1235471,37.38758512,
725,애플공인교육센터 MFK 학원,서울 서초구,(137903) 서울특별시 서초구 강남대로97길 17 신일빌딩 4층,127.0187173,37.51456957,
726,성남제과조리커피직업전문학교,경기 성남시 분당구,"(13506) 경기도 성남시 분당구 성남대로926번길 12(야탑동, 금탑프라자) 204~208호,210~212호",127.129852,37.41284024,
727,우리전산세무회계학원,경기 성남시 중원구,(462827) 경기도 성남시 중원구 산성대로 106 원진빌딩 5층,127.130965,37.43350161,
728,중앙요양보호사교육원,경기 성남시 분당구,(13618) 경기도 성남시 분당구 돌마로 73 (금곡동 우방코아) 408호,127.109989,37.35031426,
729,수원공업고등학교,경기 수원시 팔달구,(442070) 경기 수원시 팔달구 인계동 249-1,127.0252514,37.27399,
730,대구제과제빵커피학원,대구 중구,(41943) 대구광역시 중구 달구벌대로 2109-18 (덕산동) 3층,128.594199,35.86601783,
731,군산여성인력개발센터,전북 군산시,(573862) 전라북도 군산시 백토로 119 2층 여성인력개발센터,126.7059347,35.96822433,
732,(주)창성,인천 남동구,(405846) 인천 남동구 남촌동 620-8,126.6975328,37.41674234,
733,기술보증기금 인재개발원,경기 용인시 처인구,(17166) 경기도 용인시 처인구 수정로6번길 43 (원삼면 기술보증기금 인재개발원) 기술보증기금 인재개발원,127.3402014,37.1949508,
734,고려제강(주),부산 해운대구,(612010) 부산 해운대구 중동 1482-4,129.1830788,35.16069557,
735,삼보모터스(주),대구 달서구,(704833) 대구광역시 달서구 월암동 1080-3번지,128.5166738,35.83360538,
736,(주)이수페타시스,대구 달성군,(711855) 대구 달성군 논공읍 본리리 29-54 ,,,
737,화천기공(주),광주 광산구,(506733) 광주광역시 광산구 하남산단4번로 123-17 ,,,
738,(주)대동시스템,인천 남동구,(405846) 인천광역시 남동구 남동대로 419 남동공단  3B 3L,126.7082496,37.42049067,
739,엔브이에이치코리아,경북 경주시,(38209) 경상북도 경주시 외동읍 문산공단안길 44 801-5,129.3284361,35.66921945,
740,한화오션(주) 기술교육원,경남 거제시,(656714) 경남 거제시 아주동 대우조선해양(주) 경상남도 거제시 거제대로 3370 (아주동),,,
741,에스피엘(주),경북 경산시,(712838) 경북 경산시 진량읍 신상3리 1191-6번지,128.8266448,35.87219301,
742,(주)에프에스티,경기 화성시,(445811) 경기도 화성시 동탄면 동탄산단6길 15-23 ,,,
743,삼성전자(주) 광주사업장,광주 광산구,(62218) 광주광역시 광산구 하남산단6번로 107 삼성전자(주) 광주사업장,126.8071914,35.20418046,
744,씨이오창조인재개발원,경기 고양시 일산서구,(10366) 경기도 고양시 일산서구 주엽동 중앙로 1391(강선마을12단지아파트) 레이크쇼핑타운 5층 에스 15호,126.7645692,37.66773961,
745,평택전기기술직업전문학교,경기 평택시,"(17919) 경기도 평택시 원평로 96 (통복동) 2, 3층",127.0809765,36.99357789,
746,충주직업전문학교,충북 충주시,(380030) 충청북도 충주시 예성로 122 (성남동) 정보빌딩,127.933836,36.96767958,
747,제일요리아카데미학원,서울 동대문구,(02645) 서울특별시 동대문구 천호대로 425 (장안동) 2층 제일요리아카데미학원,,,
748,해인회계캐드컴퓨터학원,대구 북구,(702250) 대구 북구 동천동 878-3 2층,128.5562875,35.93206249,
749,안산간호학원,경기 안산시 상록구,"(15538) 경기도 안산시 상록구 본오로 165 (본오동) 운학빌딩 3층, 안산간호학원",126.8665443,37.2998451,
750,우리전산학원(회원),경남 창원시 마산회원구,(51289) 경상남도 창원시 마산회원구 3·15대로 533 (회원동 KTF) 2층 우리전산학원,,,
751,부천여성인력개발센터,경기 부천시,(14546) 경기도 부천시 석천로 171 (중동 중동프라자) 5층,126.7624368,37.50278422,
752,에이스기계(주),경기 시흥시,(429845) 경기도 시흥시 시화벤처로 242 (정왕동 시화공단2사902호),126.7050837,37.3212275,
753,용인상공회의소,경기 용인시 처인구,(449933) 경기도 용인시 처인구 명지로 81 용인상공회의소,127.1883783,37.22868717,
754,에버런스코리아주식회사,부산 강서구,(46727) 부산광역시 강서구 범방2로 51 에버런스코리아(주),,,
755,(주)동하정밀(일학습병행),충북 진천군,(365863) 충청북도 진천군 문백면 생거진천로 738 ,,,
756,경북산업직업전문학교,대구 동구,(701823) 대구광역시 동구 동부로 121 경북산업직업전문학교,128.6256143,35.87670843,
757,대한간호학원,서울 관악구,"(151015) 서울특별시 관악구 시흥대로 578 (신림동, 광안빌딩 3층)",126.9035325,37.48418341,
758,강남직업전문학교,광주 북구,(61209) 광주광역시 북구 동문대로 65 (우산동) / 광주광역시 북구 동문대로65번길 4 / 광주광역시 북구 서방로 84-1,,,
759,연산국제제빵커피학원,부산 연제구,"(47520) 부산광역시 연제구 중앙대로 1116 (연산동) (2층일부, 3층전부)",129.0816186,35.18730615,
760,한나그린힐,경기 이천시,(467852) 경기도 이천시 대월면 초지리 474-8번지,127.4997877,37.22244702,
761,삼성중장비운전학원,부산 동래구,(607010) 부산 동래구 명륜동 681-31번지,129.0794994,35.2109975,
762,(재)대구직업전문학교,대구 북구,(41580) 대구광역시 북구 칠성남로 167 (칠성동2가 칠성동금류아파트) (재)대구직업전문학교,128.598529,35.8771254,
763,자트코 코리아 엔지니어링,서울 금천구,(153768) 서울특별시 금천구 가산디지털2로 98 롯데 IT 캐슬 2동 4층,126.8810899,37.47681028,
764,제이티인터내셔널코리아(주),서울 종로구,(03161) 서울특별시 종로구 종로 51 (종로2가 종로타워) 12층 JTI Korea,126.9838087,37.5703672,
765,(학)순천향대학,충남 아산시,(336885) 충남 아산시 신창면 읍내리 646번지,126.9314444,36.76962572,
766,가톨릭상지대학교,경북 안동시,(760711) 경북 안동시 율세동 393 ,,,
767,오스템임플란트(주),서울 강서구,(07789) 서울특별시 강서구 마곡중앙12로 3 (마곡동 오스템임플란트 중앙연구소) 오스템임플란트,126.8285464,37.56767222,
768,하이엠솔루텍(주),서울 강서구,(07788) 서울특별시 강서구 마곡중앙5로 18 (마곡동 메이플레이스 빌딩) 10~11층 하이엠솔루텍,126.8257972,37.56711852,
769,동경요리제과제빵커피조주학원,경기 고양시 덕양구,"(10497) 경기도 고양시 덕양구 화중로104번길 26(화정동, 한솔타워) 4층 401~404호",126.8325613,37.63590199,
770,남양주직업전문학교,경기 남양주시,"(12237) 경기도 남양주시 금곡로 71 (금곡동 세화빌딩) 3층, 4층",127.2109422,37.6346953,
771,부경인재개발교육원,부산 북구,"(46524) 부산광역시 북구 화명대로 15(화명동, 하이페리온타워) 4층 401호, 403호",,,
772,강서제과제빵학원,서울 강서구,"(157805) 서울특별시 강서구 강서로 381-7 예원빌딩 3,4층",126.8379026,37.55950474,
773,(주)위치스(일학습병행),광주 남구,"(61740) 광주광역시 남구 송하동 송암로24번가길 46(광주실감콘텐츠큐브(방송통신시설)) 와우랩1층102호,103호,2층201호",126.877823,35.11258846,
774,주식회사알티엠,광주 광산구,(506358) 광주광역시 광산구 진곡산단중앙로 121 (A23-3),126.7855259,35.19964582,
775,빛고을간호학원,광주 서구,"(61979) 광주광역시 서구 상무대로 1057 (화정동) , 5층 일부 (화정동)",126.8774866,35.15246435,
776,백제간호전문학원,광주 광산구,(62430) 광주광역시 광산구 내상로 2 (송정동) 4층 일부,126.7946144,35.14084903,
777,드림요양보호사교육원,전남 나주시,(58263) 전라남도 나주시 시청길 4 (송월동) 영재빌딩 4층,126.7134268,35.01622296,
778,고흥종합노인요양원,전남 고흥군,(59535) 전라남도 고흥군 고흥읍 고흥로 1923-5 ,,,
779,여천요양보호사교육원,전남 여수시,(59688) 전라남도 여수시 망마로 54 (신기동 부영3차상가) 상가1동 4층 여천요양보호사교육원,,,
780,홍해개발(주),전남 여수시,(59747) 전라남도 여수시 신월로 496-25 ,,,
781,한기장사회복지법인 사랑요양원,전북 임실군,(566912) 전라북도 임실군 삼계면 충효로 1623-4 ,,,
782,뉴런엔지니어링(주),충북 음성군,(27605) 충청북도 음성군 상우안길 73 (감곡면) 뉴런엔지니어링(주),,,
783,주식회사 와이비엠넷,서울 종로구,"(03191) 서울특별시 종로구 종로 98 (종로2가 와이,비,엠 종로빌딩) YBM별관 4,5층",,,
784,경북기계금속고등학교,경북 경산시,(712852) 경상북도 경산시 자인면 북사리 242번지,128.8207592,35.82050495,
785,주식회사 에프앤이노에듀,서울 영등포구,(07245) 서울특별시 영등포구 영등포동7가 국회대로 632 KLK유윈시티 710-714호,126.904202,37.52528723,
786,경상제과제빵기술학원,경남 창원시 마산합포구,(631310) 경상남도 창원시 마산합포구 해운동 63번지 월드프라자 301.302.307호,128.5602187,35.18059848,
787,대성전기학원,경기 안산시 단원구,(15464) 경기도 안산시 단원구 광덕4로 260 (고잔동 Win-Win프라자) 305호,126.8411254,37.31403122,
788,한독자동차정비학원,서울 동대문구,"(02580) 서울특별시 동대문구 왕산로 31 (신설동) 2층,3층",127.0268246,37.57689843,
789,나주공업고등학교,전남 나주시,(520180) 전라남도 나주시 건재로 43 832번지,126.7148989,35.04008558,
790,(주)진학사,서울 종로구,(110062) 서울 종로구 신문로2가 1-103번지,126.9702244,37.5726437,
791,(주)캐럿글로벌,서울 용산구,"(04399) 서울특별시 용산구 이태원로 268-20 (한남동 (주)미래세움) 3층, 캐럿글로벌",127.0021352,37.53817655,
792,(사)한국디지털컨버전스협회,서울 영등포구,(07222) 서울특별시 영등포구 당산로49길 4 (당산동6가 태인빌딩) 7층 일부,126.9026498,37.53548511,
793,신동경요리커피학원,부산 사하구,(49427) 부산광역시 사하구 낙동남로 1414 (하단동 삼영빌딩) 5F,128.966184,35.10597394,
794,(주)커피빈코리아,서울 강남구,(135090) 서울특별시 강남구 삼성동 77-18,127.0591089,37.5145933,
795,한국고용정보원(20131217),충북 음성군,(27740) 충청북도 음성군 태정로 6 능력개발팀,127.5505478,36.90518019,
796,중앙HTA IT교육원,서울 종로구,(03134) 서울특별시 종로구 율곡로10길 105 (봉익동 디아망 쥬얼리) 4층,126.9921621,37.57286397,
797,이지케어텍(주),서울 중구,(100710) 서울특별시 중구 퇴계로 307 광희빌딩 4층,127.0056889,37.56423301,
798,대한전기기술교육원,대구 동구,"(41206) 대구광역시 동구 아양로 6 (신암동) 대구시 동구 아양로 6번지(2층,3층) /대구시 동구 송라로 158번지(4층,5층)",128.614914,35.88085354,
799,용인예술과학대학교 평생교육원,경기 용인시 처인구,(17145) 경기도 용인시 처인구 동부로 61 (마평동 용인예술과학대학교) 용인예술과학대학교 부속 평생교육원,127.2179899,37.22830372,
800,KEPCO 인재개발원,서울 노원구,(01793) 서울특별시 노원구 노원로 130 (공릉동 한국전력중앙교육원) KEPCO 인재개발원,127.0848244,37.63333664,
801,(주)빙그레,경기 남양주시,(472711) 경기도 남양주시 도농동 (주)빙그레 344-3,,,
802,(사)보험연수원,서울 성북구,"(02851) 서울특별시 성북구 보문로 130 (보문동1가 보험연수원) (집체사무실:2층일부,7층일부,9층/강의장:지하1층,3층~7층)",127.0189137,37.58658531,
803,원앤원(주),충남 천안시,(330290) 충남 천안시 부성동(업성동) 167-번지,,,
804,서울공과전기학원,서울 영등포구,"(07291) 서울특별시 영등포구 당산로 67 (당산동2가 재원빌딩) 6~9층, (실습실)영등포구 영등포로22길 3-6, 3층일부(당산동2가)",126.8952828,37.52079251,
805,에이원컨트리클럽(주),경남 양산시,(626260) 경남 양산시 매곡동 산 1번지,,,
806,창원여성인력개발센터,경남 창원시 성산구    ,(51491) 경상남도 창원시 성산구 대정로20번길 11 (가음동 여성회관창원관) 2층 일부,128.6999045,35.20671317,
807,(주)대동,경북 포항시 남구,(790841) 경상북도 포항시 남구 대송면 송덕로126번길 39 ,,,
808,주식회사우진공업,경북 경산시,(712837) 경상북도 경산시 진량읍 다문로 188-21 ,,,
809,삼정회계법인,서울 강남구,(135984) 서울특별시 강남구 테헤란로 152 737 강남파이낸스센터 10층,127.0365821,37.4997355,
810,효성인력개발원,경기 안양시 동안구,(14080) 경기도 안양시 동안구 시민대로 74 효성인력개발원,126.9429489,37.38219838,
811,하이맥스컨설팅,서울 서초구,(06651) 서울특별시 서초구 서초중앙로 69 ,,,
812,크린팩토메이션(주),경기 화성시,(445160) 경기 화성시 반송동 91-8번지,127.0730043,37.20494321,
813,주식회사 녹수,충남 예산군,(340931) 충청남도 예산군 고덕면 삽교평야로 467 ,,,
814,프라이스워터하우스쿠퍼스컨설팅,서울 용산구,(140702) 서울특별시 용산구 한강대로 92 LS용산타워,126.9679133,37.52812535,
815,아세아항공직업전문학교,서울 영등포구,(07257) 서울특별시 영등포구 당산동3가 당산로32길 16 아세아항공직업전문학교 4층,126.8985675,37.52589506,
816,동국대학교 듀얼공동훈련센터,서울 중구,(04620) 서울특별시 중구 필동로1길 30 원흥관 F317,126.998502,37.55920548,
817,동국대학교 DUICA,서울 중구,(04618) 서울특별시 중구 퇴계로50길 60 (장충동2가 동국대학교 DUICA(듀이카)) 동국대학교 DUICA,127.0004712,37.56011553,
818,웰컴디자인컴퓨터학원,경북 경산시,(38432) 경상북도 경산시 하양읍 문화로 6 4층,128.8137907,35.9100984,
819,연성대학교,경기 안양시 만안구,(14011) 경기도 안양시 만안구 양화로37번길 34 (안양동 연성대학교) 연성대학교,126.909147,37.39741249,
820,경일대학교,경북 경산시,(712701) 경상북도 경산시 가마실길 50 경일대학교,128.8012358,35.90790823,
821,송탄간호학원,경기 평택시,(459813) 경기 평택시 서정동 795-2번지  B  L 홍일빌딩 2층 201호,127.0640068,37.06870962,
822,유나간호학원,경기 김포시,"(10083) 경기도 김포시 김포한강4로 113 (장기동) 704호(장기동,신한프라자)",,,
823,(주)사람인 충주돌봄,충북 충주시,(27393) 충청북도 충주시 용산동 예성로 130 2층 (용산동),127.9336991,36.96842852,
824,주식회사 아카스타,부산 남구,"(48443) 부산광역시 남구 수영로 269 (대연동 기아자동차부산지역본부) ,605호",129.0958349,35.13597537,
825,당감요양보호사교육원,부산 부산진구,(47189) 부산광역시 부산진구 당감로 10 (당감동) 3층 301호,,,
826,네트컴퓨터아카데미학원,대구 달서구,(704370) 대구 달서구 상인동 725-3번지 9층,128.5389313,35.81940925,
827,대구요양보호사교육원,대구 달서구,"(42790) 대구광역시 달서구 상원로 17 (상인동 1457-10번지, 2층)",128.5361479,35.81160481,
828,경북요양보호사교육원,대구 달서구,(42801) 대구광역시 달서구 월배로 120 (진천동 서호메디컬타워) 4층,,,
829,엠에프엠섬유패션학원,대구 중구,(700826) 대구광역시 중구 명덕로 169 (4층),128.588584,35.85701767,
830,성모요양보호사교육원,대구 남구,(42424) 대구광역시 남구 중앙대로48길 3 3층,,,
831,CJ푸드빌제과제빵교육원,서울 중구,(04544) 서울특별시 중구 입정동 을지로15길 32(힐스테이트세운센트럴 2단지) B1,126.9944153,37.56809796,
832,정안공과기술학원,전북 정읍시,(580805) 전라북도 정읍시 명덕1길 7 ,,,
833,주식회사 와이앤피,대전 서구,(35305) 대전광역시 서구 계룡로 676 주원빌딩 4층,127.3954697,36.33586145,
834,한국폴리텍대학 부산캠퍼스(과정평가형),부산 북구,(46550) 부산광역시 북구 만덕대로155번길 99 한국폴리텍대학 부산캠퍼스,129.019398,35.21735758,
835,경남정보대학,부산 사상구,(47011) 부산광역시 사상구 주례로 45 (주례동 경남정보대학) 경남정보대학교,129.0125633,35.14808216,
836,대양고등학교,부산 남구,(48464) 부산광역시 남구 지게골로 128-27 303-3,129.073455,35.13289051,
837,그린자동차직업전문학교,부산 사상구,(46923) 부산광역시 사상구 사상로417번길 51 (모라동) /(별관)부산광역시 사상구 모덕로59,128.9830649,35.18221747,
838,동해간호학원,강원 동해시,(25761) 강원도 동해시 천곡로 56 (천곡동 동해빌딩) 축협4층,129.1110988,37.52358171,
839,남승화직업전문학교,강원 원주시,(220931) 강원도 원주시 개봉교길 13-1 남승화직업전문학교 (개운동 382-20 남승화빌딩),127.9562192,37.34361139,
840,동아기술직업전문학교,전북 익산시,(54629) 전라북도 익산시 선화로 401 (영등동 대영직업전문학교) 동아기술직업전문학교,126.9739103,35.94645405,
841,JES미용예술직업전문학교,서울 영등포구,"(07305) 서울특별시 영등포구 경인로 829 (영등포동4가) 2,3,4층",126.9049495,37.51600766,
842,강원보건간호학원,강원 춘천시,(24353) 강원특별자치도 춘천시 금강로 68-12 (조양동) 4층,,,
843,(주)대흥소프트밀(일학습병행제),경기 광주시,(464865) 경기도 광주시 초월읍 동막골길 276 ,,,
844,왕촌어버이의집,충남 공주시,(32597) 충청남도 공주시 구렁고개길 12 (상왕동) 왕촌어버이의집,127.1701757,36.42326124,
845,한국안전기술학원,울산 남구,(44651) 울산광역시 남구 거마로104번길 18 (신정동) 3층(전부),129.3015881,35.5387141,
846,북경중국어학원,경남 진주시,(52684) 경상남도 진주시 진양호로 531 9 3층,128.0832917,35.19353435,
847,강남메트로간호종합학원,서울 강남구,"(06134) 서울특별시 강남구 강남대로94길 34 (역삼동) K&Y 빌딩 지하1층, 2층",127.0300569,37.49962906,
848,정훈실버빌,강원 춘천시,(200080) 강원도 춘천시 금강로 119 ,,,
849,신안종합리조트(주),강원 횡성군,(225834) 강원도 횡성군 고원로 451 신안종합리조트,128.2503237,37.49078475,
850,원주간호학원 하이엔(주),강원 원주시,(220050) 강원도 원주시 일산동 (일산동) 51-15 3층번지 51-15   3층,127.9479395,37.35019194,
851,원주간호학원 하이엔(주)분원,강원 원주시,(220956) 강원도 원주시 원일로 121 일산동3층,127.9478503,37.35027374,
852,천안애견미용학원,충남 천안시 동남구,(31122) 충청남도 천안시 동남구 성황동 대흥로 324 1-3층,127.1509845,36.81664399,
853,동수원요리전문학원,경기 수원시 팔달구,(442816) 경기도 수원시 팔달구 중부대로223번길 4 상록블루하우스 4층 403호,127.0409696,37.27595924,
854,한양이엔지주식회사,경기 화성시,(445973) 경기 화성시 태안읍 반월리 104,127.0687807,37.23154422,
855,(주)제이오텍,대전 유성구,(34025) 대전광역시 유성구 테크노2로 153 (용산동),127.4029595,36.4260425,
856,(주)LG CNS Learning&Development담당(I),서울 강서구,(07795) 서울특별시 강서구 마곡중앙8로 71 (마곡동 엘지사이언스파크) LG사이언스파크 E13,126.8344338,37.56200457,
857,엘지전자(주) 평택,경기 평택시,(17709) 경기도 평택시 엘지로 222 (진위면 엘지전자(주)) 러닝센터,127.0885589,37.12347857,
858,S-OIL(주) 온산공장,울산 울주군,(689890) 울산시 울주군 온산면 산암리 360번지 에쓰-오일(주),129.3400848,35.44405715,
859,울산과학대학교 산학협력단,울산 동구,(44022) 울산광역시 동구 봉수로 101 (화정동 울산과학대학동부캠퍼스) 동부캠퍼스 및 서부캠퍼스(무거동),129.415581,35.49547136,
860,세계로간호학원,울산 동구,(44012) 울산광역시 동구 동해안로 4 (서부동) 3층,129.4248497,35.53993166,
861,서창요리제과제빵직업학교,경남 양산시,(50529) 경상남도 양산시 삼호로 191 (삼호동 웅상빌딩) 6층,129.1699879,35.41422443,
862,성심요양보호사교육원,경남 양산시,"(50619) 경상남도 양산시 북안남6길 4 (북부동 민병철어학원A스쿨) 2층, 203호",129.0385827,35.34600748,
863,호남제일간호학원,전북 전주시 덕진구,"(54848) 전라북도 전주시 덕진구 편운로 6 (여의동2가) 4층 401호,401-3호 일부",127.0772025,35.87079385,
864,희망직업전문학교,광주 북구,"(61132) 광주광역시 북구 서하로 306 (오치동) 본관:1층(사무실),2층, 3층, 4층, 5층/별관: 광주광역시 북구 송월로 30번길 1 (301호, 401호)",126.913874,35.18662153,
865,동천안희망직업전문학교,충남 천안시 동남구,"(31130) 충청남도 천안시 동남구 대흥로 145(사직동, 동천안빌딩) 1층,2층(일부 201호, 202호),3층~7층",127.1469134,36.80117826,
866,미소로섬김 요양보호사교육원,인천 계양구,(21049) 인천광역시 계양구 계양대로 206 2층,126.7227523,37.54225912,
867,등용문아카데미회계컴퓨터아트학원,전북 전주시 덕진구,"(54898) 전라북도 전주시 덕진구 백제대로 557 (금암동) 2층, 3층",127.1307235,35.84026878,
868,대한연세요양보호사교육원,서울 강동구,(05217) 서울특별시 강동구 고덕로 421 (강일동 대한연세요양원) 2층,127.1725306,37.5573448,
869,푸름넷원격평생교육시설,서울 송파구,(05836) 서울특별시 송파구 법원로9길 26 (문정동 에이치비지니스파크) C동 1503호,127.1170765,37.48404387,
870,(주)삼성글로벌리서치 인력개발원,경기 용인시 처인구,(449811) 경기도 용인시 처인구 에버랜드로562번길 10-16 ,,,
871,재단법인 키엘연구원,경기 부천시,(420806) 경기도 부천시 도약로 261 부천대우테크노파크 A동 403호,126.7784703,37.51131211,
872,종로호텔제과직업전문학교,서울 종로구,(03192) 서울특별시 종로구 수표로 96 (관수동 국일관 드림팰리스) 4층,126.98991,37.56967427,
873,큐브애견미용학원,서울 관악구,(151903) 서울특별시 관악구 시흥대로 550 3층,126.9012857,37.48182089,
874,프라임간호학원,서울 관악구,(08760) 서울특별시 관악구 신림로 351 (신림동) 4층,126.9291741,37.4855717,
875,굿모닝요양보호사교육원,서울 관악구,(151842) 서울특별시 관악구 남부순환로 1750 3층.굿모닝요양보호사교육원,126.9443618,37.48176899,
876,인천HRD평생교육원,인천 남동구,"(21557) 인천광역시 남동구 구월동 예술로 230(청진네오스빌) 206호,207호",126.7020807,37.45456896,
877,하이엔 주안 간호학원,인천 미추홀구,(22136) 인천광역시 미추홀구 주안로 86 (주안동 주안 메디컬센타) 501호 일부,126.6790868,37.46378845,
878,성모요양보호사교육원,인천 부평구,(21404) 인천광역시 부평구 광장로24번길 13 (부평동 신성빌딩) 2층,126.7251971,37.49017878,
879,변우형직업상담사전문학원,인천 부평구,(21364) 인천광역시 부평구 부평대로167번길 42 (청천동 동아타운) 301호,126.7185544,37.50647992,
880,가온누리주간보호센터,경기 군포시,(435010) 경기도 군포시 당동 872번지 서일빌딩 4층,126.9421988,37.34617546,
881,하이미디어아카데미,서울 서대문구,"(03779) 서울특별시 서대문구 연세로 8-1 (창천동 VERTIGO) 7층 / (별관) 서울시 마포구 백범로 3 3층, 4층",126.9371398,37.55623202,
882,에이케이플라자㈜ 노보텔 수원,경기 수원시 팔달구,(442081) 경기도 수원시 팔달구 덕영대로 902 노보텔 앰배서더 수원,126.9989811,37.26851379,
883,(주)비케이알,서울 종로구,(03150) 서울특별시 종로구 삼봉로 71 G타워 2층 (주)비케이알 버거킹,126.9810234,37.57297956,
884,지방자치교육원,서울 종로구,"(03167) 서울특별시 종로구 경희궁3나길 15-4 1,2,3 층 일부",,,
885,MBC아카데미뷰티미용학원,서울 중구,(04565) 서울특별시 중구 퇴계로 325-9 10~11층,127.0079148,37.56488249,
886,글로벌산업기술교육원,서울 금천구,"(08576) 서울특별시 금천구 독산동 시흥대로 422(프레콘빌딩) 4,5,6층",126.8987,37.47121391,
887,청주한국전기학원,충북 청주시 서원구,(28575) 충청북도 청주시 서원구 사직대로 83 (사창동) 4~5층,127.4566989,36.6348772,
888,유림노인전문요양원,경기 광주시,(12711) 경기도 광주시 퇴촌면 광동로 57-13 ,,,
889,주식회사 에이원(일학습 병행),경기 양주시,(11517) 경기도 양주시 권율로1203번길 70-9 (백석읍) 홍죽산업단지,126.9590759,37.80131386,
890,그린컴퓨터아카데미,경기 의정부시,"(11651) 경기도 의정부시 시민로 80 (의정부동 센트럴타워) 6층 617호/616호/613호/609호, 7층 713호/718호",127.043542,37.73796007,
891,일산크리스챤쇼보미용학원,경기 고양시 일산서구,"(411370) 경기 고양시 일산서구 주엽동 115-2번지 효림빌딩 701,702호",126.7582927,37.6703756,
892,오피플,서울 마포구,(03920) 서울특별시 마포구 성암로 330 (상암동 DMC첨단산업센터) B동 7층 711호,126.8861231,37.58416808,
893,마두요양보호사교육원,경기 고양시 일산동구,(10414) 경기도 고양시 일산동구 장백로 194 (장항동 위너스21) 505호,126.7766878,37.65202358,
894,쉬즈네일아트학원,경기 고양시 일산동구,"(10401) 경기도 고양시 일산동구 중앙로1275번길 60-14 (장항동 고일프라자) 401호, 일부",126.7695478,37.6595778,
895,(주)LX인터내셔널,서울 종로구,(03184) 서울특별시 종로구 새문안로 58 (신문로2가 LG광화문빌딩) 7층 인재개발팀,126.971471,37.56928338,
896,한국표준협회광주전남제주지역본부,광주 광산구,(62243) 광주광역시 광산구 하남산단8번로 177 광주경제고용진흥원 4층 한국표준협회,126.8153285,35.20900649,
897,한국표준협회경남지역본부,경남 창원시 성산구    ,(51408) 경상남도 창원시 성산구 원이대로 362 (대원동 창원컨벤션센터) 창원컨벤션센터 중소기업지원센터 602호,128.6567937,35.23853683,
898,(주)판토스,서울 종로구,(03184) 서울특별시 종로구 새문안로 58 (신문로2가 LG광화문빌딩) 5층,126.971471,37.56928338,
899,효성티앤에스(주),서울 강남구,(135884) 서울특별시 강남구 광평로 281 수서빌딩 19층,127.1035142,37.4880476,
900,(주)현대그린푸드,경기 용인시 수지구,(448503) 경기도 용인시 수지구 문인로 30 (주)현대그린푸드,127.0994381,37.33403295,
901,(주)농협유통,서울 서초구,(137130) 서울 서초구 양재동 230번지 ,,,
902,한국생산성본부 부산울산경남지역본부,부산 동구,(48821) 부산광역시 동구 중앙대로180번길 13 (초량동 오피스텔프레지던트) 15층,129.0404567,35.11300266,
903,(사)한국능률협회,서울 영등포구,(07236) 서울특별시 영등포구 의사당대로 22 (여의도동 이룸센터) 10층,126.9182279,37.52687484,
904,삼일아카데미,서울 중구,(04514) 서울특별시 중구 세종대로 73 (서소문동 태평로빌딩) 3층 삼일아카데미,126.9756954,37.56295052,
905,윤정순뷰티아카데미,부산 해운대구,(612020) 부산시 해운대구 우제1동 (우동) 639-6번지 홍정빌딩4층,129.1569376,35.16222669,
906,하단레몬요양보호사교육원,부산 사하구,(49410) 부산광역시 사하구 낙동대로 423 (하단동) 3층,128.97202,35.10377953,
907,GIK보석·디자인전문직업학교,부산 부산진구,"(47365) 부산광역시 부산진구 범일로142번길 16 (범천동 범성빌딩) 2층,3층",,,
908,삼성실버요양보호사교육원,부산 북구,(46544) 부산광역시 북구 낙동대로1781번길 1 (덕천동 청림빌딩) 6층,129.0036778,35.20994064,
909,코코커피바리스타학원,부산 동구,(48775) 부산광역시 동구 중앙대로 411 663-1 2층,129.0511753,35.13155703,
910,러닝플러스 주식회사,부산 부산진구,(47297) 부산광역시 부산진구 전포대로199번길 15 (전포동 현대타워) 701호,129.0643398,35.15422303,
911,부산경상대학교산학협력단,부산 연제구,(47583) 부산광역시 연제구 고분로 170 ,,,
912,인천적십자병원,인천 연수구,(406113) 인천 연수구 연수3동 580-3번지,126.6895283,37.41837924,
913,(주)DB하이텍,경기 부천시,(14519) 경기도 부천시 수도로 90 (도당동) DB하이텍 부천공장,126.7775239,37.51386911,
914,SK텔레콤 보라매사옥,서울 관악구,(08708) 서울특별시 관악구 봉천동 보라매로5길 1(SK텔레콤 보라매 사옥) SK텔레콤 보라매사옥,126.9260017,37.49190367,
915,쌍용씨앤이(주) 동해공장,강원 동해시,(25746) 강원도 동해시 이기로 11 (삼화동 쌍용양회종합기술연수원) 종합기술훈련원,129.0450251,37.47550298,
916,현대자동차(주)기술교육원,울산 북구,(683791) 울산광역시 북구 염포로 700 기술교육원,129.3850747,35.53804823,
917,한화솔루션(주),서울 중구,(100797) 서울 중구 장교동 한화빌딩 17층,126.986526,37.56728624,
918,한국직업기술학원,광주 동구,"(61478) 광주광역시 동구 천변우로 339 ,306호",126.9096775,35.15032113,
919,프로뷰티아카데미학원,광주 북구,(61120) 광주광역시 북구 서하로 222 (오치동) 6층일부,126.9046512,35.18690283,
920,진월요양보호사교육원,광주 남구,"(61713) 광주광역시 남구 서문대로 652 (진월동 대광약국) 3층,4층",126.8988549,35.1173589,
921,더존아카데미학원,광주 동구,(61449) 광주광역시 동구 필문대로 277 (동명동) 2층,126.9277117,35.14654799,
922,광주간호학원(광천동),광주 서구,"(502801) 광주광역시 서구 무진대로907 (광천동, 3층)",126.8797442,35.16187674,
923,새빛요양보호사교육원,서울 송파구,(05520) 서울특별시 송파구 올림픽로 575 (풍납동 풍납동우체국) 3층,,,
924,(주)파나시아,부산 강서구,(618220) 부산광역시 강서구 미음산단3로 55 (주)파나시아,128.8581981,35.14944536,
925,유니퀘스트(주),경기 성남시 분당구,"(13591) 경기도 성남시 분당구 황새울로 314(서현동, 유니퀘스트사옥) .",,,
926,(주)신영,경북 영천시,(770150) 경북 영천시 본촌동 440번지,128.95088,35.91946784,
927,춘천지역자활센터 ,강원 춘천시,(24416) 강원특별자치도 춘천시 석사동 영서로 1925-29(춘천지역자활센터) 춘천지역자활센터,127.7545219,37.8456013,
928,에듀인능력개발원,서울 구로구,"(08390) 서울특별시 구로구 구로동 디지털로32길 30(코오롱디지털타워빌란트) 208호 일부, 209호",126.8964558,37.48340239,
929,고양여성인력개발센터,경기 고양시 일산서구,"(411805) 경기도 고양시 일산서구 강성로 247 (대화동)명진프라자 8,9층",126.7494657,37.67626729,
930,한영타이어주식회사 (일학습병행),전남 화순군,(58155) 전라남도 화순군 도곡면 도곡농공길 24 한영타이어(주),126.9301799,34.99928508,
931,(주)동원에프앤비,서울 서초구,(137717) 서울특별시 서초구 양재2동 동원산업빌딩 ,,,
932,키드키즈평생교육원,경기 용인시 기흥구,(16976) 경기도 용인시 기흥구 기흥로 58 (구갈동) 기흥ICT밸리 SK V1 B동 2902호,127.1180424,37.28043251,
933,금오공과대학교 부설 평생교육원,경북 구미시,(39253) 경상북도 구미시 구미대로 350-27 (신평동 금오공과대학교 신평동캠퍼스) 금오공과대학교 신평동캠퍼스,128.3651623,36.11936953,
934,AI교육센터,경기 군포시,(15809) 경기도 군포시 공단로 300 (금정동) 우림빌딩 201호,126.9447662,37.37100928,
935,(주)윌앤비전,서울 영등포구,"(07292) 서울특별시 영등포구 당산동1가 영등포로 150(생각공장 당산) C동 5,6층",126.8981448,37.52075905,
936,한국용접배관기술학원,전북 전주시 완산구,"(55004) 전라북도 전주시 완산구 기린대로 238 (서노송동) (2, 3층)",127.1450016,35.82771641,
937,지니언스(주),경기 안양시 동안구,(14058) 경기도 안양시 동안구 벌말로 66 (관양동 평촌역 하이필드) 12층 A-F,126.9700309,37.3942465,
938,(재)한국직업능력개발원,인천 미추홀구,"(22141) 인천광역시 미추홀구 경인로 433 (주안동 석바위VIP클리닉) 9층, 11층",126.688367,37.45834447,
939,한국전기교육원,경북 경산시,"(38405) 경상북도 경산시 불굴사길 128-7 (와촌면) (실습장:불굴사길 128-7, 불굴사길 136, 불굴사길 147, 불굴사길 94-6)",128.7840111,35.95131849,
940,(주)다산네트웍스,경기 성남시 분당구,(463400) 경기도 성남시 분당구 대왕판교로644번길 49 ,,,
941,코프라,경기 화성시,(445943) 경기도 화성시 상두원길 142 ,,,
942,(주)케이피티유,경기 화성시,(18516) 경기도 화성시 정남면 괘랑2길 1 ,,,
943,(주)알포메,충북 음성군,(27639) 충청북도 음성군 금왕읍 대금로 1064-10 (주)알포메,127.5534318,36.97855878,
944,한국자동차정비학원,서울 용산구,(04320) 서울특별시 용산구 한강대로 375 (동자동 한국오토모티브컬리지) 1~4층,,,
945,(주)클리오,서울 성동구,(04778) 서울특별시 성동구 왕십리로 66 (성수동1가) (주)클리오,,,
946,한국정보기술연구원,서울 구로구,(08378) 서울특별시 구로구 디지털로34길 43 187-10 코오롱싸이언스밸리 1차 4층,126.8983193,37.48487267,
947,대전YWCA여성인력개발센터,대전 서구,(35300) 대전광역시 서구 계룡로 636 도산회관 5층 (용문동 594-1번지),127.3922417,36.33852143,
948,논산여성인력개발센터,충남 논산시,(32974) 충청남도 논산시 중앙로398번길 29-9 논산여성인력개발센터,127.0910794,36.201675,
949,한국의료기기협동조합,서울 중구,(04578) 서울특별시 중구 퇴계로 450 신영빌딩 7층,127.0215464,37.56508751,
950,한국공간정보산업협회,서울 영등포구,(07316) 서울특별시 영등포구 도신로 237 (신길동 카슴빌딩) 카슴빌딩,126.9171127,37.51276454,
951,영남건설기술교육원,대구 동구,(41128) 대구광역시 동구 안심뉴타운1로 9 영남건설기술교육원,,,
952,안성의료복지사회적협동조합 부설 안성요양보호사교육원,경기 안성시,(17592) 경기도 안성시 안성맞춤대로 1040 (서인동) 3층,127.2692687,37.00605481,
953,(주)제이티,충남 천안시 서북구,(31040) 충청남도 천안시 서북구 직산읍 4산단3로 135 (주)제이티,127.1169477,36.86681187,
954,(주)대성하이테크,충남 천안시 서북구,(331824) 충청남도 천안시 서북구 입장면 용정도하길 155 (주)대성하이테크,127.1861647,36.92286288,
955,(재)서울예술실용전문학교,서울 서대문구,"(03646) 서울특별시 서대문구 통일로37길 51 (홍제동 서울예술직업전문학교) B, C, D동 / 서울 서대문구 통일로37길 60 A동 1층",126.9442464,37.58597719,
956,한국폴리텍Ⅲ대학 원주캠퍼스,강원 원주시,(26406) 강원도 원주시 북원로2425번길 73 한국폴리텍대학 원주캠퍼스,127.9344175,37.36284989,
957,한국폴리텍IV대학충주캠퍼스,충북 충주시,(380240) 충청북도 충주시 국원대로 548 ,,,
958,한국폴리텍VI대학영주캠퍼스,경북 영주시,(750070) 경상북도 영주시 가흥로2번길 9 ,,,
959,한국폴리텍대학 남대구캠퍼스,대구 달성군,(711852) 대구광역시 달성군 논공읍 논공로 226 한국폴리텍대학 달성캠퍼스,128.4546638,35.72203154,
960,한국폴리텍1대학산학협력단제주지소,제주 제주시,(63243) 제주특별자치도 제주시 산천단동3길 2 (아라일동 한국폴리택대학제주캠퍼스) 산학협력처,126.5612276,33.44758264,
961,산림조합중앙회 양산교육원,경남 양산시,(50503) 경상남도 양산시 하북면 삼동로 10(산림조합중앙회양산교육원) 양산교육원,129.0926498,35.49620379,
962,사단법인금융보안원,서울 영등포구,"(07332) 서울특별시 영등포구 여의도동 의사당대로 143(금투센터) 4층, 7~8층",126.9275915,37.51897951,
963,한국커피교육학원,서울 관악구,(08742) 서울특별시 관악구 남부순환로 1905 (봉천동) 3층,126.9611984,37.47832531,
964,에스티에이교육센터평생교육원,서울 광진구,"(05086) 서울특별시 광진구 자양동 자양강변길 115 2층 (자양동, STA타워)",127.0652157,37.53235352,
965,뉴브레인직업전문학교,서울 양천구,(08041) 서울특별시 양천구 남부순환로 572 3층,,,
966,한국콜마홀딩스주식회사,세종 세종,(30004) 세종특별자치시  덕고개길 12-11 (전의면) 한국콜마홀딩스 주식회사,127.1922817,36.68186346,
967,태양금속공업주식회사,경기 안산시 단원구,(425110) 경기 안산시 성곡동 595번지 ,,,
968,주식회사 원익큐엔씨,경북 구미시,(730400) 경상북도 구미시 옥계2공단로 117 (주)원익큐엔씨,128.4109875,36.11934423,
969,(의료법인)혜원의료재단,경기 부천시,(422711) 경기 부천시 소사본2동 세종병원 91-121 ,,,
970,(주)대동,대구 달성군,(711711) 대구 달성군 논공읍 대동공업 북리 1-12번지 ,,,
971,(주) TBC,대구 수성구,(42175) 대구광역시 수성구 동대구로 23 (두산동 (주)TBC) 5층 일부,128.6227503,35.83227633,
972,주식회사경남은행,경남 창원시 마산회원구,(51316) 경상남도 창원시 마산회원구 3·15대로 642 (석전동 경남은행본점) 경남은행 본점,128.5770278,35.23026405,
973,바이켐,충남 예산군,(32415) 충청남도 예산군 삽교읍 산단2길 53 바이켐(주),126.749828,36.6736081,
974,(주)티에이치엔,대구 달서구,(704901) 대구 달서구 갈산동 973-3번지,128.5012067,35.84910073,
975,정우금속공업(주)(일학습병행),경기 양주시,(482872) 경기도 양주시 남면 감악산로199번길 71-30 ,,,
976,여천직업전문학교,전남 여수시,(59637) 전라남도 여수시 화장동 대통로 3(경성빌딩) 4층,127.6376254,34.77473874,
977,송천굿모닝컴퓨터학원,전북 전주시 덕진구,(54835) 전라북도 전주시 덕진구 솔내로 133 (송천동1가 전평신협) 맘모스빌딩 401호,127.12664,35.86215525,
978,테레사간호학원,경기 수원시 권선구,"(16618) 경기도 수원시 권선구 서호동로26번길 19 (서둔동) 1,2층일부",,,
979,(주)수원외식관광직업전문학교,경기 수원시 팔달구,"(16481) 경기도 수원시 팔달구 장다리로 276 (인계동 동부프라자) 6층 ,704호",127.0281377,37.27390832,
980,부산기술직업전문학교,부산 북구,(46649) 부산광역시 북구 구포동 구남언덕로 32(동양빌딩) 5층,128.9963215,35.20096934,
981,주식회사 이레교육원,부산 수영구,(48308) 부산광역시 수영구 수영로 410-1 (남천동 자미빌딩) 2층 일부,129.1088384,35.14252662,
982,휴먼평생직업교육학원,전북 전주시 완산구,"(55080) 전북특별자치도 전주시 완산구 효자동1가 용머리로 36(서도프라자) 10층 1005호(효자동1가, 서도프라자)",127.1143929,35.80538871,
983,대구캐드캠교육원,대구 동구,(41156) 대구광역시 동구 해동로 214 강가에 아파트상가 204호,128.6517741,35.885075,
984,북구음식나라조리학원,대구 북구,(702821) 대구광역시 북구 대현로 102 3층(대현동),128.6099775,35.88204611,
985,따고집고 옷수선 전문기술학원,대구 동구,(41198) 대구광역시 동구 아양로11길 3 (신암동) 1층 따고집고옷수선전문기술학원,,,
986,한국타이어앤테크놀로지(주),대전 유성구,(34127) 대전광역시 유성구 유성대로935번길 50 (죽동 한국타이어중앙연구소) 한국테크노돔,127.3378012,36.37859889,
987,수원인재기술학원,경기 화성시,(18401) 경기도 화성시 경기대로 1054 (진안동) 태광빌딩 302호,127.0340305,37.20938396,
988,신청산컴퓨터학원,서울 구로구,(152806) 서울특별시 구로구 경인로 338 2층,126.8575924,37.49698402,
989,쥬신게임개발학원,서울 구로구,"(08380) 서울특별시 구로구 디지털로33길 27 (구로동 삼성IT밸리) 208호, 211호",,,
990,두산직업전문학교,경기 평택시,(17919) 경기도 평택시 원평로 40-12 두산빌딩 3층,127.0853827,36.98963892,
991,은혜요양보호사교육원,서울 양천구,(158859) 서울특별시 양천구 중앙로 294 명성빌딩 301호,126.8520112,37.5225111,
992,사단법인 안전보건진흥원,서울 금천구,"(08601) 서울특별시 금천구 범안로 1152 (독산동, 독산빌딩)",126.8897883,37.46626825,
993,(주)엠스텍,서울 금천구,"(153769) 서울특별시 금천구 벚꽃로 278 817(가산동, 에스제이테크노빌)",126.884534,37.47934558,
994,예가직업전문기술학원,서울 금천구,(08632) 서울특별시 금천구 시흥동 시흥대로57길 35 201~205호,126.8999562,37.45370861,
995,강남요양보호사교육원,서울 강남구,(135994) 서울 강남구 개포2동 186-10번지  B  L 401호,127.0679319,37.48899156,
996,강남케어요양보호사교육원,서울 강남구,(06325) 서울특별시 강남구 선릉로6길 8 (개포동) 진현빌딩 3층,127.0616627,37.48248966,
997,동양미래대학교,서울 구로구,(08221) 서울특별시 구로구 경인로 445 (고척동 동양미래대학교) 동양미래대학교,,,
998,계명간호학원,대구 달서구,(42824) 대구광역시 달서구 월배로 316 (송현동) 4층,128.5458941,35.82358248,
999,가톨릭간호학원,서울 용산구,(04321) 서울특별시 용산구 한강대로 283 (갈월동 시티파크타워) 5층 일부,126.971776,37.54339818,
1000,메디칼간호학원,부산 부산진구,"(47289) 부산광역시 부산진구 중앙대로 687-1 (부전동) 6층,7층",129.0586972,35.15411167,
1001,케이프라이드 에듀케이션센터,강원 횡성군,(225811) 강원도 횡성군 우천면 우천제2농공단지로 65-50 ,,,
1002,종로여성인력개발센터 요양보호사교육원,서울 종로구,"(03079) 서울특별시 종로구 대학로11길 23 (명륜4가 대학로스타시티빌딩) 2층, 403호.",127.0004366,37.58200038,
1003,진주국제중장비학원,경남 진주시,(52833) 경상남도 진주시 동부로 954-10 (문산읍) 1층.,,,
1004,DW아카데미학원,대전 중구,"(34838) 대전광역시 중구 중앙로121번길 20 (선화동 방산빌딩) 2층,5층",127.4229875,36.3288019,
1005,창신정공(일학습병행),경남 김해시,(50857) 경상남도 김해시 진영읍 본산1로 86 ,,,
1006,대기 이에스티(주),인천 남동구,(21699) 인천광역시 남동구 남동서로 9 (고잔동 대기이에스티주식회사) 135B 12L,126.6805875,37.39324422,
1007,케이피항공산업(주),경남 김해시,(50875) 경상남도 김해시 테크노밸리로 12 (진례면) 케이피항공산업,128.7667314,35.26511952,
1008,한라IMS(일학습 병행),부산 강서구,(46741) 부산광역시 강서구 화전산단1로 115 ,,,
1009,우양에이치씨(주),경기 평택시,(451821) 경기 평택시 포승면 만호리 584-6,126.8511721,36.97252066,
1010,천일엔지니어링(일학습병행제),인천 남동구,(405822) 인천광역시 남동구 앵고개로556번길 116 ,,,
1011,(사)한국계량측정협회(구:(사)한국측정,서울 서초구,(137869) 서울특별시 서초구 반포대로1길 47 한국계량측정협회,127.0109998,37.48260311,
1012,세신정밀,대구 달성군,(711814) 대구광역시 달성군 다사읍 세천로1길 52 세신정밀 3층,128.4647634,35.87351126,
1013,다스코 주식회사,전남 화순군,(58143) 전라남도 화순군 동면 동농공길 26-2 ,,,
1014,회명산업(주),충남 천안시 서북구,(31093) 충청남도 천안시 서북구 백석공단7로 37 (백석동 HOIMYUNGSEMICLEAN) (백석동),,,
1015,비앤비파트너스,서울 송파구,(05696) 서울특별시 송파구 가락로 94 6층,127.1066318,37.50072949,
1016,세기엔지니어링,인천 미추홀구,(22122) 인천광역시 남구 길파로 64 ,,,
1017,대진컴퓨터학원,대구 달서구,(42614) 대구광역시 달서구 서당로 37 (신당동) 2층,128.4953727,35.85495871,
1018,김지서간호학원,경기 고양시 덕양구,(10497) 경기도 고양시 덕양구 화정로 53 (화정동 새롬프라자) 703호,126.8318671,37.63507913,
1019,수원영통한국문화센터배움터,경기 수원시 영통구,"(16705) 경기도 수원시 영통구 반달로35번길 30(영통동, 영통역 아이파크) 339호",127.0774098,37.25176729,
1020,MBC아카데미뷰티미용학원,대구 중구,(41942) 대구광역시 중구 삼덕동1가 공평로 25 4층,128.5995629,35.86629809,
1021,최강간호학원,인천 부평구,"(21389) 인천광역시 부평구 경원대로 1387 (부평동) 1층일부, 3층",,,
1022,한국건설교육원,충북 청주시 흥덕구,(28174) 충청북도 청주시 흥덕구 태성1길 20-11 (강내면) 한국건설교육원,127.3416355,36.58896914,
1023,청남직업전문학교,대전 유성구,(34165) 대전광역시 유성구 유성대로 773 4~5층,127.3356639,36.36133805,
1024,여원회계전산직업전문학교,부산 동구,"(601812) 부산광역시 동구 중앙대로 375-1 (수정동) 부산진역7번출구,루반도르3.4층",129.048644,35.1290315,
1025,한미전산학원,경남 통영시,(650020) 경남 통영시 북신동 6-2,128.4289033,34.85585578,
1026,전북산업직업전문학교,전북 전주시 덕진구,(54935) 전라북도 전주시 덕진구 팔달로 330-7 (진북동 전북산업직업전문학교) .,127.1400598,35.83063318,
1027,(주)주영정공,광주 광산구,(506301) 광주광역시 광산구 하남산단10번로 173 (주)주영정공,126.8157732,35.21622691,
1028,금정음식나라조리학원,부산 금정구,(609340) 부산 금정구 남산동 118-2번지 부광빌딩 6층,129.09264,35.26440688,
1029,(주)광우,경북 포항시 남구,(790240) 경북 포항시 남구 장흥동 1864번지 제철2연관단지 1,129.3740649,35.97496778,
1030,(주)세영기업,경북 포항시 북구,(791810) 경상북도 포항시 북구 용흥동 416번지,129.3541752,36.04648305,
1031,리스템,강원 원주시,(220801) 강원도 원주시 동화공단로 94 ,,,
1032,서울종합예술실용학교,서울 강남구,"(06168) 서울특별시 강남구 테헤란로 505(삼성동, 싹타워) 지하2층, 7~9층, 12~17층",127.0574646,37.50759393,
1033,은화의집,경북 경주시,(38129) 경상북도 경주시 천사2길 22-2 ,,,
1034,덕산하이메탈(주),울산 북구,(683804) 울산광역시 북구 무룡1로 66 ,,,
1035,한국경제티브이 금융아카데미,서울 영등포구,(07327) 서울특별시 영등포구 여의나루로 71 (여의도동 동화빌딩) 6층,126.9266703,37.52387129,
1036,디엔피코퍼레이션,대구 달성군,(711855) 대구광역시 달성군 논공읍 논공중앙로 275 디엔피코퍼레이션,128.4630241,35.73506042,
1037,(주)코스트코코리아,경기 광명시,(14347) 경기도 광명시 일직로 40 (일직동 Costco 광명점) 코스트코 코리아 본부 인사팀,126.8864001,37.42062924,
1038,충북보건과학대학교,충북 청주시 청원구,(28150) 충청북도 청주시 청원구 덕암길 10 (내수읍 충북보건과학대학교) 충북보건과학대학교,127.5542153,36.7001747,
1039,배재대학교 미래교육원,대전 서구,"(35345) 대전광역시 서구 배재로 155-40 (도마동,배재대학교)",127.3662728,36.32063395,
1040,대구기술전문학교,대구 달서구,(42801) 대구광역시 달서구 월배로 120 (진천동 서호메디컬타워) 303호,128.5273414,35.81449236,
1041,춘해간호조무학원,부산 동래구,(47818) 부산광역시 동래구 명륜로 77 (수안동) 5층,129.0837505,35.2007416,
1042,세민직업전문학교,경기 수원시 팔달구,(16464) 경기도 수원시 팔달구 매산로116번길 14 (교동) 매산빌딩 3층 4층,127.0134235,37.2705407,
1043,강릉간호직업전문학원,강원 강릉시,(25552) 강원도 강릉시 경강로 2165 (옥천동) 2층,128.9019135,37.75907208,
1044,강승희요리실용전문학교 주식회사,경기 화성시,"(18455) 경기도 화성시 동탄문화센터로 61 (반송동 아시아 프라자) 208호, 209호, 602호, 603호 (별관)경기도 화성시 동탄오산로 86-11, 302호, 303호, 304호",127.0720305,37.1994114,
1045,울산대산전기학원,울산 남구,(44717) 울산광역시 남구 갈밭로10번길 8 (삼산동) 4층,129.3414388,35.53526246,
1046,우영기술전문학원,부산 동구,"(48729) 부산광역시 동구 중앙대로 318 3층일부,4층일부,5층",129.0452347,35.12473361,
1047,사창미즈간호학원,충북 청주시 서원구,(28647) 충청북도 청주시 서원구 사직대로 128 (사창동 해인빌딩) 4~5층 일부,,,
1048,참사랑요양보호사교육원,충북 청주시 청원구,(28479) 충청북도 청주시 청원구 내덕동 우암로 99 3층,127.4877512,36.65670603,
1049,증평중앙요양보호사교육원,충북 증평군,(368908) 충청북도 증평군 삼보로7길 26 ,,,
1050,(주)뷰티화장품(일학습병행),충북 음성군,(369863) 충청북도 음성군 원남면 원남산단로 274-14 (주)뷰티화장품,127.6744743,36.89354231,
1051,밝은언덕노인요양원,충북 음성군,(369873) 충청북도 음성군 소이면 소이로61번길 63-1 ,,,
1052,현간호학원,충북 청주시 흥덕구,(28594) 충청북도 청주시 흥덕구 사직대로 34 (복대동 중앙데코) 2층,127.4509566,36.63376353,
1053,인하직업전문학교(계산캠퍼스),인천 계양구,"(21049) 인천광역시 계양구 계양대로 214 5층 505, 506호(계산동,에이스타운)",126.7229084,37.54289018,
1054,하람,대전 동구,(34631) 대전광역시 동구 대흥로202번길 32 (인동) 하람,127.4344032,36.32477809,
1055,해드림노인복지센터,대전 동구,(300050) 대전광역시 동구 동구청로 95 ,,,
1056,미즈간호학원,대전 서구,(35230) 대전광역시 서구 대덕대로175번길 40 (둔산동 두운힐스타운) 404호,127.3754339,36.35024508,
1057,이트너스(주),경기 과천시,(13840) 경기도 과천시 갈현동 과천대로7나길 60(과천어반허브) A동 5층 이트너스,126.9748171,37.4179769,
1058,연세간호학원,대구 달서구,"(42645) 대구광역시 달서구 달구벌대로 1692 (두류동) 5층, 8층",128.5512065,35.854964,
1059,시립서부노인전문요양센터,서울 마포구,(03937) 서울특별시 마포구 월드컵로36길 15 ,,,
1060,부천직업전문학교,경기 부천시,"(14721) 경기도 부천시 경인로53번길 8 (송내동 상승프라자) 제201, 202, 203, 302, 501호(송내동)",126.7614341,37.48404154,
1061,부천조리직업전문학교,경기 부천시,"(14637) 경기도 부천시 부일로 460 (심곡동 시네마존) 3층 일부(302호, 303호, 304호, 305호)",126.781102,37.48579198,
1062,고정현헤어 인천논현점,인천 남동구,(21667) 인천광역시 남동구 논고개로 80 나로프라자 1F,126.7267752,37.39924466,
1063,삼성바이오로직스(주),인천 연수구,(21987) 인천광역시 연수구 송도동 송도바이오대로 300(삼성바이오로직스) 삼성바이오로직스,126.6577599,37.36724882,
1064,새희망요양보호사교육원,인천 남동구,(21502) 인천광역시 남동구 방축로 488-3 (간석동 스카이빌딩) 2층,126.6921966,37.46701317,
1065,실로암평화의집,경기 양평군,(12544) 경기도 양평군 지평면 고재길 154 ,,,
1066,성심요양보호사교육원,경기 남양주시,"(12209) 경기도 남양주시 덕소로97번길 9 (와부읍 일신프라자) 5층 502,503호",,,
1067,목조주택시공교육원,경기 수원시 권선구,(16619) 경기도 수원시 권선구 서둔동 세화로 127 (서둔동) 3층,126.9945284,37.2633777,
1068,마음샘정신재활센터,경기 수원시 장안구,(440814) 경기도 수원시 장안구 경수대로754번길 26-17 ,,,
1069,하이미디어영등포컴퓨터학원,서울 영등포구,(07301) 서울특별시 영등포구 영등포동4가 영등포로 208 6층,126.9042547,37.51964708,
1070,(주)호텔현대경주,경북 경주시,(780290) 경북 경주시 신평동 477-2,129.276995,35.85028252,
1071,(주)새턴바스,서울 강남구,(06104) 서울특별시 강남구 논현동 학동로 206(동화빌딩) 3층,127.0314645,37.5137653,
1072,엠씨에너지(주),전남 목포시,(530830) 전라남도 목포시 영산로 742 ,,,
1073,명화공업(주)울산공장,울산 남구,(680110) 울산 남구 부곡동 273번지 명화공업(주),129.3313846,35.50624504,
1074,경기미래직업전문학교 구리점,경기 구리시,(11921) 경기도 구리시 건원대로34번길 17 (인창동 금영빌딩) 5층,127.1411214,37.60456106,
1075,중구여성플라자,서울 중구,(100824) 서울특별시 중구 다산로32길 5 ,,,
1076,구트아카데미학원,서울 구로구,"(08393) 서울특별시 구로구 시흥대로163길 33 (구로동 주호타워) 2층 일부, 3층 일부",126.8980407,37.48193518,
1077,부산수영지역자활센터,부산 수영구,"(48212) 부산광역시 수영구 구락로 150(망미동, 고려제강(주)) 2층",,,
1078,뉴컴퓨터학원,대전 서구,(35396) 대전광역시 서구 정림동로5번길 17 (정림동) 4층,127.3657448,36.30522556,
1079,둔산음식나라조리제과커피학원,대전 서구,(35234) 대전광역시 서구 둔산남로 3 (둔산동) 운암키즈몰 6층,127.3783865,36.34801898,
1080,현대아미스(주),광주 서구,(502157) 광주광역시 서구 상무대로673번길 8 173-8번지,126.8386345,35.14260222,
1081,(주)휴젤,강원 춘천시,(200821) 강원도 춘천시 신북로 61-20 ,,,
1082,(주)GS텔레서비스,서울 강서구,(07573) 서울특별시 강서구 양천로 366 (가양동 미라클빌딩) 9~11층,126.8428432,37.56725098,
1083,사단법인 실업극복인천본부,인천 미추홀구,"(22154) 인천광역시 미추홀구 주안동 경인로 334-17 (주안동,3층)",126.6771678,37.45798978,
1084,경주중앙직업전문학교,경북 경주시,(780946) 경상북도 경주시 원화로 276 경주중앙직업전문학교,129.2174756,35.8451145,
1085,(주)도브러너,서울 강남구,"(06109) 서울특별시 강남구 논현로 608 1층, 도브러너",,,
1086,(주)엘지화학,충남 서산시,(356715) 충남 서산시 대산읍 대죽리 (주)엘지화학대산공장 ,,,
1087,(주)이랜서,서울 강남구,(135090) 서울 강남구 삼성동 37-2 중건빌딩 5층 ,,,
1088,다산직업전문학교,인천 미추홀구,(22135) 인천광역시 미추홀구 주안로 108 (주안동 경향프라자) 9층(909호~912호),,,
1089,한빛직업전문학교,전남 목포시,(58667) 전라남도 목포시 교육로 77 (상동) 4층,126.4191251,34.80374805,
1090,(주)한국외식조리직업전문학교 연수점,인천 연수구,(21927) 인천광역시 연수구 먼우금로188번길 12 (연수동 이리옴3빌딩) 4층,126.6765581,37.41360488,
1091,다산에듀 성남센터(분당이탱크),경기 성남시 분당구,"(13637) 경기도 성남시 분당구 성남대로 36 (구미동) 계산빌딩 4층, 5층",127.1093298,37.3390071,
1092,케이티텔레캅주식회사,서울 구로구,(152704) 서울특별시 구로구 구로5동 KT텔레캅빌딩 106-6,126.8921502,37.49726473,
1093,대전광역시건강가정지원센터,대전 유성구,(34014) 대전광역시 유성구 테크노6로 40-17 대전광역시가족센터 2층,127.3944085,36.42640427,
1094,(주)이룸리더십연구원  이룸리더십학원,인천 남동구,(21550) 인천광역시 남동구 남동대로 893 루카이스타워 8층,126.7080863,37.46212543,
1095,삼성바이오에피스,인천 연수구,(21987) 인천광역시 연수구 송도동 송도교육로 76(삼성바이오에피스) 삼성바이오에피스,126.6601182,37.36976893,
1096,고려신용정보(주),서울 서초구,"(06607) 서울특별시 서초구 서초대로 353 (서초동, 유니온타워)",127.0198555,37.49584679,
1097,사회복지법인 한국사회복지협의회,서울 마포구,(121706) 서울특별시 마포구 만리재로 14 한국사회복지회관 5층 한국사회복지협의회,126.9525623,37.54373392,
1098,(주)아진카인텍(일학습병행),경북 경주시,(780861) 경상북도 경주시 서면 갠버불길 148-6 ,,,
1099,(주)제니엘,서울 서초구,(06727) 서울특별시 서초구 효령로 402 (서초동 국민은행) 제니엘빌딩 지하1층,127.0276669,37.48812389,
1100,강릉아산병원,강원 강릉시,(25440) 강원도 강릉시 방동길 38 (사천면 강릉아산병원) 인사팀,128.8585021,37.81809252,
1101,한국엔지니어링협회,서울 동작구,(156827) 서울특별시 동작구 남부순환로 2017 ,,,
1102,서울현대실용전문학교,서울 영등포구,(07222) 서울특별시 영등포구 양평로12길 13 (당산동6가) 본관,126.9005902,37.53584374,
1103,솔브레인홀딩스주식회사,경기 성남시 분당구,(13486) 경기도 성남시 분당구 판교로255번길 34 (삼평동 솔브레인) 5층,127.1001848,37.40552771,
1104,천안중앙직업전문학교,충남 천안시 동남구,"(31128) 충청남도 천안시 동남구 문화로 16 (대흥동) 2층일부,3층,4층",127.1500581,36.81057428,
1105,성남요리학원,경기 성남시 분당구,"(13627) 경기도 성남시 분당구 구미동 돌마로 86(엘레강스프라자) 501호,504호,505호,506호,509호 일부",127.1112745,37.34947514,
1106,미금행복요양보호사교육원,경기 성남시 분당구,(463808) 경기도 성남시 분당구 구미동 25-2 엘레강스프라자 501호,127.1115454,37.34951094,
1107,부천중부요양보호사교육원,경기 부천시 원미구,"(14578) 경기도 부천시 원미구 부천로 81(심곡동, 보림빌딩) 4층",126.7840244,37.49173498,
1108,(주) 올윈에듀,서울 금천구,(08511) 서울특별시 금천구 디지털로9길 47 1403호,126.8858113,37.47951804,
1109,우리컴퓨터아카데미학원,인천 부평구,"(21389) 인천광역시 부평구 경원대로 1369 (부평동 태광빌딩) 5층, 6층",126.7209749,37.49140314,
1110,부천산업설비용접기술학원,경기 부천시,"(14710) 경기도 부천시 경인로 257 (심곡본동 선일빌딩) 4,5,8층",126.7842754,37.48320304,
1111,연세간호학원,경기 용인시 처인구,(449924) 경기도 용인시 처인구 백옥대로 1097 로데오빌딩6층,127.2087418,37.23355515,
1112,안산 그린컴퓨터아카데미,경기 안산시 단원구,(15361) 경기도 안산시 단원구 중앙대로 921 (고잔동 동서코아) 3층 안산 그린컴퓨터아카데미,126.8392118,37.31733533,
1113,경기배관용접연습장학원,경기 안산시 단원구,"(15361) 경기도 안산시 단원구 고잔2길 65 (고잔동 경신씨티프라자) 503-2,504,505호",126.8383766,37.31750537,
1114,행복나눔요양보호사교육원,경기 수원시 장안구,(16313) 경기도 수원시 장안구 장안로 76 (정자동 일봉빌딩) 501호,127.0031188,37.29103953,
1115,대한실버요양보호사교육원,경기 수원시 장안구,(16298) 경기도 수원시 장안구 경수대로 996-1 (송죽동) 3층,127.0027805,37.30581633,
1116,연담원요양보호사교육원,경기 수원시 영통구,(16692) 경기도 수원시 영통구 영통로 100 (망포동 세호프라자) 605호,127.0589142,37.23809982,
1117,인천IT직업능력개발학원,강원 원주시,(26484) 강원특별자치도 원주시 남원로 528-13 501호,,,
1118,엘에스엠트론(주),경기 안양시 동안구,(14119) 경기도 안양시 동안구 엘에스로 127 (호계동 LS타워) 11층 LS엠트론,126.947179,37.37234338,
1119,(주)에이셰프직업전문학교,인천 남동구,"(21653) 인천광역시 남동구 논고개로123번길 17 (논현동) 5층 일부, 10층 일부",126.722994,37.40170452,
1120,(주)이랜드이츠,서울 금천구,(08502) 서울특별시 금천구 가산디지털1로 186 (가산동 제이플라츠) 213호,126.8814548,37.48190128,
1121,진영요양보호사교육원,경남 김해시,(50868) 경상남도 김해시 진영로 258 (진영읍) 2층,128.7409744,35.3020897,
1122,(주)영신특수강,충남 천안시 동남구,(330881) 충청남도 천안시 동남구 수신면 발산4길 72 (주)영신특수강,127.3024414,36.72039415,
1123,한국표준협회부산지역본부,부산 동구,(48733) 부산광역시 동구 중앙대로 216 (초량동) 교원부산빌딩 11층,129.0409303,35.11616678,
1124,(주)한국능률협회컨설팅,서울 마포구,"(04167) 서울특별시 마포구 큰우물로 76 (도화동 고려빌딩) 3층 일부(3강의실, 5강의실, 9강의실)",126.9458886,37.54070358,
1125,메리츠화재해상보험(주),서울 강남구,(135934) 서울특별시 강남구 강남대로 382 ,,,
1126,한국방송공사,경기 수원시 팔달구,(442829) 경기도 수원시 팔달구 인계로 123 ,,,
1127,엘에스일렉트릭(주),경기 안양시 동안구,(14119) 경기도 안양시 동안구 엘에스로 127 (호계동 LS타워) 엘에스일렉트릭(주),126.947179,37.37234338,
1128,벤다선광공업(주)항동지점,인천 중구,(22342) 인천광역시 중구 서해대로 163 (항동7가),126.6200964,37.44354694,
1129,한국생산성본부,서울 종로구,(03170) 서울특별시 종로구 새문안로5가길 32 (적선동 한국생산성본부) 한국생산성본부,126.9732232,37.57495101,
1130,(주)한진,서울 중구,(04532) 서울특별시 중구 남대문로 63 (소공동 한진빌딩) 한진빌딩 신관21층,126.9812187,37.56297869,
1131,인천바리스타제과제빵평생교육원,인천 미추홀구,(22136) 인천광역시 미추홀구 미추홀대로733번길 7 2층,,,
1132,(주)레비레스코,서울 구로구,"(08389) 서울특별시 구로구 디지털로26길 5 1204 (구로동, 에이스하이엔드타워1차)",126.893451,37.48154359,
1133,수원탑수원역점간호학원,경기 수원시 팔달구,"(442081) 경기도 수원시 팔달구 덕영대로 899 4층, 407호,408,409호",127.0002777,37.26807232,
1134,윤성신요리전문학원,전북 군산시,(573868) 전라북도 군산시 대학로 244 세븐편의점 2층,126.6985735,35.97108079,
1135,한국스마트정보교육원,전북 전주시 덕진구,(54888) 전라북도 전주시 덕진구 기린대로 499 (덕진동1가) 3층 (덕진광장 맞은편),127.123423,35.84338562,
1136,벌교상무학원,전남 보성군,(546906) 전라남도 보성군 조정래길 208 벌교상무학원,127.3389547,34.85739751,
1137,웨스트민스터애견미용학원,대구 중구,(41906) 대구광역시 중구 태평로 298 (동인동3가) 3층,,,
1138,인성회계캐드직업전문학원,경북 경주시,(38146) 경상북도 경주시 화랑로 135 (성동동 경주지업사) 3층 .,129.2156727,35.84475127,
1139,권미란패션학원,경북 경주시,"(38156) 경상북도 경주시 금성로 277 (성건동) 2, 3층",129.2068057,35.84225623,
1140,대안요양보호사교육원,경북 영천시,(38894) 경상북도 영천시 시장로 120 (완산동) 5층,128.943691,35.9634303,
1141,해드림실버요양원,대전 동구,(34695) 대전광역시 동구 동구청로 95 예시티빌딩 8층,127.4566802,36.30624873,
1142,사당실버요양보호사교육원,서울 동작구,(156819) 서울 동작구 사당3동 219-7 장원빌딩 2층,126.9691089,37.48593224,
1143,한국건설직업전문학원,경기 안양시 만안구,"(14089) 경기도 안양시 만안구 수리산로 29 (안양동) 2층일부, 4층일부, 5층일부(안양동)",,,
1144,(주)에어코리아,인천 중구,(400715) 인천광역시 중구 운서동 인천국제공항여객터미널 B109,126.4408556,37.47939264,
1145,(주)디자인교육개발원,경기 하남시,(12902) 경기도 하남시 미사강변한강로 135 (망월동 미사강변 스카이폴리스) 다동 351호,127.1914461,37.57692147,
1146,이음컴퓨터디자인학원,대구 중구,(700411) 대구광역시 중구 동성로5길 31 4층 이음컴퓨터디자인학원,128.5962273,35.8677932,
1147,동국대학교 부설 미래융합교육원,서울 중구,(04620) 서울특별시 중구 필동로1길 30 (필동3가 동국대학교) 미래융합교육원 행정팀,126.998502,37.5592325,
1148,한수테크니칼서비스(주),경기 성남시 분당구,(463760) 경기도 성남시 분당구 야탑동 분당테크노파크 A ~E C 동 802호,127.1551084,37.40455974,
1149,앰코테크놀로지코리아,광주 북구,(500733) 광주광역시 북구 대촌동 앰코테크놀로지코리아(주) 957번지,126.8548007,35.2319552,
1150,아이엠아이크리티컬엔지니어링코리아,경기 파주시,"(413902) 경기도 파주시 문산읍 당동2로 14 IMI CCI, 씨씨아이(주)",126.7833197,37.86991318,
1151,삼성화재서비스손해사정주식회사,서울 양천구,(07995) 서울특별시 양천구 목동동로 233-3 (목동 삼성화재서비스빌딩) 17층,126.8714588,37.52784117,
1152,케이씨아이엠(주),서울 강남구,(06246) 서울특별시 강남구 역삼로19길 3 KCIM,,,
1153,세종요양보호사학원,대전 중구,(301845) 대전광역시 중구 동서대로 1220 2층,127.3955181,36.32552492,
1154,해운대음식나라조리학원,부산 해운대구,(48094) 부산광역시 해운대구 해운대로 604 (우동 명성빌딩) 2층 일부,,,
1155,(주)중앙아카데미-해운대장산간호학원,부산 해운대구,(612842) 부산광역시 해운대구 해운대로 802 A동308호,129.1766312,35.16911085,
1156,새롬요양보호사교육원,울산 동구,(44048) 울산광역시 동구 방어진순환도로 733 (전하동 삼전 아이필하모니) 상가 2층,129.4297636,35.50690922,
1157,KNT직업전문학교,부산 연제구,(611840) 부산광역시 연제구 연수로 86 근로자종합복지관 7층,129.0803362,35.17530689,
1158,미래간호학원,대구 북구,(41443) 대구광역시 북구 칠곡중앙대로 457 (관음동) 5층,128.5486187,35.93654098,
1159,사회복지법인 SOS프란치스카의집,대구 동구,(701860) 대구광역시 동구 방촌로1길 17 ,,,
1160,해피간호전문학원,광주 광산구,(62328) 광주광역시 광산구 하남대로 150 (월곡동) 4층 일부,,,
1161,미래직업능력개발학원,전남 목포시,(58663) 전라남도 목포시 백년대로 383 (옥암동 킴스아카데미) 하당 블랙야크 4층,126.4282096,34.80799175,
1162,(유)송운산업,전남 영암군,(58462) 전라남도 영암군 삼호읍 대불로 93 ,,,
1163,(사단법인)광양만권에이치알디센터,전남 광양시,(57764) 전라남도 광양시 대학로 85 (광양읍 광양보건대학) 봉사관 1층,127.5679875,34.95430274,
1164,뉴포스아이티학원,전남 광양시,(57777) 전라남도 광양시 중마로 334-1 (중동) 가야빌딩 3층,127.6973653,34.94991837,
1165,AXA손해보험(주),서울 용산구,(04322) 서울특별시 용산구 한강대로71길 4 11층,126.9724223,37.54019984,
1166,이천간호학원,경기 이천시,"(17365) 경기도 이천시 영창로 181 (창전동) 1,2,3층",,,
1167,라이지움평생교육원,서울 서초구,"(137855) 서울특별시 서초구 서초4동 1308-25 강남O/T 306-311,902,905-907,1109,1112,1117",127.0242785,37.50092768,
1168,edufire(에듀파이어)기술학원,부산 부산진구,(47284) 부산광역시 부산진구 부전로 75-5 (부전동) 3층일부(부전동),129.0542606,35.15658396,
1169,씨제이제일제당(주),서울 중구,(04560) 서울특별시 중구 동호로 330 (쌍림동 씨제이제일제당센터) 인사담당,127.0029159,37.56352127,
1170,씨제이제일제당(주) 필동 인재원,서울 중구,"(04626) 서울특별시 중구 필동로 26 (필동2가 CJ인재원) 101-1번지, 101-5번지, 101-10번지, 102번지",126.9956952,37.55903415,
1171,디엔엠항공,경남 사천시,(664942) 경상남도 사천시 공단2로 233 ,,,
1172,(주)메디잡 리더스 간호학원,서울 강동구,"(05248) 서울특별시 강동구 천호대로 995 302호,502호(천호동)",127.1231238,37.53943079,
1173,메인컴퓨터회계세무학원,전남 여수시,(59662) 전라남도 여수시 안산동 소호로 659(부영맨션) 상가동 4층 406호~407호,127.6552398,34.76065315,
1174,휴앤아이간호학원(용인수지점),경기 용인시 수지구,(16841) 경기도 용인시 수지구 풍덕천로 108 (풍덕천동) 준오빌딩2층 일부,127.0942442,37.32200847,
1175,조일고등학교,대구 동구,(41132) 대구광역시 동구 신평로 136 (신평동) 조일로봇고등학교,128.6845214,35.87896188,
1176,사단법인 한누리 부설 능력 개발센터,전북 군산시,(573041) 전라북도 군산시 중정1길 3 ,,,
1177,HD현대삼호,전남 영암군,(526701) 전라남도 영암군 대불로 93- ,,,
1178,(주)동서기공,경기 시흥시,(429450) 경기 시흥시 정왕동 1292-5,,,
1179,희성촉매주식회사(주),경기 시흥시,(429450) 경기 시흥시 정왕동 시화공단 1다 507호 1251-6번지,126.7115049,37.34121901,
1180,에이치디씨리조트 주식회사 ,강원 원주시,(220821) 강원 원주시 지정면 월송3리 1016번지 ,,,
1181,(주)케이조선,경남 창원시 진해구    ,(645350) 경상남도 창원시 진해구 명제로 60 ,,,
1182,퍼스텍(주),경남 창원시,(641050) 경상남도 창원시 내동 456-8번지,128.6664847,35.21499055,
1183,한국우편사업진흥원,서울 영등포구,(07245) 서울특별시 영등포구 영중로 83 ,,,
1184,안진회계법인,서울 영등포구,(150945) 서울특별시 영등포구 국제금융로 10 서울국제금융센터 One IFC 빌딩 9층 안진회계법인,126.9252552,37.5248975,
1185,(주)삼천리,서울 영등포구,(07328) 서울특별시 영등포구 국제금융로6길 42 삼천리빌딩,126.9253159,37.52087011,
1186,광양평생교육개발원,전남 광양시,(57782) 전라남도 광양시 중마용소1길 24 (중동) 1층,127.6863968,34.94339166,
1187,청주음식나라조리학원,충북 청주시 흥덕구,(28598) 충청북도 청주시 흥덕구 가로수로 1314 (복대동) 3층 청주음식나라조리학원,127.439153,36.63237456,
1188,로빈커피교육학원,충북 청주시 서원구,(28643) 충청북도 청주시 서원구 1순환로 676 (사창동) 3층,127.4603675,36.6331871,
1189,디랜드목공기술학원,충북 청주시 흥덕구,(361825) 충청북도 청주시 흥덕구 가로수로 1130 1.2층,127.4224042,36.6261539,
1190,이젠아카데미컴퓨터학원,인천 남동구,(21558) 인천광역시 남동구 인주대로 593 (구월동) 12층,126.7028324,37.45029113,
1191,(주) 디와이에스엠,경기 오산시,(18104) 경기도 오산시 가장로 518 ,,,
1192,청플라워디자인학원,대전 서구,(35229) 대전광역시 서구 둔산북로 22 (둔산동 둔산라이프종합상가) 302호.,127.3773526,36.35543879,
1193,백제요양보호사교육원,광주 북구,(500170) 광주 북구 운암동 북문대로 117 로데오빌딩 5층 백제요양보호사교육원,126.8744919,35.17957372,
1194,한국카케어전문학원,경기 화성시,"(18286) 경기도 화성시 야목동길 11 (매송면) 1층일부, 2층",126.8805976,37.26501778,
1195,광주중앙컴퓨터학원,광주 북구,(61129) 광주광역시 북구 서하로 383 (문흥동) (4층) 광주중앙컴퓨터학원,126.9222963,35.18534751,
1196,한국수공예문화협회,서울 서초구,"(06739) 서울특별시 서초구 남부순환로 2640-11 (양재동 단성빌딩) 601호,602호일부",127.0395828,37.48462493,
1197,해비치호텔앤드리조트 주식회사,제주 서귀포시,(699947) 제주특별자치도 서귀포시 남원읍 원님로399번길 319 ,,,
1198,목송산업개발(주),광주 서구,(61900) 광주광역시 서구 무진대로 567 (덕흥동) 목송산업개발(주),126.8423799,35.16318502,
1199,한국잡지교육원,서울 영등포구,(07333) 서울특별시 영등포구 여의대방로67길 11 한국잡지회관 7층,126.9304527,37.51970209,
1200,한국경영기술지도사회평생교육원,서울 서초구,"(06802) 서울특별시 서초구 청계산로 203 5층 503호, 509호, 510호(신원동)",127.0562791,37.44735328,
1201,중앙능력개발원,대전 서구,(35235) 대전광역시 서구 둔산서로 17 (둔산동) 양호빌딩 6층,127.3824425,36.34824047,
1202,명도복지관,전남 목포시,(530807) 전라남도 목포시 산정로199번길 25 ,,,
1203,서울과학기술대학교 산학협력단,서울 노원구,"(01811) 서울특별시 노원구 공릉로 232(공릉동, 서울과학기술대학교) 테크노큐브 203호",,,
1204,내일직업전문학교,부산 사하구,(49427) 부산광역시 사하구 하신중앙로 323 전원빌딩 7~8층 일부,,,
1205,씨티우먼뷰티아카데미학원,경남 진주시,"(52758) 경상남도 진주시 진주대로 1040 (동성동) 3, 4층",128.0849034,35.19253755,
1206,(주)케이지에프앤비,서울 중구,(04517) 서울특별시 중구 통일로 92 (순화동 케이지타워) 9층,126.9691984,37.56353448,
1207,(주)플래티어,서울 송파구,(05836) 서울특별시 송파구 법원로9길 26 (문정동 에이치비지니스파크) D동 6층,127.1170765,37.48404387,
1208,수원캐드디자인학원,경기 수원시 팔달구,(16455) 경기도 수원시 팔달구 매산로 15 (매산로1가) 3층(매산로1가 47-4),,,
1209,성균관대학교산학협력단,경기 수원시 장안구,(440746) 경기도 수원시 장안구 서부로 2066 성균관대학교,126.974935,37.29506381,
1210,(주)유한화학,경기 안산시 단원구,(425836) 경기도 안산시 단원구 지원로 45 시화공단 5바 402호,126.7477245,37.30933456,
1211,(주)휴니드테크놀러지스,인천 연수구,(22013) 인천광역시 연수구 벤처로 87 ,,,
1212,한국농어촌공사인재개발원,경기 안산시 상록구,(15634) 경기도 안산시 상록구 해안로 870 (사동 농업기반공사농어촌연구원) 한국농어촌공사 인재개발원,126.8409417,37.27870184,
1213,욱성화학(주),부산 금정구,(609845) 부산광역시 금정구 개좌로 174 욱성화학(주),129.1201719,35.22716203,
1214,(재단법인)서울호서직업전문학교,서울 강서구,(07583) 서울특별시 강서구 강서로 420 서울호서직업전문학교,126.8401477,37.56277842,
1215,엘지이노텍(주),서울 중구,(04637) 서울특별시 중구 후암로 98 (남대문로5가 LG서울역빌딩) 17층 LG이노텍,,,
1216,운정간호학원,경기 파주시,"(10905) 경기도 파주시 미래로 375 (동패동 삼성메디컬프라자) 203호, 903호",126.7456836,37.71123441,
1217,삼성디스플레이(주),경기 용인시 기흥구,(17113) 경기도 용인시 기흥구 삼성로 1 (농서동 삼성전자(주)기흥캠퍼스) 삼성디스플레이(주),,,
1218,용인경희간호학원,경기 용인시 기흥구,(17064) 경기도 용인시 기흥구 신구로12번길 32 (신갈동) CK 빌딩 4층 일부,127.1126328,37.27457197,
1219,용인직업전문교육원,경기 용인시 수지구,(16837) 경기도 용인시 수지구 풍덕천로129번길 15 (풍덕천동) 한샘빌딩 4층,127.0948,37.32442277,
1220,챔프스터디 원격평생교육원,서울 서초구,(137856) 서울특별시 서초구 강남대로61길 23 현대성우빌딩 203호,127.0241873,37.49840492,
1221,엠비씨아카데미뷰티미용학원,경기 수원시 팔달구,"(16460) 경기도 수원시 팔달구 갓매산로 38(매산로2가, 다성빌딩) 2층 일부",127.0056478,37.26788648,
1222,더 글로벌요리학원,부산 수영구,(48243) 부산광역시 수영구 광안동 수영로 681 센텀빌딩3층,129.1146467,35.1665989,
1223,제일전기교육원,광주 북구,"(61250) 광주광역시 북구 무등로 188 (신안동) 지하(101실습실), 2층(206강의실, 207강의실, 208강의실), 4층(406강의실, 401실습실, 402실습실, 컴퓨터실, 공구실)",126.9039637,35.16529701,
1224,부모사랑요양보호사교육원,광주 서구,(62047) 광주광역시 서구 군분로147번길 15-11 (화정동) 2층,126.8865412,35.1444063,
1225,영통더웰간호학원,경기 수원시 영통구,"(16689) 경기도 수원시 영통구 망포동 영통로 157(스타프라움) A동 401,402호",127.0549405,37.24196622,
1226,민광숙요리학원,인천 부평구,(21438) 인천광역시 부평구 동암남로 23 (십정동 태성빌딩) 인천부평구동암남로23태성빌딩3층,126.7063342,37.47073456,
1227,(주)엘앤에프,대구 달서구,(42620) 대구광역시 달서구 이곡동로 11 (이곡동) 엘앤에프 본사,,,
1228,(사)전국직업전문학교총연합회,대전 동구,(34626) 대전광역시 동구 대전로 814 (정동) 5층,127.4323833,36.33213886,
1229,원주간호학원,강원 원주시,(26436) 강원도 원주시 장미공원길 71-12 (단계동) 601.602강의실,127.9300829,37.34541387,
1230,울산미용직업전문학교,울산 중구,(44532) 울산광역시 중구 젊음의2거리 29 4층,,,
1231,경기미용직업전문학교,경기 수원시 팔달구,"(16460) 경기도 수원시 팔달구 매산로 46 (매산로2가) 2,3층",127.0063431,37.26823449,
1232,천안여성인력개발센터,충남 천안시 동남구,(330110) 충청남도 천안시 동남구 다가말2길 39 천안YWCA여성인력개발센터,127.1361964,36.79812843,
1233,춘경요리커피직업전문학교,부산 사하구,(604829) 부산광역시 사하구 낙동대로 440 향원빌딩 7층,128.9704108,35.10480597,
1234,진명자동차정비중장비학원,전남 순천시,(540853) 전라남도 순천시 해룡면 복성리 278,127.5462689,34.9579442,
1235,나래자동차정비학원,서울 성동구,(133850) 서울특별시 성동구 용답동 234 D동 3층 나열 303,,,
1236,칠금평생교육원,대구 수성구,(42209) 대구광역시 수성구 지범로 196 범물동 3층,128.6402216,35.82033385,
1237,원탑에이치알디,서울 금천구,(08502) 서울특별시 금천구 가산디지털1로 196 (가산동 에이스테크노타워10차) 1308호,126.8812496,37.48289216,
1238,남부요리학원,대구 중구,(41951) 대구광역시 중구 달구벌대로 2202 (대봉동 대봉빌딩) 5층,128.6039705,35.86251775,
1239,화정간호학원,경기 고양시 덕양구,"(10500) 경기도 고양시 덕양구 화신로260번길 58(화정동, 비전프라자) 601호 602호",126.8333194,37.63330124,
1240,남원주요리학원,강원 원주시,"(26446) 강원도 원주시 남원로 604 3층(명륜동, 성실빌딩)",127.9508325,37.33702343,
1241,새길동산(본관),경남 함안군,(52013) 경상남도 함안군 옥렬로 147 (대산면) 새길동산(4층건물),128.4054287,35.31955124,
1242,한국폴리텍대학 바이오캠퍼스,충남 논산시,(320905) 충남 논산시 강경읍(강경읍) 채운리 315-1번지,127.0224267,36.145264,
1243,음식나라조리학원,대구 달서구,(42788) 대구광역시 달서구 월배로 164 (상인동) 스카이M타워 2층,128.5318712,35.81647142,
1244,현대직업전문학교,광주 서구,"(61927) 광주광역시 서구 농성동 경열로 20 2,3,4층",126.8886959,35.15205813,
1245,신성대학교 산학협력단,충남 당진시,(31801) 충청남도 당진시 정미면 대학로 1(신성대학교) 본관3층 산학협력단,,,
1246,조해성요리학원,충북 청주시 흥덕구,"(361810) 충청북도 청주시 흥덕구 복대로 185 인승빌딩 9층, 조해성요리학원",127.4404758,36.63299148,
1247,수원뷰티실용전문학교,경기 수원시 영통구,"(16704) 경기도 수원시 영통구 영통동 반달로7번길 16(e-폴리스) 3층(301호 제외),202호, 413호",127.0743517,37.25262544,
1248,이젠아카데미컴퓨터학원,경기 안양시 만안구,"(13991) 경기도 안양시 만안구 안양로 336 (안양동 금강빌딩) 501호,502호,801호,802호일부(안양로689-174)",126.9194302,37.40197029,
1249,이천요양보호사교육원,경기 이천시,(17365) 경기도 이천시 영창로 181 (창전동) 2층,,,
1250,케이에프컴퓨터학원,경기 하남시,(465736) 경기도 하남시 조정대로 150 아이테코 RB 105호,127.194658,37.55360789,
1251,베이커탑제과커피직업전문학교,경기 의정부시,(11670) 경기도 의정부시 시민로 81 서부타워 1001~3호,127.0439849,37.73870771,
1252,한국요양보호사교육원,경기 고양시 일산서구,"(10387) 경기도 고양시 일산서구 주엽동 주화로 70(일산우신프라자빌) 우신프라자 705,706호",126.7600964,37.66991082,
1253,현대오토에버원격평생교육시설,서울 강남구,(06179) 서울특별시 강남구 테헤란로 510 (대치동 루첸타워) 14층 일부(대치동),127.058436,37.50701628,
1254,뉴서울컴퓨터학원,경기 광명시,"(14250) 경기도 광명시 오리로 857 (철산동, 일청빌딩 5층)",126.8662048,37.47465864,
1255,거제제과제빵기술학원,경남 거제시,(53251) 경상남도 거제시 고현천로 20 (고현동 칠천빌딩) 8층 802호,128.6248057,34.88999202,
1256,전주음식나라조리제과제빵학원,전북 전주시 덕진구,"(561801) 전라북도 전주시 덕진구 기린대로 385 바울빌딩 1,2층",127.1329536,35.83674252,
1257,(주)한길 HRM 평생교육원,경기 수원시 장안구,"(16324) 경기도 수원시 장안구 서부로2168번길 3 4층 (천천동,부민프라자)",126.9733421,37.30184814,
1258,(주)비포스,서울 금천구,(153709) 서울특별시 금천구 디지털로9길 32 갑을그레이트밸리 206호,126.8874847,37.47940256,
1259,(주)앤비젼,서울 금천구,(153768) 서울특별시 금천구 가산동 550-1 IT캐슬 1동 603호,126.88057,37.47671063,
1260,울산중장비직업전문학교,울산 남구,"(44695) 울산광역시 남구 돋질로 174 (달동) 2, 3층(본교, 이론교육장)",129.3245261,35.54090557,
1261,(주)플라이쿱,서울 성동구,"(133822) 서울특별시 성동구 성수일로11길 14 (성수1가2동, 2층)",,,
1262,덴간호조무사학원,서울 광진구,(05020) 서울특별시 광진구 아차산로 201 (화양동 동성빌딩) 2층,127.0658278,37.54170967,
1263,원자력에너지학원,서울 송파구,"(05854) 서울특별시 송파구 법원로 114 엠스테이트빌딩 C동 302,314호",127.1197363,37.48585227,
1264,와이리더스 컴퓨터학원,서울 광진구,(04915) 서울특별시 광진구 능동로 339 (중곡동 희재빌딩) 3층,127.0806242,37.55987373,
1265,청강패션&커피학원,대구 달서구,(42696) 대구광역시 달서구 성서로 374 (이곡동) 4층,128.507705,35.85091192,
1266,효경요양보호사교육원,대구 달서구,(42641) 대구광역시 달서구 달구벌대로 1649 (감삼동) 5층,128.5463719,35.85396287,
1267,삼성국민취업아카데미(주),경기 성남시 수정구,"(13292) 경기도 성남시 수정구 수정로 167 (태평동) 4층 일부, 5층 일부, 6층 일부",,,
1268,동우씨엠(주),대구 수성구,(706818) 대구광역시 수성구 국채보상로 924 동우센터빌딩 3층,128.6316981,35.86668666,
1269,한국도키멕주식회사,서울 영등포구,(150700) 서울특별시 영등포구 문래동3가 803호,,,
1270,한국아즈빌(주),서울 영등포구,(07320) 서울특별시 영등포구 여의대로 14 (여의도동 KT여의도지점) 8층,126.919003,37.52164966,
1271,어르신사랑요양보호사교육원,경기 용인시 기흥구,"(16969) 경기도 용인시 기흥구 신갈로 64 (신갈동 한양빌딩) 2층,3층",,,
1272,창동간호학원,서울 도봉구,"(01405) 서울특별시 도봉구 노해로65길 17-9 803, 804, 805, 901호 창동간호학원",,,
1273,더테이블스튜디오학원,경기 고양시 덕양구,(10524) 경기도 고양시 덕양구 무원로36번길 55 1층,126.8329288,37.61663775,
1274,서울덕성직업학교,서울 구로구,"(08263) 서울특별시 구로구 경인로3길 77 (온수동 세건빌딩) 3,4층 302, 402호",126.8232618,37.49162095,
1275,두원공과대학교산학협력단,경기 안성시,(17520) 경기도 안성시 죽산면 관음당길 51 ,,,
1276,주식회사알파에듀,경남 창원시 의창구    ,(51393) 경상남도 창원시 의창구 창원대로363번길 22-33 (팔용동 대찬 빌딩) 503호 알파에듀,128.6412637,35.23700875,
1277,임뷰티토탈뷰티학원,서울 금천구,(08503) 서울특별시 금천구 가산동 가산디지털1로 165(가산비지니스센터) 202~203호,126.8806777,37.4800174,
1278,인플러스간호학원,경기 성남시 분당구,(13615) 경기도 성남시 분당구 돌마로 43 (금곡동 메디파크빌딩) 802호,127.1067953,37.35050632,
1279,현대간호학원,경기 부천시 소사구,(14676) 경기도 부천시 소사구 괴안동 경인로 520(창성빌딩) 402호,126.8129107,37.48454097,
1280,자미한미용학원,제주 제주시,(63171) 제주특별자치도 제주시 서사로 63 (삼도이동) 2층,126.5202039,33.50659179,
1281,(주)솔데스크,서울 종로구,"(03190) 서울특별시 종로구 종로12길 15 (관철동 종로코아) 5층, 8층, 9층, 10층",126.9861068,37.56916924,
1282,(주)제이앤비컨설팅,서울 영등포구,"(150836) 서울특별시 영등포구 문래동3가 54-66에이스하이테크시티2-1501,1510",,,
1283,포항제철공업고등학교,경북 포항시 남구,"(37666) 경상북도 포항시 남구 지곡로 150 (지곡동 포항제철중학교, 포항제철공업고등학교) 포항제철공업고등학교",,,
1284,경성산업,부산 강서구,(46728) 부산광역시 강서구 낙동남로533번길 14 경성산업,128.8782775,35.11358428,
1285,고려간호조무사학원,서울 마포구,(04058) 서울특별시 마포구 서강로 133 (노고산동) 3층 및 6층 일부,126.9352516,37.55423077,
1286,DBCAS손해사정(주),서울 용산구,(04323) 서울특별시 용산구 후암로 107 (동자동 게이트웨이타워) 24층,126.9735034,37.5533455,
1287,서울영등포요양보호사교육원,서울 영등포구,(07266) 서울특별시 영등포구 당산로 84 (당산동1가 동화빌딩) 4층,126.8959259,37.52200943,
1288,커피엠비에이아카데미학원,서울 마포구,(04003) 서울특별시 마포구 잔다리로 89 (서교동) 성제빌딩 4층 1호,126.9153099,37.55522677,
1289,논산애견미용학원,충남 논산시,(32998) 충청남도 논산시 은진면 대학로 118 3층,127.1108535,36.18048077,
1290,(주)씨에스원 파트너,서울 금천구,(153030) 서울 금천구 시흥동 998번지 LG유플러스 빌딩,126.8974807,37.45402177,
1291,사회복지법인 한국노인복지회(구립영등포노인복지센터),서울 영등포구,(07270) 서울특별시 영등포구 선유서로34길 10 ,,,
1292,대교에듀캠프평생교육원,서울 관악구,(151706) 서울특별시 관악구 보라매로3길 23 대교타워 4층,126.9257878,37.49103858,
1293,이테시스원격평생교육시설,서울 서초구,(06693) 서울특별시 서초구 방배천로2길 15 (방배동) 오륜빌딩 5층,126.9837759,37.47721388,
1294,(주)혜인산업교육원 충남직업전문학교,충남 천안시 서북구,"(331968) 충청남도 천안시 서북구 쌍용대로 194 (성정동,국민은행 5층)",127.1349473,36.81454784,
1295,효사랑가족요양병원,전북 전주시 완산구,(560854) 전북 전주시완산구 효자동1가 292번지,127.1188424,35.80669131,
1296,유엔간호학원,서울 마포구,"(04101) 서울특별시 마포구 백범로 1 (노고산동) 4,5층 유엔간호학원",126.9371187,37.55447509,
1297,거제간호학원,경남 거제시,(656935) 경상남도 거제시 고현로11길 25 해남빌딩 4층 거제간호학원,128.6239122,34.88960739,
1298,한국직업전문학교,서울 구로구,"(08378) 서울특별시 구로구 디지털로34길 27 (구로동 대륭포스트타워3차) 1106, 1107호",126.8977079,37.48543075,
1299,(주)이젠컴퓨터아카데미안산,경기 안산시 상록구,(15494) 경기도 안산시 상록구 광덕1로 375 (이동 강우프라자) 강우빌딩5층,126.8512446,37.30831412,
1300,(주)인텍에프에이,경기 용인시 기흥구,(17084) 경기도 용인시 기흥구 탑실로35번길 63 (공세동) (주)인텍에프에이,127.1128812,37.24380157,
1301,부천대학 산학협력단,경기 부천시,(420010) 경기도 부천시 심곡동 424번지 부천대학,126.7787162,37.48959868,
1302,김정기미용전문학원,제주 제주시,(63081) 제주특별자치도 제주시 도령로 22 (노형동) 3층,126.4818466,33.48696228,
1303,한일컴퓨터학원,서울 광진구,(04936) 서울특별시 광진구 용마산로 93 (중곡동 용현빌딩) 4층,127.0869645,37.56192362,
1304,이화요양보호사교육원,서울 성북구,(02781) 서울특별시 성북구 한천로 598 (석관동 세진빌딩) 5층,127.0612439,37.61250212,
1305,드림간호학원,울산 중구,(44452) 울산광역시 중구 화진길 13-2 (태화동 리버스위트) 상가동202-2호 801호,129.3086906,35.55498661,
1306,한국폴리텍대학 전북캠퍼스,전북 김제시,(54352) 전북 김제시 백학제길 154 ,,,
1307,고리울청소년센터,경기 부천시,(421803) 경기 부천시 고강본동 364-2번지,126.8185995,37.52989685,
1308,동원파츠,경기 시흥시,(15096) 경기도 시흥시 공단1대로80번길 140 동원파츠,126.7034258,37.3353062,
1309,한국환경산업기술원,서울 은평구,(122706) 서울특별시 은평구 진흥로 215 ,,,
1310,메가컴퓨터학원,대구 수성구,(42270) 대구광역시 수성구 달구벌대로647길 20-3 (신매동) 3층,128.7116637,35.84047055,
1311,청시지아카데미학원,서울 강남구,(06035) 서울특별시 강남구 강남대로152길 23 (신사동) 5층 502호,127.0211952,37.51762358,
1312,안양대산전기기술학원,경기 안양시 만안구,"(13992) 경기도 안양시 만안구 장내로 139 (안양동) 4층 전체, 5층 일부",126.922868,37.39782803,
1313,주식회사케이소방학원,서울 영등포구,(150034) 서울특별시 영등포구 영등포로36길 9 송호빌딩 3층,126.9037012,37.51906998,
1314,한국항공직업전문학교,서울 동대문구,"(02582) 서울특별시 동대문구 신설동 왕산로 14(글로리아 타워) 7층(701호, 702호), 지하1층(B01, B02, B03호), 3층(301호,재료공구실,도서실), 4층(401호,403호,휴게실), 6층",127.0252278,37.57596595,
1315,한국간호학원,전남 순천시,(57956) 전라남도 순천시 장천4길 10 (장천동) 2층,127.4912993,34.94913694,
1316,주식회사 케이비손해사정,서울 마포구,(04027) 서울특별시 마포구 양화로 19 (합정동 합정오피스빌딩) KB합정빌딩 20층,126.9112772,37.54907899,
1317,(주)코렌텍,충남 천안시,(330822) 충남 천안시 입장면 기로리 247,127.2388509,36.91006468,
1318,소라컴퓨터학원,대구 달서구,(42620) 대구광역시 달서구 달구벌대로259길 32 5층,128.5099854,35.85443385,
1319,경기스마트고등학교,경기 시흥시,(429856) 경기도 시흥시 정왕천로 404 정왕동1522번지,126.7520001,37.34314087,
1320,(사)장애인정보화협회 대전평생교육원 부속 대전정보직업교육원,대전 중구,(301812) 대전광역시 중구 대흥로 9 대일빌딩 4층.5층,127.4150745,36.32138582,
1321,교남소망의집,서울 강서구,(157913) 서울 강서구 화곡6동 958∼963 960-22,126.8524577,37.54803663,
1322,대덕전자주식회사,경기 안산시 단원구,(15602) 경기도 안산시 단원구 강촌로 230 (목내동) 대덕전자,,,
1323,(주)신영와코루,서울 금천구,(153023) 서울특별시 금천구 가산동 345-54 (주)신영와코루,126.8844498,37.47540814,
1324,현대제철(주),인천 동구,(401040) 인천 동구 송현동 1-1번지,126.6448359,37.48315108,
1325,(주)GS리테일,서울 강남구,(135985) 서울특별시 강남구 논현로 508 ,,,
1326,중소벤처기업진흥공단 중소기업연수원,경기 안산시 단원구,(425781) 경기도 안산시 단원구 연수원로 87 ,,,
1327,신한회계법인,서울 영등포구,(150874) 서울 영등포구 여의도동 17-3 삼환까뮤빌딩8층,126.9168693,37.52778386,
1328,인구보건복지협회,서울 영등포구,(150046) 서울 영등포구 당산동6가 121-146번지,,,
1329,기아 오산교육센터,경기 용인시 처인구,(17118) 경기도 용인시 처인구 처인성로 57 (남사읍) 기아 오산교육센터,127.1381364,37.11015088,
1330,에이치에스지성동조선주식회사,경남 통영시,(53006) 경상남도 통영시 공단로 940 (광도면) 에이치에스지성동조선주식회사,128.424845,34.95600958,
1331,신제주북경중국어학원,제주 제주시,"(63125) 제주특별자치도 제주시 삼무로 27 (연동) 3,4층",126.4894887,33.49015873,
1332,사단법인한국에프피에스비,서울 마포구,"(04158) 서울특별시 마포구 큰우물로 75 (도화동 성지빌딩) 17층 일부(1703호일부(62.961㎡), 1704호일부(73㎡) 제외)",,,
1333,한국항공대학교 산학협력단 (비행교육원),경기 고양시 덕양구,(412791) 경기도 고양시 덕양구 항공대학로 76 ,,,
1334,대한주택관리사협회,서울 금천구,(08513) 서울특별시 금천구 벚꽃로 244 (가산동 벽산디지털밸리5차) 1514호,126.8857593,37.47662579,
1335,코레일관광개발(주),서울 용산구,(140821) 서울 용산구 동자동 43-229번지,126.9693844,37.55265064,
1336,대구대학교 산학협력단,경북 경산시,(38453) 경상북도 경산시 대구대로 201 (진량읍 대구대학교경산캠퍼스) 산학협력단 1108호,128.8428349,35.90252013,
1337,지식파워능력개발원,대구 수성구,(42250) 대구광역시 수성구 알파시티1로31길 22 (대흥동) 2층 지식파워능력개발원,128.681276,35.83427562,
1338,강원고성지역자활센터,강원 고성군,(24730) 강원특별자치도 고성군 간성읍 쇠롱골길 16 강원고성지역자활센터,128.4653523,38.38048798,
1339,대전목조건축학원,대전 서구,(35395) 대전광역시 서구 구봉로 487-15 (정림동) 1층(정림동),127.3696685,36.3038348,
1340,로뎀나무요양원,충북 영동군,(29129) 충청북도 영동군 영동읍 오정1길 12 ,,,
1341,대한중장비운전학원,대전 동구,(34700) 대전광역시 동구 대종로 9-31 (대성동) 대한중장비운전학원(주),127.459241,36.29477613,
1342,그린꽃예술학원,대전 중구,(34920) 대전광역시 중구 대종로 467 (대흥동) 2층,127.4269049,36.32621975,
1343,탑클래스간호학원,전북 전주시 덕진구,(54829) 전라북도 전주시 덕진구 천마산로 19 (송천동2가 김옥천치과의원) 201호 202호 탑클래스간호학원,,,
1344,NCS이러닝센터,서울 양천구,(08023) 서울특별시 양천구 신월로 389 (신정동 남부빌딩) 606호,126.8641262,37.52273318,
1345,드림요양보호사교육원,울산 중구,(44452) 울산광역시 중구 화진길 13-2 (태화동 리버스위트) 상가동103-5호 801호,129.3086906,35.55498661,
1346,클래스101원격평생교육원,서울 강남구,(06134) 서울특별시 강남구 강남대로94길 10 11층,127.0281342,37.49912493,
1347,세방컴퓨터학원,대구 수성구,(42119) 대구광역시 수성구 명덕로 455 (수성동3가 수성3가롯데캐슬아파트) 101동 301호,128.6195456,35.85430711,
1348,영진직업전문학교,대구 동구,"(41166) 대구광역시 동구 화랑로 525 (본관1,3~4층 / 별관1~6층/제1야외실습장)(제2야외실습장:대구 동구 도평로 185(도동)21번지 일부)",128.6818068,35.87551338,
1349,원금속열처리,경북 고령군,(717872) 경상북도 고령군 다산면 다산산단3길 22-5 ,,,
1350,(사단법인)한국철도운전기술협회,서울 마포구,(03928) 서울특별시 마포구 성암로 202 (상암동 차륜전삭고) 서울차량사업소 3층,126.8976685,37.57794415,
1351,안양전기공과학원,경기 군포시,"(15806) 경기도 군포시 산본천로 217 (산본동) 2층, 3층, 4층",,,
1352,오산대학교,경기 오산시,(447749) 경기도 오산시 청학로 45 ,,,
1353,한국지능형교통체계협회,경기 안양시 동안구,(14057) 경기도 안양시 동안구 시민대로 401 (관양동 대륭테크노타운15차) 604호,,,
1354,발레오전장시스템스코리아,경북 경주시,(38071) 경상북도 경주시 공단로69번길 52 ,,,
1355,한국철도공사 인재개발원,경기 의왕시,"(16106) 경기도 의왕시 철도박물관로 157 (월암동 한국교통대학교, 한국철도공사 인재개발원) 한국철도공사 인재개발원",126.9530088,37.31467187,
1356,노원-한국아파트경리전문학원,서울 노원구,(139821) 서울특별시 노원구 상계로3길 9 성광빌딩 401호,127.062049,37.65663134,
1357,한국환경공단,서울 영등포구,(07236) 서울특별시 영등포구 국회대로62길 9 (여의도동) 산림비전센터 11층 한국환경공단 여의도교육장,126.916372,37.52736904,
1358,(주)와이지-원,인천 연수구,"(21984) 인천광역시 연수구 송도과학로16번길 13-40(송도동, YG-1 송도사옥 및 연구소) 본사",,,
1359,(주)유한양행,서울 동작구,(06927) 서울특별시 동작구 노량진로 74 ,,,
1360,올티칭,서울 금천구,"(08511) 서울특별시 금천구 벚꽃로 286 (가산동 삼성리더스타워) 807호 일부, 809호 일부",126.8841708,37.48026423,
1361,한국소프트웨어인재개발원,서울 금천구,"(08505) 서울특별시 금천구 가산디지털2로 101 한라원앤원타워 B동 306호, 307호, 308호",126.8795994,37.47701934,
1362,전주이패스(E-PASS)전기기술학원,전북 전주시 덕진구,(54898) 전라북도 전주시 덕진구 백제대로 563-2 (금암동 코앞) 301호,,,
1363,마산정우컴퓨터전산회계학원,경남 창원시 마산회원구,"(51302) 경상남도 창원시 마산회원구 3·15대로 701 (석전동 동진빌딩) 5층 일부, 6층 일부",128.5796287,35.23525901,
1364,서인천간호학원,인천 서구,(22636) 인천광역시 서구 완정로 159 (왕길동 장수프라자) 802호,126.6582774,37.60149906,
1365,더조은컴퓨터아카데미 종로,서울 종로구,(03189) 서울특별시 종로구 우정국로2길 21 (관철동 대왕빌딩) 9층,126.9842164,37.56961945,
1366,송내간호학원,경기 부천시,(14599) 경기도 부천시 부일로 204 (상동 루치올라빌딩) 3층 302호,126.7524089,37.48823039,
1367,부천중동간호학원,경기 부천시,"(14548) 경기도 부천시 길주로 276 (중동 무광오피스빌딩) 502호, 703호, 704호",126.7727959,37.50281386,
1368,연세간호조무사학원,인천 남동구,(21550) 인천광역시 남동구 남동대로 893 (간석동 루카이스타워) 601호,126.7080863,37.46212543,
1369,남동간호학원,인천 남동구,"(21534) 인천광역시 남동구 호구포로 818 (구월동 퍼스트하임프라자) 511,512,513,514",126.7196066,37.4554592,
1370,(주)한국문화예술실용전문학교,경기 안산시 단원구,"(15361) 경기도 안산시 단원구 고잔동 중앙대로 935(오성빌딩) 3층 일부(303호~312호, 휴게공간, 남/여화장실, 기타공용면적), 6층 일부(603호, 624~628호)/경기도 안산시 단원구 중앙대로 937 3층 일부(301호, 306호)",,,
1371,자은간호학원,충남 천안시 서북구,"(31180) 충청남도 천안시 서북구 충무로 215 (쌍용동 진솔빌딩) 4층 401호, 403호, 407호",,,
1372,부경간호학원,부산 수영구,"(613830) 부산 수영구 수영동 연수로 407 , 3층,4층 부경간호학원",129.1138642,35.16847312,
1373,인하직업전문학교,인천 미추홀구,"(22102) 인천광역시 미추홀구 석정로 228 (도화동) (B1층일부,2층,3층,4층일부) / (별관) 인천시 미추홀구 주안로 84 (2층,3층)",126.6608132,37.46789956,
1374,순천효사랑요양병원,전남 순천시,(540851) 전라남도 순천시 여순로 1600 ,,,
1375,늘푸른한가족요양보호사교육원,서울 양천구,(158858) 서울특별시 양천구 오목로 181 5층,126.8574243,37.52531096,
1376,서울대학교,서울 관악구,(08826) 서울특별시 관악구 신림동 관악로 1(서울대학교) 942동 4층 409호,126.9587815,37.45618325,
1377,(주)엔젤21세기부설엔젤요양보호사교육원,서울 관악구,(08777) 서울특별시 관악구 남부순환로 1620 (신림동) 한수빌딩 5층,126.9307019,37.48404095,
1378,케이지에듀원아이티뱅크노량진학원,서울 동작구,"(06928) 서울특별시 동작구 장승배기로 171 (노량진동 노량진아이비빌딩) 2층일부, 3층",126.9398922,37.51309423,
1379,(주)데이타솔루션,서울 강남구,(06101) 서울특별시 강남구 언주로 620 (논현동 현대인텔렉스) 10층,127.0362142,37.51184494,
1380,시앤피컨설팅주식회사,서울 금천구,"(08506) 서울특별시 금천구 가산디지털1로 131 (가산동 BYC HIGHCITY) 비1202호, 비1203호, 비1204호",126.8822881,37.47692864,
1381,구디아카데미,서울 금천구,"(08505) 서울특별시 금천구 가산디지털2로 95(가산동, KM TOWER) 3층 일부(301~306호, 308~311호)",,,
1382,김제성모간호학원,전북 김제시,(576805) 전라북도 김제시 동서로 222 3,126.8921396,35.80188353,
1383,(주)아이지엠세계경영연구원,서울 중구,(04614) 서울특별시 중구 장충동1가 장충단로8길 11-16(IGM 빌딩) IGM세계경영연구원,127.0074432,37.56253911,
1384,대성도배타일목공건축학원,충남 천안시 서북구,"(31137) 충청남도 천안시 서북구 봉정로 215 (성정동) 1층.2층.3층,4층",127.1432304,36.82124251,
1385,오원영요리학원,충남 보령시,(33454) 충청남도 보령시 보령북로 101 (대천동) 4층,126.5949004,36.35317525,
1386,제일전기직업전문학교,경기 수원시 팔달구,"(16456) 경기도 수원시 팔달구 매산로 45 (매산로2가 삼호골든프라자) 3층(301,306,308,313,314,315,326",127.0061402,37.2685949,
1387,비트컴퓨터비트교육센터평생교육원,서울 서초구,"(06621) 서울특별시 서초구 서초대로74길 33(서초동, 비트빌) 3층 일부, 4층(서초동)",,,
1388,동국제약주식회사,서울 강남구,(06072) 서울특별시 강남구 청담동 영동대로 715 동국제약,127.0555169,37.5214605,
1389,(주)국순당,강원 횡성군,(225831) 강원 횡성군 둔내면 현천리 81-3번지,128.1949925,37.48748201,
1390,국제컴퓨터학원,서울 서초구,"(06611) 서울특별시 서초구 서초대로73길 54 (서초동 서초동 오피스텔) 디오빌209호,215",127.0238038,37.50199094,
1391,커피인바리스타학원,인천 미추홀구,(22136) 인천광역시 미추홀구 주안로 60-2 (주안동) 1층 및 2층 전부,,,
1392,주식회사 한국직업능력교육원 인천,인천 미추홀구,(22135) 인천광역시 미추홀구 미추홀대로 730 (주안동 고려웨딩홀) 3층 전체,126.6804482,37.46262088,
1393,인천일신요양보호사교육원,인천 부평구,(21404) 인천광역시 부평구 경원대로 1422 (부평동 대덕아크로존) 2층,126.7272182,37.49095837,
1394,계양간호학원,인천 계양구,(21120) 인천광역시 계양구 계양대로 38 (작전동) 후현빌딩 4층 일부,126.7226394,37.52708626,
1395,상아컴퓨터회계학원,인천 계양구,"(407800) 인천광역시 계양구 경명대로 1124 계산동, 명인프라자1  501호",126.7312703,37.54289169,
1396,(주)코아전기,경기 군포시,"(15880) 경기도 군포시 부곡동 군포첨단산업2로 53 (부곡동, 코아빌딩)",126.9452612,37.32625548,
1397,세종공업(주),울산 북구,(683360) 울산광역시 북구 효문동 800-1번지,129.3685799,35.56907147,
1398,대동하이렉스(주),인천 남동구,(21692) 인천광역시 남동구 남동동로78번길 43 고잔동 722-5번지 151B-5L,126.6975335,37.39152322,
1399,(주)유유제약,서울 중구,(04598) 서울특별시 중구 동호로 197 유유빌딩,127.0095817,37.55551133,
1400,금용기계(주),대구 북구,(702814) 대구 북구 노원동3가 666-1번지,128.5600069,35.89231949,
1401,경주요양보호사교육원,경북 경주시,(38154) 경상북도 경주시 동성로 111 (노동동) -1 (3층),,,
1402,일등요양보호사교육원,경기 구리시,(11921) 경기도 구리시 건원대로34번길 9 (인창동 세신리빙프라자) 806호,127.1409852,37.60441706,
1403,포항직업전문학교,경북 포항시 남구,(790833) 경상북도 포항시 남구 냉천로 58 포항직업전문학교,129.3998088,35.98762835,
1404,김천요양보호사교육원,경북 김천시,(740100) 경상북도 김천시 성내동 75-9 평화빌딩4층,128.1192879,36.12142675,
1405,김천동성직업전문학원,경북 김천시,(740871) 경상북도 김천시 남면 초곡리 757-1,128.1819282,36.13601086,
1406,그린요리학원,경북 문경시,(36968) 경상북도 문경시 신흥로 185 (점촌동) 1층,128.203382,36.59739886,
1407,세종컴퓨터전산학원,광주 남구,(61685) 광주광역시 남구 봉선2로 68 155-6 (5층 세종컴퓨터전산학원),126.9137102,35.12551897,
1408,(주)농협정보시스템,서울 서초구,"(06771) 서울특별시 서초구 매헌로 24 2층(양재동, 양재전산센터)",127.0353338,37.463687,
1409,굿윌치과병원,부산 북구,(616817) 부산광역시 북구 금곡대로 28 부산시 북구 덕천2동 325-5번지 굿윌치과병원,129.004868,35.21235408,
1410,럭키도배기술학원,부산 부산진구,"(47253) 부산광역시 부산진구 새싹로 16-1 (부전동) 2층, 3층",129.0579754,35.15944072,
1411,(재)건설기술호남교육원 전주분원,전북 전주시 덕진구,(561370) 전라북도 전주시 덕진구 삼례로 119 ,,,
1412,서울IT아카데미 홍대,서울 마포구,"(04043) 서울특별시 마포구 양화로12길 23 2층,3층,4층(401호,402호)",126.9183921,37.55210907,
1413,한국항만연수원 부산연수원,부산 남구,(608829) 부산광역시 남구 신선로356번길 251 한국항만연수원 부산연수원,129.1028653,35.1098646,
1414,(주)세화오토모티브,인천 남동구,(21628) 인천광역시 남동구 승기천로 388 (남촌동) 남촌동618-6,126.7026087,37.42143154,
1415,(주)창신INC,부산 사하구,(604030) 부산 사하구 신평동 부산시 사하구 신평동 558번지,128.9740761,35.08806565,
1416,(주)디프로매트,부산 강서구,(618270) 부산 강서구 송정동 1583-4번지,128.8483377,35.09466816,
1417,(사)제철복지회,경북 포항시 남구,(790826) 경상북도 포항시 남구 행복길 21 ,,,
1418,(주)포스코 미래창조아카데미,경북 포항시 남구,(790834) 경상북도 포항시 남구 지곡로 120 ,,,
1419,주식회사 링인터랙티브,서울 서초구,(06730) 서울특별시 서초구 서초동 남부순환로347길 60(돔빌딩) 2층,127.0309907,37.48690681,
1420,진성요양보호사교육원,서울 금천구,(153818) 서울특별시 금천구 남부순환로 1388 한성빌딩 4층,126.9049289,37.47979672,
1421,더조은컴퓨터아카데미,서울 강남구,"(06242) 서울특별시 강남구 강남대로78길 8 (역삼동) 한국빌딩 4층, 8층",127.0300212,37.49470965,
1422,더 홈,서울 노원구,(01736) 서울특별시 노원구 중계로 163 천애재활원,127.0805477,37.64966513,
1423,주식회사에이치큐브간호학원,서울 도봉구,"(01401) 서울특별시 도봉구 도봉로 602 (창동) 3층,4층",127.0406313,37.65808169,
1424,케이지에듀원아이티뱅크강남학원,서울 강남구,(135935) 서울특별시 강남구 강남대로84길 16 제이스타워 11~12층,127.0298296,37.49660178,
1425,(주)KB손보CNS,서울 관악구,(08708) 서울특별시 관악구 보라매로3길 23 (봉천동 대교타워) 대교타워 13층,126.9257878,37.49103858,
1426,한국자전거정비기술학원,서울 동작구,(06959) 서울특별시 동작구 상도로 122 (상도동) 3층,126.9337501,37.50123374,
1427,옥동탑 간호학원,경북 안동시,(36658) 경상북도 안동시 경북대로 418 (옥동 테마프라자) A동303호,128.6997269,36.56632592,
1428,코웨이(주),서울 구로구,(08393) 서울특별시 구로구 디지털로26길 38 (구로동 G-Tower) G-Tower 15~20층,126.895172,37.47982427,
1429,덕소간호학원,경기 남양주시,(472901) 경기도 남양주시 수레로9번길 11 210(선플렉스),127.2130301,37.58756162,
1430,여수에덴요양보호사교육원,전남 여수시,(59718) 전라남도 여수시 좌수영로 41 전남빌딩6층,127.7280268,34.74405557,
1431,한나래컴퓨터학원,인천 계양구,(407814) 인천광역시 계양구 장제로 899 유진빌딩 4층,126.7399122,37.54697468,
1432,햇빛요양보호사교육원,경기 남양주시,(472809) 경기도 남양주시 홍유릉로248번길 39 416호 (금곡동 다남프라자),127.2025048,37.62727686,
1433,한국직업능력교육원 안산,경기 안산시 단원구,"(15360) 경기도 안산시 단원구 예술대학로 17 (고잔동 안산중앙노블레스) 701,702,703, 704,705,706,711,712-1,712-2,713호",126.8364676,37.31859293,
1434,굿퍼닝평생교육원,경기 안산시 상록구,(426853) 경기도 안산시 상록구 예술광장로 1 812 (월피동),126.8439946,37.32828023,
1435,안산요양보호사교육원,경기 안산시 상록구,(15288) 경기도 안산시 상록구 예술광장로 1 (월피동 다농마트) 809호,126.8439946,37.32828023,
1436,인천경문실용전문학교,인천 부평구,"(21315) 인천광역시 부평구 부평대로 283(청천동, 부평우림라이온스밸리) A동 B102호 B208호",,,
1437,한국생산성본부 대구경북지역본부,대구 동구,(41256) 대구광역시 동구 동대구로 489 (신천동 대구무역회관) 17층 1702호,128.6250281,35.87402198,
1438,한국디자인진흥원,경기 성남시 분당구,(463954) 경기도 성남시 분당구 양현로 322 한국디자인진흥원 2층/6층/7층,127.1234073,37.41311082,
1439,씨제이올리브네트웍스(주),서울 용산구,(04323) 서울특별시 용산구 한강대로 366 (동자동 트윈시티 남산) 10층,126.9727462,37.55078651,
1440,(주)우리은행,서울 중구,(100051) 서울 중구 회현동 1가 203번지 우리은행 연수실,126.9814462,37.55914955,
1441,옥천꽃동네성모노인요양원,충북 옥천군,(29042) 충청북도 옥천군 옥천읍 매화길 79 옥천꽃동네성모노인요양원,127.5970604,36.30830996,
1442,(주)케이지에듀원 아이티뱅크부산학원,부산 해운대구,(48060) 부산광역시 해운대구 센텀2로 25 (우동 센텀드림월드) 1102~1103호,129.1328369,35.16672611,
1443,혜성간호학원,부산 남구,(608809) 부산광역시 남구 수영로 256 (혜인빌딩 3층),129.0945609,35.13506017,
1444,대연메디칼간호학원,부산 남구,(48499) 부산광역시 남구 수영로 300 (대연동 VISION PLAZA) 9층 일부,129.0990573,35.13672167,
1445,지테크 (체계적 현장훈련기업),울산 동구,(44032) 울산광역시 동구 방어진순환도로 1000 현대중공업 엔진기계사업본부 힘센엔진조립부 지테크,129.4392116,35.51544065,
1446,울산중앙요양보호사교육원,울산 중구,(44526) 울산광역시 중구 가구거리 43 (학성동) 2층,129.3362723,35.55554602,
1447,세계로요양보호사교육원,울산 동구,(44047) 울산광역시 동구 진성4길 5 2층,129.4294933,35.50854552,
1448,울산호계간호학원,울산 북구,"(683803) 울산시 북구 농소1동 (신천동) 432-11번지  B  L 2,3층",129.3484424,35.63519576,
1449,제이이유(JEU)바리스타학원,울산 동구,"(44019) 울산광역시 동구 봉수로 311 (전하동) 1,2층",129.4234952,35.51393712,
1450,의료법인 인경의료재단 홍익요양병원,경남 양산시,(626800) 경상남도 양산시 북안남2길 6-6 ,,,
1451,금정요양보호사교육원,부산 금정구,(46272) 부산광역시 금정구 부곡로141번길 1 (부곡동 한창빌딩) 201호,129.0916416,35.22849592,
1452,중앙애견미용학원,서울 영등포구,(07371) 서울특별시 영등포구 경인로 706 (문래동1가 한양빌딩) 4층 일부,126.8925596,37.51106831,
1453,광주여성인력개발센터,광주 동구,(61470) 광주광역시 동구 제봉로 221-11 4층(대인동),126.913492,35.1544612,
1454,동주산업(주),경북 포항시 남구,(790841) 경상북도 포항시 남구 대송면 철강산단로66번길 61 ,,,
1455,의료법인대전선병원,대전 중구,(301808) 대전 중구 목동 10-7,127.4101056,36.33593865,
1456,신화인터텍(주),충남 천안시 동남구,(330863) 충청남도 천안시 동남구 병천면 매봉로 308 ,,,
1457,(주)전북은행,전북 전주시 덕진구,(561711) 전북 전주시 덕진구 금암동 669-2 전북은행빌딩 7층 인력개발팀 연수담당 ,,,
1458,주식회사 세아베스틸,전북 군산시,(54007) 전라북도 군산시 외항로 522 ,,,
1459,(주)세스코,서울 강동구,"(05288) 서울특별시 강동구 상일로6길 67(상일동, 세스코 아카데미) 301호, 304호, G202호, 201호, 204호",,,
1460,엠마우스복지관,광주 북구,(61117) 광주광역시 북구 북문대로20번길 38 엠마우스복지관,126.8846306,35.17554602,
1461,두산에너빌리티(주),경남 창원시 성산구    ,(51711) 경상남도 창원시 성산구 두산볼보로 22 (귀곡동 두산중공업(주)) .,128.6014386,35.17562735,
1462,한국건설기술인협회,서울 강남구,(135010) 서울시 강남구 논현동 238-5 ,,,
1463,광전자(주),전북 익산시,(54630) 전라북도 익산시 약촌로8길 62-8 (어양동 광전자(주)) 1층,,,
1464,(주)더존비즈온,강원 춘천시,(200915) 강원도 춘천시 남산면 버들1길 130 4F (더존IT그룹 강촌캠퍼스),127.6378417,37.75660934,
1465,드림제과제빵요리학원,광주 남구,(61667) 광주광역시 남구 대남대로 59 (방림동 로또방) 3.4층,126.9182638,35.1354912,
1466,대림간호학원,서울 관악구,"(151015) 서울특별시 관악구 남부순환로 1668 (신림동,연안빌딩)5층",126.9357782,37.48443137,
1467,예인직업전문학교,서울 강서구,"(07715) 서울특별시 강서구 화곡로 164 (화곡동 화곡빌딩) 6층, 8층(일부), 9층",126.8398441,37.54111834,
1468,한밭직업전문학교,대전 중구,(34916) 대전광역시 중구 중앙로112번길 33 2층 (대흥동 472),127.4233514,36.32605207,
1469,중앙컴퓨터회계학원,부산 중구,(48982) 부산광역시 중구 구덕로 83 (남포동6가) 4층 일부(남포동),,,
1470,(주)원더플레이스,서울 성동구,(04782) 서울특별시 성동구 성수일로6길 33 5층 원더플레이스,127.053768,37.54467973,
1471,주식회사 짱죽(일학습병행),전남 나주시,(58275) 전라남도 나주시 동수농공단지길 62-215 주식회사 짱죽,126.6847921,34.98942576,
1472,김해중장비학원,경남 김해시,"(50970) 경상남도 김해시 유하로 179-59 (유하동) 강의실 : 김해시 유하로 179-59, 2층 일부(유하동) / 제1실습장 : 김해시 유하동 475번지 일부, 472번지 일부, 472-1번지 일부, 870-17번지 / 제2실습장 : 김해시 서부로1403번길 8-57 일부",,,
1473,원선나라요리제과제빵학원,경남 김해시,(50819) 경상남도 김해시 인제로 182 5층 원선나라요리제과제빵학원,128.904295,35.24470572,
1474,효성간호보건학원,부산 해운대구,"(48095) 부산광역시 해운대구 중동1로 11 (우동 우1동우체국) (우동, 4층일부)",129.1610811,35.16372089,
1475,사단법인 천안YWCA,충남 천안시 동남구,(330110) 충남 천안시 다가동 410-4번지,127.1361965,36.79815546,
1476,잡코리아(유),서울 서초구,(06606) 서울특별시 서초구 서초동 서초대로 301(동익성봉빌딩) 16층~18층,127.0143256,37.49420765,
1477,(주)아르텍,전북 군산시,(54158) 전라북도 군산시 동장산2길 31-13 (주)아르텍,126.5944082,35.95930791,
1478,사회복지법인 천주교 인보회 행복한집,경기 용인시 처인구,(449814) 경기도 용인시 처인구 포곡읍 백옥대로1832번길 52 ,,,
1479,(사)보험개발원 자동차기술연구소,경기 이천시,(467882) 경기도 이천시 진상미로813번길 37 125-1,127.5047637,37.13671077,
1480,금천간호학원,서울 금천구,(08629) 서울특별시 금천구 시흥대로 202 (시흥동 대의빌딩) 2층 일부,126.9019251,37.45196236,
1481,(재)노사발전재단,경기 여주시,(469871) 경기 여주군 점동면 덕평리 산3번지,,,
1482,동그라미,전북 익산시,(54569) 전라북도 익산시 쌍능길 135-7 (석왕동) 동그라미,127.031513,35.98466617,
1483,다날,경기 성남시 분당구,(13591) 경기도 성남시 분당구 분당로 55 퍼스트타워9층,127.1215973,37.38275768,
1484,(주)호반건설,서울 서초구,"(06768) 서울특별시 서초구 양재대로2길 18 (우면동 호반 파크 2관) 서울특별시 서초구 양재대로2길 18, 호반파크 2관",127.0233625,37.45963519,
1485,대구경북기계협동조합,대구 달성군,(711814) 대구광역시 달성군 다사읍 세천로3길 7 대구경북기계협동조합회관 3F,128.4683798,35.87148466,
1486,한국직업능력교육원(구.열린드림기술교육원),경기 군포시,"(15855) 경기도 군포시 군포로534번길 19 (당동 경남빌딩) 지하, 2~5층(당동 750-11)",126.9476217,37.35367457,
1487,한국폴리텍5대학산학협력단,광주 북구,(500856) 광주광역시 북구 하서로 85 ,,,
1488,(주) 새한뷰티마트,서울 금천구,(08502) 서울특별시 금천구 가산디지털1로 226 (가산동 에이스하이엔드타워5차) 1801호,,,
1489,엑스퍼트러닝센타,서울 강남구,(06178) 서울특별시 강남구 테헤란로84길 14 (대치동) 지어로빌딩 2층,,,
1490,(주)파크시스템스,경기 수원시 영통구,(443270) 경기 수원시 영통구 이의동 906-10번지 나노소자특화팹센터 4층,127.0414969,37.29292539,
1491,마산여성인력개발센터,경남 창원시 마산회원구,"(51230) 경상남도 창원시 마산회원구 광려천서로 57 (내서읍 기업은행) 광림빌딩 제2층 제201호,제3층 제301호, 제4층 제401호",,,
1492,윌로펌프(주),부산 강서구,(46730) 부산광역시 강서구 미음산단1로 46 (구랑동 윌로펌프) 윌로펌프 HR팀,128.856664,35.12389304,
1493,한국문화평생직업학원,대구 중구,(41912) 대구광역시 중구 경상감영길 161 (동문동) 3층 4층,128.5962754,35.87240636,
1494,명성간호학원,서울 성북구,"(02721) 서울특별시 성북구 동소문로 225 (길음동)   2층(201호), 3층, 4층, 5층(501호)",127.0219633,37.60214476,
1495,이유제과제빵커피학원,서울 영등포구,"(07222) 서울특별시 영등포구 당산로 237 (당산동6가 그린빌) , 2층",126.902447,37.53484523,
1496,서울과학기술대학교,서울 노원구,(139743) 서울특별시 노원구 공릉로 232 ,,,
1497,한나간호학원,부산 금정구,"(46230) 부산광역시 금정구 중앙대로 1927 (구서동) 4층, 5층 전체",129.091029,35.25643265,
1498,서울특별시립엘림전문요양원,경기 군포시,(435802) 경기도 군포시 고산로 589 ,,,
1499,대한직업평생교육원,충북 청주시 상당구,"(28510) 충청북도 청주시 상당구 상당로 156 (북문로2가 청주요양보호사교육원) 1층, 4층",127.4900075,36.64204472,
1500,남구간호학원,울산 남구,"(44633) 울산광역시 남구 북부순환도로 6-1 (무거동) 3층/남구 북부순환도로 8, 2층,3층",129.2650346,35.55056976,
1501,(주)미래산업교육원 북부직업전문학교,경기 의정부시,"(11670) 경기도 의정부시 신흥로258번길 35 (의정부동) 5층, 6층 7층",127.0450403,37.7392389,
1502,동두천간호학원,경기 동두천시,(11350) 경기도 동두천시 중앙로 116 (지행동 두손프라자) 7층 702호A,,,
1503,디자인휴먼학원,광주 서구,(61958) 광주광역시 서구 상무누리로 30 (치평동 김대중컨벤션센터) 컨벤션동 3층 일부,126.8404918,35.14674191,
1504,코세아인재개발원(주),서울 송파구,"(05504) 서울특별시 송파구 올림픽로35길 104 (신천동 장미아파트) 장미씨상가 (403호,404호 일부,405호,406호)",127.0994189,37.51888157,
1505,부산전기학원,경북 포항시 북구,(37703) 경상북도 포항시 북구 용당로 171 (덕산동) 2층,129.3644208,36.04220917,
1506,온양아산중장비운전학원,충남 아산시,"(31441) 충청남도 아산시 현대로 16-13 (염치읍) , 16-9, 염성리 157-44",126.9698534,36.81709459,
1507,용인간호학원,경기 용인시 처인구,(17052) 경기도 용인시 처인구 금령로 89 (김량장동 우리은행) 3층 일부,127.2058515,37.23571361,
1508,센텀직업전문학교,부산 해운대구,"(48059) 부산광역시 해운대구 센텀중앙로 48 (우동 에이스하이테크21) 501호, 502호, 503호",129.1298295,35.17302384,
1509,노동부지정캠퍼스디자인직업전문학교,경기 의정부시,"(11651) 경기도 의정부시 신흥로240번길 18 (의정부동 상록빌딩) 상록빌딩 5층, 6층",127.044404,37.73745524,
1510,주식회사 에르모소뷰티직업전문학교 천안점,충남 천안시 동남구,(31121) 충청남도 천안시 동남구 대흥로 339 (신부동 천광빌딩) 2층,127.1514733,36.81798855,
1511,충주중장비직업전문학교,충북 충주시,(27478) 충청북도 충주시 충원대로 27 (단월동) 충주중장비직업전문학교,127.9152864,36.94235104,
1512,대우건축토목학원,서울 동대문구,(130810) 서울 동대문구 신설동 92-25 광진빌딩5층,127.0269143,37.57425854,
1513,강북여성인력개발센터,서울 강북구,(142773) 서울특별시 강북구 도봉로 261 수유프라자５층,127.0234096,37.63160641,
1514,청강문화산업대학교,경기 이천시,(17390) 경기도 이천시 마장면 청강가창로 389-94 청강문화산업대학교,127.3547536,37.20472075,
1515,한국공학대학교,경기 시흥시,(429793) 경기도 시흥시 산기대학로 237 한국산업기술대학교,126.7335597,37.34008193,
1516,부산다우직업전문학교,부산 사상구,"(47001) 부산광역시 사상구 가야대로195번길 1 (주례동) 2,3층",128.9937057,35.14999763,
1517,한양직업전문학교(주),경기 평택시,(17761) 경기도 평택시 송탄1로 30 (신장동 한양직업전문학교) 3층,,,
1518,삼일공업고등학교(일학습 병행),경기 수원시 팔달구,(16254) 경기도 수원시 팔달구 수원천로392번길 44-60 삼일공업고등학교,127.0198419,37.28515462,
1519,한결직업전문학교,대구 서구,"(41855) 대구광역시 서구 달구벌대로 1669 (내당동)4층/(실습장)대구광역시 달성군 하빈남로 488/(실습장)대구광역시 달성군 하빈남로 504-1/(별관)대구광역시 달서구 월배로 169,5층",,,
1520,(주)이녹스,충남 아산시,(336871) 충청남도 아산시 둔포면 아산밸리로 171 ,,,
1521,경주정보고등학교,경북 경주시,(780972) 경북 경주시 충효동 549-6번지,129.1759751,35.84225028,
1522,한국피아이엠,경북 경산시,(712831) 경상북도 경산시 진량읍 일연로115길 21 ,,,
1523,한솔전기학원,서울 강남구,(06267) 서울특별시 강남구 강남대로42길 13 한솔전기학원,127.0351486,37.48556411,
1524,동호요양실버타운,경북 포항시 남구,(37928) 경상북도 포항시 남구 호미곶면 해맞이로125번길 287 ,,,
1525,동래음식나라조리제과제빵학원,부산 동래구,(47877) 부산광역시 동래구 충렬대로238번길 7 (수안동 성완세띠앙) 7층 711호,129.0851389,35.20094301,
1526,한솔요리제과제빵바리스타아카데미,서울 서초구,"(06615) 서울특별시 서초구 서초동 강남대로 405(통영빌딩) 13층, 14층",127.0266074,37.49876485,
1527,교보생명보험주식회사,서울 종로구,(110121) 서울 종로구 종로1가 1번지,126.9780244,37.57051028,
1528,씨제이대한통운(주),서울 종로구,(03157) 서울특별시 종로구 청진동 종로5길 7(Tower 8) CJ대한통운,126.980526,37.5706189,
1529,법무법인태평양,서울 종로구,(03161) 서울특별시 종로구 우정국로 26 (공평동) 센트로폴리스빌딩,,,
1530,앰배서더 인재개발원 평생교육시설,서울 중구,"(04618) 서울특별시 중구 동호로 287 (장충동2가) 옥탑 1층, 동호로 297 1, 3, 4, 5층",127.0023274,37.56011555,
1531,(주)조은시스템,경기 부천시,(14596) 경기도 부천시 장말로 107 (상동) 복사골문화센터,126.7542195,37.49462225,
1532,농협은행(주) 청주교육원,충북 청주시 상당구,(28187) 충청북도 청주시 상당구 신송효촌길 138 (남일면 1동) 1동 3층 301호 (농협은행 청주교육원),,,
1533,중소기업은행,서울 중구,(04541) 서울특별시 중구 을지로 79 (을지로2가 기업은행) 본점 인력개발부,126.9865036,37.5664213,
1534,(주)삼원강재,경북 포항시 남구,(790841) 경상북도 포항시 남구 대송면 철강산단로66번길 40 (주)삼원강재,129.3701445,35.95726877,
1535,(주)우성,대전 대덕구,(306785) 대전광역시 대덕구 한밭대로 1027 7층 총무인사부,127.4125979,36.35882866,
1536,삼영기계(주),충남 공주시,(32528) 충청남도 공주시 월미농공단지길 39 ,,,
1537,대청보안(주),대전 서구,(302852) 대전광역시 서구 월평로13번길 60 대청보안(주),127.3593797,36.35732312,
1538,대전대학교,대전 동구,(300716) 대전광역시 동구 대학로 62 ,,,
1539,(주)대흥알앤티,경남 김해시,(621884) 김해시 진례면 청천리 607 경남 김해시 진례면 청천리 607번지,,,
1540,국립대학법인 인천대학교,인천 연수구,(22012) 인천광역시 연수구 아카데미로 119 현장실습지원센터,126.6321757,37.37491106,
1541,한국주택금융공사,부산 남구,(608828) 부산광역시 남구 문현금융로 40 한국주택금융공사,129.0657313,35.14675583,
1542,명지대학교 산학협력단,경기 용인시 처인구,(17058) 경기도 용인시 처인구 명지로 116 산학협력관,127.1886539,37.22160462,
1543,화천원광보은의집,강원 화천군,(209808) 강원도 화천군 하남면 춘화로 2601 ,,,
1544,영남직업전문학교,경북 포항시 남구,(790823) 경상북도 포항시 남구 문예로 49 ,,,
1545,(주)동양이엠에스,서울 중구,(100013) 서울특별시 중구 충무로3가 57-8 한영빌딩 304호,126.9915524,37.56228638,
1546,두원공과대학교 유니테크사업단,경기 안성시,(17520) 경기도 안성시 죽산면 관음당길 51 두원공과대학교 유니테크사업단,127.4190562,37.06585086,
1547,북부신진중장비직업전문학교,경기 남양주시,"(12008) 경기도 남양주시 진접읍 장현로147번길 6 2층 일부(강의실), 진접읍 장현리 208-1(사무실),209-1일부,209-2일부,209-3,210-3(실습장)",127.1873409,37.72239502,
1548,백제요리제과제빵학원,충남 부여군,(33148) 충청남도 부여군 성왕로 258 (부여읍) 2층,126.9157621,36.28298969,
1549,(주)일흥,경기 포천시,(487010) 경기 포천군 포천읍 동교리 505-1번지,127.1362204,37.84011326,
1550,(주)하이닉스반도체,경기 이천시,(467860) 경기 이천시 부발읍 아미리산 136-1번지,127.4898221,37.25138427,
1551,(주)신우엠테크,경기 화성시,(18543) 경기도 화성시 청원산단2길 66 (마도면) (주)신우엠테크,126.7709793,37.17480446,
1552,서수원평생교육원,경기 수원시 권선구,(441805) 경기도 수원시 권선구 매송고색로 716 5층,126.9827286,37.25101414,
1553,수원아이티컴퓨터학원,경기 수원시 영통구,(16698) 경기도 수원시 영통구 영통로213번길 6 (영통동) 5층 일부,,,
1554,미래전기기술직업전문학교,전북 군산시,(573868) 전북 군산시 나운1동 765-2,126.6972121,35.97047351,
1555,강릉메디컬간호학원,강원 강릉시,(25551) 강원특별자치도 강릉시 옥천동 옥가로 5 5층,128.8985301,37.75676639,
1556,한국승강기안전공단,경남 진주시,(52851) 경상남도 진주시 소호로 102 한국승강기안전공단,128.1359041,35.17765057,
1557,(주)엔디에스,서울 동작구,(156709) 서울 동작구 신대방2동 농심사옥 2층 (주)NDS,126.9193702,37.49662038,
1558,사회적협동조합 성남만남돌봄센터,경기 성남시 수정구,(13147) 경기도 성남시 수정구 산성대로405번길 9 4층,127.1569826,37.4483551,
1559,(재)중앙노동경제연구원중앙직업전문학교,경기 용인시 처인구,(17027) 경기도 용인시 처인구 포곡로 188-18 (포곡읍 중앙노동경제연구원) 중앙직업전문학교,127.2261214,37.2727725,
1560,(주)국영지앤엠(일학습병행),충남 천안시 동남구,(31246) 충청남도 천안시 동남구 성남면 도장로 490 용원리 285-6,127.216858,36.74519703,
1561,KPX케미칼,서울 마포구,(04143) 서울특별시 마포구 마포대로 137 (공덕동 KPX빌딩) 17층,126.9525829,37.54676125,
1562,한국금융연수원,서울 종로구,(03053) 서울특별시 종로구 삼청로 118 (삼청동 한국금융연수원) (별관 2층 u-러닝부 제외),,,
1563,(주)코리아세븐,서울 강동구,"(05340) 서울특별시 강동구 천호대로 1077(천호동, 래미안강동팰리스) 이스트센트럴타워 7F, 16~18F",,,
1564,농심태경(주),서울 동작구,(07057) 서울특별시 동작구 신대방동 여의대방로 112(농심신대방사옥) 도연관 13층 농심태경,126.9193703,37.49659335,
1565,이케이맨파워(주),서울 강남구,(135845) 서울 강남구 대치3동 997-8 동국빌딩 5층 ,,,
1566,삼화페인트공업주식회사,경기 안산시 단원구,(15619) 경기도 안산시 단원구 별망로 178 ,,,
1567,(의료법인)안동병원,경북 안동시,(760410) 경상북도 안동시 수상동 574-2 안동병원,128.7009186,36.5467748,
1568,아시아나항공(주) 정비훈련원,인천 중구,(22382) 인천광역시 중구 공항로 272 (운서동 인천공항) 아시아나항공 제2격납고 4~5층 전부,126.4408326,37.4794556,
1569,한진정보통신주식회사,서울 강서구,(157030) 서울특별시 강서구 등촌동 653-25번지 대한항공 빌딩 5층 한진정보통신(주),126.8574011,37.55472813,
1570,롯데케미칼 주식회사 여수1공장,전남 여수시,(555805) 전라남도 여수시 여수산단4로 53 ,,,
1571,(주)에스원,서울 중구,(04511) 서울특별시 중구 세종대로7길 25 (순화동 삼성생명에스원빌딩) (천안 인재개발원: 충남 천안시 동남구 북면 양곡1길 262),126.9727197,37.56033694,
1572,(주)국민은행인재개발원,경기 고양시 일산동구,(410727) 경기도 고양시 일산동구 중산동 국민은행연수원 국민은행인재개발원,126.7859032,37.69001657,
1573,동국산업(주),서울 중구,(100180) 서울특별시 중구 다동 92번지 다동빌딩 동국산업,126.9819983,37.56783513,
1574,(주)삼성생명보험,서울 서초구,(06620) 서울특별시 서초구 서초대로74길 11 (서초동 삼성전자빌딩) 36층,127.0261658,37.49698998,
1575,인천기독병원,인천 중구,(22320) 인천광역시 중구 답동로30번길 10 인천기독병원,126.6318932,37.47111896,
1576,(주)흥아기연,인천 계양구,(21072) 인천광역시 계양구 서운산단로1길 65 (서운동) 흥아기연,126.7520196,37.53700911,
1577,주식회사 유진기연사,경기 김포시,(10048) 경기도 김포시 황금6로 7 (양촌읍) 1층,126.6198708,37.62487798,
1578,동원금속(주),경북 경산시,(38446) 경상북도 경산시 진량읍 북리1길 69(동원금속) 동원금속(주),128.8277684,35.89084523,
1579,에듀셰프요리학원,서울 은평구,(03397) 서울특별시 은평구 통일로 709 3층,,,
1580,(주)이씨에스텔레콤,서울 서초구,(137872) 서울특별시 서초구 반포대로28길 8 일홍빌딩,127.0090784,37.4901806,
1581,동신대학교,전남 나주시,(520714) 전라남도 나주시 대호동 동신대학교 ,,,
1582,MBC아카데미수유요양보호사교육원,서울 강북구,(01066) 서울특별시 강북구 한천로 981 2층,127.0315228,37.63657809,
1583,해피잡교육학원,서울 구로구,(08381) 서울특별시 구로구 디지털로 285 (구로동 에이스트윈타워1차) 401호,126.8944757,37.48441871,
1584,햇빛요양보호사교육원주식회사,서울 도봉구,(01447) 서울특별시 도봉구 도봉로 463-1 2층,127.0334305,37.64724511,
1585,한국직업능력평생교육원,인천 서구,"(22730) 인천광역시 서구 서곶로 263(심곡동, 대화빌딩) 4층일부",,,
1586,주식회사 오케이저축은행,서울 중구,(100743) 서울특별시 중구 세종대로 39 대한서울상공회의소 10층,126.9738062,37.56048137,
1587,동서울본간호학원,서울 강동구,(05329) 서울특별시 강동구 천호동 천호대로 1027(동원천호빌딩) 4층 일부,127.1263238,37.53814809,
1588,준오헤어 양재1호점,서울 서초구,(06738) 서울특별시 서초구 남부순환로 2626 2층 준오헤어,127.0380565,37.48474253,
1589,한국국제물류주선업협회,서울 종로구,(03170) 서울특별시 종로구 사직로 130 (적선동 적선현대빌딩) 307호,126.9731891,37.57531139,
1590,한국사회능력개발원,서울 종로구,"(03170) 서울특별시 종로구 새문안로5가길 32 (적선동 한국생산성본부) 생산성본부 빌딩 8층 (801호, 802호)",,,
1591,고아정공,경북 경주시,(38033) 경상북도 경주시 강동면 천강로 920-42 ,,,
1592,대한미용사회,서울 서초구,(06682) 서울특별시 서초구 방배로 123 ,,,
1593,충주알파컴퓨터학원,충북 충주시,(27354) 충청북도 충주시 번영대로 34 2층 알파컴퓨터학원,127.9210856,36.98687193,
1594,서구캐드컴퓨터기술학원,대구 서구,(41814) 대구광역시 서구 국채보상로 316 (평리동 평리롯데캐슬) 203동 204호,128.5657555,35.87151873,
1595,DM용접기술학원,인천 부평구,(21440) 인천광역시 부평구 경원대로 1222 (십정동 대경빌딩) 5층~6층 전체(십정동),126.7076427,37.48582047,
1596,장유미용학원,경남 김해시,(50981) 경상남도 김해시 장유로 230 (부곡동 프리마빌딩) 5층 502호,128.8091111,35.20365507,
1597,지와이지(GYG)기계캐드학원,부산 부산진구,(47213) 부산광역시 부산진구 동평로420번길 5 (양정동) 2층일부,129.0703395,35.17277455,
1598,외동기술전문학원,경북 경주시,"(38206) 경상북도 경주시 관문로 1095-6 (외동읍) 외동기술전문학원(본관,실습장)",,,
1599,최강인천간호학원,인천 부평구,"(21389) 인천광역시 부평구 경원대로 1387 (부평동) 2층, 4층",126.7225568,37.49170423,
1600,(주)케이티씨에스,대전 서구,(35287) 대전광역시 서구 갈마로 160 (괴정동 KT인재개발원) kt 연수원,127.3744141,36.33724446,
1601,현대미용학원,충북 충주시,(380020) 충북 충주시 예성로 161-3 2층 (성서동),127.9329492,36.97139882,
1602,한솔요리아카데미 강동,서울 강동구,"(05248) 서울특별시 강동구 천호대로 995 1층일부,4층일부,5층일부,6층",127.1231238,37.53943079,
1603,우창비파괴검사학원,대구 동구,(701845) 대구광역시 동구 효신로 40 2층 우창비파괴검사학원,128.6340497,35.87554886,
1604,나눔요양보호사교육원,울산 북구,(44227) 울산광역시 북구 마동로 10 (호계동) 2층,129.3522159,35.63100448,
1605,부천간호학원,경기 부천시 원미구,(14637) 경기도 부천시 원미구 부일로 472 4층,126.7824933,37.48559637,
1606,3D프린팅학원,대구 서구,(41855) 대구광역시 서구 달구벌대로 1683 (내당동) 4층,128.5496705,35.85510094,
1607,희망누리평생교육원,서울 양천구,(07988) 서울특별시 양천구 목동서로 131 302호,126.8754004,37.53178281,
1608,유한대학교 부설 평생교육원,경기 부천시 소사구,"(14780) 경기도 부천시 소사구 경인로 590(괴안동, 유한학원) 유한대학교 부설 평생교육원",126.8215411,37.48723949,
1609,지산간호학원,대구 수성구,(42208) 대구광역시 수성구 지범로 174 (지산동) 5층 일부,,,
1610,여천심스간호학원,전남 여수시,(59671) 전라남도 여수시 쌍봉로 57 (학동) 4층,127.6621729,34.76663102,
1611,(주)대원전기교육원,충북 증평군,(27913) 충청북도 증평군 초평로 1801-17 (증평읍 대원전기교육학원) ,,,
1612,(주)메씨인터내셔날,서울 서초구,(06586) 서울특별시 서초구 방배로 192 ,,,
1613,(주)오이솔루션,광주 북구,(61080) 광주광역시 북구 첨단연신로30번길 53 오이솔루션,126.8679615,35.19851286,
1614,유캠퍼스김기남전기정보통신학원,서울 영등포구,"(07366) 서울특별시 영등포구 영신로17길 3 (영등포동 경산빌딩) 3층 일부, 4층 일부",126.907644,37.51403669,
1615,수산인재개발원,경북 경주시,(38057) 경상북도 경주시 충효6길 11-10 수산인재개발원,129.1783674,35.84191864,
1616,(재)원주의료기기산업진흥원,강원 원주시,(26354) 강원도 원주시 지정면 기업도시로 200 413호,127.8739701,37.37154551,
1617,현대건설(주)기술교육원,서울 영등포구,(07448) 서울특별시 영등포구 도림천로19길 12-2 (대림동) 현대건설(주)기술교육원,126.9010072,37.48707345,
1618,한국폴리텍Ⅳ 청주캠퍼스,충북 청주시 흥덕구,(361290) 충북 청주시 흥덕구 송정동 47번지,127.4487057,36.63896241,
1619,(주)서울영상테크,경기 화성시,(18469) 경기도 화성시 동탄첨단산업1로 27 (영천동 금강펜테리움 IX타워) 금강펜테리움 IX타워 A동 604호,,,
1620,(주)LG화학여수사업내직업훈련원,전남 여수시,(59611) 전라남도 여수시 여수산단2로 55 (화치동 LG화학(주)) LG화학 여수공장,127.6554768,34.80265936,
1621,(주)불스원,서울 강남구,(06210) 서울특별시 강남구 테헤란로 306 카이트타워 6층,127.0440813,37.50251719,
1622,동원산업(주) 동원리더스아카데미,경기 이천시,(467903) 경기도 이천시 어석로48번길 199 19-20,127.5961789,37.09293952,
1623,서울일러스트학원,대전 서구,(35234) 대전광역시 서구 둔산남로9번길 45 (둔산동) 명승빌딩5층,127.3784408,36.35004642,
1624,한독직업전문학교,경남 창원시 성산구    ,(51496) 경상남도 창원시 성산구 마디미서로 26 (상남동 한독빌딩) 601호,128.6825685,35.2227892,
1625,이대진전산회계세무학원,전남 여수시,(59676) 전라남도 여수시 망마로 35 (학동 가람빌딩) 4층,127.6669027,34.75982689,
1626,씨엘미용학원,전남 여수시,(59686) 전라남도 여수시 신기남1길 7 (신기동 117-2),127.6709227,34.75855198,
1627,코리아커피학원,대구 달서구,(42660) 대구광역시 달서구 달구벌대로 1808 (두류동) 3층,128.5626141,35.85924103,
1628,두산중장비학원,경기 평택시,"(17919) 경기도 평택시 원평로 40-12 (평택동) 2층전부, 3층일부/운전실습장, 기계실: 평택시 통북로10 등 13필지(평택동)",127.0853644,36.98957417,
1629,반도노인요양원,경남 진주시,(52602) 경상남도 진주시 오방로 644-14 (미천면) 반도노인요양원,128.1248638,35.29671311,
1630,한솔요리커피제과제빵학원,부산 부산진구,(47295) 부산광역시 부산진구 중앙대로 694 (부전동 쥬디스태화) 7층,129.0597049,35.15491461,
1631,경남간호학원,경남 김해시,(50916) 경상남도 김해시 분성로 295 (서상동) 2층 (서상동 330-10번지 2층),128.8783247,35.23317951,
1632,안산중앙간호학원,경기 안산시 단원구,"(15239) 경기도 안산시 단원구 선부광장1로 84 (선부동 새한프라자) 402, 405호",126.8124635,37.33530667,
1633,안산특수용접전문학원,경기 안산시 단원구,(15458) 경기도 안산시 단원구 광덕4로 88 (고잔동) 211~214호,126.8223855,37.31503128,
1634,한국기술교육직업전문학교,부산 동래구,"(47821) 부산광역시 동래구 충렬대로 84 (온천동) 5층,901호,902호",129.0700638,35.20738324,
1635,엠비씨(MBC)아카데미 컴퓨터교육센터,서울 구로구,"(08290) 서울특별시 구로구 공원로 83 4층 일부 / 서울특별시 관악구 남부순환로 1627, (명진빌딩 2층 일부, 3층 일부)",,,
1636,경남자동차고등학교,경남 진주시,(52730) 경상남도 진주시 진산로 378 (장재동 경남자동차고등학교) 교무실,128.1019254,35.21891812,
1637,중앙요리학원,전북 전주시 완산구,(55038) 전라북도 전주시 완산구 충경로 64 (경원동1가) 2층 일부,127.1462017,35.81810768,
1638,서일간호학원,충남 서산시,"(31992) 충청남도 서산시 율지16로 15 (동문동) 4층 서일간호학원 (간호강의실,간호실습실)",,,
1639,피에이치에이주식회사,대구 달서구,(704801) 대구광역시 달서구 대천동 1032,128.5069803,35.81780379,
1640,주식회사아이엠뱅크,대구 수성구,"(42123) 대구광역시 수성구 달구벌대로 2310(수성동2가, 대구은행본점) iM뱅크 본점",128.6150829,35.859031,
1641,(주)유텍솔루션,경기 시흥시,(429450) 경기 시흥시 정왕동 1267-5 시화공단 2다 506호,126.7218324,37.33466658,
1642,명화공업(주),서울 금천구,(153813) 서울특별시 금천구 두산로 55 299-33,126.894089,37.47040787,
1643,고려휴먼스(주),서울 영등포구,(07445) 서울특별시 영등포구 대림동 시흥대로 613(고려휴먼스 빌딩) 9층,126.9045316,37.48746612,
1644,일동제약(주),서울 서초구,(06752) 서울특별시 서초구 바우뫼로27길 2 인재경영팀,127.036685,37.47712951,
1645,한국토지주택공사,대전 유성구,(305390) 대전 유성구 전민동 462-2 한국토지주택연구원 대학동(토지주택대학교 건물) 301호 인재육성부 사무실,127.401154,36.40440285,
1646,하이트진로(주),서울 강남구,(135957) 서울특별시 강남구 영동대로 714 하이트진로(주),127.0567387,37.52164915,
1647,(주)제다(일학습병행제),경북 경산시,(712832) 경상북도 경산시 진량읍 공단9로 96 ,,,
1648,(주)아이엠비씨,서울 마포구,(03925) 서울특별시 마포구 상암동 성암로 255((주)문화방송) 문화방송미디어센터 8~10층,126.8917559,37.58017317,
1649,(주)한국디지털직업전문학교,대구 동구,"(41200) 대구광역시 동구 신암로 128(신암동, 연곡빌딩) 3층",128.6131395,35.88071514,
1650,비젼직업전문학교,대전 중구,(34838) 대전광역시 중구 중앙로137번길 27 (선화동) 대전 중구 선화동 32-6,127.423903,36.32922223,
1651,주식회사경일게임아이티아카데미,서울 강동구,"(05248) 서울특별시 강동구 천호동 올림픽로 651(예경빌딩) 4층, 5층, 6층(401호, 501호, 502호, 602호), 10층(전체)(천호동, 예경빌딩)",127.1233244,37.53974874,
1652,명문간호학원,대구 달서구,(42696) 대구광역시 달서구 성서로 374 (이곡동) 5층 일부(이곡동),128.507705,35.85091192,
1653,메디칼간호조무사학원,서울 강북구,(142878) 서울특별시 강북구 도봉로 353 상목빌딩 6. 7층,127.026414,37.63905689,
1654,한국문화센터공예학원,광주 광산구,(62249) 광주광역시 광산구 신창로 127 (신창동 신창타워) 3층 302호,126.8381087,35.19659212,
1655,유설희간호학원,인천 미추홀구,"(22136) 인천광역시 미추홀구 주안로 66 (주안동 간호빌딩) 1,2,3,6층",126.6768936,37.46387252,
1656,문경직업전문학교,경북 문경시,(36968) 경상북도 문경시 신흥로 185 (점촌동) 2층,,,
1657,금샘고등학교,부산 금정구,(46312) 부산광역시 금정구 서금로 75 (서동 금정전자공업고등학교) 금정전자고등학교,129.1081158,35.22129873,
1658,한서항공직업전문학교,서울 성동구,(04707) 서울특별시 성동구 마장로 208 (홍익동 동림빌딩 ) 한서빌딩 지하1층~5층,127.0326617,37.56614839,
1659,(주)동서울아카데미,서울 강동구,"(05248) 서울특별시 강동구 천호대로151길 36 (천호동 동서울아카데미) 1,2,6층",127.1235669,37.54056558,
1660,(주)다나와,서울 금천구,(08510) 서울특별시 금천구 가산동 벚꽃로 298(대륭포스트타워6차) 17층 커넥트웨이브,126.8839423,37.48144684,
1661,속초지역자활센터,강원 속초시,(217807) 강원 속초시 금호동 482-5번지 속초시사회복지회관 3층,128.58941,38.20140078,
1662,아센텍(주),충남 아산시,(31418) 충청남도 아산시 음봉면 산동로 190-23 아센텍(주),127.1019509,36.84739779,
1663,농협구미교육원,경북 구미시,(730803) 경상북도 구미시 유학길 82 ,,,
1664,뚜레본요리제과제빵바리스타학원,경기 부천시,(14598) 경기도 부천시 부일로205번길 47 (상동 서진프라자) 501호~503호,126.7530559,37.49087167,
1665,에스디(주),충남 금산군,(312911) 충청남도 금산군 금성면 장목동1길 20 ,,,
1666,성남제과제빵커피학원,경기 성남시 분당구,"(13627) 경기도 성남시 분당구 구미동 돌마로 86(엘레강스프라자) 507,508,509호일부 (구미동, 엘레강스프라자)",127.1112745,37.34947514,
1667,국시원 원격평생교육원,서울 금천구,"(08506) 서울특별시 금천구 가산디지털2로 108(가산동, 뉴티캐슬) 1210호 일부",,,
1668,인제간호학원,부산 연제구,(47520) 부산광역시 연제구 중앙대로 1116 (연산동) 4층.,129.0816186,35.18730615,
1669,대원캐드캠디자인직업전문학교,경기 수원시 권선구,"(16591) 경기도 수원시 권선구 덕영대로 975 (세류동) 1층,2층,3층",,,
1670,이연제약(주),서울 강남구,(06176) 서울특별시 강남구 영동대로 416 8층 이연제약(주),127.0653233,37.50651729,
1671,한국폴리텍대학 진주캠퍼스,경남 진주시,(52766) 경상남도 진주시 모덕로 299 (하대동 한국폴리텍대학 진주캠퍼스) 　,128.1272281,35.19011509,
1672,부산정보관광고등학교,부산 금정구,(609320) 부산광역시 금정구 부곡동 323-7번지,129.0922806,35.22343852,
1673,영천제일직업전문학교,경북 영천시,"(38888) 경상북도 영천시 완산로 73 (완산동) (1,3층)",128.9383918,35.96685633,
1674,한국정보교육원(구.경원직업전문학교),서울 관악구,"(08708) 서울특별시 관악구 봉천로 227 (봉천동 보라매샤르망) 5층, 6층 일부, 7층",126.926976,37.49012934,
1675,(주)씨디에스 ICT융합캠퍼스,강원 춘천시,(24212) 강원특별자치도 춘천시 동면 금베이길 93-6 아이씨티융합캠퍼스,,,
1676,기장요리커피학원,부산 기장군,(619962) 부산광역시 기장군 정관면 정관로 391 602호(하나프라자),129.1657991,35.33445282,
1677,인애복지재단 평생교육원,경남 창원시 마산회원구,(51351) 경상남도 창원시 마산회원구 팔용로 272 (구암동 경남종합사회복지관) .,128.6007123,35.24781583,
1678,창원파티마병원,경남 창원시 의창구    ,(641560) 경상남도 창원시 의창구 창이대로 45 212,128.6456504,35.23720162,
1679,(주)파고다아카데미,서울 서초구,"(137070) 서울 서초구 서초동 1306-6,7 ",,,
1680,한국건설생활환경시험연구원,서울 서초구,(06711) 서울특별시 서초구 서초동 남부순환로319길 7(한국건설생활환경시험연구원) 서초 행정관리동,127.0113274,37.48043169,
1681,명지병원,경기 고양시 덕양구,(10475) 경기도 고양시 덕양구 화수로14번길 55 (화정동 명지병원) 명지병원,,,
1682,(사단법인)한국출판인회의 서울북인스티튜트,서울 마포구,(121842) 서울특별시 마포구 동교로22길 44 464-53 한국출판인회의 회관,126.9175067,37.55414719,
1683,이인자미용직업전문학교,부산 부산진구,"(47254) 부산광역시 부산진구 중앙대로 753 (부전동) 6층, 7층",,,
1684,로앤비교육센터,서울 강남구,(06132) 서울특별시 강남구 논현로 503 (역삼동 송촌빌딩) 4층,127.0361303,37.50118623,
1685,현대엔지비(주) 평생교육시설,서울 관악구,"(08826) 서울특별시 관악구 관악로 1 (신림동 서울대학교) 서울대학교 314동 차세대자동차신기술연구센터 4,5층",,,
1686,엘에스메카피온주식회사(일학습 병행),대구 달서구,(704240) 대구광역시 달서구 호산동로 12-9 ,,,
1687,신한글로벌인재교육원,경기 의정부시,"(11643) 경기도 의정부시 호암로 143-1 의송빌딩 1층, 2층, 3층, 4층일부, 5층",,,
1688,(주)라온엔터테인먼트(일학습 병행),대구 남구,(42403) 대구광역시 남구 명덕로 104 DIP 2관,128.5797255,35.85352071,
1689,(주)대승김제공장,전북 김제시,(576150) 전북 김제시 흥사동 222-13번지,126.9027991,35.82380226,
1690,이손네일미용학원,제주 제주시,(63083) 제주특별자치도 제주시 노형8길 16 (노형동) 7층,126.478563,33.48371175,
1691,서울건축.토목학원,제주 제주시,"(63220) 제주특별자치도 제주시 복지로5길 16 (도남동) 3층,4층",,,
1692,용인요리학원,경기 용인시 처인구,(449925) 경기 용인시 처인구 김량장동 295-2(4층),127.2025468,37.23463799,
1693,인천중장비운전학원,인천 부평구,(21389) 인천광역시 부평구 경원대로1377번길 23 (부평동) 3층 (실습장) 인천 서구 드림로 264 (백석동),,,
1694,(주)케이엠데이타,서울 금천구,(153771) 서울특별시 금천구 가산디지털2로 18 ,,,
1695,(주)마크로밀엠브레인,서울 서초구,"(06714) 서울특별시 서초구 명달로 9(방배동, 방배빌딩) 1, 7~9층",127.0061715,37.47849621,
1696,삼성전자서비스아카데미,경기 수원시 영통구,(443822) 경기도 수원시 영통구 삼성로 290 삼성전자CS아카데미,127.0654959,37.26565906,
1697,동원대학,경기 광주시,(12813) 경기도 광주시 곤지암읍 경충대로 26 동원대학교,127.4017104,37.32776888,
1698,한동직업전문학교 주식회사,경북 포항시 북구,(791845) 경상북도 포항시 북구 희망대로659번길 82 한동직업전문학교,129.3505941,36.0170461,
1699,국제항공직업전문학교,서울 영등포구,(150030) 서울특별시 영등포구 영등포동 영신로14,126.909263,37.51282165,
1700,마에스트로예술실용전문학교,서울 강동구,"(05241) 서울특별시 강동구 올림픽로 805 명문빌딩 지1층,1층, 2층, 3층",127.128204,37.55289524,
1701,한국산업직업전문학교,부산 사상구,(47035) 부산광역시 사상구 대동로 2-12 (엄궁동 한국산업직업전문학교 ) 한국산업직업전문학교,128.9732367,35.13108332,
1702,함께하는마음재단,대구 남구,(705837) 대구광역시 남구 이천로28길 8-52 (이천동 381-9번지),128.5992556,35.85263199,
1703,서초여성인력개발센터,서울 서초구,"(06736) 서울특별시 서초구 강남대로 216 (양재동 양재프라자) 2층 3호, 3층",127.0355232,37.48343681,
1704,서울중장비직업전문학교,서울 용산구,"(04382) 서울특별시 용산구 한강대로 132 (한강로2가) (실습장) 경기도 고양시 덕양구 관산동 47-1 (일부가동 1층대기실,야외실습지),관산동47-6,관산동 948 일부(관산동47-1번지선)",,,
1705,고려대학교,서울 성북구,(136701) 서울 성북구 안암동5가 고려대학교 노동대학원 학사지원부 ,,,
1706,동방냉난방직업전문학교,인천 남동구,(21544) 인천광역시 남동구 남동대로 936 (간석동) New 더웰 2층,126.708309,37.46587413,
1707,주식회사 예건,경기 파주시,(10880) 경기도 파주시 신촌3로 1 ,,,
1708,구미대학교,경북 구미시,(39213) 경상북도 구미시 야은로 37 (부곡동 구미대학교) 구미대학교 공동훈련센터,,,
1709,울산직업전문학교,울산 남구,"(44693) 울산광역시 남구 삼산로 111 (달동) 5층, 6층",,,
1710,산전정밀(주),충북 청원군,(363923) 충청북도 청원군 신대석성로 37 ,,,
1711,부산경영아카데미학원,부산 연제구,(47542) 부산광역시 연제구 중앙대로1043번길 50 (연산동 목림빌딩) 2층 일부,129.0751767,35.18174838,
1712,부천제일요양보호사교육원,경기 부천시,(421821) 경기도 부천시 오정구 소사로775번길 36 은성빌딩4층,126.8027163,37.52539309,
1713,경기제일요양보호사교육원,경기 안양시 만안구,(14001) 경기도 안양시 만안구 병목안로 6 (안양동 현진빌딩) 6층,126.9194554,37.3996367,
1714,아름다운누리,경기 파주시,(413873) 경기도 파주시 법원읍 술이홀로1333번길 63 ,,,
1715,서천군노인복지관,충남 서천군,(33610) 충청남도 서천군 종천면 충서로302번길 88-26 서천군노인복지관,126.6568749,36.11092582,
1716,행복누림,대전 서구,(35423) 대전광역시 서구 요골길 352 (원정동) 행복누림,127.2912568,36.24392309,
1717,풍성한요양보호사교육원,경기 안산시 상록구,(15551) 경기도 안산시 상록구 본오로 91 (본오동) 3층,126.8661842,37.29317711,
1718,안산대한간호학원,경기 안산시 단원구,"(15361) 경기도 안산시 단원구 고잔로 102 (고잔동) 701, 702, 705, 706 호",126.8374599,37.3188376,
1719,(사)경기중소벤처기업연합회,경기 수원시 영통구,(16506) 경기도 수원시 영통구 광교로 156 (이의동) 광교비즈니스센터 107호,127.0498316,37.29367924,
1720,(주)유베이스,서울 용산구,(04386) 서울특별시 용산구 한강대로38길 37 (용산동5가) 유베이스,126.970696,37.52887397,
1721,재능고등학교,인천 동구,(401070) 인천광역시 동구 송림동 재능로178,126.6493965,37.4750649,
1722,(주)피스코코리아,인천 계양구,(21072) 인천광역시 계양구 서운산단로2길 42 (서운동) 피스코코리아뉴매틱(주),126.7589858,37.53459104,
1723,(주)광림마린테크,부산 강서구,(618220) 부산광역시 강서구 미음산단4로 58 ,,,
1724,대덕자동차직업전문학교,대전 동구,"(34573) 대전광역시 동구 합내로 73 (본관), 동서대로 1710(신관)",127.4397978,36.34952245,
1725,"시청점미즈간호학원,미즈요양보호사교육원",대전 서구,"(35241) 대전광역시 서구 둔산중로 38 (둔산동 둔산메트로존) 508호,509호,509-2호",127.387185,36.34988345,
1726,조쌤전산세무회계학원,대전 서구,(35229) 대전광역시 서구 둔산로31번길 10-23 (둔산동) 7층 일부[우수훈련기관/스타강사과정],127.3783544,36.35293943,
1727,서산컴퓨터학원,충남 서산시,(31983) 충청남도 서산시 효행3길 25 (동문동 칠성타운) 2층,126.4527987,36.78067545,
1728,(주)LG유플러스,서울 용산구,(04389) 서울특별시 용산구 한강대로 32 LG유플러스,126.963447,37.5237091,
1729,(주)제이에스엔,대구 달서구,(42703) 대구광역시 달서구 성서로71길 43 ,,,
1730,대구여성인력개발센터,대구 남구,"(705800) 대구광역시 남구 중앙대로 222 (대명동, 대구여성인력개발센터)",128.5909179,35.85304888,
1731,(주)신세계아이앤씨,서울 강남구,"(06142) 서울특별시 강남구 테헤란로 231(역삼동, 센터필드) 이스트동 24층",,,
1732,(주)삼원오토텍,전북 군산시,(573882) 전북 군산시 소룡동 1645-7번지,126.5899472,35.95597615,
1733,경동모터스,경기 안산시 상록구,(15633) 경기도 안산시 상록구 선진3길 14 경동모터스,126.8486642,37.27931583,
1734,시화간호학원,경기 시흥시,(15066) 경기도 시흥시 중심상가2길 12-2 (정왕동 우성프라자) 503호,126.7364978,37.34530546,
1735,HR에듀센터 인사드림,서울 서초구,(137818) 서울특별시 서초구 동작대로 50 (방배동.대일빌딩4층),126.9821921,37.48096176,
1736,콘센트릭스서비스코리아 유한회사,서울 강남구,(06169) 서울특별시 강남구 삼성동 테헤란로 509(엔씨타워 I) 5층,127.0581651,37.5077372,
1737,발렉스아카데미,서울 영등포구,"(07325) 서울특별시 영등포구 의사당대로 83(여의도동, 오투타워) 9층 일부 12층 일부",,,
1738,혜정속기학원,서울 마포구,(04207) 서울특별시 마포구 마포대로14길 5 3층,126.9552296,37.54876253,
1739,한국클라우드컴퓨팅연구조합,서울 강남구,(06178) 서울특별시 강남구 대치동 삼성로86길 11(거봉INC) 5층,127.0581297,37.50584513,
1740,한국금융투자협회 금융투자교육원,서울 영등포구,(07327) 서울특별시 영등포구 여의나루로 67-8 (여의도동) 금융투자교육원,126.9259804,37.52376272,
1741,나누미요양보호사교육원,경기 고양시 일산서구,(411320) 경기도 고양시 일산서구 일현로 29 예일프라자 501호,126.7616526,37.68987936,
1742,부스트캠프평생교육시설,경기 성남시 분당구,(13595) 경기도 성남시 분당구 황새울로 246 (수내동 도담빌딩) 3층,127.1155412,37.38003354,
1743,주)케어콜요양보호사교육원,경기 성남시 중원구,(13248) 경기도 성남시 중원구 산성대로 332 (중앙동) 5층.,127.1535134,37.4428004,
1744,미래컴퓨터교육학원,경기 시흥시,(15036) 경기도 시흥시 서촌상가3길 21 (정왕동 코아프라자) 401호,126.7329231,37.34766702,
1745,한수원(주)한울원자력본부,경북 울진군,(767701) 경상북도 울진군 울진북로 2040 ,,,
1746,(주)아스트,경남 사천시,(664942) 경남 사천시 사남면 월성리 422번지,128.0725138,35.06463602,
1747,(주)씨에스리더,서울 강남구,(135010) 서울 강남구 논현동 267-14,127.0424131,37.51304135,
1748,(주)아인텔레서비스,부산 사상구,(617722) 부산광역시 사상구 감전천로 216 LG유플러스빌딩 2층,128.9769002,35.15241745,
1749,(주)ktis,서울 영등포구,(150881) 서울특별시 영등포구 여의도동 28-2 (주)KT빌딩 10층,126.919003,37.52164966,
1750,정석항공과학고등학교,인천 미추홀구,"(22212) 인천광역시 미추홀구 인하로 100 (용현동 인하대,인하공전,정석항공고) 정석항공과학고등학교",126.6534252,37.44987607,
1751,한솔요리커피제과제빵아카데미,서울 노원구,"(01689) 서울특별시 노원구 상계동 동일로 1413(남성빌딩) 7,8층",127.0599056,37.65460522,
1752,순천YWCA여성인력개발센터,전남 순천시,(540180) 전라남도 순천시 서문로 6 ,,,
1753,세라컴퓨터코딩학원,전북 전주시 덕진구,(54911) 전라북도 전주시 덕진구 견훤로 376-1 (우아동3가) 2층,127.1536572,35.84481756,
1754,한국실버요양보호사교육원,부산 서구,(602072) 부산광역시 서구 임시수도기념로 22 (부민동 한국간호학원),129.018792,35.10345217,
1755,렉스 모빌리티 커뮤니케이션 센터(LEMCC),대구 중구,(41955) 대구광역시 중구 대봉동 명덕로 279 벽산빌딩 2층,128.6004238,35.85568933,
1756,관인미솔꽃조경학원,인천 서구,"(22883) 인천광역시 서구 염곡로464번길 15 (가정동 쓰리엠타워) 7층(705,708,709호) 실습장 : 서구 공촌동 114-1 일부, 서구 원창동 213-3,213-50 일부, 서구 금곡동 356-3",,,
1757,문경미용전문학원,경북 문경시,"(36950) 경상북도 문경시 남부2길 9 (모전동) 1층, 2층",,,
1758,상주미용전문학원,경북 상주시,(742903) 경상북도 상주시 상서문3길 130-5 ,,,
1759,(주)상록호텔조리직업전문학교,인천 계양구,"(21053) 인천광역시 계양구 계양대로 188 (계산동 대덕노바체) 208호,301호,302호,303호,304호,308호,309호,310호",126.7229967,37.54044872,
1760,영남대학교,경북 경산시,(712749) 경상북도 경산시 대학로 280 214-1,128.7539627,35.83296801,
1761,(주)인터엠,경기 양주시,(482855) 경기 양주군 회천읍 덕정7리 226-9번지 ,,,
1762,한국과학기술원,대전 유성구,(305701) 대전광역시 유성구 대학로 291 한국과학기술원,127.3642025,36.36908682,
1763,(재단법인)삼육부산병원,부산 서구,(49230) 부산광역시 서구 서대신동2가 대티로 170(삼육부산병원) 삼육부산병원,129.0108509,35.11186572,
1764,동우평생교육원,대구 수성구,(42021) 대구광역시 수성구 국채보상로 924 (범어동 동우빌딩) 1층,128.6316981,35.86668666,
1765,대구커피교육학원,대구 달서구,(42778) 대구광역시 달서구 조암남로 103 (대천동) 1층,128.5221535,35.81918996,
1766,가족사랑요양보호사교육원,부산 부산진구,(47323) 부산광역시 부산진구 가야대로 474 (개금동 미래산후조리원) 6층,129.0237622,35.15283419,
1767,와우쓰리디(WOW3D) 홍대센터,서울 마포구,(121829) 서울특별시 마포구 독막로 93 상수빌딩4층,126.9237037,37.54784462,
1768,녹영꽃예술학원,경기 부천시 원미구,"(14548) 경기도 부천시 원미구 길주로 288(중동, 다운타운) 9층 1호",126.7742311,37.50270966,
1769,에이콘아카데미(강남),서울 강남구,(06234) 서울특별시 강남구 테헤란로 124 (역삼동 삼원타워) 5층 501호,127.0315266,37.49862861,
1770,웅지컴퓨터전산회계학원,경기 김포시,(10098) 경기도 김포시 북변중로68번길 16-13 (북변동) 백운빌딩 4층,126.7105761,37.62652503,
1771,한빛간호학원,서울 노원구,"(01762) 서울특별시 노원구 동일로 1393 (상계동 일신프라자) 401, 402호",127.0604935,37.65285705,
1772,한국국토정보공사 국토정보교육원,서울 구로구,"(08306) 서울특별시 구로구 가마산로 242(구로동, 희망재단) 3층 공간정보아카데미",,,
1773,수도전기직업전문학원,서울 영등포구,"(07306) 서울특별시 영등포구 경인로 882 (영등포동1가 여의도씨티아이) 1층 일부, 2층 일부 및 경인로 886, 5층 일부(영등포동1가)",126.9106712,37.51742682,
1774,백석대학교,충남 천안시 동남구,(31065) 충청남도 천안시 동남구 문암로 76 ,,,
1775,(주)아인텔레서비스,광주 서구,(502210) 광주 서구 광천동 35-1,126.8845741,35.16148496,
1776,메디칼간호학원,울산 남구,(44678) 울산광역시 남구 삼산로 15 (신정동) 4층,129.3095615,35.53304734,
1777,삼성카드고객서비스주식회사,서울 구로구,(152725) 서울특별시 구로구 새말로 97 ,,,
1778,하하호호중국어학원,제주 제주시,(63206) 제주특별자치도 제주시 중앙로 278 (이도이동 소영빌딩) 2층 하하호호중국어학원,,,
1779,한국항공고등학교,강원 태백시,(235100) 강원도 태백시 평화길 8-24 ,,,
1780,한국수력원자력(주),경기 가평군,(12430) 경기도 가평군 복장포길 79-9 (가평읍) 수력연구교육센터,127.5062731,37.73918974,
1781,한수원(주) 월성교육훈련센터,경북 경주시,(780842) 경상북도 경주시 양남면 동해안로 696-13 월성원자력본부 교육훈련센터,129.4734514,35.71266842,
1782,비아이산업(주),부산 강서구,(618142) 부산광역시 강서구 공항로767번다길 32 ,,,
1783,동서울미용직업전문학교,서울 강동구,"(05248) 서울특별시 강동구 천호대로 993 (천호동 광무빌딩) 3,4,5층",,,
1784,맥산업디자인학원,부산 금정구,"(46293) 부산광역시 금정구 금정로 69 (장전동) 2층, 3층",129.0862531,35.23079659,
1785,한국초저온용기(주),경기 성남시 중원구,(13230) 경기도 성남시 중원구 둔촌대로 560 201호,127.1782905,37.43133252,
1786,부산예일직업전문학교,부산 부산진구,"(47351) 부산광역시 부산진구 중앙대로 631 (범천동) 5층, 9층, 10층",129.0588456,35.14910776,
1787,부산자동차직업학교,부산 서구,"(602837) 부산광역시 서구 까치고개로245번길 9 (토성동, 부산자동차직업학교)",129.0226225,35.10003606,
1788,새부산컴퓨터전산회계학원,부산 동래구,"(47877) 부산광역시 동래구 명륜로 74 (수안동) 2층, 3층 (수안역6번 출구앞)",129.0844489,35.2005764,
1789,유일산업,대구 달서구,(704911) 대구광역시 달서구 달구벌대로 1686 수송타워 13층,128.5504499,35.85476649,
1790,대성정보처리학원,충남 논산시,(32976) 충청남도 논산시 부창로 102-1 (취암동) .,,,
1791,한울직업전문학교,광주 서구,"(61928) 광주광역시 서구 경열로 3 (농성동) 지하1,1층 일부,2층 일부,3층,4층",126.8879878,35.15352032,
1792,주식회사 케이티엠앤에스,경기 성남시 분당구,"(13606) 경기도 성남시 분당구 정자동 불정로 90(KT본사) KT본사타워 15,16층",127.1146666,37.35872682,
1793,대한조선주식회사,전남 해남군,(536882) 전라남도 해남군 관광레저로 1100 563번지,126.3300574,34.66425781,
1794,(주)대한항공 Operation Center(운항훈련원),서울 강서구,(157712) 서울 강서구 공항동 대한항공 1370 Operation Center,,,
1795,중앙법률사무교육학원,서울 서초구,"(06657) 서울특별시 서초구 반포대로 87 대천빌딩 2층,3층 (서초동)",127.0092252,37.48799117,
1796,동물농장애견미용학원,부산 동래구,(607804) 부산광역시 동래구 온천천로 195 동진빌딩  지하1층,129.079006,35.20196752,
1797,해운대미용학원,부산 해운대구,(612819) 부산광역시 해운대구 해운대로 637 6층,129.1599451,35.16433588,
1798,예산간호학원,충남 예산군,(32430) 충청남도 예산군 예산읍 역전로 100 2층,126.8298143,36.68791676,
1799,광주간호학원,경기 광주시,(464807) 경기도 광주시 역동 20-14 동부빌딩 3층,127.2581377,37.40836467,
1800,부천그린컴퓨터학원,경기 부천시,(14644) 경기도 부천시 부천로 4 (심곡동) 5층,126.783492,37.48431882,
1801,(주)유넷시스템즈,서울 영등포구,(07217) 서울특별시 영등포구 당산동4가 당산로41길 11(당산 SK V1 center) W동 905호,126.8982552,37.53078715,
1802,(주)다비치안경체인,서울 종로구,"(03191) 서울특별시 종로구 수표로 91(관수동, 다비치타워) 9층",126.9893053,37.56940616,
1803,주식회사웰스프레쉬,경기 성남시 중원구,(13209) 경기도 성남시 중원구 사기막골로45번길 14 B동1002호,127.1700425,37.43632701,
1804,현대공예산업직업전문학교,인천 미추홀구,"(22140) 인천광역시 미추홀구 경인로 399 (주안동) 금복빌딩4층, 6층일부",126.6843318,37.45840574,
1805,동일알루미늄(주),충남 천안시 서북구,(331836) 충청남도 천안시 서북구 성거읍 성거길 160 동일알루미늄(주),127.2069981,36.87784682,
1806,동아쏘시오홀딩스(주),경기 용인시 기흥구,(17073) 경기도 용인시 기흥구 금화로105번길 21 (상갈동 동아제약) 용인 인재개발원,127.1064064,37.26445903,
1807,제일일렉트릭(주),부산 사하구,(604836) 부산광역시 사하구 을숙도대로 555 ,,,
1808,(주)MS가스,부산 사상구,(47021) 부산광역시 사상구 가야대로176번길 92 ,,,
1809,(주)광신I&P,경남 김해시,(621821) 경상남도 김해시 생림면 나전로161번길 21 ,,,
1810,(주)모토닉,대구 달서구,(704920) 대구 달서구 신당동 1095-11,128.4932873,35.84585597,
1811,(주)대한제당,인천 중구,(400201) 인천 중구 북성동1가 6-14번지,126.6078401,37.47706863,
1812,(주)제성,경기 화성시,(18581) 경기도 화성시 수정로 395 (장안면) 제성,126.8624697,37.1007559,
1813,(사단법인)한국경비협회,서울 성동구,(133831) 서울 성동구 성수2가3동 273-24 경협회관 5층,127.0575237,37.54323647,
1814,(주)다원시스,경기 안산시 단원구,(15655) 경기도 안산시 단원구 시화호수로 485 (성곡동 (주)다원시스) (성곡동 (주)다원시스),,,
1815,한국폴리텍대학 익산캠퍼스,전북 익산시,(570210) 전북 익산시 어양동 16,126.9914545,35.95175624,
1816,하남전기(주),광주 광산구,(62209) 광주광역시 광산구 하남동 손재로287번길 134-16 하남전기,126.7879118,35.19014995,
1817,동작여성인력개발센터,서울 동작구,(07008) 서울특별시 동작구 사당로 299 (사당동 ISU TEN BUILDING) 2~5층,126.9805515,37.48509704,
1818,효성요양보호사교육원,서울 강북구,(01062) 서울특별시 강북구 도봉로 296 (번동 양덕빌딩 ) 7층,127.0236823,37.63480481,
1819,아이벨르 압구현대(일학습병행),서울 강남구,(06005) 서울특별시 강남구 압구정로29길 21 ,,,
1820,트렌미미용학원,서울 강남구,(135545) 서울특별시 강남구 봉은사로 119 성옥빌딩 7층,127.0267226,37.50526099,
1821,(사)한국직업상담협회,서울 서초구,"(06643) 서울특별시 서초구 효령로57길 3 (서초동 대덕빌딩) 2,3층",127.0164951,37.48548579,
1822,인지어스평생교육원,서울 서대문구,(03735) 서울특별시 서대문구 충정로2가 통일로 135(충정빌딩) 15층 일부(충정로2가),126.9655356,37.5664092,
1823,메가HRD센터평생교육시설,서울 강남구,(06159) 서울특별시 강남구 삼성로91길 36 4층 메가HRD센터,127.0533671,37.50658523,
1824,언약요양보호사교육원,서울 강동구,(05381) 서울특별시 강동구 천호대로 1092 (성내동 에스케이허브진) 2층 207호 언약요양보호사교육원,127.1327112,37.5350959,
1825,(사단법인)한국해외자원산업협회,서울 강남구,(06252) 서울특별시 강남구 강남대로 320 (역삼동 황화빌딩) 7층,127.0309134,37.49182626,
1826,(주)에이텍시스템,경기 성남시 분당구,(463400) 경기도 성남시 분당구 판교로 289 에이텍 빌딩 2층,127.106044,37.40355855,
1827,에이치디현대중공업 주식회사,울산 동구,(682792) 울산광역시 동구 방어진순환도로 1000 (전하동),129.4396589,35.51565686,
1828,디와이이노베이트(주),전북 익산시,(54585) 전라북도 익산시 석암로13길 118 (팔봉동 디와이 익산공장) 디와이이노베이트(주),127.0053208,35.95670451,
1829,대한소결금속(주),대구 달성군,(42983) 대구광역시 달성군 논공읍 논공로87길 43 ,,,
1830,삼아알미늄(주),경기 평택시,(451821) 경기도 평택시 포승읍 평택항로 92 ,,,
1831,(주)비츠로셀,충남 당진시,(31816) 충청남도 당진시 인더스파크로 70 (합덕읍) 비츠로셀,,,
1832,(주)에이션패션,서울 강동구,(134822) 서울 강동구 둔촌2동 426-17번지,127.140762,37.53245589,
1833,삼익THK(주),대구 달서구,(704833) 대구광역시 달서구 성서동로 163 (월암동),128.5149265,35.8359974,
1834,(주)한국항공기술직업전문학교,서울 강서구,"(07616) 서울특별시 강서구 방화동로 56 (방화동) 2층 (2101호, 2102호), 3층(전부)",126.8119027,37.56511471,
1835,국민법률세무교육원,서울 동대문구,"(02582) 서울특별시 동대문구 천호대로 17 (신설동) 문정빌딩 2층, 3층 일부",127.0254429,37.57480843,
1836,(주)KD아카데미컴퓨터학원 하남미사점,경기 하남시,(12913) 경기도 하남시 미사강변동로 85 (망월동 힐스테이트 에코 미사) 305호~308호,127.1918963,37.56242396,
1837,(주)실크로드시앤티,서울 강남구,(06253) 서울특별시 강남구 강남대로 308 (역삼동 랜드마크타워) 9층,127.0318063,37.49076287,
1838,햇살정원,전북 익산시,(54537) 전북특별자치도 익산시 신용동 익산대로74길 4(햇살정원) 햇살정원,126.9550188,35.97406163,
1839,지적장애시설창혜원,전북 익산시,(570310) 전라북도 익산시 덕기길 77 창혜원,127.0297881,35.96647984,
1840,성산암데코(일학습 병행),경남 창원시 마산회원구,(51342) 경상남도 창원시 마산회원구 봉암공단13길 7 (봉암동 (주)성산암데코) 마산자유무역지역 제3공구,,,
1841,한전KPS(주)인재개발원,전남 나주시,(58234) 전라남도 나주시 다도면 신방로 255 한전KPS(주) 인재개발원,126.8485774,34.95551014,
1842,(주)동림유화 (일학습병행제),인천 남동구,(21697) 인천광역시 남동구 능허대로649번길 143 ,,,
1843,에티버스러닝평생교육원,서울 강남구,"(06046) 서울특별시 강남구 학동로 171 (논현동 삼익악기 빌딩) 1층,2층 일부",127.0291572,37.51404514,
1844,(주)APS,경기 화성시,(18487) 경기도 화성시 동탄산단9길 23-12 (방교동) 8층 APS홀딩스,127.09042,37.17622448,
1845,주식회사 위지트,인천 남동구,"(405817) 인천광역시 남동구 남동서로 187 (고잔동,58B/5L)",126.6906721,37.40679536,
1846,대산직업전문학교,부산 연제구,"(47521) 부산광역시 연제구 거제대로252번길 20 (거제동 대산직업전문학교) B2층, B1층, 옥외",129.076425,35.18897221,
1847,(주)엠아이티능력개발원,경기 수원시 영통구,(16679) 경기도 수원시 영통구 영통동 영통로217번길 6(망포역 센타프라자) 3층 / 경기도 오산시 내삼미동 431-36번지,127.0566988,37.24695518,
1848,우림테크(일학습병행),경남 창원시 성산구    ,(51560) 경상남도 창원시 성산구 공단로 365 ,,,
1849,수원망포간호학원,경기 수원시 영통구,(16698) 경기도 수원시 영통구 영통로 215 (영통동) 4층 일부,127.0567453,37.2467147,
1850,new광주직업전문학교,광주 서구,(61979) 광주광역시 서구 화운로156번길 29 ,,,
1851,글로벌영남간호학원,대구 중구,"(700093) 대구광역시 중구 중앙대로 390 1002,1003호(동성로 3가 11-1 센트럴엠 10층)",128.5938898,35.86771605,
1852,셈틀회계캐드그래픽컴퓨터학원,대구 북구,"(41423) 대구광역시 북구 학정로 435 (동천동) (3층, 동천동)",128.5630597,35.943455,
1853,BMB미용예술학원,대구 중구,(41942) 대구광역시 중구 동성로2길 23 (삼덕동1가) 11-3 3F,128.5962002,35.86699156,
1854,대구평생교육원,대구 수성구,(42126) 대구광역시 수성구 명덕로 393 (수성동1가) 4층,128.6132213,35.85466239,
1855,경기중앙간호학원,경기 의정부시,"(11695) 경기도 의정부시 평화로536번길 6 , 3층",127.0478767,37.73954418,
1856,(주)실론(일학습 병행),경기 양주시,(482871) 경기도 양주시 남면 휴암로284번길 403-122 ,,,
1857,씨제이올리브영 주식회사,서울 용산구,(04323) 서울특별시 용산구 한강대로 372 (동자동 센트레빌아스테리움서울) KDB생명빌딩 24층,126.9731646,37.55158849,
1858,간석전산세무회계학원,인천 부평구,(21446) 인천광역시 부평구 열우물로 18-1 (십정동) 3층,126.7011378,37.46984744,
1859,라인아트그래픽디자인학원,전남 순천시,(540959) 전라남도 순천시 중앙로 68-1 133-1번지 흥국생명 5층,127.4841325,34.9516353,
1860,에듀퓨어,경기 고양시 일산동구,"(10403) 경기도 고양시 일산동구 정발산로 24 T3- 703,704호(장항동, 웨스턴타워)",126.7726001,37.65468253,
1861,CM세무전기직업전문학교,충남 천안시 동남구,"(31121) 충청남도 천안시 동남구 성황동 대흥로 315 (성황동) 전층(신관),천안시 동남구 대흥로 313 지층,1F,2F(본관), 천안시 동남구 대흥로 311 전층(별관)",127.1502404,36.81613721,
1862,신한양직업전문학교,부산 부산진구,"(47291) 부산광역시 부산진구 서전로10번길 28(부전동, 오기빌딩) 7층 / 실습장: 부산시 사하구 두송로 194-3(구평동)",129.0599109,35.15674974,
1863,서울호서예술실용전문학교,서울 강서구,(07523) 서울특별시 강서구 강서로 505 ,,,
1864,경북직업능력개발학원,경북 구미시,(39227) 경상북도 구미시 금오시장로1길 2 (원평동) 석주빌딩 4층 일부,,,
1865,서초장례지도사교육원,서울 서초구,(06633) 서울특별시 서초구 서초대로56길 40 (서초동 지제이빌딩) 지 102호,127.0172427,37.49273871,
1866,주식회사 케이티서비스북부,서울 동작구,"(07071) 서울특별시 동작구 보라매로5길 35 (신대방동 파크스퀘어,보라매현대APT) 8층",126.9232875,37.49226227,
1867,한국사이버진흥 평생교육시설,서울 금천구,"(08592) 서울특별시 금천구 가산디지털1로 75-15(가산동, 가산 하우스디 와이즈타워) 6층 619호, 620호",,,
1868,인천서부요양보호사교육원,인천 서구,(22820) 인천광역시 서구 장고개로 277-1 (가좌동 청운프라자) 203호,126.6824499,37.48884523,
1869,엘아이지넥스원(주)판교R&D센터,경기 용인시 기흥구,(446798) 경기도 용인시 기흥구 마북로 207 LIG넥스원,127.1270745,37.30795868,
1870,재능대학교,인천 동구,(22573) 인천광역시 동구 송림동 재능로 178(인천재능대학교) 인천광역시 동구 송림동 재능로 178,126.6493397,37.47511879,
1871,(사회복지법인)해창복지재단,경남 합천군,(678964) 경남 합천군 삼가면 어전리 438번지,128.1170095,35.38287452,
1872,(주)신일베스텍,인천 부평구,(21449) 인천광역시 부평구 가좌로12번길 55 ,,,
1873,선간호학원,경기 고양시 덕양구,(412827) 경기도 고양시 덕양구 화중로 76 대감빌딩 402호 선간호학원,126.8308727,37.63399652,
1874,부평컴퓨터회계직업전문학원,인천 부평구,(21395) 인천광역시 부평구 대정로 66 (부평동 다운타운일레븐) 508호,126.7265522,37.49373186,
1875,위너넷평생교육원,서울 서초구,(06723) 서울특별시 서초구 효령로70길 36-9 위너빌딩 3층,127.0243834,37.48532357,
1876,(주)한국카본,경남 밀양시,(627852) 경상남도 밀양시 춘화로 85 183번지,128.7416057,35.50831432,
1877,(주)네오바이오텍,강원 원주시,(26351) 강원특별자치도 원주시 지정면 신평로 70 네오바이오텍 원주 본사,,,
1878,이노와이어리스 아카데미,경기 성남시 분당구,(13590) 경기도 성남시 분당구 서현로 190 이노와이어리스 B/D 7F,127.1241574,37.38791787,
1879,문경컴퓨터학원,전북 정읍시,(580070) 전북 정읍시 연지동(연지동) 32-11번지,126.8480621,35.5740754,
1880,어소트락평생교육원,서울 서초구,(06543) 서울특별시 서초구 사평대로 335 (반포동 금성빌딩) 4층,127.0197781,37.50340614,
1881,사랑요양병원,전북 전주시 완산구,(55120) 전라북도 전주시 완산구 덕적골1길 69 ,,,
1882,모다인패션디자인학원,광주 동구,(501013) 광주광역시 동구 중앙로 182 5층,126.9150448,35.14948689,
1883,부산IT아카데미,부산 수영구,"(48304) 부산광역시 수영구 광남로 70 (남천동) 2,5,6층 (본관) 및 부산광역시 수영구 광남로 74 2,3층 (별관)",129.1135003,35.14844709,
1884,(주)현대CAD디자인직업전문학교,인천 미추홀구,(22163) 인천광역시 미추홀구 경인로 106 (숭의동 현대CAD디자인직업전문학교) (지하1층~5층)(본관)/(별관)인천광역시 미추홀구 경인로 110(2층~5층),126.6543905,37.46592564,
1885,에듀하우스 평생교육원,전북 전주시 완산구,(54946) 전라북도 전주시 완산구 온고을로 18 (서신동) 9층,127.1210294,35.8341322,
1886,광주IT(아이티)학원,광주 북구,(61190) 광주광역시 북구 호동로 8-10 (중흥동) 1.2.3층,126.9137892,35.1738494,
1887,한국보건복지인재원,충북 청주시 흥덕구,"(28159) 충청북도 청주시 흥덕구 오송읍 오송생명2로 187(오송보건의료행정타운) 한국보건복지인재원 1,3,4,5층",127.33,36.63909937,
1888,덕천금화컴퓨터학원,부산 북구,"(46547) 부산광역시 북구 금곡대로 22 (덕천동 행복신협빌딩) 6층 일부, 7층",129.0049018,35.21193899,
1889,봅스미용학원,서울 강남구,(06134) 서울특별시 강남구 테헤란로1길 17 (역삼동) 삼우빌딩 6층,127.0276933,37.49945839,
1890,(사)한국제안활동협회 평생교육원,대구 동구,(41008) 대구광역시 동구 갓바위로 223-35 (진인동 팔공산맥섬석유스호스텔) 1층 일부,,,
1891,(주)대신테크(일학습병행),광주 광산구,(62415) 광주광역시 광산구 평동로803번길 83-38 ,,,
1892,나라정보처리학원,광주 남구,(503844) 광주광역시 남구 서문대로654번길 7 438-3 (4층),126.8996555,35.11754886,
1893,늘푸른요양원,경기 평택시,(459060) 경기도 평택시 방여울로 91 ,,,
1894,계룡컴퓨터학원,대전 중구,(34998) 대전광역시 중구 문화로 174 (문화동) (2/3층 계룡컴퓨터학원),,,
1895,예사랑실버케어,대전 대덕구,(306808) 대전광역시 대덕구 우암로 478 ,,,
1896,서울사진영상IT학원,서울 강남구,"(06242) 서울특별시 강남구 역삼로1길 18 (역삼동) 5층,6층",127.030496,37.49437617,
1897,경북간호학원,대구 달서구,(42801) 대구광역시 달서구 진천동 월배로 120(서호메디컬타워) 4층,128.5273414,35.81449236,
1898,해운대요양보호사교육원,부산 해운대구,(612830) 부산광역시 해운대구 재반로103번길 14 2층 부산해운대요양보호사 교육원,129.1251705,35.18800136,
1899,꽃이오면학원,서울 마포구,"(04102) 서울특별시 마포구 백범로1길 14(노고산동, OMF 마이스터 하우스) 2층, 3층",,,
1900,비손간호학원,경기 김포시,(10083) 경기도 김포시 장기동 김포한강4로 119(승문프라자) 901호902호904호905호,126.6676431,37.64424103,
1901,굿모닝간호학원,경북 포항시 북구,(37633) 경상북도 포항시 북구 창포동 새천년대로1001번길 2-41 3층,129.3697555,36.06031265,
1902,(주)능력개발원새일다밀,대구 남구,"(42416) 대구광역시 남구 중앙대로 211 (대명동) 4,5층",128.5902244,35.85212987,
1903,제주여성인력개발센터,제주 제주시,(63197) 제주특별자치도 제주시 중앙로 165 1292-3번지 상록회관 4층,126.527147,33.50434665,
1904,유피(UP)패션디자인전문학원,광주 서구,(502855) 광주광역시 서구 상무대로 994 3층,126.8706843,35.15129437,
1905,명문직업전문학교,인천 계양구,"(21039) 인천광역시 계양구 경명대로 1051 (계산동 계림빌딩) 5층 일부, 6층 일부",126.7236963,37.54400025,
1906,(주)미가형제직업전문학교,경기 성남시 수정구,(13292) 경기도 성남시 수정구 탄리로74번길 22 (태평동 정맥프린스텔) 201호,127.1379309,37.44305349,
1907,(주)코쎈직업능력개발원 듀얼직업전문학교,서울 노원구,"(01696) 서울특별시 노원구 상계로 108 (상계동 SKY미술학원) 지하1층, 지상3층 일부",127.0671829,37.65699805,
1908,강서크리스챤쇼보미용학원,서울 강서구,(07715) 서울특별시 강서구 화곡로 154 (화곡동 청산빌딩) 청산타워 9층 일부,126.8390639,37.54086499,
1909,비젼평생교육원 은평,서울 은평구,(03484) 서울특별시 은평구 응암동 가좌로 233(연희타워) 3층,126.916367,37.59036583,
1910,(주)아나레슨,서울 마포구,(04100) 서울특별시 마포구 서강로 136 5층 아나레슨,126.9356479,37.55397872,
1911,아트라스콥코 코리아 주식회사,경기 성남시 분당구,(13524) 경기도 성남시 분당구 판교역로192번길 14-1 (삼평동 판교예미지) 6층~9층,,,
1912,(주)주식회사 한독약품,서울 강남구,(135080) 서울 강남구 역삼동 735 한독약품,127.032997,37.49917785,
1913,(주)케이엠앤아이,인천 서구,(404250) 인천 서구 가좌동 493번지,126.6870323,37.47739695,
1914,주식회사 한국일보사,서울 중구,(100800) 서울특별시 중구 세종대로 17 와이즈타워 16~18층,126.9730825,37.55867021,
1915,한국생산성본부 호남지역본부,광주 북구,(61012) 광주광역시 북구 첨단과기로176번길 27 (오룡동 광주디자인센터) 5층 505~507호,126.8458197,35.22367861,
1916,한국농수산식품유통공사 농수산식품유통교육원,경기 수원시 권선구,(441480) 경기도 수원시 권선구 당진로 43-33 농식품유통교육원,126.9398955,37.29332038,
1917,(주)종합건축사사무소담,서울 광진구,"(05054) 서울특별시 광진구 자양동 아차산로 334 (자양동, 예담빌딩)",127.0796276,37.53715152,
1918,명덕컴퓨터전산회계학원,대구 남구,(42424) 대구광역시 남구 중앙대로 242 (대명동) 3층,128.5910885,35.85493901,
1919,세종고운간호전문학원,세종 세종,"(30101) 세종특별자치시  세종로 1219 (고운동 세종중앙타워) 301호,302호",127.2409734,36.51155278,
1920,김포양곡간호학원,경기 김포시,"(10071) 경기도 김포시 김포한강9로76번길 41 (구래동 연세프라자) 702,703,704호",126.6271126,37.64443424,
1921,노아요양보호사교육원,인천 미추홀구,(22136) 인천광역시 미추홀구 주안로 86 (주안동 주안 메디컬센타) 우신주안빌딩 7층,126.6790868,37.46378845,
1922,(주)대우건설,서울 중구,"(04548) 서울특별시 중구 을지로 170 (을지로4가) 에이동(을지로4가, 써밋타워)",126.9972791,37.56603488,
1923,한국내화(주),충남 당진시,(343831) 충청남도 당진시 무수들길 370 ,,,
1924,전주메디칼간호전문학원,전북 전주시 완산구,(560856) 전라북도 전주시 완산구 용머리로 57 3층 301호,127.116309,35.80682892,
1925,의료법인엔젤의료재단,전북 익산시,(570802) 전라북도 익산시 함열읍 익산대로 1493-1 ,,,
1926,대천간호학원,충남 보령시,(33454) 충청남도 보령시 번영로 25 4층 간호조무사 강의실,126.5934016,36.35161759,
1927,The국제직업전문학교,광주 광산구,(62276) 광주광역시 광산구 첨단중앙로 96 LC타워 3층 309호,126.8434665,35.21376081,
1928,현대간호학원,광주 남구,(61656) 광주광역시 남구 회재로 1270 (백운동 현대간호학원) 2층,,,
1929,진월간호전문학원,광주 남구,"(61710) 광주광역시 남구 서문대로 670 (진월동 동국빌딩) 503호, 504호(진월동 진월프라자 5층일부)",126.8992141,35.11954949,
1930,경인특수용접학원,경기 부천시,(14488) 경기도 부천시 부천로 232 (춘의동) 2층 일부,,,
1931,(주)건화 창원공장,경남 창원시 마산합포구,(51787) 경상남도 창원시 마산합포구 산단1길 129 (진북면) (주)건화 창원공장,128.4847575,35.1301022,
1932,해성디에스 주식회사,경남 창원시 성산구    ,(642120) 경상남도 창원시 성산구 웅남로 726 주식회사 엠디에스,128.6882863,35.19762906,
1933,(주)편안한요양보호사교육원,서울 도봉구,(01340) 서울특별시 도봉구 도봉로 681 (방학동) 3층,127.0424936,37.66521675,
1934,이엘평생교육원,서울 서초구,(137877) 서울특별시 서초구 서초중앙로8길 111 4층 이엘평생교육원,127.0216061,37.48715193,
1935,코리아취업아카데미 강남,서울 서초구,(06621) 서울특별시 서초구 서초대로78길 26 (서초동 강남선인빌딩) 11층(서초동),127.0275562,37.4952688,
1936,러닝팩토리 원격평생교육원,서울 서초구,(06640) 서울특별시 서초구 사임당로 64 (서초동 교대벤처타워) 401호,127.0169932,37.48857615,
1937,전북특별자치도청소년상담복지센터,전북 전주시 덕진구,(561836) 전라북도 전주시 덕진구 팔달로 346 ,,,
1938,꽃담요양보호사교육원,경기 광주시,(12758) 경기도 광주시 광주대로 11-1 세아빌딩  4층,127.2604167,37.40761189,
1939,춘천요리제과제빵학원,강원 춘천시,(24402) 강원도 춘천시 춘천순환로 134 (동내면) 5층 춘천요리제과제빵학원,127.7588011,37.85634891,
1940,신세계요양보호사교육원,경기 성남시 수정구,"(13326) 경기도 성남시 수정구 성남대로 1170 (수진동 의남빌딩) 103호,202호,305호",127.1292154,37.4344946,
1941,사랑요양보호사교육원,대구 수성구,(42252) 대구광역시 수성구 달구벌대로 3080 (시지동) 3층,128.6938579,35.84260581,
1942,섬기미요양보호사교육원,대구 동구,(41198) 대구광역시 동구 아양로 39 (신암동 우진빌딩) 7F,128.6185874,35.88235411,
1943,아카데미조경학원,대구 수성구,"(42272) 대구광역시 수성구 달구벌대로661길 16 (사월동) 1층일부, 2층 /[실습지]대구광역시 노변동 414-26 일부",128.7194055,35.83663858,
1944,(주)멘토아카데미평생교육원,대구 달서구,(42778) 대구광역시 달서구 조암남로 85 (월성동) 404호,,,
1945,(주)누리마루학원,서울 서초구,"(06633) 서울특별시 서초구 서초중앙로22길 62 (서초동 유성빌딩) 3층, 4층",,,
1946,힘이되는요양보호사교육원,경기 광명시,(14306) 경기도 광명시 하안로288번길 6 (하안동 뉴코리아나빌딩) 402호,126.8812387,37.46176378,
1947,에이스이노텍(주)(일학습병행),대구 달성군,(43011) 대구광역시 달성군 구지면 달성2차서로 50(이화TRD) 에이스이노텍(주),128.4112664,35.64200023,
1948,한국기술사회,서울 광진구,"(04975) 서울특별시 광진구 천호대로 694 (구의동) 한국기술사회 4,5층",127.091239,37.54918058,
1949,주식회사그린씨에스,대전 중구,(301712) 대전 중구 은행동 한솔빌딩 10층,127.4259402,36.32905282,
1950,뉴마포전산세무회계학원,서울 마포구,"(04112) 서울특별시 마포구 대흥로30길 6-8 (대흥동) 4,5층",126.9460807,37.55592132,
1951,신경주대학교,경북 경주시,(38065) 경상북도 경주시 효현동 태종로 188(경주대학교) 신경주대학교,129.1620668,35.82967021,
1952,금성직업전문학교,광주 동구,"(61475) 광주광역시 동구 중앙로 194 (금남로3가) 2층 일부, 3층 일부, 4층, 5층 / 야외훈련장 (광주광역시 광산구 도덕동 357-5,357-10~11.357-13~15)",126.9160426,35.1503529,
1953,신안산대학교,경기 안산시 단원구,(15435) 경기도 안산시 단원구 신안산대학로 135 ,,,
1954,밀라노직업전문학교,광주 북구,(61239) 광주광역시 북구 제봉로 255 밀라노직업전문학교,126.9114037,35.15720875,
1955,강릉컴퓨터교육학원,강원 강릉시,(25529) 강원도 강릉시 임영로 180 (임당동) 3층,,,
1956,케이(K)커피학원,경기 남양주시,"(12113) 경기도 남양주시 별내중앙로 26 (별내동) 진영n타워603-1호,603-2호",127.1259008,37.64560824,
1957,(주)유앤알컴퍼니,서울 금천구,"(08511) 서울특별시 금천구 가산동 디지털로9길 33(IT미래TOWER) 202, 203호",126.8860723,37.47887859,
1958,e-한나요양보호사교육원,서울 강동구,(05292) 서울특별시 강동구 양재대로 1626 고덕빌딩 4층 402호,127.1444843,37.55048022,
1959,나이팅게일 요양보호사교육원,충북 청주시 서원구,(362100) 충청북도 청주시 서원구 사직대로 307 ,,,
1960,광주교통공사,광주 서구,(502157) 광주 서구 마륵동 165-27,126.8470451,35.14571397,
1961,(재단법인)자동차부품산업진흥재단,서울 용산구,(04365) 서울특별시 용산구 원효로 86 현대자동차 본관 5층 자동차부품산업진흥재단,126.952887,37.53203925,
1962,영남간호학원,경북 경산시,(712804) 경상북도 경산시 원효로 4 2층,128.7379869,35.8234677,
1963,굿모닝요양보호사교육원,울산 남구,"(44691) 울산광역시 남구 삼산로 73 (달동 박사빌딩) 1층, 4층 일부",129.3154705,35.53460108,
1964,여천NCC(주),서울 종로구,"(03161) 서울특별시 종로구 우정국로 26 (공평동) 센트로폴리스 B, 7F 여천NCC(주)",126.9834461,37.57175465,
1965,창원기계공업고등학교,경남 창원시 성산구    ,(642843) 경상남도 창원시 성산구 두대로 219 창원기계공업고등학교,128.6643505,35.22665451,
1966,경북기계공업고등학교,대구 달서구,(704370) 대구 달서구 상인동 경북기계공업고등학교,128.5415616,35.82154737,
1967,충북에너지고등학교,충북 청주시 상당구,(28198) 충청북도 청주시 상당구 미원초정로 27 (미원면 충북에너지고등학교) 충북에너지고등학교,127.6565385,36.63915685,
1968,서울공업고등학교,서울 동작구,(156020) 서울특별시 동작구 대방동 390-5,126.9225655,37.50128974,
1969,목포대학교(대학회계),전남 무안군,(58554) 전라남도 무안군 청계면 영산로 1666(목포대학교) 목포대학교 산학협력단,126.4347325,34.90839985,
1970,우리너싱홈,전북 전주시 덕진구,(561350) 전라북도 전주시 덕진구 정여립로 974 ,,,
1971,에스피브이(주)(일학습병행),경기 고양시 일산동구,(10402) 경기도 고양시 일산동구 정발산로 47 (장항동 웅신아트) 601호,126.7737129,37.65765789,
1972,고양커피학원,경기 고양시 일산서구,(10387) 경기도 고양시 일산서구 주화로 84 (주엽동) 501호 (남수프라자),126.7589388,37.67037693,
1973,우리전산학원,경남 창원시 마산회원구,"(51245) 경상남도 창원시 마산회원구 내서읍 호원로 180 2층, 3층",128.522499,35.24997693,
1974,주식회사대산전기직업전문학교,경기 고양시 일산동구,"(10402) 경기도 고양시 일산동구 장항동 중앙로1261번길 19(호수광장빌딩) 3층 301,303,304호(장항동)",126.7728496,37.6582959,
1975,한성아이디디자인스쿨학원,서울 강남구,"(06097) 서울특별시 강남구 선릉로 614(삼성동, 종원빌딩) 2층",127.043647,37.5117145,
1976,미토직업전문학교,부산 부산진구,"(47289) 부산광역시 부산진구 중앙대로 687-1 동일빌딩 4층, 5층",129.0586752,35.15411204,
1977,순천향림실버빌,전남 순천시,(57922) 전라남도 순천시 조비길 298 순천향림실버빌,127.4606386,34.9909626,
1978,목포성심요양병원,전남 목포시,(58604) 전라남도 목포시 영산로844번길 13 (대양동) 목포성심요양병원,126.4237926,34.83793277,
1979,동방커피전문학원,강원 강릉시,(25504) 강원도 강릉시 임영로 215-1 (교동) 동방직업전문힉교 4층,128.891783,37.76048708,
1980,성모간호학원,전북 정읍시,(56165) 전라북도 정읍시 충정로 175-1 (장명동 새마을금고) 3층,126.8608608,35.56623405,
1981,중부산업기술학원,충남 천안시 서북구,"(31110) 충청남도 천안시 서북구 성정공원5로 35 (성정동 메트로죤) 603,604,606호(성정동)",,,
1982,주식회사인천직업능력개발원,인천 미추홀구,"(22135) 인천광역시 미추홀구 주안로 108 (주안동 경향빌딩) 13층 1302호, (주)인천직업능력개발원",126.6818678,37.46370594,
1983,용인도시공사,경기 용인시 처인구,(449925) 경기도 용인시 처인구 금령로 47 ,,,
1984,굿아이컴퓨터학원,대전 서구,(35385) 대전광역시 서구 가수원로 97 금원빌딩 301호,127.3495785,36.30269618,
1985,동아예술실용전문학교,서울 영등포구,(07290) 서울특별시 영등포구 경인로 727 (문래동2가 종도빌딩) 2층,126.8943106,37.51253855,
1986,(주)프롬스(일학습병행),전남 광양시,(545875) 전라남도 광양시 제철로 1800 (금호동),127.7247465,34.92267297,
1987,(주)포렌,전남 광양시,(545875) 전라남도 광양시 제철로 1800 ,,,
1988,주식회사 알토켐,경기 용인시 처인구,(449832) 경기도 용인시 처인구 이동면 화산로101번길 6 1층,127.2139876,37.14661367,
1989,엠비씨(MBC)아카데미 컴퓨터교육센터 수원점,경기 수원시 팔달구,"(16455) 경기도 수원시 팔달구 덕영대로 899 (매산로1가 세진브론즈빌) 301호,305~310호,314호,315호",127.0002551,37.26807232,
1990,영일엔지니어링(주),대구 달성군,(42921) 대구광역시 달성군 다사읍 세천로8길 40 영일엔지니어링(주),128.4724577,35.86987586,
1991,현대평생교육원,경남 김해시,"(50926) 경상남도 김해시 가락로7번길 32 1층 일부, 2층 일부/ 실습장 김해시 한림면 안하리 112-1, 123-1, 115-1(2분의 1)",128.8790744,35.22708595,
1992,(주)대한항공,서울 강서구,(157712) 서울 강서구 공항동 대한항공 1370,,,
1993,삼성카드(주),서울 중구,(04514) 서울특별시 중구 세종대로 67 (태평로2가) 삼성본관빌딩,126.97539,37.56231075,
1994,순천성가롤로병원,전남 순천시,(540719) 전라남도 순천시 순광로 221 ,,,
1995,광주북구여성인력개발센터,광주 북구,(500862) 광주광역시 북구 중가로 43 광주YWCA 1층.,126.905068,35.15973659,
1996,(주)포스코이앤씨,경북 포항시 북구,(37745) 경상북도 포항시 북구 중흥로 307 (죽도동 포스코건설 엔지니어링센터) 포스코건설,129.3631523,36.02981867,
1997,한국해양수산연수원,부산 영도구,(606806) 부산광역시 영도구 해양로 367 한국해양수산연수원,129.077033,35.07714693,
1998,(주)에이치제이중공업기술연수원,부산 남구,(48481) 부산광역시 남구 8부두로 65-36 (감만동) (주)에이치제이중공업 기술연수원,,,
1999,앰코테크놀로지코리아(주),인천 계양구,(21107) 인천광역시 계양구 아나지로 110 (효성동 앰코테크놀로지코리아(주)) 인천광역시 계양구 아나지로 110(효성동),126.704616,37.52475362,
2000,(주) 피에스씨,경북 포항시 남구,(37685) 경상북도 포항시 남구 대잠동 대이로9번길 8 2층(대잠동),129.3428768,36.01635006,
2001,한국타이어(주)금산공장,충남 금산군,(312706) 충청남도 금산군 금강로 1 한국타이어(주) 금산공장,127.5308489,36.11508364,
2002,한국건설엔지니어링협회,서울 강남구,(06296) 서울특별시 강남구 남부순환로 2714 (도곡동 한국건설기술관리협회) 1층,127.0428055,37.48535369,
2003,삼익전자산업(주),충남 천안시 서북구,(331821) 충청남도 천안시 서북구 입장면 연곡길 101 ,,,
2004,에이지씨화인테크노한국주식회사,경북 구미시,(39168) 경상북도 구미시 첨단기업로 178 (산동읍) 에이지씨화인테크노한국주식회사,128.4502353,36.14884746,
2005,더존평생교육원,서울 강남구,(135080) 서울특별시 강남구 역삼동 831-3 한국빌딩 9층,127.0300212,37.49470965,
2006,노원여성인력개발센터,서울 노원구,(01834) 서울특별시 노원구 공릉로 187 건설빌딩 5층,127.0788243,37.62635811,
2007,충북여성인력개발센터,충북 청주시 상당구,(28715) 충청북도 청주시 상당구 영운로 160-1 (서운동 경동빌딩) 2~3층.,127.4925032,36.6282384,
2008,고려아연(주) 온산제련소,울산 울주군,(689892) 울산광역시 울주군 이진로 139 ,,,
2009,스마트전자(주),울산 울주군,(689934) 울주군 삼동면 조일리 1406번지,129.0991072,35.49853977,
2010,삼금공업(주),대구 달성군,(43011) 대구광역시 달성군 구지면 국가산단대로33길 248 (화산리),128.3984403,35.6569555,
2011,대구교통공사,대구 달서구,(704808) 대구 달서구 상인1동 1500,128.5407647,35.81924162,
2012,(사)대한전기협회 부설 전력기술교육원,경기 양주시,(11517) 경기도 양주시 권율로1253번길 97-50 (백석읍) 대한전기협회 부설 전력기술교육원,126.9594157,37.80283659,
2013,(주)미래컴퍼니,경기 화성시,(18630) 경기도 화성시 양감면 정문송산로 69-12 (주)미래컴퍼니,126.9830949,37.09983721,
2014,주빌리너싱홈,충남 논산시,(320883) 충청남도 논산시 벌곡면 대둔로 1159-3 ,,,
2015,한국직업전문학원,대구 동구,(41243) 대구광역시 동구 동부로28길 16 (신천동) 3층. 4층 일부. 5층 일부. 6층,,,
2016,강북요양보호사교육원,대구 북구,(702848) 대구광역시 북구 칠곡중앙대로 525 장원빌딩2층             강북요양보호사교육원,128.5503966,35.94248353,
2017,중앙요리학원,대구 중구,"(41943) 대구광역시 중구 달구벌대로 2109-20 (덕산동) 2층, 3층",128.5942804,35.866215,
2018,대구경북직업전문학원,대구 중구,(41937) 대구광역시 중구 국채보상로 582 (남일동 미도빌딩) 14층 1호,128.5942243,35.87060425,
2019,플러스간호학원반월당점,대구 중구,(41943) 대구광역시 중구 달구벌대로 2105 (덕산동 대구은행 반월당지점) 9층 반월당플러스간호학원,128.5939515,35.86582286,
2020,동인간호학원,대구 중구,(41905) 대구광역시 중구 동덕로 196 (동인동1가) 3층.,128.6047496,35.87207737,
2021,뉴존회계학원,대구 중구,(41934) 대구광역시 중구 종로 17 (남성로 남성로두레빌딩) 2층,128.5919433,35.86726422,
2022,구성노인전문요양원,경기 용인시 기흥구,(16914) 경기도 용인시 기흥구 구성1로 28 ,,,
2023,동대문여성인력개발센터,서울 동대문구,"(02583) 서울특별시 동대문구 왕산로 60-1 (용두동) 포은빌딩 6,7층",127.0302208,37.57703284,
2024,(재)BBS실용전문학교,경기 부천시,(14644) 경기도 부천시 부천로2번길 29 (심곡동 BBS 미용학원) 1층~5층,126.7844082,37.48420338,
2025,중랑여성인력개발센터,서울 중랑구,(131861) 서울특별시 중랑구 망우로32길 20 (대림빌딩) 3층,127.0764918,37.59292437,
2026,미소꽃예술학원,서울 서초구,"(06802) 서울특별시 서초구 청계산로 203 (신원동) 304,305호",127.0562446,37.44724517,
2027,동탄간호학원,경기 화성시,"(18478) 경기도 화성시 동탄오산로 82 동탄역퍼스트프라자 804,805호",127.097057,37.19805161,
2028,(주)잡모아,서울 양천구,(08020) 서울특별시 양천구 오목로 180 (신정동 평화빌딩) 4층,126.8573459,37.52489641,
2029,대산전기학원,서울 동작구,(06928) 서울특별시 동작구 노량진로 104 (노량진동 리더스타워) 13층 대산전기학원,126.937619,37.51281369,
2030,미래탑간호학원,대구 북구,(41423) 대구광역시 북구 학정로 429 502호,128.5630093,35.94314927,
2031,푸른조경기술학원,경북 경주시,(38133) 경상북도 경주시 금성로395번길 32 (성건동 천마축우회) 2층/야외실습장:효현동572-4(942.8 제곱미터),129.20333,35.85303325,
2032,경주굿모닝간호학원,경북 경주시,(38097) 경상북도 경주시 원화로 442 (용강동) 3층,129.2207495,35.8597499,
2033,안동제일평생교육원,경북 안동시,(36623) 경상북도 안동시 경동로 159 (송현동) 3층,128.6791372,36.57493368,
2034,탑간호학원,인천 부평구,"(21404) 인천광역시 부평구 경원대로 1404 (부평동 그랑프리 빌딩) 7층 704호,705호,711호",126.7251612,37.49070127,
2035,하이미디어아카데미인재개발원,서울 종로구,"(03163) 서울특별시 종로구 인사동길 12 7층, 15층",126.9872155,37.5718363,
2036,(주)영림원 소프트랩,서울 강서구,(157779) 서울특별시 강서구 양천로 583 우림블루나인 A동 23층,126.8644245,37.55716923,
2037,유한회사솔라엣지테크놀로지스코리아,경기 성남시 분당구,"(13529) 경기도 성남시 분당구 백현동 분당내곡로 131 7층, 판교테크원타워2",127.1120972,37.39538998,
2038,한국섬유산업연합회,서울 강남구,(135713) 서울 강남구 섬유센타빌딩 944-31번지  섬유센터 16층,127.0605738,37.50737565,
2039,명문제약주식회사,서울 강남구,(135270) 서울 강남구 도곡동 946-18 명문빌딩 4층,127.03297,37.48829385,
2040,(주)이건홀딩스,인천 미추홀구,(22107) 인천광역시 미추홀구 도화동 염전로 91 (주)이건홀딩스,126.657163,37.48276208,
2041,대보건설(주),경기 화성시,(445390) 경기 화성시 진안동 914-2번지,127.0424484,37.21458044,
2042,(주)삼립식품,경기 시흥시,(429848) 경기도 시흥시 공단1대로 101 ,,,
2043,보그워너충주(주),충북 충주시,(380871) 충청북도 충주시 대소원면 기업도시2로 131 ,,,
2044,중소벤처기업진흥공단 호남연수원,광주 북구,(61140) 광주광역시 북구 동문대로456번길 40 ,,,
2045,도양기업(주),전남 여수시,(59678) 전라남도 여수시 시청로 64 (학동) 3층,127.6630407,34.76723926,
2046,한국보석학원,서울 종로구,(03140) 서울특별시 종로구 수표로 115-1 (낙원동 젬누리빌딩) 한국보석학원 2~5층,,,
2047,(사)충주YWCA요양보호사교육원,충북 충주시,(27366) 충청북도 충주시 천변로 163 (교현동) 3층 301호,127.9265375,36.9770083,
2048,굿모닝뷰티아카데미학원,충북 청주시 상당구,"(28510) 충청북도 청주시 상당구 교동로3번길 45 (북문로2가) (2,3,4,5,6층)",127.4904488,36.63932154,
2049,현대중장비운전전문학원,경기 파주시,"(10808) 경기도 파주시 임진나루길 253-24 (문산읍) 임진나루길253-22, 임진리63-6,63-7",126.793093,37.8821837,
2050,(사)차세대융합콘텐츠산업협회,서울 금천구,"(08506) 서울특별시 금천구 가산디지털2로 98(가산동, IT캐슬) 1동 217호",126.88057,37.47673766,
2051,전주애견미용학원,전북 전주시 덕진구,(561801) 전라북도 전주시 덕진구 팔달로 363-6 전주애견미용학원,127.1368424,35.83249337,
2052,사천희망요양보호사교육원,경남 사천시,(52521) 경상남도 사천시 정동면 진삼로 1396-13 2층,128.0849392,35.0758282,
2053,한국폴리텍대학 서울강서캠퍼스,서울 강서구,(157010) 서울특별시 강서구 우장산로10길 112 ,,,
2054,노인요양시설엔젤/엔젤재가노인복지센터,경북 구미시,(39112) 경상북도 구미시 선산읍 교리2길 3 노인요양시설엔젤/엔젤재가노인복지센터,128.3024144,36.25018887,
2055,영남인재교육원,대구 서구,"(703802) 대구광역시 서구 서대구로 30 (내당동, 3층)",128.5571158,35.86054685,
2056,인동제일간호학원,경북 구미시,(730932) 경상북도 구미시 인동가산로 9-3 7층,128.4184905,36.10792872,
2057,구미직업능력개발학원,경북 구미시,"(730903) 경상북도 구미시 1공단로7길 86-9 공단동,3층",128.3783801,36.10987381,
2058,(주)한국정밀,경남 창녕군,(50307) 경상남도 창녕군 대합면 대합산업단지로 38-56(한국정밀) 한국정밀,128.4397134,35.61115863,
2059,이루컴퓨터아트학원,대구 달서구,(42748) 대구광역시 달서구 월배로 231 (상인동) 2층,128.5384544,35.81935226,
2060,나무바버,경기 수원시 영통구,(16514) 경기도 수원시 영통구 광교중앙로 180 (하동 광교 효성해링턴 타워 레이크) 107호,127.0611394,37.2886555,
2061,인천더조은컴퓨터아트학원,인천 부평구,(21404) 인천광역시 부평구 경원대로 1366 (부평동 스테이션 타워) 702~704호 전체,126.720581,37.49089764,
2062,오토플러스(주),서울 영등포구,"(07212) 서울특별시 영등포구 선유동2로 57(양평동4가, 이레빌딩) 신관 11층",,,
2063,(재)영진 영진산업직업전문학교,경남 김해시,(50962) 경상남도 김해시 분성로172번길 16 (외동) 김해직업훈련원,128.8662745,35.22831908,
2064,멀티캠퍼스 원격평생교육원,서울 강남구,(06152) 서울특별시 강남구 언주로 508 (역삼동 공무원연금공단) 12층,,,
2065,(주)드림씨아이에스,서울 종로구,(110756) 서울 종로구 적선동 적선현대빌딩 10층 10호,126.9731891,37.57531139,
2066,태백요리제과제빵커피직업전문학교,강원 태백시,(26006) 강원도 태백시 만남길 8 (황지동) 1~2층,128.9852639,37.1775655,
2067,제일공과학원,대구 남구,(705817) 대구시 남구 대명2동(대명동) 1801-4번지 4층,128.5890075,35.85660656,
2068,가람컴퓨터회계학원,경북 경산시,(38655) 경상북도 경산시 대학로12길 21-2 (정평동) 2층,,,
2069,(주)한솔스틸,충남 당진시,(343814) 충청남도 당진시 신평면 샛터로 257 ,,,
2070,인비뷰티아카데미학원,경기 파주시,"(10908) 경기도 파주시 경의로 1042 (야당동) 더진빌딩 5층 504호, 507호, 508호",126.7598173,37.71029136,
2071,전주컴퓨터학원,전북 전주시 완산구,(55132) 전라북도 전주시 완산구 난전들로 266 (삼천동1가) 301호,,,
2072,갑천하중국어전문학원,대전 서구,(35229) 대전광역시 서구 둔산로31번길 61 (둔산동) 정일빌딩 4층,127.3771589,36.35454725,
2073,굿윌치과병원하단,부산 사하구,"(604850) 부산광역시 사하구 낙동남로 1412 경부빌딩 2,3,5,6층",128.9660206,35.10556205,
2074,군포간호조무사학원,경기 군포시,"(435842) 경기도 군포시 군포로 745 (산본동, 9층)",126.9429233,37.37178267,
2075,한국아파트경리전문학원,인천 부평구,(21404) 인천광역시 부평구 경원대로 1358-1 (부평동) 2층(일부),,,
2076,쓰리디프린팅교육학원,서울 구로구,(152790) 서울특별시 구로구 디지털로 288 202호,126.8953701,37.48359962,
2077,(주)나라기술단,서울 강남구,(135995) 서울특별시 강남구 논현로142길 34 ,,,
2078,(주)이지홀딩스,서울 강남구,(135754) 서울특별시 강남구 역삼1동 837-11 유니온빌딩 3층,127.0312184,37.49098826,
2079,(주)금화피에스시 발전정비교육원,충남 당진시,(343913) 충남 당진군 우강면 세류리 231-9,126.7670955,36.83617586,
2080,주식회사하나은행,대전 중구,(34903) 대전광역시 중구 계룡로 820 (오류동) 3층,127.4068271,36.32655062,
2081,(주)패커드코리아,충남 천안시,(330815) 충남 천안시 직산면 부송리 152-15번지,127.1298088,36.87900859,
2082,(주)와이투솔루션,경기 화성시,(18530) 경기도 화성시 팔탄면 율암길 223 유양디앤유,126.88335,37.16396935,
2083,해운대여성인력개발센터,부산 해운대구,(48088) 부산광역시 해운대구 해운대로 575 (우동 국제빌딩) 6~8층,129.1543888,35.16128076,
2084,영등포여성인력개발센터,서울 영등포구,"(07251) 서울특별시 영등포구 영중로 61 (영등포동6가 극동방송) 4,5층",126.9045347,37.52176464,
2085,숙명패션디자인학원,대전 서구,(35240) 대전광역시 서구 둔산로123번길 15 501호,127.3872948,36.35182961,
2086,쑤제가구학원,부산 부산진구,(47143) 부산광역시 부산진구 당감로 94 지하1층 쑤제 가구 학원,129.0384835,35.16986283,
2087,제주건축기술학원,제주 제주시,(63337) 제주특별자치도 제주시 신촌서5길 12-1 (조천읍) 1층 .,126.6150544,33.53003258,
2088,에이콘아카데미 홍대학원,서울 마포구,"(04038) 서울특별시 마포구 양화로 122 (서교동 LAB7) 3,4층 일부",126.9204491,37.55412225,
2089,한국민간교육개발원,경기 성남시 분당구,(13637) 경기도 성남시 분당구 성남대로 34 (구미동 하나프라자빌딩) 702호,127.1095213,37.33879068,
2090,부평유설희간호학원,인천 부평구,"(21394) 인천광역시 부평구 부평대로 6 (부평동 대신스카이프라자) 901호,902호 전체",126.7236414,37.49195908,
2091,(주)서해테크,전북 완주군,(565902) 전라북도 완주군 봉동읍 둔산1로 38 ,,,
2092,한빛요양보호사교육원,대전 중구,(34916) 대전광역시 중구 보문로260번길 12 (대흥동) 1층,127.4227371,36.32572079,
2093,휴먼테크(주),충남 논산시,(32907) 충청남도 논산시 상월면 상월로 82-38 휴먼테크(주),127.1507728,36.2874449,
2094,엘리트컴퓨터아카데미,울산 남구,(44611) 울산광역시 남구 대학로 82 3층,129.259704,35.54212762,
2095,홍주제과기술학원,충남 홍성군,(350806) 충청남도 홍성군 홍성읍 의사로64번길 9-5 B  L 1층,126.6726391,36.60311364,
2096,중앙요리학원,충남 서산시,(356819) 충청남도 서산시 중앙로 118 중앙요리학원,126.461936,36.77640112,
2097,김경묘요리제과제빵학원,부산 동래구,(47891) 부산광역시 동래구 안락동 충렬대로428번길 1 6층,129.1051395,35.19616372,
2098,울산도배타일기술학원,울산 중구,(44500) 울산광역시 중구 반구동 반구정14길 12(울산도배타일기술학원) 1~5층,129.3429732,35.5580936,
2099,한국요리학원,경기 안산시 단원구,(15360) 경기도 안산시 단원구 당곡로 10 (고잔동 제일빌딩) 303동 308호,126.8337732,37.3177872,
2100,한국아파트회계전문학원,경기 수원시 팔달구,(442081) 경기 수원시 팔달구 매산로1가 57-104 새수원빌딩 401호,127.0016193,37.26607206,
2101,김해대학교,경남 김해시,(621706) 경상남도 김해시 삼안로112번길 198 김해대학교,128.9132165,35.25320737,
2102,(주)진인프라,서울 송파구,"(05697) 서울특별시 송파구 가락로16길 3-20(석촌동, 진인프라빌딩) 진인프라빌딩",,,
2103,(주)메디플러스 요양보호사교육원,서울 송파구,(05667) 서울특별시 송파구 송파대로 408 (송파동 하림빌딩) 301호,,,
2104,대성회계실무학원주식회사,서울 동대문구,(02490) 서울특별시 동대문구 왕산로 225 (청량리동 미주상가) A동502호,127.0471479,37.58210924,
2105,통영충무간호학원,경남 통영시,(53035) 경상남도 통영시 무전대로 17 2층,128.4227084,34.86057896,
2106,정상컴퓨터전산회계학원,경기 부천시,(14641) 경기도 부천시 부천로 34 (심곡동 김흥균산부인과) 3층,126.7837395,37.48716163,
2107,강남구여성능력개발센터,서울 강남구,"(06143) 서울특별시 강남구 봉은사로 320(역삼동, 강남구함께나눔센터) 4~7층",127.0419136,37.50951864,
2108,전북공과기술학원,전북 완주군,"(55342) 전라북도 완주군 삼례역로 22 (삼례읍) 3,4층",127.0707287,35.90948306,
2109,청어람컴퓨터학원,경북 영주시,(750910) 경북 영주시 영주2동 528-1번지 3층,128.6211099,36.82448703,
2110,성심미용예술직업전문학교,부산 부산진구,"(47291) 부산광역시 부산진구 서전로10번길 28(부전동, 오기빌딩) 8층,9층일부",129.0599109,35.15674974,
2111,한국열관리냉동기술학원,대전 동구,(34628) 대전광역시 동구 대전로 799 (중동) 주원빌딩 5층,127.4324867,36.33068762,
2112,구리간호학원,경기 구리시,"(11925) 경기도 구리시 경춘로 166-1 (교문동 구리간호학원) 2층,3층,4층,5층",127.1337304,37.60036192,
2113,김상엽제과제빵학원,서울 도봉구,(01447) 서울특별시 도봉구 노해로60길 86 (쌍문동) 김상엽제과제빵학원1층~ 3층,,,
2114,동양컴퓨터회계학원,전북 전주시 완산구,(560809) 전라북도 전주시 완산구 삼천천변1길 17 신정빌딩 203호 동양컴퓨터학원,127.1125321,35.79581011,
2115,씨유미용학원,부산 동래구,(47818) 부산광역시 동래구 명륜로 65 (수안동) 2층,129.0841136,35.19991532,
2116,대전미용직업전문학교,대전 중구,"(301838) 대전광역시 중구 중앙로 153-1 운성빌딩 6층, 7층",127.4266531,36.32907733,
2117,서울특별시남부여성발전센터,서울 금천구,(153030) 서울특별시 금천구 독산로50길 23 서울특별시남부여성발전센터,126.9060358,37.46307513,
2118,(주)이디엠에듀케이션(일학습병행),서울 서초구,(06614) 서울특별시 서초구 강남대로 415 대동빌딩 13층,127.0262458,37.49945869,
2119,(주)데어리젠,강원 원주시,(220805) 강원도 원주시 문막읍 문막공단길 170 (주)데어리젠,127.8068475,37.29239086,
2120,크리스챤쇼보미용직업전문학교주식회사,경남 창원시 성산구    ,"(51514) 경상남도 창원시 성산구 용지로127번길 13 (1,2,3층 중앙동)",128.6787917,35.22765401,
2121,남구동아간호학원,광주 남구,"(61660) 광주광역시 남구 독립로 4 (백운동,3층일부,4층전체)",126.9017415,35.13391018,
2122,한국지엠(주),인천 부평구,(21334) 인천광역시 부평구 청천동 부평대로 233(한국지엠주식회사) 한국지엠(주),126.7146381,37.51025458,
2123,한국폴리텍특성화대학 항공캠퍼스,경남 사천시,(52549) 경상남도 사천시 대학길 46 (이금동 한국폴리텍대학 항공캠퍼스) .,128.1074855,34.94828744,
2124,종로전기학원,서울 동대문구,"(02579) 서울특별시 동대문구 왕산로9길 8 (용두동 충호빌딩) 401호, 703호",127.0280248,37.57753788,
2125,남경성요리제빵커피직업전문학교,강원 원주시,(220944) 강원 원주시 단구동 남원로528-21  3층,127.9489949,37.3299654,
2126,신명디자인컴퓨터학원,경기 광명시,(14263) 경기도 광명시 오리로 947 인터스프라자 7층,126.8577306,37.47815341,
2127,케이이티솔루션주식회사,경기 파주시,(413863) 경기도 파주시 파주읍(파주읍) 향양리 701-2번지,126.8038179,37.85466073,
2128,레코드팩토리학원,서울 서초구,(06719) 서울특별시 서초구 서초동 효령로52길 57 1층~3층 (서초동),127.0131365,37.48171096,
2129,코오롱인더스트리(주),경북 구미시,(730030) 경상북도 구미시 공단동 212번지 주)코오롱,128.3685454,36.10757131,
2130,팬오션 주식회사,서울 종로구,"(03157) 서울특별시 종로구 종로5길 7 팬오션 주식회사 (청진동, Tower8)",126.980526,37.5706189,
2131,한화솔루션(주)여수,전남 여수시,(555210) 전남 여수시 평려동 287-9,127.6663132,34.82126834,
2132,한화솔루션(주)중앙연구소,대전 유성구,(305804) 대전 유성구 신성동 ,,,
2133,대구가톨릭대학교 인재개발교육원,경북 경산시,(712902) 경상북도 경산시 하양읍 하양로 13-13 최요한관 403호,128.8104773,35.90857142,
2134,파워텔 수원전기학원,경기 수원시 팔달구,"(16435) 경기도 수원시 팔달구 덕영대로 693(화서동, 풍성프라자) 1003~1004호",126.9901964,37.28492004,
2135,충북보건과학대학교산학협력단,충북 청주시 청원구,(28150) 충청북도 청주시 청원구 내수읍 덕암길 10(충북보건과학대학교) 산학협력단,127.5542153,36.7001747,
2136,솔로몬회계학원,서울 송파구,(05668) 서울특별시 송파구 송파동 가락로 147(송현빌딩) 3층,127.1117896,37.50270844,
2137,주식회사 아이랙스,경북 포항시 남구,(790827) 경상북도 포항시 남구 포스코대로 321 ,,,
2138,에이치엠엠오션서비스(주),부산 중구,(600013) 부산광역시 중구 중앙대로 63 부산우체국보험회관 7층,129.0358963,35.10336472,
2139,영남전기기술교육원,경남 밀양시,(50417) 경상남도 밀양시 단장면 표충로 64-12(영남전기기술교육원) 영남전기기술교육원,128.8470697,35.50923884,
2140,인천커피제과제빵평생교육원,인천 부평구,(21390) 인천광역시 부평구 부평동 부흥로294번길 4(추인타워) 6층 601-602 일부,126.7242878,37.49819265,
2141,본커스텀직업전문학원,부산 사상구,(617807) 부산광역시 사상구 사상로 180 5층 본커스텀직업전문학원 사상역지점,128.9856001,35.16141317,
2142,코리아IT아카데미,서울 강남구,"(06236) 서울특별시 강남구 테헤란로 146 (역삼동 현익빌딩) 3,4층",127.0353834,37.49993406,
2143,중앙애견미용학원,경기 성남시 중원구,"(13373) 경기도 성남시 중원구 둔촌대로 105 (성남동) 3,4층",127.1306532,37.42955555,
2144,세중에듀평생교육원,서울 양천구,(08022) 서울특별시 양천구 오목로48길 13 (신정동) 지층(신정동)(신정동),126.8630932,37.52465107,
2145,(주)휴온스,경기 성남시 분당구,(13486) 경기도 성남시 분당구 판교로 253 C동 902호,127.1016053,37.40349926,
2146,예향원,충북 영동군,(29119) 충청북도 영동군 추풍령면 신안로 448 ,,,
2147,의료법인구암의료재단시티병원,경북 포항시 북구,(791260) 경북 포항시북구 장량동(장성동) 1495-1번지  B  L,129.3851215,36.08745168,
2148,군산종합중장비학원,전북 군산시,(573430) 전라북도 군산시 번영로 325 ,,,
2149,탑평생교육원,경기 파주시,(413826) 경기도 파주시 후곡로 3 현인메트로4층(구. 금촌동 952-6 금촌로타리),126.773815,37.75708798,
2150,사회복지법인 연꽃,경남 함양군,(676803) 경상남도 함양군 함양읍 함양로 983-17 ,,,
2151,공주대학교평생교육원,충남 공주시,(314712) 충청남도 공주시 우금티로 753 공주대학교 옥룡캠퍼스 평생교육원,127.1326785,36.45158613,
2152,박예정x라채움 꽃 예술학원,부산 남구,(48411) 부산광역시 남구 전포대로 108 (문현동) 2층 박예정x라채움꽃예술학원,129.0670359,35.14628303,
2153,춘천직업전문학교,강원 춘천시,(24374) 강원특별자치도 춘천시 공지로 257 (효자동) 3~4층,,,
2154,서울특별시 북부기술교육원,서울 노원구,(139831) 서울특별시 노원구 덕릉로70가길 81 서울특별시북부기술교육원,127.0580493,37.64224479,
2155,(주)오토닉스,부산 해운대구,(48002) 부산광역시 해운대구 반송로513번길 18 (주)오토닉스,129.1192194,35.21966325,
2156,한국알프스 주식회사,광주 광산구,(506732) 광주광역시 광산구 하남산단5번로 33 한국알프스 주식회사,126.7983021,35.19748684,
2157,롯데정밀화학(주),울산 남구,(680090) 울산시남구여천동 190번지,129.3583071,35.53421321,
2158,케이오씨(주),울산 울주군,(689896) 울산광역시 울주군 온산읍 화산리 749-4,129.3331979,35.43127814,
2159,SK(주),경기 성남시 분당구,(463867) 경기 성남시 분당구 정자동 25-1 SKu-타워,,,
2160,한국보훈복지의료공단,강원 원주시,"(26465) 강원특별자치도 원주시 혁신로 40(반곡동, 한국보훈복지의료공단) 한국보훈복지의료공단",127.9777804,37.32345439,
2161,대한건설협회,서울 강남구,(06050) 서울특별시 강남구 언주로 711 (논현동 건설회관) 7층,,,
2162,건설공제조합건설경영연수원,충북 충주시,(27453) 충청북도 충주시 감노로 1939 (노은면) 건설공제조합건설경영연수원,127.8110424,37.04388811,
2163,한국가스안전직업전문학교,인천 미추홀구,"(22164) 인천광역시 미추홀구 경인로 126 (숭의동) (2층,3층,4층 일부)(본관)/(별관)인천광역시 미추홀구 수봉로 8(숭의동)(3층,4층)",126.6566744,37.4657882,
2164,애림직업전문학교,전북 익산시,(54629) 전라북도 익산시 보석로 94 애림직업전문학교,126.972957,35.94703962,
2165,참조은치과병원,충북 청주시 흥덕구,(361823) 충청북도 청주시 흥덕구 분평동 1230번지,127.4847793,36.61051785,
2166,정일금형정공(주),경기 의왕시,(16071) 경기도 의왕시 맑은내길 90-12 (오전동 정일금형정공주식회사) 정일금형정공(주),126.9654197,37.35624944,
2167,평화기공(주),대구 달성군,(711855) 대구광역시 달성군 논공중앙로 395 ,,,
2168,한국유나이티드제약(주),충남 연기군,(339841) 충남 연기군 전동면 노장리 404-10,127.2668881,36.66059024,
2169,농업회사법인(주)농우바이오,경기 수원시 영통구,(443370) 경기도 수원시 영통구 중부대로368번길 8-12 1197-4,127.0551623,37.27188117,
2170,(주)넥센,경남 김해시,(621914) 경상남도 김해시 김해대로 2595 ,,,
2171,(주)신성사,경남 김해시,(621801) 경상남도 김해시 서부로 210 ,,,
2172,수성간호학원,대구 수성구,"(42030) 대구광역시 수성구 달구벌대로 2513 (범어동) 2층 일부, 3층 일부",128.6374746,35.8590207,
2173,부천혜림원,경기 부천시,(422821) 경기 부천시 심곡본동 523-99번지,126.7886575,37.48090452,
2174,(주)현대케피코,경기 군포시,(15849) 경기도 군포시 고산로 102 (당정동 케피코(주)) 주식회사 현대케피코,126.9599253,37.35194973,
2175,한국신동공업(주),대구 달성군,(711855) 대구광역시 달성군 논공읍 논공로91길 13 한국신동공업,128.4692997,35.73311867,
2176,삼진정공(주),충남 천안시,(330891) 충남 천안시 동남구 성남면 석곡리 20번지,127.2339667,36.73386516,
2177,하이에어코리아(주),경남 김해시,(621881) 경상남도 김해시 진례면 고모로324번길 204 ,,,
2178,한국전기공업협동조합,경기 성남시 분당구,"(13509) 경기도 성남시 분당구 야탑로 338 (야탑동 한국전기공업협동조합) 1층, 3층",127.1555198,37.40694688,
2179,한국투자증권(주),서울 영등포구,(07321) 서울특별시 영등포구 의사당대로 88 ,,,
2180,한국미우라공업(주),서울 영등포구,(150835) 서울 영등포구 문래동3가 55-20번지 에이스하이테크시티 3-701,126.8986959,37.51492112,
2181,지에스칼텍스 주식회사,서울 강남구,(135985) 서울특별시 강남구 역삼1동 GS강남타워 ,,,
2182,한국표준협회 인천지역본부 ,인천 남동구,(21633) 인천광역시 남동구 남동대로215번길 30 (고잔동 인천종합비즈니스센터) 6층,126.6962035,37.40477357,
2183,한국표준협회 전북지역본부,전북 전주시 완산구,(54969) 전라북도 전주시 완산구 홍산로 276 (효자동3가) 전주상공회의소 4층,127.1063994,35.81813953,
2184,한국표준협회 대구경북지역본부,대구 동구,(41256) 대구광역시 동구 신천동 동대구로 489(대구무역회관) 2층,128.6250281,35.87402198,
2185,한국표준협회 울산지역본부,울산 북구,(683804) 울산광역시 북구 산업로 915 울산경제진흥원2층,129.3601329,35.57134544,
2186,뜻과사람평생교육원,전북 전주시 완산구,(55048) 전라북도 전주시 완산구 따박골9길 33-7 1층 4호,127.1304531,35.80963565,
2187,커피인바리스타학원,인천 부평구,"(21404) 인천광역시 부평구 경원대로 1358 (부평동) 4층, 5층 전체",126.7196419,37.49103956,
2188,다올컴퓨터아카데미평생교육원,경기 광명시,(14262) 경기도 광명시 광명로 890 (광명동 대명프라자) 8층,126.8543727,37.47823933,
2189,진평생교육원,부산 부산진구,(47126) 부산광역시 부산진구 성지로83번길 12 (초읍동) 2층,129.0529244,35.1776665,
2190,한국원자력의학원,서울 노원구,(01812) 서울특별시 노원구 노원로 75 215-4,127.0822134,37.62830199,
2191,(주)삼진엘앤디,경기 화성시,(445813) 경기도 화성시 동탄면 영천리 494-3,,,
2192,(주)디오,부산 해운대구,(612020) 부산 해운대구 우동 1464번지,129.1266373,35.17350341,
2193,백운이용학원,인천 부평구,(21413) 인천광역시 부평구 백운로45번길 10 (십정동) 백운이용학원 1층~2층 전체(십정동),,,
2194,한빛간호조무사학원,서울 양천구,(07945) 서울특별시 양천구 오목로 217 (신정동) 4층 일부,,,
2195,광주연세요양병원,광주 북구,(500804) 광주광역시 북구 동림동 703번지,126.8597094,35.17660074,
2196,(주)서울유니에듀,부산 연제구,"(47598) 부산광역시 연제구 월드컵대로 83 (연산동) (연산동,케이티앤지)2층 203호",129.0831673,35.18174653,
2197,사회복지법인 에벤에셀,경남 합천군,(678883) 경상남도 합천군 야로면 가야산로 728 ,,,
2198,만월노인요양원,경남 통영시,(650943) 경상남도 통영시 산양읍 미륵산길 212 ,,,
2199,동의과학대학교(과정평가형),부산 부산진구,(47230) 부산광역시 부산진구 양지로 54 동의과학대학교 DIT교육인증원,129.0715905,35.16627393,
2200,목포과학대학교,전남 목포시,(530730) 전라남도 목포시 영산로 413-1 목포과학대학교,126.4098759,34.80738099,
2201,한성대학교 IPP사업단,서울 성북구,(02876) 서울특별시 성북구 삼선교로16길 116 한성대학교,127.0102181,37.58270295,
2202,한남대학교,대전 대덕구,(34430) 대전광역시 대덕구 한남로 70 계의돈기념관 1층 119호,127.4214642,36.35424707,
2203,한국폴리텍7대학부산캠퍼스,부산 북구,(46550) 부산광역시 북구 만덕대로155번길 99 한국폴리텍VII대학부산캠퍼스 산학협력처,129.019398,35.21735758,
2204,광주대학교,광주 남구,(503703) 광주광역시 남구 진월동 광주대학교 백인관 6층 산업인력교육원,126.8955228,35.10690928,
2205,911직업능력교육원,대구 달서구,(42641) 대구광역시 달서구 달구벌대로 1657 (감삼동) 4층,128.5471992,35.85438479,
2206,옥동컴퓨터학원,경북 안동시,(36660) 경상북도 안동시 경북대로 391 (옥동) 2층,128.70092,36.56419153,
2207,코닝정밀소재(주),충남 아산시,(336725) 충청남도 아산시 탕정면 탕정로 212 코닝정밀소재(주),127.0563976,36.81642934,
2208,집으로요양보호사교육원,경기 의정부시,(11803) 경기도 의정부시 효자로 10 (민락동) 405호 (송산프라자),,,
2209,21세기컴퓨터학원,전남 광양시,(57782) 전라남도 광양시 중마로 171 (중동) 3층,127.6888098,34.940025,
2210,비트캠프 강남학원,서울 강남구,(06134) 서울특별시 강남구 역삼동 강남대로94길 20 삼오빌딩 5~6층,127.0290503,37.49951216,
2211,원광대학교평생교육원,전북 익산시,(54538) 전라북도 익산시 익산대로 460 (신동 원광대학교) 평생교육원,126.9580713,35.96778126,
2212,구로여성인력개발센터,서울 구로구,(08295) 서울특별시 구로구 공원로 63 (구로동 희훈타워빌) 2층,126.888592,37.50209967,
2213,경주패션디자인학원,경북 경주시,"(780948) 경상북도 경주시 원화로 324-1 성동동,3층",129.2172222,35.84953423,
2214,여의패션디자인학원,경북 포항시 남구,"(37662) 경상북도 포항시 남구 대잠길8번길 5 (대잠동) 2층, 3층",129.3386189,36.01073886,
2215,금천요양보호사교육원,서울 금천구,(153858) 서울특별시 금천구 시흥대로 202 대의빌딩 2층,126.9019251,37.45196236,
2216,포항안전학원,경북 포항시 북구,(791843) 경상북도 포항시 북구 양학천로 59 3층,129.3579817,36.02156828,
2217,하이미디어컴퓨터학원,서울 강동구,(05329) 서울특별시 강동구 천호대로 1027 (천호동 동원천호빌딩) 5층 일부,127.1263238,37.53814809,
2218,(주)진학어플라이,서울 종로구,(110062) 서울시 종로구 사직동 (신문로2가) 1-103번지 진학기획빌딩,,,
2219,카페플래닝커피학원,서울 광진구,(05043) 서울특별시 광진구 자양로 124 (구의동) 2층,127.0835214,37.53868061,
2220,(주)한국요양보호사교육원,서울 마포구,(04093) 서울특별시 마포구 토정로 194 (구수동) 창성빌딩 4층,126.9323404,37.54514713,
2221,더큰요양보호사교육원,경기 시흥시,(429861) 경기도 시흥시 중심상가로 178 3층 304호,126.7349198,37.34475228,
2222,서울직업전문학교,서울 종로구,(03113) 서울특별시 종로구 종로 369 4층 전체 및 5층,127.018264,37.57401587,
2223,SJA실용전문학교,서울 마포구,"(04054) 서울특별시 마포구 와우산로25길 6 (서교동 웨스트브릿지) B2,B1,1,3,4층",126.9261195,37.55355846,
2224,한국기술능력개발원,광주 동구,"(61401) 광주광역시 동구 무등로 339(계림동, 호남직업전문학교) 10~11층 일부",126.9200824,35.1616309,
2225,부공산업(주),충남 아산시,(336831) 충청남도 아산시 인주면 인주산단로 123-51 ,,,
2226,한국상하수도협회 부설 평생교육시설,서울 영등포구,(07379) 서울특별시 영등포구 대림로 244 (대림동 성일빌딩) 1~3층 일부(대림동),126.8970961,37.50240492,
2227,(주)국제패션디자인직업전문학교,서울 서초구,(06524) 서울특별시 서초구 강남대로101길 18-14 (잠원동) 서초구 잠원동 12-7,127.0183559,37.51726358,
2228,중앙정보기술인재개발원,서울 강남구,"(06134) 서울특별시 강남구 테헤란로7길 7 에스코빌딩 6,7층",127.030611,37.49957487,
2229,(주)원프랜트기술연수원,충남 보령시,(33416) 충청남도 보령시 배다리길 147 (주교면) 2층,,,
2230,아이엠바리스타 커피학원,서울 강남구,(135935) 서울특별시 강남구 테헤란로4길 38-5 혜정빌딩 2층 아이엠바리스타 커피학원,127.030112,37.49565567,
2231,주식회사 인컴즈,강원 춘천시,(200936) 강원도 춘천시 석사동 818-14,127.7462809,37.85537454,
2232,메디칼간호학원,강원 삼척시,(25922) 강원도 삼척시 척주로 59 (남양동) 2층 (메디칼간호학원),,,
2233,평창직업한옥학교,강원 평창군,(25317) 강원도 평창군 궁항동길 52-14 (용평면) 평창직업한옥학교,128.4422511,37.56014379,
2234,광주광역시남구장애인복지관,광주 남구,(503825) 광주광역시 남구 월산로 33 ,,,
2235,스카니아코리아서울주식회사,서울 강남구,(135701) 서울특별시 강남구 언주로 711 스카니아코리아 서울(주),127.0340788,37.51726048,
2236,서천요리아카데미학원,충남 서천군,(33640) 충청남도 서천군 사곡로28번길 3 (서천읍) 2층,126.6859291,36.08326717,
2237,주식회사 경희정보테크,서울 강서구,(07532) 서울특별시 강서구 양천로 551-24 한화비즈메트로 2차 1011호,126.8621464,37.55889643,
2238,삼천포미래컴퓨터학원,경남 사천시,(52558) 경상남도 사천시 중앙로 105 (벌리동) 3층,,,
2239,파티마간호학원,대구 남구,(42424) 대구광역시 남구 중앙대로 226 (대명동) 2층,128.5908909,35.85335562,
2240,멀티캠퍼스,서울 강남구,"(06220) 서울특별시 강남구 테헤란로 212 (역삼동 멀티캠퍼스) 2~3각층 전체, 5~17각층 전체",127.0395457,37.50121225,
2241,(주)리디아알앤씨,경기 고양시 일산동구,(10410) 경기도 고양시 일산동구 강송로225번길 40 2층,126.779073,37.65771323,
2242,강남동방디자인학원,서울 강남구,(06129) 서울특별시 강남구 강남대로94길 21 (역삼동) 4층 일부,,,
2243,(주)뷰티르샤강남지점(엠비씨아카데미뷰티미용학원),서울 강남구,(06123) 서울특별시 강남구 봉은사로2길 31 1층 일부(역삼동),127.0264203,37.50270645,
2244,동양캐드/전산회계/컴퓨터학원,경남 김해시,(50976) 경상남도 김해시 장유로 188 (부곡동) 센스필 3층 301호 4층 405호,128.8061635,35.20640258,
2245,웰페어평생교육원,경기 고양시 일산서구,(411310) 경기도 고양시 일산서구 일산동 1830 성동빌딩(2층),126.7745192,37.69037348,
2246,숲생태조경인재개발학원,인천 계양구,"(21055) 인천광역시 계양구 계산동 계양대로 166 정우빌딩 3층,5층 (실습지 : 인천광역시 계양구 계산동 949-3 / 인천광역시 계양구 다남동 98-14 1~2층 / 인천광역시 계양구 오류동 145-1)",,,
2247,우리컴퓨터학원,전남 해남군,(536809) 전라남도 해남군 해남읍 중앙1로 83 우리컴퓨터학원,126.6026136,34.57102431,
2248,(사단법인)한국산업기술보호협회,서울 서초구,(06732) 서울특별시 서초구 서운로1길 34 (서초동 (사)한국산업기술보호협회) 해당사항 없음,127.027858,37.48457393,
2249,한국경리실무전문학원,충남 천안시 동남구,(31144) 충청남도 천안시 동남구 대흥로 215 (대흥동) 백자빌딩 301호,127.147194,36.80715362,
2250,제천중앙요리학원,충북 제천시,(390050) 충청북도 제천시 명동 3-7 2층,128.2096455,37.13677541,
2251,경영기술개발원교육센터주식회사,서울 구로구,"(08292) 서울특별시 구로구 구로중앙로34길 33-4(구로동, 영림빌딩) 3층,4층,5층(일부)",126.8846439,37.50100502,
2252,천안중장비학원,충남 천안시 서북구,(31112) 충청남도 천안시 서북구 두정공단1길 69-4 (두정동 천안자동차정비학원) 천안중장비자동차정비학원,127.1575274,36.83570538,
2253,(주)신한서브,서울 강동구,(05398) 서울특별시 강동구 강동대로 143-64 (성내동 스퀘어100) 6층 신한서브,127.1201526,37.52790113,
2254,명성산업설비기술학원,전북 전주시 덕진구,"(54898) 전라북도 전주시 덕진구 기린대로 456 2층,3층",127.1275925,35.84113726,
2255,도봉유디간호학원,서울 도봉구,"(01447) 서울특별시 도봉구 도봉로 463-1 3층, 4층",127.0334305,37.64724511,
2256,(주)유피시앤에스(일학습병행),울산 남구,(44606) 울산광역시 남구 대학로145번길 6 서울산KT 4층,129.2615605,35.54857148,
2257,다사랑요양보호사교육원,울산 남구,"(44633) 울산광역시 남구 북부순환도로 6-1 (무거동) 2층,3층",129.2650346,35.55056976,
2258,엠제빵커피학원,울산 남구,"(44707) 울산광역시 남구 왕생로62번길 7 (달동) 1,2,3층",129.3326665,35.53915365,
2259,복민노인요양원,경남 거창군,(50118) 경상남도 거창군 방촌길 76-17 (가조면 거창복민노인요양원) 복민노인요양원,128.0147732,35.70501414,
2260,참좋은둥지복지센터,경남 진주시,(660998) 경상남도 진주시 하대로34번길 105 둥지노인복지센터2호점,128.1052031,35.19084031,
2261,부모님의집,경남 사천시,(52536) 경상남도 사천시 계양길 59 (사남면 부모님의집) 경상남도 사천시 계양길59,128.1317367,34.98303433,
2262,(주)와이씨텍김해공장,경남 김해시,(621210) 경상남도 김해시 김해대로2596번길 32-100 ,,,
2263,나임발도르프평생교육원,서울 송파구,(05659) 서울특별시 송파구 마천로 76 (오금동 성암빌딩) 5층,127.1285462,37.50726884,
2264,에듀윌편입&국비부평학원,인천 부평구,(21404) 인천광역시 부평구 경원대로 1366 (부평동 스테이션 타워) 303~305호,126.720581,37.49089764,
2265,신공항하이웨이,인천 서구,(22694) 인천광역시 서구 봉수대로 1048 (검암동) 신공항하이웨이(주),,,
2266,(주)다스카손해사정화재해상,서울 용산구,(140150) 서울시 용산구 남영동(갈월동) 101-49 고려빌딩 3층,126.9723879,37.54142517,
2267,(주)씨앤피동양,서울 송파구,(05836) 서울특별시 송파구 법원로11길 7 (문정동 문정현대지식산업센터1-2) C동 1101호,127.1187635,37.48557392,
2268,한양대학교 ERICA,경기 안산시 상록구,(426170) 경기 안산시 상록구 사동 1271 한양대학교,126.8347468,37.29598386,
2269,(주)에어릭스,경북 포항시 남구,(790841) 경상북도 포항시 남구 대송면 철강산단로66번길 10 (주)에어릭스,129.3679578,35.95863635,
2270,진주실버센터,경남 진주시,(660913) 경상남도 진주시 소실길 274 ,,,
2271,이안샘간호학원,경기 안양시 만안구,"(13992) 경기도 안양시 만안구 안양로 318 (안양동, 5층, 7층)",126.9202902,37.40046621,
2272,오산중앙간호학원,경기 오산시,(447802) 경기도 오산시 오산동 879-9번지 대성빌딩 4층,127.0681672,37.14722518,
2273,현대회계경영직업전문학교,대구 중구,"(41909) 대구광역시 중구 중앙대로 462 (한성빌딩 3,5층)",128.5948921,35.8741008,
2274,(주)메디잡 리더스 간호학원(노원점),서울 노원구,(01751) 서울특별시 노원구 노해로 488 (상계동 근호빌딩) 8층 메디잡리더스간호학원,127.0621264,37.65424374,
2275,공동주택경영실무전문학원,부산 사상구,"(46963) 부산광역시 사상구 낙동대로1210번길 90 (괘법동 신명빌딩) 3층,4층,5층",128.981654,35.16702889,
2276,광교간호학원,경기 용인시 수지구,(16943) 경기도 용인시 수지구 광교중앙로 308 (상현동) 803호,127.0698642,37.29723765,
2277,이화지중전기학원,광주 북구,(61122) 광주광역시 북구 서하로245번길 42 (오치동) 2층,126.907624,35.18906843,
2278,목포요양보호사교육원,전남 목포시,(58731) 전라남도 목포시 백년대로 20 (산정동) 2층,,,
2279,이탱크교육(주),경기 성남시 중원구,"(13376) 경기도 성남시 중원구 산성대로80번길 5 (성남동 성진빌딩) 3,4층",127.1281503,37.43272075,
2280,광주보건대학,광주 광산구,(62287) 광주광역시 광산구 북문대로419번길 73 (신창동 광주보건대학교) 평생교육원,126.8455758,35.19070727,
2281,(학교법인)인하대학교,인천 미추홀구,"(22212) 인천광역시 미추홀구 인하로 100 (용현동) / 인천광역시 연수구 갯벌로 36, 인하대학교 항공우주융합캠퍼스 미래인재개발원",126.6534254,37.44984904,
2282,중앙간호학원,경기 안산시 단원구,"(15360) 경기도 안산시 단원구 예술대학로 17 (고잔동 안산중앙노블레스) 801호,802호,812호,813호,818호",126.8364676,37.31859293,
2283,서울시북부여성발전센터,서울 노원구,(139863) 서울특별시 노원구 동일로207길 50 ,,,
2284,국제용접학원,경남 창원시 마산합포구,(51724) 경상남도 창원시 마산합포구 3·15대로 410 2층 국제용접학원,128.5757776,35.21101212,
2285,엘아이지넥스원 주식회사,경북 구미시,(39262) 경상북도 구미시 산호대로 354-25 ,,,
2286,광주공과학원,광주 서구,(61927) 광주광역시 서구 경열로 40 2층 광주공과학원,,,
2287,(주)제로인테리어필름학원,서울 관악구,"(08720) 서울특별시 관악구 봉천로 289 (봉천동 평화빌딩) 2층,3층",126.9333445,37.48737622,
2288,석계간호조무사학원,서울 성북구,(02783) 서울특별시 성북구 화랑로 262 (석관동) 신정빌딩 2층,127.0584342,37.6113322,
2289,연세간호학원,광주 북구,(61133) 광주광역시 북구 서하로 380 6층,126.9215936,35.18542817,
2290,정용우미용전문학원,강원 춘천시,(24338) 강원도 춘천시 공지로 322 2층. 3층,127.7302768,37.86868196,
2291,대성플랜트용접학원,울산 북구,(44254) 울산광역시 북구 염포로 186-1 (진장동) 2층 3층,129.359994,35.56095918,
2292,로뎀나무아래요양보호사교육원,부산 중구,(48941) 부산광역시 중구 중앙대로 78 삼창빌딩 3층,129.0365942,35.10453353,
2293,군포요양보호사교육원,경기 군포시,(435842) 경기도 군포시 당산로 218 2층,126.9394028,37.36955533,
2294,대전전기학원,대전 중구,(34838) 대전광역시 중구 대종로505번길 28 동훈빌딩 3층 301호,127.4236004,36.32886283,
2295,영통경기요양보호사교육원,경기 수원시 영통구,(16703) 경기도 수원시 영통구 봉영로 1587 다모아프라자 702-2,127.0722487,37.25326614,
2296,국제요양보호사교육원,인천 서구,"(22715) 인천광역시 서구 가정동 봉오대로 255 눈빛담은봄, 612호",126.6654275,37.5277115,
2297,한국폴리텍대학 반도체융합캠퍼스,경기 안성시,(17550) 경기도 안성시 공도읍 송원길 41-12 ,,,
2298,한국폴리텍V대학 산학협력단 전남지소,전남 무안군,(534703) 전라남도 무안군 영산로 1854-16 14-1번지,126.4296741,34.92304138,
2299,대성쎌틱에너시스(주),충북 음성군,(369834) 충청북도 음성군 상곡로 55-72 ,,,
2300,현대오일뱅크(주),충남 서산시,(356874) 충남 서산시 대산읍 대죽리 640-6,126.400543,37.00173475,
2301,의료법인굿모닝병원,경기 평택시,(17874) 경기도 평택시 중앙로 338 (합정동) 굿모닝병원,127.120502,36.99052672,
2302,한국일반문화센터,경기 평택시,(17912) 경기도 평택시 평택로32번길 2 (평택동) 3층 일부,127.0883085,36.99055425,
2303,KBC한국비지니스컨설팅(주),서울 금천구,(08507) 서울특별시 금천구 가산디지털1로 168 (가산동 우림라이온스밸리) A동 318호,126.8822934,37.4806858,
2304,서한이노빌리티(주),충북 진천군,(365842) 충청북도 진천군 덕산면 인석로 95-13 ,,,
2305,주식회사아성다이소,서울 강남구,(06297) 서울특별시 강남구 남부순환로 2748 (도곡동 아성(ASUNG)) 아성다이소,127.0470801,37.48654149,
2306,현대로템(주),경남 창원시 의창구    ,(641200) 경남 창원시 대원동 85번지 ,,,
2307,비나텍(주)(일학습병행),전북 전주시 덕진구,(561202) 전라북도 전주시 덕진구 운암로 15 팔복동2가 837-1,127.0862036,35.85924303,
2308,김포간호&중장비학원,경기 김포시,"(10064) 경기도 김포시 석모로16번길 20 (양촌읍) 가동전체, 나동 2층전체",,,
2309,CJCGV(씨제이씨지브이)(주),서울 용산구,(04377) 서울특별시 용산구 한강대로23길 55 (한강로3가 용산역) 아이파크몰 6층(한강로동),126.9648466,37.52980925,
2310,KH정보교육원 종로지원,서울 중구,"(04540) 서울특별시 중구 남대문로 120 (남대문로1가 그레이츠 청계) 2층, 3층",,,
2311,주식회사 케이티디에스,서울 서초구,(06707) 서울특별시 서초구 방배동 효령로 176 kt ds 2층,127.0031662,37.48198536,
2312,(주)경동티에스,서울 영등포구,(150870) 서울특별시 영등포구 국회대로76길 22 ,,,
2313,한국정보보호교육학원,서울 강남구,(06271) 서울특별시 강남구 남부순환로 2645 (도곡동 한독빌딩) 5층 501호,127.0393006,37.48562512,
2314,(주)청호열처리(일학습병행),대구 달성군,(711855) 대구광역시 달성군 논공읍 논공로87길 66 ,,,
2315,재원푸드본사교육센타,서울 서초구,(137867) 서울특별시 서초구 효령로 258 유니온빌딩 2층 (주)재원푸드,127.0124132,37.48396351,
2316,주식회사 엘지화학,서울 영등포구,(150721) 서울특별시 영등포구 여의도동 LG트윈타워 동관25층 인재개발팀,126.9291665,37.52781921,
2317,(주)두풍회계직업전문학교,경북 포항시 북구,"(37780) 경상북도 포항시 북구 중흥로 232 (죽도동) 테라스퀘어빌딩 8층, 9층",129.3591775,36.02373416,
2318,경북동부경영자협회,경북 포항시 남구,(37684) 경상북도 포항시 남구 시청로 8 경림빌딩 2층,129.3413122,36.01856999,
2319,(주) 트랜스코스모스코리아,서울 영등포구,(07320) 서울특별시 영등포구 여의대로 24 (여의도동 전국경제인연합회회관) 35층,126.9202015,37.52211902,
2320,동양직업전문학교,경남 창원시 마산합포구,"(51769) 경상남도 창원시 마산합포구 3·15대로 1 (해운동 월포새마을금고) 5,6층 동양직업전문학교",128.5580561,35.18001343,
2321,경기비전평생교육원,경기 안산시 단원구,(15466) 경기도 안산시 단원구 민속공원로 93 (고잔동 복정빌딩) 3층,,,
2322,플러스간호학원,대구 동구,(41167) 대구광역시 동구 아양로 200 (효목동 성원빌딩) 6층,128.6349208,35.88562962,
2323,대구제일요양보호사교육원,대구 동구,(41146) 대구광역시 동구 동촌로 273 (방촌동) 4층,128.6698068,35.88005012,
2324,지산요양보호사교육원,대구 수성구,(42204) 대구광역시 수성구 지범로 53-8 (지산동) 5층,128.6284158,35.82629741,
2325,수토피아대구평생교육원,대구 동구,"(701828) 대구광역시 동구 동부로 174 (신천동, 6층)",128.6311653,35.87743531,
2326,(주)세창,대구 달서구,(42701) 대구광역시 달서구 성서공단로51길 68-8 ,,,
2327,새빛캐드컴퓨터학원,대구 달서구,(42645) 대구광역시 달서구 달구벌대로 1704 (두류동) 7층 일부,128.5519474,35.85549514,
2328,우리전산회계학원,대구 달서구,(704714) 대구광역시 달서구 성서로 420 성서메가타운 4층 401-A호,128.508064,35.85468322,
2329,효성직업능력개발원,대구 달서구,"(42645) 대구광역시 달서구 달구벌대로 1670 (두류동) 1층,3층",128.5488685,35.8542732,
2330,(주)경신홀딩스,인천 연수구,"(21988) 인천광역시 연수구 첨단대로30번길 25(송도동, 경신전선 R&D센터) 경신홀딩스",126.6493257,37.36877223,
2331,부여군장애인종합복지관,충남 부여군,(33125) 충청남도 부여군 흥수로 816 (규암면) 부여군장애인종합복지관,,,
2332,덕수컴퓨터회계학원,서울 동대문구,"(02539) 서울특별시 동대문구 전농로 135 (전농동) 3,4,5층",,,
2333,(주)큐엠,경기 안성시,(456812) 경기도 안성시 원곡면 매지로 41 ,,,
2334,부산동래여성인력개발센터,부산 동래구,(607836) 부산광역시 동래구 충렬대로126번길 5 동래여성인력개발센터,129.0743899,35.20566019,
2335,국민컴퓨터학원,대전 동구,(34601) 대전광역시 동구 대성2길 21 (가양동) (가양1동579-11),127.4394883,36.33799772,
2336,포항한국간호전문학원,경북 포항시 남구,"(37769) 경상북도 포항시 남구 중흥로114번길 8-6 (상도동) 2층,3층",129.3521189,36.0142412,
2337,(주)이이더블유코리아,경남 사천시,(664942) 경남 사천시 사남면 방지리 598번지,128.0544884,35.064352,
2338,(주)씨제이텔레닉스,서울 구로구,(152790) 서울시 구로구 구로제3동(구로동) -번지 대륭포스트타워 1차 11층,126.8953701,37.48359962,
2339,쉼터,서울 노원구,"(01623) 서울특별시 노원구 동일로248길 30(상계동, 홍파복지원) 쉼터",127.0568658,37.68066375,
2340,한국경영원 인재개발원,광주 북구,(61238) 광주광역시 북구 경양로 170 (중흥동) 한경빌딩 5층,126.9100396,35.16004696,
2341,(주)아이엘케이,강원 횡성군,(225806) 강원도 횡성군 정문로 88 ,,,
2342,부뜰정보시스템(일학습 병행),서울 영등포구,(07292) 서울특별시 영등포구 영등포로 144 (당산동1가 유니디아) 5층 전략마케팅실,126.897285,37.52081234,
2343,의료법인 거붕백병원,경남 거제시,"(53290) 경상남도 거제시 계룡로5길 14(상동동, 거붕백병원) 거붕백병원",128.6264125,34.87325213,
2344,(주)일진파워 기술연수원,울산 울주군,(44999) 울산광역시 울주군 산성길 152-7 (온산읍) (주)일진파워 기술연수원,129.3266382,35.4244484,
2345,KH필룩스(주),경기 양주시,(482844) 경기 양주시 광적면 석우리 624-8번지,,,
2346,신일제약주식회사,충북 충주시,(380862) 충북 충주시 앙성면 본평리 산 5-1번지,,,
2347,근영농산(주),경기 남양주시,(472842) 경기 남양주시 화도읍 금남리 300,127.3534578,37.64325049,
2348,(주)프레지니우스카비코리아,서울 송파구,"(05556) 서울특별시 송파구 백제고분로 69(잠실동, 애플타워) 8층, 9층",127.0790234,37.5104556,
2349,JB(주),충남 아산시,(31419) 충청남도 아산시 산동안길 14 (음봉면) JB주식회사,127.0987012,36.83082032,
2350,건일제약(주),충남 천안시,(330811) 충남 천안시 직산면 군서리 297-5 ,,,
2351,한국바이오협회,경기 성남시 분당구,(13488) 경기도 성남시 분당구 삼평동 대왕판교로 700(코리아바이오 파크) C동 1층 한국바이오협회,127.1051526,37.404163,
2352,(주)드림힐,서울 금천구,(08590) 서울특별시 금천구 가산디지털1로 84 (가산동 에이스하이엔드타워8차) 503호,126.8855613,37.47312973,
2353,영진직업전문학교,경남 김해시,(50935) 경상남도 김해시 김해대로2400번길 88 영진직업전문학교,128.8983559,35.22646008,
2354,(주)에프알텍,경기 의왕시,(16079) 경기도 의왕시 이동 오봉산단1로 30 (이동),126.9571156,37.3323966,
2355,광주속기학원,광주 동구,(501021) 광주광역시 동구 금남로1가 250-8  금향빌딩 4층,,,
2356,인덕과학기술고등학교,서울 노원구,"(01878) 서울특별시 노원구 초안산로 12 (월계동 인덕대학교,인덕과학기술고등학교) 인덕과학기술고등학교",127.0550162,37.63100204,
2357,예심아카데미뷰티미용학원,경남 김해시,(50926) 경상남도 김해시 가락로 1 (부원동) 동영빌딩3층,128.8825242,35.22667997,
2358,(의료법인)인성의료재단,인천 계양구,(407060) 인천 계양구 작전동 900-4 한림병원,126.7342738,37.53205971,
2359,금정간호학원,부산 금정구,"(46272) 부산광역시 금정구 부곡로141번길 1 (부곡동 한창빌딩) 2, 5층 일부",129.0916416,35.22849592,
2360,(주)인터로조,경기 평택시,(459040) 경기도 평택시 산단로15번길 28 (주)인터로조,127.07084,37.03962865,
2361,세잔컴퓨터디자인학원,경북 포항시 북구,(37780) 경상북도 포항시 북구 중흥로 224 (죽도동) 세잔컴퓨터디자인학원 4층,129.3586483,36.02309586,
2362,정담전산세무회계학원,인천 남동구,"(21653) 인천광역시 남동구 논현역로 8(논현동, 아이엠프라자) 601호 602호(아이엠프라자)",,,
2363,동아요리커피직업전문학교,부산 동래구,"(47734) 부산광역시 동래구 중앙대로1325번길 29 (온천동) 지히1층, 6층",129.0761725,35.20538636,
2364,연희직업전문학교(주),인천 서구,"(22711) 인천광역시 서구 서곶로 284 (심곡동 새터빌딩) 4층, 5층",126.6775343,37.54289101,
2365,림스꽃예술학원,전북 전주시 완산구,(54965) 전라북도 전주시 완산구 우전로 255 (효자동2가) 302호,127.1015405,35.81718829,
2366,대한직업전문학교,대구 달서구,"(42818) 대구광역시 달서구 월배로 414 (송현동) 2층,4층(본관) 대구광역시 달서구 월배로 424, 2층,3층,4층,5층(별관)",128.5522555,35.83093507,
2367,이지컴퓨터학원,광주 서구,(62012) 광주광역시 서구 화개1로 59-1 (금호동) 5층일부,,,
2368,현대제과제빵요리전문학원,울산 남구,(44676) 울산광역시 남구 중앙로 187 (신정동) (4층),129.3127227,35.53757317,
2369,O.N,충남 천안시 서북구,(31040) 충청남도 천안시 서북구 직산읍 4산단4로 52 오엔,127.119648,36.86520531,
2370,호남전기기술교육원(주),전북 정읍시,(56116) 전라북도 정읍시 북태길 199 (태인면 호남전기기술학원) .,126.9305814,35.62140737,
2371,주식회사 지마린서비스,부산 동구,(48792) 부산광역시 동구 중앙대로 331 (초량동 메리츠화재) 메리츠타워 13층,129.0454558,35.12566991,
2372,양주대진요양원,경기 양주시,(482871) 경기도 양주시 남면 휴암로284번길 426-59 ,,,
2373,무궁화뷰티직업전문학교,대구 남구,(42410) 대구광역시 남구 중앙대로 243 5층(대명동),128.5901952,35.85510401,
2374,효성직업전문학교,부산 해운대구,(48064) 부산광역시 해운대구 해운대로 407 신세계프라자빌딩 7층,129.1410517,35.16780688,
2375,펑션베이(주),경기 성남시 분당구,(13487) 경기도 성남시 분당구 판교로228번길 15 판교세븐벤처밸리 1단지 2동 5층,127.1010262,37.40115713,
2376,모현컴퓨터학원,경기 용인시 처인구,(17035) 경기도 용인시 처인구 백옥대로2366번길 7-9 (모현읍 헤어링) 2층,,,
2377,하이미디어컴퓨터디자인학원,경기 고양시 일산동구,"(10402) 경기도 고양시 일산동구 장항동 정발산로 43-20(센트럴프라자) 407호, 505-1호",126.7734137,37.65837414,
2378,현대간호학원부설요양보호사교육원,울산 남구,(44718) 울산광역시 남구 삼산로 232 (달동) 4층,129.332584,35.53820915,
2379,연세컴퓨터학원,울산 남구,(44601) 울산광역시 남구 대학로147번길 41-40 (무거동) 4층,129.2588644,35.55190184,
2380,한화엔진주식회사,경남 창원시,(641370) 창원시 신촌동 69-3 ,,,
2381,광주자동화설비공업고등학교,광주 광산구,(62375) 광주광역시 광산구 금봉로 138-1 (우산동 광주자동화설비공업고등학교) 광주자동화설비공업고등학교,,,
2382,광주전자공업고등학교,광주 광산구,(506824) 광주광역시 광산구 첨단중앙로 7 광주전자공업고등학교,126.8415725,35.20520459,
2383,수원여성인력개발센터,경기 수원시 영통구,(16704) 경기도 수원시 영통구 반달로7번길 40 (영통동 평익칼라스위트) 10층,127.0754728,37.25354353,
2384,(주)동진테크윈,경남 창원시 성산구    ,"(51576) 경상남도 창원시 성산구 성산패총로38번길 7(성산동, (주)동진테크윈) (주)동진테크윈",,,
2385,수성대학교,대구 수성구,(42078) 대구광역시 수성구 달구벌대로528길 15 수성대학교,128.6468342,35.85393678,
2386,홍주제과제빵학원,충남 홍성군,(350805) 충남 홍성군 홍성읍 대교리 619번지 동우빌딩2층,126.6726391,36.60311364,
2387,(사단법인)한국전시산업진흥회,서울 강남구,"(06287) 서울특별시 강남구 남부순환로 3104(대치동, SETEC) 컨벤션센터 3층",,,
2388,선보유니텍-구평,부산 사하구,(604866) 부산광역시 사하구 구평동 495-13번지,128.9985716,35.05351034,
2389,(주)오패스닷컴,광주 서구,(61917) 광주광역시 서구 죽봉대로94번길 14-2 (광천동) 302호,126.8849578,35.16181883,
2390,성모간호학원,경기 고양시 일산동구,"(10402) 경기도 고양시 일산동구 정발산로 43-20 (장항동 센트럴프라자) 502호,503호,504호",126.7733823,37.65826991,
2391,리딩아이,서울 영등포구,(150700) 서울특별시 영등포구 선유로 70 우리벤처빌딩 708호,126.8900916,37.52014797,
2392,상상스토리(주),서울 구로구,"(08390) 서울특별시 구로구 디지털로 288(구로동, 대륭포스트타워1차) 2006호",126.8953701,37.48359962,
2393,일식조리기술학원,서울 중구,(04590) 서울특별시 중구 동호로10길 21 (신당동 광영빌딩) 3층,127.0116301,37.55489853,
2394,익산시노인종합복지관,전북 익산시,(570092) 전라북도 익산시 모현동2가 62-2번지,126.9456299,35.95611409,
2395,주식회사 경신,인천 연수구,(406840) 인천광역시 연수구 송도동 7-1,126.6490041,37.38796413,
2396,더존HRD센터,강원 춘천시,(24465) 강원도 춘천시 남산면 버들1길 130 4층(연구사무동),127.6378417,37.75660934,
2397,(주)에프앤씨시스템,서울 강서구,(07567) 서울특별시 강서구 등촌동 공항대로45길 75 제일빌딩 3층,126.8564324,37.55816869,
2398,예솔요리학원,경기 수원시 팔달구,"(442853) 경기도 수원시 팔달구 갓매산로 32 (매산로2가, 동광빌딩 2층)",127.0058132,37.26751368,
2399,좋은이웃요양보호사교육원,충남 당진시,(31813) 충청남도 당진시 덕평로 566 (합덕읍 현대해상) 2층 좋은이웃요양보호사교육원,126.7762323,36.80943111,
2400,순창장애인활동지원센터,전북 순창군,(56046) 전라북도 순창군 순창읍 순창5길 7 ,,,
2401,광주광역시동구장애인복지관,광주 동구,(501824) 광주광역시 동구 백서로198번길 7 동구장애인복지관,126.9260666,35.1455735,
2402,더존 비즈스쿨 평생교육원,서울 광진구,"(143200) 서울 광진구 구의동 251-32 청양빌딩 3층, 5층",127.0835118,37.54032041,
2403,동성인재개발교육원,부산 부산진구,"(614846) 부산광역시 부산진구 중앙대로 668 , 6층(부전동, 에이원플라자)",129.0594547,35.15238662,
2404,(주)퓨처젠,서울 구로구,(152050) 서울특별시 구로구 구로동 197-12 신세계아이엔씨디지털센터2층,126.8915905,37.48582158,
2405,고려아연(주),서울 종로구,"(03159) 서울특별시 종로구 종로 33(청진동, 그랑서울) 15,17,18,19층",126.9813619,37.57108137,
2406,(주)파라다이스 워커힐지점,서울 광진구,"(04963) 서울특별시 광진구 워커힐로 177(광장동, 워커힐호텔) 광장동",,,
2407,주식회사 비비지네트웍스,서울 강남구,(06061) 서울특별시 강남구 언주로134길 20 비비지네트웍스 빌딩,127.0372251,37.5167207,
2408,킴스애견미용학원,서울 강남구,(135825) 서울 강남구 논현1동 143-20번지 ３층,127.0227765,37.50882064,
2409,모션랩학원,서울 강남구,(135010) 서울특별시 강남구 논현동 67-27 조이빌딩 3.4층,127.0309914,37.51881997,
2410,평생문화센터강동평생교육원,서울 강동구,(05248) 서울특별시 강동구 천호대로 985-3 (천호동) 4층,127.1221509,37.53956692,
2411,봉선간호전문학원,광주 남구,(61674) 광주광역시 남구 용대로119번길 6 (봉선동 옛날밥상) 3층 일부,126.917428,35.12680157,
2412,정우컴퓨터전산회계학원,경남 창원시 성산구    ,(51514) 경상남도 창원시 성산구 용지로133번길 5 (중앙동 키다리빌딩) 701호,128.6792594,35.22743124,
2413,전남직업전문학교주식회사,전남 순천시,(57924) 전라남도 순천시 고지5길 8 (가곡동) 251-1,127.4841851,34.98310179,
2414,한울귀금속공예전문학원,서울 종로구,(03139) 서울특별시 종로구 수표로 124 (낙원동) 3/4층일부,126.9889927,37.57214286,
2415,대영소방전문학원,부산 사상구,(46985) 부산광역시 사상구 학감대로 252 (감전동) 수성빌딩 4층,128.9906777,35.15316539,
2416,영남회계실무아카데미학원,대구 수성구,(42279) 대구광역시 수성구 달구벌대로 3320 (신매동) 2층,,,
2417,삼흥정공(주) 사천공장,경남 사천시,(664942) 경상남도 사천시 공단5로 34 ,,,
2418,(주)이비가푸드,대전 서구,"(35226) 대전광역시 서구 계룡로 199(월평동, 이비가빌딩) 3층",127.3520002,36.35144229,
2419,덕천간호학원,부산 북구,(46576) 부산광역시 북구 백양대로 1204 (덕천동 동강빌딩) 5층 일부,129.0057935,35.20979751,
2420,고려용접기술학원,대구 남구,(42448) 대구광역시 남구 대명로 276-1 (대명동) 2층,128.5866391,35.84327397,
2421,아이씨에이일산컴퓨터학원,경기 고양시 일산동구,"(10447) 경기도 고양시 일산동구 중앙로 1068 (백석동 리더스프라자) 2층일부(203호), 7층일부(701호)",126.7861027,37.64485152,
2422,SBS아카데미컴퓨터아트학원,인천 부평구,(21394) 인천광역시 부평구 시장로 7 (부평동) 14층,126.7238334,37.49201359,
2423,엘에스엠트론(주)전주공장,전북 완주군,(565902) 전라북도 완주군 봉동읍 과학로 886 778,127.1281372,35.94814961,
2424,부산기장평생교육원,부산 기장군,(46066) 부산광역시 기장군 기장읍 차성로 272(상마타운) 2층,129.2137367,35.24166367,
2425,청주대형소방학원,충북 청주시 상당구,(28510) 충청북도 청주시 상당구 상당로 140 (북문로2가) 4층,127.4901443,36.64068347,
2426,스타일미용학원,서울 노원구,(01694) 서울특별시 노원구 상계로 55 (상계동 위성프라자) 4층 401호(상계동),127.0609833,37.65602822,
2427,아로파미용종합학원,강원 강릉시,(25547) 강원도 강릉시 경강로 2234 4층,128.9075036,37.76335085,
2428,신화ENG,전북 군산시,(54001) 전라북도 군산시 서해로 625 (현대중공업 서해관 의장부),126.5360347,35.96116785,
2429,탑스터디컴퓨터학원,전북 군산시,"(54137) 전라북도 군산시 수송로 119 3층, (나운동, 은하빌딩)",126.7086214,35.96419346,
2430,명성요리제과제빵학원,전북 군산시,"(54115) 전라북도 군산시 대학로 195 (문화동 무궁화빌딩) 3층,4층",,,
2431,더조은컴퓨터아카데미전주 (주),전북 전주시 완산구,(54994) 전라북도 전주시 완산구 기린대로 219 (서노송동 리젠트빌딩) 2~4층,127.1459726,35.826084,
2432,새부산요양보호사교육원,부산 사하구,(49511) 부산광역시 사하구 장림동 다대로 325 2층,128.9766063,35.07316476,
2433,한국옥외광고물전문학원,서울 마포구,(04035) 서울특별시 마포구 월드컵로 36 4층,126.9124272,37.55262075,
2434,농협경주교육원,경북 경주시,(38116) 경상북도 경주시 보문로 455 농협경주교육원,129.289076,35.84280899,
2435,참사랑요양보호사교육원,서울 송파구,"(05546) 서울특별시 송파구 백제고분로 467(방이동, 이롬빌딩) 3층",127.113206,37.51226665,
2436,노원요양보호사교육원,서울 노원구,(139821) 서울특별시 노원구 상계2동 370-14,127.0662882,37.65766525,
2437,워너비뷰티아카데미학원,서울 노원구,(01695) 서울특별시 노원구 노해로 501 (상계동 노원빌딩) 801호일부(801-A),127.063521,37.65513499,
2438,신탄진성모요양보호사교육원,대전 대덕구,(34306) 대전광역시 대덕구 신탄진로 836 (신탄진동 드림빌딩) 301호,127.429072,36.45198632,
2439,솔간호학원,경기 평택시,(17909) 경기도 평택시 평택2로20번길 4 (평택동) 3층,127.0885918,36.99279771,
2440,중부요양보호사교육원,경남 양산시,(626050) 경상남도 양산시 양산역로 103 골든세븐 7층 702호,129.0289492,35.33856382,
2441,세영직업전문학교,서울 영등포구,"(07289) 서울특별시 영등포구 경인로71길 6 (문래동2가 삼승빌딩) 3층~5층, 경인로 77가길 20(운수회관빌딩)1층~4층",126.891507,37.51159891,
2442,성산요양보호사교육원,부산 중구,(48984) 부산광역시 중구 구덕로 37 6층 ( 남포동 4가),129.0314815,35.09778839,
2443,희망창업평생교육원,경기 용인시 수지구,(16873) 경기도 용인시 수지구 푸른솔로 92 (죽전동) 1층 일부,127.1184401,37.32667262,
2444,해피요양보호사교육원,경기 부천시 원미구,"(14624) 경기도 부천시 원미구 부일로 222(상동, 유은빌딩) 8층 802호, 803호",126.7546419,37.48822497,
2445,탑간호학원,인천 미추홀구,(22136) 인천광역시 미추홀구 주안로 70 (주안동 실크빌) 2층 201호,126.6773351,37.46371156,
2446,(주)하이셈테크놀로지,충남 천안시 서북구,(31040) 충청남도 천안시 서북구 직산읍 4산단5길 25-5 하이셈테크놀로지,127.1151162,36.86442573,
2447,구미중앙회계컴퓨터학원,경북 구미시,(39398) 경상북도 구미시 인동16길 16 (진평동) 4층,,,
2448,(주)대신기술능력개발원,서울 강동구,"(05376) 서울특별시 강동구 성내동 양재대로 1377(삼원빌딩) 3층 305호,306호,307호,307-1호,307-2호, 4층 410호 / (05377) 서울특별시 강동구 성내동 풍성로 195 3층",,,
2449,방송정보국제교육원,서울 영등포구,"(07222) 서울특별시 영등포구 당산로49길 4(당산동6가, 태인빌딩) 2,5,6층 / 서울시 영등포구 양평로12길 10-8 2층,3층(일부) / 서울시 영등포구 양평로12길 13 3층",126.9027106,37.53556399,
2450,(주)에이엔시승무원양성학원,부산 부산진구,(47297) 부산광역시 부산진구 전포대로199번길 43 (전포동 한일빌딩) 2층 일부,129.0628495,35.15428739,
2451,경상북도장애인재활협회,경북 안동시,(36657) 경상북도 안동시 옥명2길 13 (사)경상북도장애인재활협회,128.7032265,36.56473249,
2452,한국남부발전(주) 하동발전본부,경남 하동군,(667931) 경상남도 하동군 금성면 경제산업로 509 ,,,
2453,조은평생교육원,인천 계양구,(21047) 인천광역시 계양구 계양대로 101 (작전동 삼성프라자) 3층 303호 일부,126.7218832,37.53264355,
2454,현재회계컴퓨터학원,강원 원주시,(26444) 강원도 원주시 치악로 1770 (개운동) 3층(이젠빌딩),,,
2455,재단법인대구디지털혁신진흥원,대구 수성구,(42250) 대구광역시 수성구 알파시티1로 170 (대흥동) (재)대구디지털산업진흥원,128.6816651,35.83541462,
2456,(주)글로벌스탠다드테크놀로지,경기 화성시,(445812) 경기도 화성시 동부대로 755-8 동탄일반산업단지 9-7BL,,,
2457,제주관광대학교,제주 제주시,(63063) 제주특별자치도 제주시 평화로 2715 (애월읍 제주관광대학) 제주관광대학교,126.4344316,33.4485809,
2458,세잔직업전문학교,경남 진주시,"(52759) 경상남도 진주시 남강로 688 (장대동) 지상(1층,2층,4층,5층,6층)",128.0869055,35.19117673,
2459,노동부지정한독직업전문학교,경북 안동시,(760330) 경상북도 안동시 제비원로 493-11 ,,,
2460,제일정보처리학원,대전 중구,(34832) 대전광역시 중구 대종로 498 (은행동 동남빌딩) -3층 중앙로8번출구 바로옆 본죽건물,127.4257767,36.3289737,
2461,경인여자대학교,인천 계양구,(407740) 인천광역시 계양구 계양산로 63 경인여자대학교,126.7226046,37.54847555,
2462,창원공업고등학교,경남 창원시 의창구    ,(51393) 경상남도 창원시 의창구 사화로 410 (팔용동 창원공업고등학교) 창원공업고등학교,128.6442367,35.2357338,
2463,한국문화센터 평생교육원,부산 해운대구,(612836) 부산광역시 해운대구 양운로 98 대하프라자 804호,129.1747993,35.17161282,
2464,부산커피교육센터,부산 해운대구,(48111) 부산광역시 해운대구 세실로 45 (좌동 대승프라자) 406호,129.1780841,35.16885948,
2465,보성요양보호사교육원,부산 해운대구,(48104) 부산광역시 해운대구 해운대로 790 (좌동 해운대대림아크로텔) 314-316호,129.1752205,35.16846934,
2466,반석요양보호사교육원,부산 남구,"(608838) 부산시 남구 용호제4동(용호동) 541-53번지 2, 3층",129.110783,35.11242157,
2467,서부직업전문학교,충남 계룡시,(32830) 충청남도 계룡시 엄사면 계백로 3080-10 ,,,
2468,씨이티아이컴퓨터학원(C.E.T.I컴퓨터학원),충남 천안시 서북구,"(31099) 충청남도 천안시 서북구 늘푸른3길 24 (두정동 부강빌딩) 3, 4층",,,
2469,세종요양보호사교육원,경남 진주시,(52628) 경상남도 진주시 중천로 9 (금산면) 3층 세종사회복지서비스경영학원,128.140957,35.21488927,
2470,평택한나래꽃예술학원,경기 평택시,(17917) 경기도 평택시 평택로 17 롯데인벤스스카이 상가206호,127.088924,36.9885264,
2471,경남공업고등학교,부산 부산진구,(614041) 부산광역시 부산진구 전포1동 696-1번지,129.0637007,35.15281009,
2472,아포중.경북과학기술고등학교,경북 김천시,(740861) 경북 김천시 아포읍 국사리 748-3,128.2433856,36.15939632,
2473,천안간호학원,충남 천안시 동남구,(31129) 충청남도 천안시 동남구 대흥로 238 (대흥동 GS25) 4층천안간호학원,127.148307,36.80904457,
2474,호남간호학원,광주 광산구,(62355) 광주광역시 광산구 사암로216번길 38-6 (우산동) 우진그랑시티 503호,126.8102756,35.16295796,
2475,가족사랑광산요양보호사교육원,광주 광산구,(506806) 광주광역시 광산구 내상로 2 (4층),126.7946144,35.14084903,
2476,존스커피바리스타학원,광주 서구,"(502828) 광주광역시 서구 상무화원로32번길 9 성곡빌딩 3,4층",126.8444124,35.14521481,
2477,광주사랑요양보호사교육원,광주 서구,(502817) 광주광역시 서구 상무대로 981 (3층),126.8693554,35.15193288,
2478,웹타임컴퓨터학원,서울 강남구,(06193) 서울특별시 강남구 대치동 테헤란로70길 14-8(세왕개발빌딩) A동 6층,127.0528585,37.50448698,
2479,구미대학교,경북 구미시,(730711) 경상북도 구미시 야은로 37 ,,,
2480,서남직업전문학교,전남 목포시,(58693) 전라남도 목포시 비파로 21 (상동 호남빌딩) 2층-7층,126.427933,34.80060809,
2481,삼성간호학원,대구 중구,(41937) 대구광역시 중구 국채보상로 582 (남일동 미도빌딩) 8층 삼성간호학원,128.5942243,35.87060425,
2482,(주)휴넷,서울 구로구,(08389) 서울특별시 구로구 디지털로26길 5 (구로동 에이스하이엔드타워1차 ) 818호,126.893451,37.48154359,
2483,현대제철주식회사,충남 당진시,(31719) 충청남도 당진시 북부산업로 1480 (송악읍 현대제철주식회사) 현대제철 당진제철소,126.7313397,36.98354343,
2484,인천대학교,인천 연수구,(22012) 인천광역시 연수구 아카데미로 119 인천대학교,126.6321757,37.37491106,
2485,아르떼제 가죽공예학원,부산 부산진구,(47257) 부산광역시 부산진구 부전로 92 홍인빌딩 4층,129.054873,35.15824973,
2486,서령컴퓨터학원,충남 서산시,(31993) 충청남도 서산시 율지8로 78 명성빌딩 2층,126.4663463,36.77845756,
2487,사단법인 충북바이오산학융합원,충북 청주시 흥덕구,(28160) 충청북도 청주시 흥덕구 오송생명1로 194-25 (오송읍 청주 SB플라자) 410호,127.3257401,36.63593482,
2488,청주원광효도요양병원,충북 청주시 흥덕구,(361811) 충청북도 청주시 흥덕구 월명로 15 ,,,
2489,동국제약(주) 3공장_일학습병행,충북 진천군,(27809) 충청북도 진천군 광혜원면 용소2길 33-19 동국제약,127.430191,36.95603499,
2490,고려평생교육원,충북 청주시 서원구,(28555) 충청북도 청주시 서원구 사직대로 273 (사직동) 3층,127.4775918,36.63598527,
2491,지행간호학원,경기 동두천시,(11346) 경기도 동두천시 지행로 59 M클리닉 센터 6층,127.0538133,37.89272034,
2492,명성요리제과제빵직업전문학교,경남 양산시,(50653) 경상남도 양산시 서들로 148 (물금읍 채움) 508호,129.0066775,35.31175679,
2493,한국모델리스트패턴학원,서울 광진구,(05045) 서울특별시 광진구 아차산로 431 (구의동 강변에스케이뷰) 102동116호,127.090129,37.53856779,
2494,대한간호전문학원,충남 천안시 동남구,(31123) 충청남도 천안시 동남구 만남로 30 (신부동 로얄빌딩) 4층(건물 복층구조로 계약상 5층),,,
2495,동래삼성실버요양보호사교육원,부산 동래구,(47734) 부산광역시 동래구 충렬대로137번길 4 (온천동) 상현빌딩 6층,129.0757308,35.20571833,
2496,아텐츠아카데미게임학원,부산 부산진구,(47296) 부산광역시 부산진구 중앙대로 668 (부전동 에이원플라자) 9층 901~903호,,,
2497,에스비에스(SBS)아카데미컴퓨터아트학원,대전 서구,"(35230) 대전광역시 서구 대덕대로 179 901,902,903호",127.3767776,36.34935774,
2498,수완겟잇뷰티미용학원,광주 광산구,(62224) 광주광역시 광산구 장신로 85 (장덕동) 수영빌딩6층 601호 일부,126.8195636,35.19127459,
2499,국제직업능력개발교육원 주식회사,경북 경산시,"(38619) 경상북도 경산시 경안로 216 (중방동 경산중방우체국) 2층, 3층",128.7368755,35.82679986,
2500,한솔컴퓨터학원,대구 달서구,(704803) 대구광역시 달서구 도원로 17 4층,128.5362003,35.80799955,
2501,온누리요양보호사교육원,경기 부천시,(14528) 경기도 부천시 부천로 235 (춘의동) 한영빌딩3층,126.7862929,37.50495671,
2502,이룸인테리어기술학원,경기 고양시 덕양구,"(10503) 경기도 고양시 덕양구 성신로 22 (화정동 백년프라자) 701,702,702-1,703,704,401,402일부",126.8308194,37.62760855,
2503,현대건축타일학원,부산 북구,(46583) 부산광역시 북구 낙동대로1762번길 41 (구포동) 2층,129.0007286,35.20788065,
2504,문경어르신마을,경북 문경시,(745863) 경상북도 문경시 마성면 안늘목2길 100-24 ,,,
2505,그린하이텍,경기 화성시,(445842) 경기도 화성시 비봉면 양노남길 74 ,,,
2506,한국목조기술학원,전북 전주시 덕진구,(54851) 전라북도 전주시 덕진구 기린대로 1031 (여의동) 1~2층,127.0727597,35.86782242,
2507,(주)에프투엠지글로벌뷰티아카데미금남본점미용학원,광주 동구,"(61472) 광주광역시 동구 금남로 195 (금남로4가) 11,12,13층일부",126.9142968,35.1511268,
2508,미래인재컴퓨터회계학원,충북 청주시 상당구,(28510) 충청북도 청주시 상당구 상당로144번길 16 (수동) 2층,127.490861,36.64085175,
2509,(주)하우뷰티(일학습병행),대전 대덕구,(34369) 대전광역시 대덕구 대화로 121 (주)하우뷰티,127.406047,36.36535732,
2510,(주)골프존,대전 유성구,(34125) 대전광역시 유성구 엑스포로97번길 40 골프존타워 대전,127.3913573,36.37574229,
2511,유러닝평생교육원,서울 금천구,"(08589) 서울특별시 금천구 가산디지털2로 70(가산동, 대륭테크노타운19차) 413호",126.8820997,37.47456783,
2512,서부요리학원,대구 남구,"(42498) 대구광역시 남구 월배로 470 4층, 402호 서부요리학원",128.5563162,35.83488371,
2513,한국건설학원,경기 의정부시,"(11693) 경기도 의정부시 태평로 116 (의정부동) 동명빌딩 2층, 4층",127.0519065,37.74287611,
2514,산림조합중앙회 임업인종합연수원,경북 청송군,(763833) 경상북도 청송군 부동면 주왕산로 698-35 산림조합중앙회 임업인종합연수원,129.1308808,36.38130504,
2515,경천요양보호사교육원,제주 서귀포시,(63587) 제주특별자치도 서귀포시 동홍동로 39 만영빌딩4층,126.574759,33.25849114,
2516,일동홀딩스(주),서울 서초구,(06752) 서울특별시 서초구 바우뫼로27길 2 ,,,
2517,권트리머애견미용학원,대전 중구,"(34832) 대전광역시 중구 대종로 526 (은행동) 2,3,4층",127.4236326,36.33071911,
2518,경남항공고등학교,경남 고성군,(638801) 경상남도 고성군 고성읍 송학고분로 127 ,,,
2519,봄뜰제과제빵학원,부산 사하구,"(49325) 부산광역시 사하구 낙동대로 472(하단동, 로타리산업빌딩) 701호",128.9683471,35.10700227,
2520,용원요리학원,경남 창원시 진해구    ,(645510) 경상남도 창원시 진해구 용원로 9 607호,128.810531,35.10064506,
2521,훈스커피랩학원,서울 금천구,(153776) 서울특별시 금천구 가산디지털1로 2 우림라이온스밸리 2차 904호,126.8882616,37.4667353,
2522,케어링강남요양보호사교육원,서울 강남구,(06114) 서울특별시 강남구 강남대로 514 (논현동 두보빌딩) 5층 503호.504호,127.0230477,37.50801871,
2523,한국디지털평생교육원,서울 서초구,"(06729) 서울특별시 서초구 강남대로 283 (서초동 남성빌딩) 3층 (301-1호,2호,7호,8호)",127.0317149,37.48826713,
2524,한국폴리텍 V 대학 순천캠퍼스,전남 순천시,(540964) 전라남도 순천시 기적의도서관1길 41 435-2,127.5266274,34.95277551,
2525,한국폴리텍대학 화성캠퍼스,경기 화성시,(445912) 경기도 화성시 팔탄면 제암고주로 108 ,,,
2526,케이엠티씨로지스틱스(주),서울 영등포구,"(07325) 서울특별시 영등포구 여의도동 국제금융로2길 36(유화증권빌딩) 16층, 케이엠티씨로지스틱스(주)",126.9238322,37.52358702,
2527,(사)한국방위산업진흥회,서울 마포구,(04158) 서울특별시 마포구 마포대로 49 (도화동 성우빌딩) 13층 한국방위산업진흥회,126.9465901,37.54073094,
2528,국민연금공단,전북 전주시 덕진구,(54870) 전라북도 전주시 덕진구 기지로 180 ,,,
2529,한국생산기술연구원,서울 강남구,(135080) 서울특별시 강남구 역삼동 707-34 한신인터밸리24 동관 18층,127.0464678,37.50290376,
2530,신영진컴퓨터학원,서울 구로구,(08210) 서울특별시 구로구 경인로59길 8 (신도림동) 606호 609호일부 610호 신영진컴퓨터학원,126.8833152,37.50637416,
2531,강릉중앙고등학교,강원 강릉시,(210937) 강원 강릉시 입암동 525 강릉중앙고등학교,128.9134423,37.75910189,
2532,창원시장애인종합복지관,경남 창원시 의창구    ,(641823) 경남 창원시 봉곡동 180-6번지,128.6794339,35.25031947,
2533,단암시스템즈(주),경기 안양시 동안구,(13930) 경기도 안양시 동안구 동편로 79-26 (관양동 단암시스템즈(주)) 단암시스템즈,126.9715265,37.40963613,
2534,대원방송(주),서울 용산구,(04379) 서울특별시 용산구 한강대로15길 9-12 ,,,
2535,마산간호학원,경남 창원시 마산회원구,"(51210) 경상남도 창원시 마산회원구 3·15대로 751 ,5층 마산간호학원",128.5825249,35.23903341,
2536,전통외식조리직업전문학교,경기 수원시 장안구,(16269) 경기도 수원시 장안구 영화동 팔달로 269(북문빌딩) 3층 일부,127.0141615,37.28960355,
2537,한국경영인증원,서울 영등포구,(150972) 서울특별시 영등포구 경인로 775 에이스하이테크시티 1동 212호,126.8987532,37.51434453,
2538,조이슨세이프티시스템스코리아 주식회사 ,경기 화성시,(18579) 경기도 화성시 장안면 장안공단6길 22 ,,,
2539,성남냉동열관리학원,경기 성남시 수정구,(13316) 경기도 성남시 수정구 수정로 96 (수진동) 4층 성남냉동열관리학원,127.1311011,37.44041215,
2540,에듀에이회계학원,경북 포항시 남구,(37779) 경상북도 포항시 남구 대해로 101 (대도동) 4층,129.3639767,36.02176569,
2541,마스터요리제과제빵학원,경남 양산시,"(50629) 경상남도 양산시 양산역6길 17 (중부동 청림타워) 501호,504호",129.0277323,35.33739472,
2542,목포과학대학산학협력단,전남 목포시,(58644) 전라남도 목포시 영산로 413-1 목포과학대학교,126.4098759,34.80738099,
2543,참된요양보호사교육원,서울 강서구,(07650) 서울특별시 강서구 공항대로44길 66 (화곡동 엔와이빌딩) 3층,126.8494592,37.55344769,
2544,노무법인 이산,서울 강서구,(07802) 서울특별시 강서구 마곡동 공항대로 227(마곡센트럴타워Ⅰ) 201호,126.8326852,37.55947931,
2545,(주)더가든오브내추럴솔루션,경기 오산시,(18103) 경기도 오산시 가장산업서로 12-24 (주)더가든오브내추럴솔루션,127.0347778,37.16486332,
2546,남동요양보호사교육원,인천 남동구,(21510) 인천광역시 남동구 백범로 370 3층,126.7100596,37.46623888,
2547,아가페장례지도사교육원,인천 남동구,(21545) 인천광역시 남동구 남동대로 906 2층(간석동),126.7084772,37.46331572,
2548,이현경애견미용학원,인천 남동구,(21537) 인천광역시 남동구 구월동 인주대로 787 2층,126.7246713,37.44898405,
2549,한겨레교육문화센터,서울 마포구,"(04100) 서울특별시 마포구 백범로 18 (노고산동 미화빌딩) 6,7,8층",126.9368369,37.55320454,
2550,에이치엘디앤아이한라주식회사,서울 송파구,"(05510) 서울특별시 송파구 올림픽로 289 (신천동, 시그마타워)",127.1024866,37.51454667,
2551,산림조합중앙회 진안교육원,전북 진안군,(55417) 전북특별자치도 진안군 부귀면 전진로 2685-6(임업기능훈련원) 산림조합중앙회진안교육원,,,
2552,엠비씨(MBC)아카데미 컴퓨터교육센터 화곡점,서울 강서구,"(157924) 서울특별시 강서구 화곡로 149 심당빌딩 3,4,5층",126.8382028,37.54136834,
2553,대원제약(주),서울 성동구,(133850) 서울특별시 성동구 용답동 229-3 대원제약(주),127.0619058,37.5615604,
2554,(주)서연이화 아산공장,충남 아산시,(336882) 충청남도 아산시 신창면 남성리 398-1,126.9412784,36.79788079,
2555,시스멕스코리아 주식회사,서울 강남구,(06141) 서울특별시 강남구 테헤란로 203 (역삼동 서울인터내셔널타워) 3층 시스멕스코리아,,,
2556,롯데이노베이트(주),서울 금천구,(08500) 서울특별시 금천구 가산동 가산디지털2로 179(롯데이노베이트 신관) 12층,126.876659,37.48361012,
2557,효성ITX(주),서울 영등포구,(150967) 서울특별시 영등포구 선유동2로 57 구관 15층 효성ITX,126.8971425,37.53358823,
2558,해양환경공단,부산 영도구,(49111) 부산광역시 영도구 해양로301번길 23 (동삼동 해양환경교육원) 1층,129.0779501,35.08003296,
2559,광주공업고등학교,광주 북구,(500815) 광주광역시 북구 설죽로315번길 14 (매곡동10),126.8967096,35.18970832,
2560,부산자동차마이스터고등학교,부산 사하구,(49480) 부산광역시 사하구 하신중앙로3번나길 16 부산자동차고등학교,128.9641816,35.07548346,
2561,청주공업고등학교,충북 청주시 상당구,(360020) 충청북도 청주시 상당구 교서로 17 ,,,
2562,부산중장비학원,부산 연제구,(611822) 부산광역시 연제구 연산4동 739-17 동광빌딩8층,129.0822867,35.18552843,
2563,이화푸드조리제빵학원,대전 서구,"(35304) 대전광역시 서구 도산로 376 (용문동) 이화빌딩 3,4,5층",127.3927937,36.33751934,
2564,서울항공직업전문학교,서울 동대문구,"(02583) 서울특별시 동대문구 용두동 왕산로 60-1 지하 2층 일부(201,202,204,205호,재료·공구실)",127.0301892,37.57724993,
2565,한국패션실용전문학교,서울 종로구,"(03088) 서울특별시 종로구 이화장길 70-8 2층~5층(501,502,503)",127.0049989,37.57817122,
2566,주식회사비즈엔몰드,인천 연수구,(406840) 인천광역시 연수구 송도미래로 30 B동 401호,126.6484044,37.36663549,
2567,고정현헤어 검단 그린점,인천 서구,(22617) 인천광역시 서구 완정로 172 (마전동) 서주빌딩 2F,126.6573328,37.6025234,
2568,한국소방마이스터고등학교,강원 영월군,(26227) 강원도 영월군 영월읍 영모전길 108 ,,,
2569,(주)나노신소재(일학습 병행),세종 세종,(339942) 세종특별자치시  부강면 금호안골길 78 (주)나노신소재,127.3643819,36.49919443,
2570,삼천포공업고등학교,경남 사천시,(664830) 경남 사천시 동금동 45-1,128.0843266,34.93358791,
2571,창원직업전문학교,경남 창원시 마산합포구,(51334) 경상남도 창원시 마산합포구 합포로 163 (산호동) 창원직업전문학교 빌딩,128.5853291,35.21204121,
2572,엔젤간호학원,광주 동구,"(501021) 광주광역시 동구 금남로 250-8 (금남로1가)금향빌딩3층,엔젤간호학원",126.9183501,35.14751528,
2573,지앤지컴퓨터학원,충남 천안시 동남구,(31144) 충청남도 천안시 동남구 대흥로 215 (대흥동) 2층 202호,127.147194,36.80715362,
2574,인천직업능력교육원,인천 남동구,"(21570) 인천광역시 남동구 인주대로 596 (구월동 기한빌딩) 9층 일부, 10층",,,
2575,옵티멀에너지서비스(주) 기술연수원,충남 보령시,(355938) 충청남도 보령시 큰오랏6길 39 ,,,
2576,드림직업전문학교,전북 전주시 완산구,(55000) 전라북도 전주시 완산구 팔달로 218-12 (경원동3가) 3층,127.1467505,35.82177511,
2577,한옥기술인협회직업전문학교,전북 임실군,(55909) 전라북도 임실군 사선2길 96 (관촌면 목재문화체험장) 한옥기술인협회직업전문학교,,,
2578,광주중앙미용학원,광주 동구,(61482) 광주광역시 동구 금남로 232-4 4~5층,126.917041,35.14858035,
2579,근로복지공단,울산 중구,(44428) 울산광역시 중구 종가로 340 ,,,
2580,21세기메디칼 주식회사,광주 북구,(61245) 광주광역시 북구 중가로51번길 32 1층 (유동),126.9066582,35.16079244,
2581,메디아이학원,광주 서구,(502240) 광주광역시 서구 화정동 94-7 해동빌딩 2층,126.8761622,35.15726716,
2582,(주)선일다이파스,충북 진천군,(365830) 충북 진천군 광혜원면 광혜원리 767-3 ,,,
2583,(주)동우팜투테이블,전북 군산시,(573941) 전라북도 군산시 서수면 동군산로 1095 (주) 동우,126.8759962,36.0114679,
2584,(주)두올,서울 강남구,(06173) 서울특별시 강남구 영동대로96길 20 (삼성동 대화빌딩) 2층,127.0646367,37.51059915,
2585,삼익산업(주),경기 수원시 권선구,"(16642) 경기도 수원시 권선구 오목천로132번길 19(고색동, 삼익) 삼익산업(주)",126.9762347,37.24328735,
2586,(주)라벨리 (일학습병행제),전남 화순군,(58110) 전라남도 화순군 화순읍 쌍충로 127-1 본사 사무실,126.9791485,35.06185947,
2587,충청북도장애인종합복지관,충북 충주시,(380130) 충북 충주시 호암동 751-7번지,127.9208419,36.94974186,
2588,(재)건설기술교육원,인천 남동구,(21541) 인천광역시 남동구 소래로 688 (만수동 건설기술교육원) 건설기술교육원,126.7362494,37.45054243,
2589,쌍용건설(주),서울 송파구,(138726) 서울특별시 송파구 신천동 9층 HR부,,,
2590,한국에스엠씨(주),서울 영등포구,(150914) 서울특별시 영등포구 여의도동 18-3 스카우트 B/D 8층,126.9166443,37.52664845,
2591,아진산업(주),경북 경산시,(712837) 경북 경산시 진량읍 공단4로 171 1191-3번지,128.8275066,35.87260343,
2592,농심태경(주) 대구공장,대구 달성군,(711855) 대구광역시 달성군 논공읍 논공로87길 9 ,,,
2593,한국수력원자력 (주) 고리원자력본부,부산 기장군,(619711) 부산 기장군 장안읍 고리원자력본부 216번지,,,
2594,한수원(주) 한빛원자력본부,전남 영광군,(513886) 전라남도 영광군 홍농읍 홍농로 846 한빛원자력본부 교육훈련센터,126.4286352,35.42097698,
2595,포항간호학원,경북 포항시 북구,"(37749) 경상북도 포항시 북구 중흥로 243 (죽도동) 2층일부,3층일부.",,,
2596,행복마을,대전 서구,(35423) 대전광역시 서구 요골길 352 (원정동) 행복마을,127.2912568,36.24392309,
2597,(주)우리인재개발원,경기 부천시 원미구,"(14634) 경기도 부천시 원미구 부천로29번길 7(심곡동, 부천메디컬프라자) 12층 / 경기도 부천시 역곡로2번길7, 6층(역곡별관) / (14642) 경기 부천 부일로 505번길 7, 2층(부천별관) / (17869)경기도 평택시 서동대로 3825(용이동, 평택대학교)정보과학관 311호(K-Digital Training 특화훈련)",,,
2598,스마트IT컴퓨터학원,전북 정읍시,(56191) 전라북도 정읍시 학산로 80 (상동) 2층 2호,126.8725632,35.56074731,
2599,회기역요양보호사교육원,서울 동대문구,"(02445) 서울특별시 동대문구 회기로 197-1 (휘경동 근영빌딩) (휘경동,인아빌딩)2층",127.057909,37.59019552,
2600,중앙간호학원,전북 군산시,"(54144) 전라북도 군산시 하나운로 32 (나운동 세경아파트 상가) 2,3층, 202,302호",126.7016505,35.96075152,
2601,맨투맨디자인학원,전북 전주시 덕진구,(561835) 전라북도 전주시 덕진구 안덕원로 115 정구빌딩 2층 맨투맨디자인학원(진북동),127.1419191,35.83066709,
2602,퓨리켐(일학습병행제),충북 청주시 서원구,(362813) 충청북도 청주시 서원구 남이면 남석로 151-35 (주)퓨리켐,127.4242646,36.5694396,
2603,한국야금(주)(일학습병행제 ),충북 진천군,(365831) 충청북도 진천군 광혜원면 광혜원산단2길 54 한국야금(주),127.4364699,36.98222428,
2604,(주)한국지엠디,경기 용인시,(449901) 경기 용인시 기흥읍 고매리 750-3,,,
2605,조광페인트(주),부산 사상구,(617826) 부산 사상구 삼락동 379-1 ,,,
2606,한국마사회,경기 과천시,(13822) 경기도 과천시 경마공원대로 107 (주암동 한국마사회) 한국마사회,127.0167482,37.447797,
2607,한국미쓰비시전기오토메이션(주),서울 강서구,(157200) 서울특별시 강서구 양천로 401 강서한강자이타워 A동 9F,126.8479518,37.56547385,
2608,경주직업전문학교,경북 경주시,(780872) 경상북도 경주시 천북로 78-9 ,,,
2609,다사랑요양원,경기 이천시,(17410) 경기도 이천시 설성면 설성로377번길 273-129 ,,,
2610,삼성전자로지텍(주) Logistics Academy,경기 수원시 영통구,(16522) 경기도 수원시 영통구 삼성로 290 (원천동 삼성전자(주)CS아카데미) 삼성전자로지텍(주) Logistics Academy,127.0654959,37.26565906,
2611,구미직업전문학교,경북 구미시,(730913) 경상북도 구미시 구미중앙로 278 ,,,
2612,(재)대덕인재개발원,대전 중구,"(34908) 대전광역시 중구 계룡로 846 (오류동) 3, 4층",127.4088568,36.32493967,
2613,영진약품(주),서울 송파구,(05510) 서울특별시 송파구 올림픽로35다길 13 (신천동 국민연금공단) 3층,,,
2614,한국산업기술시험원,서울 구로구,"(08389) 서울특별시 구로구 디지털로26길 87(구로동, 한국산업기술시험원) 한국산업기술시험원 7층 일부 및 구로G밸리체육관 4층 일부",,,
2615,디비손해보험주식회사,서울 강남구,(06194) 서울특별시 강남구 테헤란로 432 (대치동 DB금융센터) DB금융센터 12층 인사팀,127.0544088,37.50571166,
2616,아인스파트너러닝센터 평생교육시설,서울 강남구,(135090) 서울특별시 강남구 삼성동 144 천해빌딩 3층,127.0546025,37.50779287,
2617,스테코(주),경기 용인시 처인구,(330220) 충남 천안시 백석동 741번지,127.1103402,36.83337849,
2618,(주)현보,충남 천안시 동남구,(330881) 충청남도 천안시 동남구 수신면 수신로 149 ,,,
2619,(주)해안종합건축사사무소,서울 강남구,(135080) 서울특별시 강남구 역삼동 650-3 해안빌딩,127.0347985,37.50724126,
2620,(주)우진플라임 기술교육원,충북 보은군,(28913) 충청북도 보은군 우진플라임로 105 (장안면) 125(기숙사) (주)우진플라임 기술교육원,127.8108131,36.46034897,
2621,한국식품산업협회,서울 서초구,(137850) 서울 서초구 방배3동 1002-6,127.0048605,37.48107168,
2622,의료법인 영문의료재단,경기 용인시 처인구,(449924) 경기도 용인시처인구 중앙동(김량장동) 18-4번지,127.2113732,37.23155026,
2623,(주)코아비스,세종 세종,(339812) 세종특별자치시  연서면 공단로 117 ,,,
2624,영남간호학원,대구 서구,"(41825) 대구광역시 서구 국채보상로 264 (평리동) 4,5층, 101호(강의실),102호(실습실),103호(강의실)",128.5598899,35.87107225,
2625,그린컴퓨터아트학원,서울 구로구,(08288) 서울특별시 구로구 새말로 97 (구로동 신도림테크노마트) 6층 일부,126.8902925,37.50690359,
2626,노원그린컴퓨터아카데미,서울 노원구,"(01693) 서울특별시 노원구 상계로3길 21 (상계동 화일빌딩) 3층, 6층 일부",127.0622987,37.65713576,
2627,숭실대학교 글로벌미래교육원,서울 동작구,(06978) 서울특별시 동작구 상도로 369 (상도동 숭실대학교) 전산관 1층 교학팀,126.9571741,37.49626264,
2628,신진과학기술고등학교(일학습병행),서울 은평구,(03453) 서울특별시 은평구 은평로6길 16 ,,,
2629,한국고용정보원,충북 음성군,(369811) 충청북도 음성군 맹동면 태정로 6 한국고용정보원,127.5505478,36.90518019,
2630,(주)휴넥트,부산 연제구,(47505) 부산광역시 연제구 중앙대로 1217 (거제동 국제문화센터) 17층,129.0794163,35.1956615,
2631,윤성컴퓨터디자인아카데미,대구 달서구,(42659) 대구광역시 달서구 두류공원로 248 (두류동) 2-6층,128.5594467,35.85576767,
2632,사)창혜복지재단중증장애인요양시설 청록원,전북 익산시,(570310) 전북 익산시 덕기동 751-5,127.0297881,35.96647984,
2633,(주)엘콤,충북 충주시,(380871) 충북 충주시 이류면(이류면) 본리 657번지 첨단산업단지內,127.8267378,36.99323175,
2634,소화진달네집,전북 전주시 완산구,(560297) 전라북도 전주시 완산구 우림로 595-32 소화진달네집,127.0617307,35.76147183,
2635,돌봄요양보호사교육원,경기 성남시 수정구,(13327) 경기도 성남시 수정구 수정로 106 (수진동 수진동 SR프라자) 1003호 돌봄요양보호사교육원,127.1320394,37.44069044,
2636,이천성모요양보호사교육원,경기 이천시,(17373) 경기도 이천시 중리동 경충대로 2568(천시욱정형외과) 4층,127.4477377,37.27491335,
2637,서울북부요양보호사교육원,서울 강북구,(01165) 서울특별시 강북구 도봉로 88 (미아동) 2층,127.0303487,37.61694615,
2638,성민열관리기술학원,서울 영등포구,(07306) 서울특별시 영등포구 경인로 872 (영등포동1가 진영빌딩) 5층,126.9096195,37.51717371,
2639,(주)신진이엔지,경기 시흥시,"(14931) 경기도 시흥시 매화산단로 42 (도창동 신진이엔지) (도창동,매화산업단지에이9-6)",126.8245729,37.4109114,
2640,주식회사 티시스아이티,서울 중구,(04526) 서울특별시 중구 남대문로 15 (남대문로4가) 흥국생명 남대문 5호 별관12층,126.9772466,37.5611489,
2641,(유)쉐보레나운바로서비스,전북 군산시,(573360) 전라북도 군산시 미성로 554 ,,,
2642,(주)비젼사이언스(일학습 병행),대구 동구,(41059) 대구광역시 동구 매여로1길 37-38 (상매동) 　,128.7035518,35.88866023,
2643,우송정보대학,대전 동구,(34518) 대전광역시 동구 백룡로 59 (자양동 우송정보대학동캠퍼스) 테크노디자인센터(E1) 202호 일학습공동훈련센터,,,
2644,울산다파컴퓨터디자인학원,울산 남구,"(44719) 울산광역시 남구 삼산중로 56 (삼산동) 10층,11층",129.3355779,35.53843057,
2645,백제간호조무사양성학원,충남 논산시,(32980) 충청남도 논산시 시민로294번길 15 (취암동 노인병원) 백제병원별관병동 6층 (엘리베이터상 7층표기),,,
2646,무궁화요리학원,경북 영주시,(36100) 경상북도 영주시 중앙로 54 (영주동) 무궁화요리학원 3층,128.6222761,36.82079509,
2647,울산에너지고등학교,울산 북구,(683300) 울산광역시 북구 화봉동 453번지,129.3691078,35.59001017,
2648,란스플로리스트꽃꽂이학원,서울 송파구,(05667) 서울특별시 송파구 백제고분로42길 8 (송파동) 201호 란스플로리스트 꽃꽂이학원,127.1085127,37.50465756,
2649,대한간호학원,대전 서구,(35382) 대전광역시 서구 관저로 158 청송빌딩 5층,127.3393628,36.29863404,
2650,김해중앙복지전문학원부설요양보호사교육원,경남 김해시,(50961) 경상남도 김해시 분성로 156 (외동) 4층,128.8639082,35.22954504,
2651,주식회사 도림아스타,제주 제주시,(63182) 제주특별자치도 제주시 서사로 129 ,,,
2652,시터피아요양보호사교육원,제주 제주시,(63272) 제주특별자치도 제주시 고마로 44 (일도이동 서진하이츠) 2층 201호,126.5388143,33.51015201,
2653,(주)성우하이텍소주공장,경남 양산시,(50511) 경상남도 양산시 소주공단3길 50 (소주동 성우하이텍) 성우하이텍,129.1547991,35.41800139,
2654,사랑간호학원,강원 원주시,"(26484) 강원도 원주시 서원대로 392 (단구동) 403, 404, 503, 504호",127.948387,37.33097036,
2655,슈어소프트테크(주),경기 성남시 수정구,(13453) 경기도 성남시 수정구 금토동 금토로80번길 37 인피니티타워 E동,127.0884514,37.40696938,
2656,부산진여성인력개발센터,부산 부산진구,(614849) 부산 부산진구 부전1동 467-1 영동프라자 2층 ,,,
2657,한국전문기술교육원,경기 수원시 팔달구,"(16457) 경기도 수원시 팔달구 효원로 27(매산로3가, 대동빌딩) 402호",127.0092859,37.27087438,
2658,(주)동희홀딩스,경기 수원시 권선구,(16648) 경기도 수원시 권선구 산업로155번길 8 (고색동) 2층 (주)동희홀딩스,126.9822574,37.24285071,
2659,케이아이씨캠퍼스학원,서울 강남구,(06134) 서울특별시 강남구 테헤란로1길 10 세경빌딩 3층,127.0283263,37.49879152,
2660,미래간호학원부설요양보호사교육원,대구 북구,(41443) 대구광역시 북구 칠곡중앙대로 457 (관음동) 4층,,,
2661,동경요양보호사교육원,대구 북구,(41564) 대구광역시 북구 동북로 260 (복현동) 3층.,128.6188582,35.89404708,
2662,주식회사 아이스마트평생교육원,부산 동래구,(47879) 부산광역시 동래구 낙민동 충렬대로 276(청암빌딩) 5층,129.0891463,35.20052257,
2663,한국에어텍항공직업전문학교,서울 강서구,"(07631) 서울특별시 강서구 마곡중앙4로 10 (마곡동) 그랑트윈타워A동 8층, 옥탑층 / 서울특별시 강서구 남부순환로7길 39(공항동) 전체",,,
2664,하은테크주식회사,경남 진주시,(52845) 경상남도 진주시 정촌면 산업로39번길 15 하은테크주식회사,128.1022121,35.11951215,
2665,(주)엠씨넥스,인천 연수구,(21984) 인천광역시 연수구 송도과학로16번길 13-39 (송도동 엠씨넥스 타워) (주)엠씨넥스,,,
2666,(주)엘아이지시스템,서울 종로구,(03130) 서울특별시 종로구 창경궁로 120 (인의동 종로플레이스) 12층 엘아이지시스템,126.9982748,37.57306259,
2667,주식회사에이스이앤티,울산 남구,(44776) 울산광역시 남구 테크노산업로81번길 14 (두왕동) -,129.2959767,35.51121258,
2668,선문대학교 산학협력단,충남 아산시,(31460) 충청남도 아산시 선문로221번길 70 (탕정면 선문대학교) 본관 402호(산학협력단),127.0732926,36.79787592,
2669,(주)제주항공,제주 제주시,(63125) 제주특별자치도 제주시 신대로 64 (연동 건설회관) 건설공제회관 3층 (주)제주항공,126.4959795,33.49160093,
2670,홍성컴퓨터학원,충남 홍성군,(32256) 충청남도 홍성군 청사로150번길 20 (홍북읍 광명헤세드) 4층 406호,126.6807192,36.65694176,
2671,파란손해사정(주),서울 영등포구,(07285) 서울특별시 영등포구 선유로3길 10 (문래동5가 하우스디 비즈) 14층 파란손해사정,126.8865919,37.51567566,
2672,제일전기학원,광주 북구,(61250) 광주광역시 북구 무등로 188 (신안동) 2층 일부 · 3층 일부,126.9039637,35.16529701,
2673,부산씨엔티바리스타학원,부산 부산진구,(47229) 부산광역시 부산진구 중앙대로 902 (양정동) 찬영빌딩 3층 일부,129.0698368,35.17069247,
2674,나누리간호학원,부산 북구,"(46524) 부산광역시 북구 화명신도시로 127 (화명동 범서미라클) 601,602호",129.0104266,35.23518733,
2675,부산돌봄요양보호사교육원,부산 연제구,(611801) 부산광역시 연제구 거제3동 457-10번지 이안빌딩 6층,129.0730373,35.18221753,
2676,뜰안평생교육원,경남 창원시 마산회원구,(51366) 경상남도 창원시 마산회원구 양덕로 139-1 (양덕동) 2층,128.583772,35.23084305,
2677,사단법인 한국환경컨설팅협회,서울 은평구,(03367) 서울특별시 은평구 진흥로 215 (불광동 한국환경산업기술원) 환경벤처센터,126.9331398,37.61010834,
2678,투썬캠퍼스 분당센터,경기 성남시 분당구,(13618) 경기도 성남시 분당구 성남대로172번길 24 (금곡동 미금파크주차빌딩) 2층 201-1호,127.1114687,37.35108778,
2679,감미화미용학원,경남 김해시,"(50916) 경상남도 김해시 서상동 가락로 81 401호, 402호(서상동, 아이조이빌딩)",128.8812165,35.23379252,
2680,하이네켄코리아(주),서울 강남구,"(06176) 서울특별시 강남구 테헤란로114길 38(대치동, 동일타워) 11층 하이네켄코리아",,,
2681,제주장애인자립생활센터,제주 제주시,(63256) 제주특별자치도 제주시 천수동로 30 (일도이동) 제주장애인자립생활센터,126.5453067,33.50762468,
2682,바드림요양보호사교육원,서울 동대문구,"(130836) 서울특별시 동대문구 한천로 189 4층 2 (장안동,중흥빌딩)",127.0677713,37.57770292,
2683,(주)아이스프린트컨설팅,서울 강남구,(135919) 서울 강남구 역삼2동 708-33번지 파라다이스벤처빌딩 14층,127.0484694,37.50276786,
2684,MG손해보험주식회사,서울 강남구,(135922) 서울특별시 강남구 테헤란로 335 MG손해보험빌딩,127.0482669,37.50456992,
2685,오뜨리패션디자인학원,서울 동대문구,(02580) 서울특별시 동대문구 왕산로5길 6 (신설동) 선봉빌딩 2층 3층,127.0269718,37.57706058,
2686,오늘라이프장례지도사교육원,서울 종로구,"(03127) 서울특별시 종로구 율곡로 190(연지동, 여전도회관) B102호(B102~104)",126.9995059,37.57541898,
2687,카페바리스타아카데미학원,서울 강남구,(135935) 서울특별시 강남구 테헤란로10길 43 명호빌딩 4층,127.0333803,37.49624052,
2688,수인파트너스 아카데미 교육장,경기 성남시 중원구,(13376) 경기도 성남시 중원구 성남대로 1139 (성남동 한일타워) 11층 1101호,127.128679,37.43133265,
2689,홍천간호학원,강원 홍천군,(25136) 강원도 홍천군 신장대로 46 (홍천읍) 2층  홍천간호학원,127.8812422,37.69006248,
2690,(주)메타엠,서울 강남구,(06050) 서울특별시 강남구 언주로 725 (논현동 보전빌딩) 동관 6층,127.0344417,37.5194588,
2691,한경닷컴IT교육센터,서울 영등포구,"(07271) 서울특별시 영등포구 양산로 53(양평동3가, 월드메르디앙비즈센터) 4층 일부, 5층 일부, 11층 일부",,,
2692,(주)만도,경기 용인시 기흥구,(446901) 경기도 용인시 기흥구 기흥단지로 46 ,,,
2693,신성대학교,충남 당진시,(31801) 충청남도 당진시 대학로 1 (정미면 신성대학교) 신성대학교,126.5921072,36.85428049,
2694,은선꽃예술학원,대전 유성구,(305330) 대전광역시 유성구 노은로 144 노은타운 4층 403호 은선꽃예술학원,127.3184747,36.37248757,
2695,샘물IT캠퍼스,경기 여주시,(469804) 경기도 여주군 여흥로 176-2 331-19 샘물컴퓨터학원,127.6430306,37.29491289,
2696,정석대학,서울 강서구,(157712) 서울특별시 강서구 하늘길 260 ,,,
2697,경남컴퓨터학원,대전 서구,(35346) 대전광역시 서구 배재로 155-7 경남상가 301호 경남컴퓨터학원,127.3689726,36.32168909,
2698,(주) 무창,전남 광양시,(545711) 전라남도 광양시 폭포사랑길 20-26 (주) 무창,127.7359946,34.93230424,
2699,(주)에이치맨,서울 강동구,(05327) 서울특별시 강동구 올림픽로 674 (천호동 로석빌딩) 5층,127.1248696,37.54148325,
2700,김정희플라워건축조경학원,대구 수성구,(42118) 대구광역시 수성구 동대구로 273 (범어동 제은빌딩) 3층,128.6249684,35.85480172,
2701,남양주간호학원,경기 남양주시,(472120) 경기도 남양주시 늘을1로16번길 25 5층 503호,127.2429757,37.65414045,
2702,이현꽃예술학원,경기 군포시,(15808) 경기도 군포시 엘에스로 153-8 (산본동 금정하이뷰) 304호,126.9449538,37.37383799,
2703,군위요양보호사교육원,대구 군위군,(716804) 경상북도 군위군 중앙6길 4 군위요양보호사교육원,128.5678798,36.2396393,
2704,씨엘간호학원,울산 중구,(44510) 울산광역시 중구 화합로 427 (반구동) 3층 및 4층일부,129.3366636,35.56295404,
2705,베스트요양보호사교육원,광주 서구,(502856) 광주광역시 서구 운천로 131 A동112호,126.8565504,35.14451801,
2706,퍼스트바리스타제과제빵학원,경기 부천시,(14545) 경기도 부천시 상동로 90 (상동 메가플러스빌딩) 6층 602호,126.7536646,37.50506357,
2707,인천인테리어필름학원,인천 부평구,(21395) 인천광역시 부평구 경원대로 1413 (부평동) 3~5층 전체 (부평동),126.7260293,37.49139707,
2708,부산용접&전기직업학교,부산 부산진구,"(47231) 부산광역시 부산진구 진남로356번길 110-35 (전포동 부산용접&전기직업학교) 1,2,3층",129.0716737,35.16089265,
2709,중부간호학원,경남 양산시,(50629) 경상남도 양산시 양산역로 103 (중부동) 701호 (골든세븐빌딩 7층),129.0289492,35.33856382,
2710,세종목조한옥직업전문학교,세종 세종,(30001) 세종특별자치시  대사동길 35 (소정면) 세종목조한옥직업전문학교,127.1621705,36.72299835,
2711,RBW교육Campus,서울 광진구,(05026) 서울특별시 광진구 자양동 자양로 129(RBW tower) 9층,127.0828543,37.53914957,
2712,베스트간호학원,경기 안양시 만안구,(13992) 경기도 안양시 만안구 안양로292번길 3 (안양동) TWORLD 3층,126.9220089,37.39858429,
2713,분당끌라시꼬커피제과제빵교육원,경기 성남시 분당구,"(13618) 경기도 성남시 분당구 돌마로 67 (금곡동 금산젬월드) 301호, 301-1호, 215~9호",127.10947,37.35042285,
2714,수인뷰티미용학원,경기 성남시 분당구,"(463808) 경기도 성남시 분당구 돌마로 52 MD프라자 5층 503,504호",127.1075726,37.34947848,
2715,부천바리스타학원,경기 부천시,(14710) 경기도 부천시 경인로 253 (심곡본동 데카에셋빌딩) 503호,126.7835741,37.48329184,
2716,(주)포스코인재창조원(포항),경북 포항시 남구,(790834) 경상북도 포항시 남구 지곡로 120 ,,,
2717,행복요양보호사교육원,인천 남동구,(21534) 인천광역시 남동구 구월로 272 (구월동 파크빌딩) 4층,126.7206916,37.4554618,
2718,구리제일요양보호사교육원,경기 구리시,(11931) 경기도 구리시 검배로 61 (수택동) 세진빌딩4층,127.1455121,37.59692456,
2719,한국요양보호사중앙회 요양보호사교육원,서울 마포구,(04206) 서울특별시 마포구 마포대로 196 (아현동 고려아카데미텔) 213호,126.9562467,37.55097936,
2720,디와이,인천 남동구,(21629) 인천광역시 남동구 남동서로362번길 36 디와이,126.7041691,37.41824594,
2721,상신브레이크(주),대구 달성군,(711713) 대구 달성군 논공읍 상신브레이크건물 ,,,
2722,신성델타테크(주),경남 창원시 성산구    ,(51558) 경상남도 창원시 성산구 공단로271번길 39 (웅남동 신성델타테크(주)) 신성델타테크,128.6542955,35.21662644,
2723,(재단법인)(재)대구기독교청년회(YMCA),대구 중구,(700070) 대구광역시 중구 덕산동 116,128.5930045,35.86662839,
2724,국토안전관리원,경남 진주시,(52856) 경상남도 진주시 충무공동 에나로128번길 24 국토안전관리원,128.1440338,35.17576266,
2725,세메스(주),충남 천안시 서북구,(331814) 충청남도 천안시 서북구 직산읍 4산단5길 77 ,,,
2726,이상인배관용접학원,울산 울주군,"(44998) 울산광역시 울주군 내동1길 26 (온산읍) 1,2층",129.3336973,35.44019801,
2727,경산화인간호학원,경북 경산시,"(38631) 경상북도 경산시 경안로 173 (중방동) 팔천빌딩 2층, 3층",128.7371333,35.82288529,
2728,문스코직업전문학교,경북 경산시,(712802) 경상북도 경산시 경안로 246 ,,,
2729,이화중장비학원,울산 북구,(44216) 울산광역시 북구 오토밸리로 1230 (중산동) 중산동 866-2,129.341939,35.65327986,
2730,인컴트랜드평생교육원,인천 부평구,(21394) 인천광역시 부평구 부평동 부평대로 6(대신스카이프라자) 601호,126.7236414,37.49195908,
2731,프라임원격평생교육원,서울 송파구,"(05855) 서울특별시 송파구 법원로8길 13(문정동, 문정헤리움써밋타워) 507호",127.1220744,37.48432725,
2732,(주)북부산요양보호사교육원,부산 사상구,(47012) 부산광역시 사상구 가야대로 260 (주례동 포시즌편의점) 3층,129.0010445,35.14993987,
2733,하이테커 원격평생교육시설,서울 성동구,"(04790) 서울특별시 성동구 상원12길 30 (성수동1가 동진아이티타워) 1107호, 1108호, 1109호",127.0505803,37.54997885,
2734,한국제일요리커피학원,부산 북구,(46576) 부산광역시 북구 백양대로 1200 (덕천동 정수빌딩) 7층 일부,129.0057016,35.20918625,
2735,부산간호학원,부산 연제구,(47520) 부산광역시 연제구 반송로 21 (연산동 화성빌딩) 4층,129.0832274,35.18754886,
2736,에스테리아 미용직업전문학교,경남 창원시 마산합포구,(51728) 경상남도 창원시 마산합포구 불종거리로 2-1 (남성동 5층),128.5770185,35.2047595,
2737,CS간호학원,경남 창원시 마산회원구,(51209) 경상남도 창원시 마산회원구 3·15대로 807 (합성동 제일빌딩) 5층,128.5859354,35.24326063,
2738,삼원요양보호사교육원,경남 창원시 성산구    ,(51461) 경상남도 창원시 성산구 대암로 77 (대방동) 삼원요양보호사교육원,128.7047877,35.21551249,
2739,의료법인창아의료재단,경남 창원시 의창구    ,(641200) 경상남도 창원시 의창구 창원천로94번길 82-18 ,,,
2740,신흥글로벌(주),경남 창원시 성산구    ,(642090) 경상남도 창원시 성산구 성주로97번길 35 ,,,
2741,세종파츠플러스 유한회사,부산 부산진구,(47291) 부산광역시 부산진구 서전로10번길 28 (부전동 오기빌딩) 14층,129.0600028,35.15672087,
2742,역삼 그린컴퓨터아카데미,서울 강남구,"(06129) 서울특별시 강남구 강남대로 428 (역삼동 만이빌딩) 5층, 10층",127.0266646,37.50068396,
2743,공주간호학원,충남 공주시,(32586) 충청남도 공주시 공주대학로 17-20 (신관동) 공주간호학원,127.1356288,36.46786669,
2744,아세아종합건설,경기 광주시,(12735) 경기도 광주시 초월읍 경충대로 1340-17 ,,,
2745,킨코스코리아,서울 서초구,(06729) 서울특별시 서초구 강남대로 291 (서초동 남강빌딩) 8층 킨코스코리아,127.0312968,37.48913219,
2746,라인테크닉스(주),경기 안산시 단원구,(15617) 경기도 안산시 단원구 엠티브이22로 86 라인테크닉스(주),126.7269442,37.30686419,
2747,GS EPS 주식회사,충남 당진시,(31721) 충청남도 당진시 송악읍 부곡공단로 241 GS EPS(지에스 이피에스),126.7817013,36.95712937,
2748,동원홈푸드,서울 서초구,(137717) 서울 서초구 양재2동 동원산업빌딩 14층,127.0439998,37.47771284,
2749,(재)이찬 경남직업전문학교,경남 창원시 마산회원구,"(51363) 경상남도 창원시 마산회원구 양덕동 양덕로 160(양덕동메디컬센터) 1층, 4~7층",128.5830799,35.23253737,
2750,(재)이찬 경남직업능력개발원,경남 창원시 마산회원구,(51321) 경상남도 창원시 마산회원구 합포로 274 (양덕동 한진오피스텔) 13~14층,128.5872948,35.22164958,
2751,(재)건설산업교육원,서울 강남구,"(06267) 서울특별시 강남구 강남대로42길 13 (도곡동) 3층, 5층",127.0352754,37.48546412,
2752,상상쓰리디학원,광주 서구,(502811) 광주광역시 서구 내방로 400 4층,126.8839869,35.15773477,
2753,류직업전문학교,광주 서구,"(61990) 광주광역시 서구 상무대로 936 (쌍촌동) 4층,5층",126.8642976,35.15107091,
2754,예림디자인학원,전남 순천시,(540190) 전남 순천시 장천동 63-1번지 3층,127.4862688,34.95002238,
2755,글로벌컴퓨터학원,전남 순천시,(57967) 전라남도 순천시 연향동 연향3로 23(킴스제너럴) 3층,127.5186569,34.95094379,
2756,탑직업전문학교,전남 광양시,(57786) 전라남도 광양시 동광길 30 (중동 동광아파트) 상가3층,,,
2757,경북베델요양보호사교육원,대구 중구,(41966) 대구광역시 중구 달구벌대로 2076 (남산동) 5층,128.590612,35.86546153,
2758,칠곡효성간호학원,대구 북구,(41452) 대구광역시 북구 칠곡중앙대로 373 태원빌딩 3층,128.5472792,35.929205,
2759,제주한라대학교 산학협력단,제주 제주시,(690708) 제주도 제주시 노형동 제주한라대학교 산학협력단,126.4746746,33.47733007,
2760,대성인테리어기술학원,대전 중구,"(35041) 대전광역시 중구 충무로 18 (대흥동) 2,3,4층",127.4195779,36.31802688,
2761,지오캐드그래픽학원,광주 광산구,(62347) 광주광역시 광산구 사암로 288-1 542-6번지 2층 지오캐드그래픽학원,126.8093586,35.1701222,
2762,첨단요양보호사교육원,광주 광산구,(62274) 광주광역시 광산구 임방울대로 789 (쌍암동) 2층,126.8446877,35.21834122,
2763,정겨운 뜰안,전남 함평군,(525861) 전라남도 함평군 함장로 1984-12 ,,,
2764,호매실간호학원,경기 수원시 권선구,(16397) 경기도 수원시 권선구 금곡로 202 (금곡동 e-SPACE CITY-1) 606호,126.9526188,37.27343181,
2765,의료법인 진촌의료재단 순천만요양병원,전남 순천시,(540873) 전라남도 순천시 별량면 덕정길 74 ,,,
2766,JBS미용예술학원,경기 남양주시,(12015) 경기도 남양주시 장현로47번길 1 (진접읍 장현빌딩) 4층 일부,,,
2767,(주)대성실업,경기 시흥시,(15119) 경기도 시흥시 정왕동 엠티브이북로 127(대성실업) A동,126.6943168,37.32494814,
2768,고잔요양보호사교육원,경기 안산시 단원구,(15458) 경기도 안산시 단원구 광덕4로 108 (고잔동 고잔프라자) 404호(고잔동),,,
2769,금융감독원,서울 영등포구,(150743) 서울특별시 영등포구 여의대로 38 ,,,
2770,중앙미용직업전문학교,광주 동구,"(61482) 광주광역시 동구 금남로 232-4 (금남로2가) 1,2층",126.9170432,35.14851486,
2771,재단법인 국제인재능력개발원,서울 강남구,(06253) 서울특별시 강남구 역삼동 강남대로66길 14(강남역 와이즈 플레이스) 207호~210호,127.0319423,37.49151967,
2772,사회복지법인 행복한집,경남 사천시,(664090) 경상남도 사천시 백천길 16 ,,,
2773,준오헤어강남2호점,서울 서초구,(06612) 서울특별시 서초구 서초동 강남대로 441(서산빌딩) 3층(서초동),127.0251382,37.5016303,
2774,(주) 케이에스씨엔티,경남 양산시,(50592) 경상남도 양산시 유산공단10길 60-46 ,,,
2775,도레이첨단소재주식회사(주),경북 구미시,(730350) 경상북도 구미시 3공단2로 300 ,,,
2776,메디컬간호학원,전북 군산시,(54085) 전라북도 군산시 문화로 214 (경장동) 401호,,,
2777,인천요리제빵학원,인천 남동구,(405826) 인천광역시 남동구 용천로 87 흥인빌딩 5층 503호,126.7145019,37.45742905,
2778,강남 그린컴퓨터아카데미,서울 강남구,(06130) 서울특별시 강남구 역삼동 테헤란로5길 24 3층~6층,127.0291158,37.50021971,
2779,경성컴퓨터학원,대전 서구,(35266) 대전광역시 서구 대덕대로112번길 56 (갈마동) 2층 일부 경성컴퓨터학원,127.3778257,36.34257771,
2780,아이티로드컴퓨터학원,경남 거제시,(53260) 경상남도 거제시 고현로 138-36 (고현동) 동인빌딩 4층,128.630615,34.89004955,
2781,부산전자공업고등학교,부산 동래구,(607834) 부산광역시 동래구 온천1동 386번지,,,
2782,한국문화센터 주안교육원,인천 미추홀구,(22136) 인천광역시 미추홀구 미추홀대로 735 (주안동) 가동 3층 301호,126.6800616,37.46315141,
2783,우송정보대학 부설 평생교육원,대전 동구,(34518) 대전광역시 동구 자양동 백룡로 59(우송정보대학동캠퍼스) 국제경영센터 503-1호,127.4534003,36.33608068,
2784,건국대학교,서울 광진구,(05029) 서울특별시 광진구 능동로 120 ,,,
2785,부천공업고등학교,경기 부천시,(422040) 경기 부천시 송내동 455 부천공업고등학교,126.7674698,37.4810444,
2786,대구공업고등학교,대구 동구,(701820) 대구광역시 동구 대현로 135 대구공업고등학교,128.6141682,35.88284602,
2787,대구하이텍고등학교,대구 달서구,(704808) 대구 달서구 상인1동 1-2번지,128.5390917,35.82371468,
2788,김해건설공업고등학교,경남 김해시,(50911) 경상남도 김해시 구지로 109 ,,,
2789,천안공업고등학교,충남 천안시,(330130) 충청남도 천안시 성황동 4-15(천안공고길 54),127.1555907,36.81448708,
2790,서산공업고등학교,충남 서산시,(356832) 충청남도 서산시 운산면 용장리 246-1,126.5872492,36.80922718,
2791,국방항공고등학교,충남 논산시,"(32954) 충청남도 논산시 시민로 365(취암동, 논산공업고등학교) 국방항공고등학교",127.0879712,36.19735491,
2792,우석대학교 평생교육원,전북 완주군,(55338) 전라북도 완주군 삼례로 443 (삼례읍 우석대학교) .,127.0661517,35.91229318,
2793,더블유스코프코리아(주),충북 청원군,(363883) 충북 청원군 오창면 각리 653-7번지,127.4137057,36.7038963,
2794,팜파스(주),광주 북구,(61009) 광주광역시 북구 추암로 93 팜파스(주),126.8614042,35.22486957,
2795,재단법인부산테크노파크,부산 강서구,(46742) 부산광역시 강서구 과학산단1로60번길 31 (지사동 부산테크노파크) 신발패션진흥단 한국신발관,128.8249969,35.14505582,
2796,한밭대학교,대전 유성구,(34158) 대전광역시 유성구 동서대로 125 한밭대학교,127.301053,36.35085032,
2797,인키움 러닝허브,서울 구로구,(08390) 서울특별시 구로구 디지털로30길 31 (코오롱빌란트 2차 703~704호),126.8959817,37.48281631,
2798,(주)아워홈,서울 강서구,(07792) 서울특별시 강서구 마곡중앙10로 91 (마곡동 아워홈 마곡 식품연구센터) 아워홈 마곡식품연구센터,126.8380964,37.56400091,
2799,4세대아카데미컴퓨터학원,서울 구로구,"(08377) 서울특별시 구로구 구로동 디지털로33길 12(우림이비지센터2차) 610호, 611호",126.8961101,37.48649868,
2800,수원하이텍고등학교,경기 수원시 영통구,(16710) 경기도 수원시 영통구 청명북로 56 (영통동 수원하이텍고등학교) 수원하이텍고등학교,127.0809424,37.2562972,
2801,(주)포위즈시스템,대구 동구,(41061) 대구광역시 동구 동내로 76 한국메디벤처센터 10층,128.7359376,35.87777137,
2802,훌루테크(주),경남 창원시 성산구    ,(51567) 경상남도 창원시 성산구 공단로98번길 6 (신촌동 훌루테크(주)) 훌루테크(주),128.6356315,35.21193195,
2803,산청복음전문요양원,경남 산청군,(666944) 경상남도 산청군 단성면 강누방목로401번길 79 ,,,
2804,거제원탑요리전문학원,경남 거제시,(53251) 경상남도 거제시 서문로 64 (고현동 청암빌딩) 청암빌딩8층,128.622836,34.88938741,
2805,동의과학대학교 산학협력단,부산 부산진구,(47222) 부산광역시 부산진구 양지로17번길 54 동의과학대학교,129.0717026,35.17069665,
2806,주식회사송이실업,대구 달서구,(704900) 대구광역시 달서구 성서공단북로65길 54 (갈산동),128.5091529,35.84846068,
2807,대한요양보호사교육원,대구 북구,(41434) 대구광역시 북구 읍내동 칠곡중앙대로 508 5층,128.5503945,35.94067229,
2808,쌍용직업전문학교,인천 미추홀구,"(22136) 인천광역시 미추홀구 석바위로53번길 8 (주안동 정문학원 종합반) 2층, 3층일부(주안동)",126.6789172,37.46118411,
2809,경운대학교 평생교육원,경북 구미시,(39160) 경상북도 구미시 강동로 730 (산동읍 경운대학교) 경운대학교,128.4678902,36.16736679,
2810,씨씨씨(ccc)미용학원,충북 청주시 상당구,"(28545) 충청북도 청주시 상당구 교서로 4-2 (영동 Lee & Oh 빌딩) ,3층 및 상당구 사직대로 353, 3층(영동)",127.4865542,36.63698551,
2811,거제요리전문학원,경남 거제시,(656304) 경남 거제시 고현동 961-21 명성빌딩 6층,128.6221638,34.889135,
2812,뉴영남요리제과제빵아카데미,경남 진주시,(52753) 경상남도 진주시 촉석로 203 5/6층 뉴영남요리제과제빵아카데미,128.0841229,35.19578015,
2813,안양간호학원,경기 안양시 동안구,(13944) 경기도 안양시 동안구 관악대로 296 (관양동) 경기도안양시동안구 관악대로296.6층,126.9557516,37.40235976,
2814,부여정보처리학원,충남 부여군,(33151) 충청남도 부여군 석탑로 25 (부여읍) 2층,,,
2815,현대정보처리학원,충남 홍성군,(32221) 충청남도 홍성군 의사로43번길 9 (홍성읍) .,,,
2816,명성요양보호사교육원,서울 성북구,"(02721) 서울특별시 성북구 동소문로 225 (길음동) 201호, 302호, 402호, 5층(일부)",127.0219633,37.60214476,
2817,(주) 캘리스코,서울 강남구,(135080) 서울특별시 강남구 역삼동 830-24 아워홈빌딩 4층,127.0319997,37.49385323,
2818,비트컴퓨터학원,전북 남원시,(55764) 전라북도 남원시 의총로 81-10 (왕정동) 3층,127.3759361,35.40802119,
2819,롯데케미칼 주식회사 대산공장,충남 서산시,(31901) 충청남도 서산시 대산읍 독곶1로 82 634번지,126.3711854,36.99792386,
2820,인팩일렉스 주식회사,경기 수원시 권선구,(16648) 경기도 수원시 권선구 산업로155번길 53 (고색동) 인팩일렉스 주식회사,126.9797549,37.24446309,
2821,한봄고등학교,경기 수원시 권선구,(16626) 경기도 수원시 권선구 호매실로 46-93 (탑동 한봄고등학교) 한봄고등학교,126.9693119,37.25912938,
2822,(주)에듀윌,서울 구로구,(152728) 서울특별시 구로구 디지털로34길 55 811번지 코오롱싸이언스밸리 2차  310,126.8992473,37.48420676,
2823,(주)웰팜,충북 음성군,(27642) 충청북도 음성군 금왕읍 금일로546번길 87 ,,,
2824,(주)한국외식조리직업전문학교,인천 부평구,"(21404) 인천광역시 부평구 경원대로 1404 (부평동 그랑프리 빌딩) 5층,6층",126.725231,37.49080111,
2825,한국폴리텍IV대학산학협력단 아산지소,충남 아산시,(31533) 충청남도 아산시 행목로 45 (신창면 한국폴리텍대학 아산캠퍼스) 1층,126.9490281,36.77151829,
2826,(주)원익머트리얼즈,충북 청주시 청원구,(28116) 충청북도 청주시 청원구 양청3길 30 (오창읍) 원익머트리얼즈 양청사업장,127.4303718,36.72661759,
2827,서정대학교,경기 양주시,(11429) 경기도 양주시 서정로 27 (은현면 서정대학) 서정대학교,127.0379825,37.85675177,
2828,(주)한국식품정보원,대전 유성구,"(34068) 대전광역시 유성구 반석로 14(반석동, 웰지빌딩) 웰지코아빌딩 7층(일부),8층,9층",,,
2829,법일정밀(일학습병행),인천 부평구,"(403911) 인천광역시 부평구 부평대로 283 C-203호 (청천동, 부평우림라이온스밸리)",126.720107,37.51763788,
2830,아우토플라츠,서울 송파구,(138806) 서울특별시 송파구 송이로 136 ,,,
2831,패스트캠퍼스분점 원격평생교육원,서울 강남구,(06245) 서울특별시 강남구 역삼로15길 9 지하 1층,,,
2832,(재)울산테크노파크,울산 중구,(44412) 울산광역시 중구 종가로 15 (다운동 울산테크노파크) 본부동 5층 기업육성실,129.2797814,35.56634891,
2833,대경기술주식회사,부산 기장군,(46080) 부산광역시 기장군 기장읍 청강로85번길 16 대경기술(주),129.2214853,35.23902575,
2834,춘천여성인력개발센터,강원 춘천시,"(24327) 강원도 춘천시 외솔길 25 (석사동) 춘천여성인력개발센터(3, 4층)",127.7512192,37.85718114,
2835,계양음식나라조리학원,인천 계양구,(21030) 인천광역시 계양구 경명대로 1117 (계산동 대성프라자) 2층,126.7313257,37.54322518,
2836,해피니스요양원,충남 논산시,(32910) 충청남도 논산시 연산면 천호4길 23-2 ,,,
2837,에스넷직업능력개발원,전북 군산시,(54021) 전라북도 군산시 해망로 246 (장미동 기아빌딩) 7층,126.7112061,35.99085791,
2838,한국목조건축직업전문학교,전북 임실군,(566881) 전라북도 임실군 춘향로 2530 ,,,
2839,대한도배학원,인천 부평구,(21445) 인천광역시 부평구 열우물로50번길 12 (십정동 석암빌딩) 2층 대한도배학원,126.7010798,37.47303681,
2840,크린컴퓨터학원,울산 남구,(44683) 울산광역시 남구 중앙로 268 (신정동) (3층 일부),129.310615,35.54455587,
2841,부평공업고등학교(기계사업단),인천 부평구,(21331) 인천광역시 부평구 주부토로 194 (갈산동 부평공업고등학교) 부평공업고등학교,126.726891,37.51228404,
2842,한국철도공사,대전 동구,(34618) 대전광역시 동구 중앙로 240 (소제동 한국철도공사) 한국철도공사,127.4361247,36.3319992,
2843,양영디지털고등학교,경기 성남시 분당구,(13587) 경기도 성남시 분당구 불정로386번길 35 양영디지털고등학교,127.1404593,37.37356494,
2844,평촌과학기술고등학교,경기 안양시 동안구,(14110) 경기도 안양시 동안구 갈산로16번길 13 (호계동 평촌공업고등학교) 평촌과학기술고등학교,126.9627237,37.37453013,
2845,울산공업고등학교,울산 남구,(44689) 울산광역시 남구 중앙로204번길 49 ,,,
2846,진천군노인복지관,충북 진천군,(27831) 충청북도 진천군 문화7길 12-6 (진천읍 노인복지회관) 진천군노인복지관,127.439976,36.86062944,
2847,국립한국해양대학교,부산 영도구,(49112) 부산광역시 영도구 태종로 727 (동삼동 한국해양대학교) 산학연ETRS센터,129.0903925,35.07659321,
2848,에듀업원격평생교육원,서울 강동구,(465736) 경기도 하남시 조정대로 150 하남지식산업센터(ITECO) 913호,127.194658,37.55360789,
2849,(의료법인)세화의재단나주효사랑요양병원,전남 나주시,(520823) 전남 나주시 금천면 촌곡리 41-2번지,126.771418,35.03586198,
2850,해동전기학원,울산 남구,"(44691) 울산광역시 남구 삼산로 79 (달동) 6층 전체, 5층 일부",129.3161705,35.53479489,
2851,(주) 제넥신,서울 강서구,(07789) 서울특별시 강서구 마곡동 마곡중앙로 172(Genexine ProGen Bio Innovation Park) 제넥신,126.8291137,37.56906732,
2852,영남이공대학교,대구 남구,(42415) 대구광역시 남구 현충로 170 ,,,
2853,의료법인오성의료재단동군산병원,전북 군산시,(54033) 전라북도 군산시 조촌로 149 ,,,
2854,성남바리스타협동조합(성남바리스타학원),경기 성남시 수정구,(13326) 경기도 성남시 수정구 성남대로 1170 (수진동 의남빌딩) 5층(일부),127.1292154,37.4344946,
2855,경산요리커피제빵학원,경북 경산시,(38620) 경상북도 경산시 경안로 244 (중방동) 2층,128.7362102,35.82927852,
2856,아인커피바리스타학원,대전 서구,(35264) 대전광역시 서구 탄방동 계룡로629번길 5 5층 아인커피바리스타학원,127.3922462,36.33941357,
2857,한양여자대학교(일학습병행제),서울 성동구,(133793) 서울특별시 성동구 살곶이길 200 한양여자대학교,127.0473484,37.55767452,
2858,(주)에스티아이,경기 안성시,(456824) 경기 안성시 공도읍 양기리 450-5,127.1898008,37.0054947,
2859,(주)바텍,경기 화성시,(18449) 경기도 화성시 삼성1로2길 13 바텍 네트웍스,127.0748892,37.22074627,
2860,한국티비엠(주),전북 군산시,(573879) 전라북도 군산시 자유로 10 ,,,
2861,기양금속공업(일학습 병행),경기 안산시 단원구,(425833) 경기도 안산시 단원구 신원로 79 기양금속공업(주),126.7517228,37.31794785,
2862,궁전제과(주)광주제과기술학원,광주 광산구,(62234) 광주광역시 광산구 사암로 426 (흑석동) 4층,126.8093304,35.18203793,
2863,부산항공고등학교,부산 사상구,(617811) 부산광역시 사상구 백양대로768번길 115 ,,,
2864,포항흥해공업고등학교,경북 포항시 북구,(791947) 경북 포항시 북구 흥해읍 옥성리 376번지,129.3383664,36.1065361,
2865,경북대학교,대구 북구,(41566) 대구광역시 북구 대학로 80 (산격동 경북대학교) 경북대학교,128.6097561,35.89081704,
2866,(주)골든듀,서울 서초구,(137070) 서울 서초구 서초동 1466-14,127.0095297,37.47918843,
2867,(주)광산,충남 아산시,(336873) 충청남도 아산시 둔포면 신항리 167-21,127.0118798,36.89719687,
2868,한국발명진흥회,서울 강남구,(135080) 서울 강남구 역삼동 647-9 한국지식재산센터 한국발명진흥회 지식재산교육원,127.0326579,37.49981764,
2869,(주)한국기능공사(일학습 병행),충북 음성군,(27680) 충청북도 음성군 유촌산단로 61 (금왕읍) (주)한국기능공사,127.5612679,36.95045406,
2870,(주)대명엘리베이터(일학습병행제),광주 서구,(61936) 광주광역시 서구 상무대로 1181 ,,,
2871,스마트전기학원,대전 중구,(34910) 대전광역시 중구 계백로1685번길 7 2층 (오류동),127.4062197,36.32105556,
2872,새부산간호학원,부산 사하구,(49426) 부산광역시 사하구 하단동 낙동남로 1400 5층503호,128.9646235,35.105837,
2873,의료법인 서울효천의료재단 에이치플러스자립병원,서울 구로구,(152838) 서울특별시 구로구 공원로6가길 4 ,,,
2874,울산간호학원,울산 남구,(44730) 울산광역시 남구 삼산로 24 (신정동 프라자빌딩) 6층,,,
2875,(주)이네스트,서울 강서구,(07793) 서울특별시 강서구 마곡동로 146 이랜드 글로벌알앤디센터,126.8358533,37.56760394,
2876,경남요리제과제빵커피학원,경남 창원시 성산구    ,(51495) 경상남도 창원시 성산구 원이대로682번길 10 (상남동 하버드) 201호,,,
2877,라인컴퓨터아트학원,경기 안산시 단원구,(15360) 경기도 안산시 단원구 고잔2길 45 (고잔동 코스모프라자) 6층 601호,126.8359394,37.31767315,
2878,VIP요양보호사교육원,경기 수원시 영통구,"(16525) 경기도 수원시 영통구 동수원로 526 (매탄동) 5층전면,2층202호(매탄동 신라빌딩)",127.0482743,37.2731815,
2879,주식회사 평택컴퓨터회계교육센터,경기 평택시,(17774) 경기도 평택시 경기대로 1367 (서정동) 3층,127.0637806,37.06706981,
2880,비트컴퓨터학원,경기 평택시,(17854) 경기도 평택시 비전5로 11 (비전동) 701호,127.1125852,37.0000496,
2881,서평택간호학원,경기 평택시,"(17944) 경기도 평택시 현화중앙길 1 (안중읍 세연프라자) 502호전부(안중읍,세연프라자)",126.9204113,36.97877031,
2882,광주역요양보호사교육원,경기 광주시,(12778) 경기도 광주시 역동로 107 (역동) 3층,,,
2883,한마음너싱홈,경기 광주시,(464803) 경기도 광주시 경안로 143 ,,,
2884,(주)휴앤아이,경기 의정부시,(480942) 경기도 의정부시 신흥로258번길 25 439-23 해태프라자 6층,127.044927,37.73945517,
2885,(주)도화엔지니어링,서울 강남구,(06178) 서울특별시 강남구 삼성로 438 ,,,
2886,(주)한국가스기술공사,대전 유성구,(34007) 대전광역시 유성구 대덕대로 1227 (봉산동) 한국가스기술공사 본사,127.3900179,36.43597979,
2887,(주)빙그레 논산공장(일학습병행),충남 논산시,(33020) 충청남도 논산시 가야곡면 동안로 1413-10 ,,,
2888,(재)한국산업관계연구원 부설 재난안전원,서울 금천구,(08513) 서울특별시 금천구 디지털로 178 퍼블릭가산 A동 411호 일부,126.8867837,37.47593895,
2889,(주)파리크라상,서울 동작구,(156852) 서울특별시 동작구 신대방16다길 14 3층(주)파리크라상 본사:경기성남시중원구상대원동149-3,126.9095949,37.49154047,
2890,의료법인 서울효천의료재단 에이치플러스 양지병원,서울 관악구,(151852) 서울 관악구 신림본동 10-715,126.9324543,37.4841231,
2891,한국소방산업기술원,경기 용인시 기흥구,(446909) 경기도 용인시 기흥구 지삼로 331 ,,,
2892,(주)원익홀딩스,경기 평택시,(17716) 경기도 평택시 마산12로 21 (진위면 원익홀딩스 진위사업장) 원익홀딩스,,,
2893,(주)부산은행,부산 남구,(48400) 부산광역시 남구 문현금융로 30 (문현동 부산은행 본점) 부산은행 본점,129.0657525,35.14542176,
2894,유진기공산업(주),경기 안산시 단원구,(425852) 경기도 안산시 단원구 산단로 242 ,,,
2895,우진공업(주),경기 안산시 단원구,(425852) 경기도 안산시 단원구 산단로 248 (원시동),126.7899119,37.31744609,
2896,한국공항공사 항공보안교육센터,서울 강서구,"(07505) 서울특별시 강서구 하늘길 209 (공항동 한국공항공사교육센터) (공항동 1373), 항공보안교육센터",126.8084611,37.55670292,
2897,에꼴디자인학원,전북 전주시 완산구,(55000) 전라북도 전주시 완산구 팔달로 194 (경원동3가 이바르게치과) 3층,,,
2898,한국IT교육원,대구 동구,(41223) 대구광역시 동구 동대구로 566 (신암동) 한국IT교육원,128.6270043,35.88079878,
2899,한국산업기술협회연수원,서울 금천구,"(08595) 서울특별시 금천구 범안로 1130 (가산동 디지털엠파이어빌딩) 1410,1412",126.8874499,37.46531994,
2900,동원과학기술대학교,경남 양산시,(626040) 경상남도 양산시 명곡로 321 동원과학기술대학교,129.0673586,35.34314931,
2901,한국IT비즈니스진흥협회 부설 평생교육원,서울 강남구,(06251) 서울특별시 강남구 역삼로 120 (역삼동 성보역삼빌딩) 4층 일부,127.0328591,37.49370886,
2902,고려IT직업전문학교,경기 수원시 팔달구,(442022) 경기도 수원시 팔달구 정조로788번길 11-1 고려IT직업전문학교,127.017202,37.27846034,
2903,한경아카데미,서울 중구,(04505) 서울특별시 중구 청파로 463 한국경제신문빌딩 3층,126.9671627,37.5600651,
2904,현대모비스(주),서울 강남구,(06141) 서울특별시 강남구 역삼동 테헤란로 203(서울인터내셔널타워) 현대모비스,127.0376911,37.50151915,
2905,현대씨앤알(주),서울 송파구,(05510) 서울특별시 송파구 송파대로 570 (신천동) 타워730,127.0990156,37.51571182,
2906,대한상공회의소전북인력개발원,전북 군산시,(54004) 전라북도 군산시 동장산로 119 (소룡동 전북인력개발원) 　,126.585334,35.9584746,
2907,농협경제지주 주식회사,경기 평택시,(459090) 경기도 평택시 도일유통길 98 ,,,
2908,농협중앙교육원,경기 고양시 덕양구,(10292) 경기도 고양시 덕양구 서삼릉길 281 (원당동 농협대학교) 농협대학교 농협중앙교육원,126.8743439,37.65937815,
2909,한전산업개발(주),충남 천안시 동남구,"(31128) 충청남도 천안시 동남구 대흥로 258(대흥동, 천안대흥동우체국) 3층 한전산업개발 기술연구원",,,
2910,기장일광음식나라조리학원,부산 기장군,(46063) 부산광역시 기장군 차성동로 92 (기장읍 LG장식) 3층,129.216905,35.245886,
2911,(주)동부요양보호사교육원,부산 동래구,(607842) 부산광역시 동래구 미남로 148 3층,129.0697039,35.20704695,
2912,부곡요양보호사교육원,부산 금정구,(609320) 부산시 금정구 부곡제1동 (부곡동) 387-3번지 10통 3반 태안에버빌 201,129.0892753,35.22143578,
2913,강원드림건축기술협동조합학원,강원 춘천시,(24213) 강원도 춘천시 만천로 26-55 (동면) 강원도 춘천시 동면 만천로 26-55,127.798134,37.90239679,
2914,케이엔씨에듀원격평생교육시설,서울 양천구,(08073) 서울특별시 양천구 중앙로 237 상운맘모스빌딩 506호,126.8535937,37.51745856,
2915,(주)에이치알디한국중소기업교육원,서울 광진구,(04930) 서울특별시 광진구 중곡동 천호대로 605(JS빌딩) 4층 A호,127.0850671,37.55528471,
2916,브레드텍,경기 군포시,(15808) 경기도 군포시 엘에스로 153-18 (산본동 L&C타워) 401호 브레드텍,126.9441972,37.37405386,
2917,윤성컴퓨터디자인DX아카데미,대구 중구,(41937) 대구광역시 중구 국채보상로 582 (남일동 미도빌딩) 미도빌딩 7층,128.5942243,35.87060425,
2918,고운요양보호사교육원,서울 동작구,(07053) 서울특별시 동작구 보라매로 106 3층,126.9283131,37.49862656,
2919,MJ회계전문학원,인천 미추홀구,(22127) 인천광역시 남구 염창로 46 5층일부(주안동),126.6787288,37.46554441,
2920,온양요양보호사교육원,충남 아산시,(31570) 충청남도 아산시 중앙로 55 (온천동) 4층,127.0032965,36.77971251,
2921,신현대요양보호사교육원,인천 부평구,"(21361) 인천광역시 부평구 길주로 420-6(산곡동, 킹스키즈어린이집) 1-3층일부",126.7085223,37.50785075,
2922,온라인팜 주식회사,경기 화성시,(445958) 경기도 화성시 무하로 214 온라인팜(주),126.8631562,37.18016603,
2923,예담간호학원,경기 수원시 팔달구,"(442081) 경기 수원시 팔달구 매산로1가 11-12번지 아이메카상가1001호,1005호",127.0004806,37.26779301,
2924,인성요양보호사교육원,대구 북구,(41567) 대구광역시 북구 대현로 9 (대현동) 2층,128.6025042,35.88704802,
2925,동인요양보호사교육원,대구 중구,(41905) 대구광역시 중구 동덕로 196 평약빌딩5층,128.6048614,35.87212995,
2926,경주월드 주식회사 경주지점,경북 경주시,(780270) 경북 경주시 천군동 191-5번지,129.2819959,35.83669946,
2927,주식회사한국인터넷교육,부산 부산진구,(47233) 부산광역시 부산진구 전포동 중앙대로 856 2층,129.0673881,35.16720821,
2928,중앙정보처리학원,강원 홍천군,(25136) 강원도 홍천군 신장대로 48 (홍천읍) 2층,,,
2929,서구동아간호학원,광주 서구,(502806) 광주광역시 서구 운천로 5 4층,126.8590504,35.13318201,
2930,수완공예학원,광주 광산구,(62234) 광주광역시 광산구 하남대로 155 (흑석동) 3층 일부,126.8106957,35.18031854,
2931,백제간호쌍촌점학원,광주 서구,(61968) 광주광역시 서구 상무대로 981 (쌍촌동 서광주농협 상무동지점) 3층 일부 (쌍촌동),126.8693554,35.15193288,
2932,보니따미용학원,광주 광산구,"(62274) 광주광역시 광산구 임방울대로 785 (쌍암동) 2층일부, 3층일부",126.8442377,35.21817839,
2933,빛고을전기학원,광주 서구,(62060) 광주광역시 서구 풍암순환로128번길 95 (풍암동) 2층 및 3층 일부,,,
2934,글로벌ICT직업전문학교,전남 순천시,(57967) 전라남도 순천시 충효로 148 (연향동 중서빌딩) 2층,127.5167134,34.95177227,
2935,동부직업전문학교,전남 순천시,(57968) 전라남도 순천시 기적의도서관1길 21 (조례동 동부직업전문학교) 2층~6층,127.5246831,34.95346892,
2936,대구한의대학교(듀얼공동훈련센터),경북 경산시,(38578) 경상북도 경산시 어봉지길 285-10 산학협력관 111호,128.7885386,35.78680884,
2937,동의대학교,부산 부산진구,(47340) 부산광역시 부산진구 엄광로 176 (가야동 동의대학교) 동의대학교,129.0335085,35.1414698,
2938,경북창조경제혁신센터,경북 구미시,(39253) 경상북도 구미시 구미대로 350-27 3D 프린팅 제조혁신 지원센터 4층,128.3651285,36.11934288,
2939,(주)대경테크,경북 경산시,(38475) 경상북도 경산시 진량읍 공단5로 106 ,,,
2940,시사IT아카데미,서울 강남구,"(06241) 서울특별시 강남구 테헤란로4길 28(역삼동, 송민빌딩) 5층",,,
2941,메디메이트안경직업전문학교,서울 중구,"(100806) 서울특별시 중구 퇴계로4길 16 2층, 3층(남창동, 에프에스코리아빌딩)",126.9781646,37.55733793,
2942,농협생명보험주식회사,서울 서대문구,(03739) 서울특별시 서대문구 통일로 87 (미근동 NH농협생명빌딩) 동관,126.9684405,37.56266932,
2943,글로벌패션학원,서울 중구,"(04631) 서울특별시 중구 퇴계로 108 (회현동3가 세대빌딩) 2층, 3층 일부",126.9836641,37.56042032,
2944,한국교육개발진흥원,서울 중구,"(04517) 서울특별시 중구 통일로 114 (의주로1가 바비엥-2) 비102호, 비119호",126.9678847,37.56520092,
2945,(사)미래인재교육개발원,서울 종로구,(03042) 서울특별시 종로구 자하문로16길 1 (효자동) 2층,126.9713073,37.58161777,
2946,성산요양보호사교육원 ,서울 마포구,"(03962) 서울특별시 마포구 월드컵로 161 (망원동) 2층, 4층",126.9043348,37.56194846,
2947,주식회사 에르모소뷰티직업전문학교,경기 김포시,"(10111) 경기도 김포시 사우중로74번길 29 (사우동 시그마프라자) 4층,5층",126.7213335,37.62160486,
2948,강경상업고등학교,충남 논산시,(32938) 충청남도 논산시 강경읍 계백로 220 강경상업고등학교,127.0232862,36.16051214,
2949,용산철도고등학교,서울 용산구,(04397) 서울특별시 용산구 서빙고로73길 24 (동빙고동) 용산철도고등학교,126.9958345,37.52184142,
2950,강원대학교 (삼척),강원 삼척시,"(25913) 강원특별자치도 삼척시 중앙로 346(교동, 강원대학교삼척캠퍼스) 그린에너지연구관 402호",129.1634177,37.45303596,
2951,광양하이텍고등학교,전남 광양시,(57734) 전라남도 광양시 광양읍 신재로 106 광양하이텍고등학교,127.5913214,34.98088124,
2952,영광공업고등학교,전남 영광군,(57036) 전라남도 영광군 영광읍 월현로 34 영광공업고등학교,126.5019383,35.27943732,
2953,전주생명과학고등학교,전북 전주시 덕진구,(561853) 전라북도 전주시 덕진구 안덕원로 195 전주생명과학고등학교,127.1489181,35.83916655,
2954,대전음식나라조리제과제빵학원,대전 중구,(34913) 대전광역시 중구 중앙로 124 (대흥동 이화빌딩) 4층 음식나라,127.4237375,36.3274385,
2955,씨엔알리서치,서울 강남구,"(06199) 서울특별시 강남구 역삼로 412 (대치동 대치MS빌딩) 대치동, 씨엔알빌딩",127.0522679,37.50071207,
2956,파인에듀평생교육원,서울 강서구,(07631) 서울특별시 강서구 마곡동 공항대로 186(로뎀타워) 5층 511호~516호,126.8279894,37.55900394,
2957,혜원꽃예술학원,대구 달서구,(42760) 대구광역시 달서구 진천로 93 애플프라자 3층 301.302호,128.5224031,35.81660952,
2958,춘천시립요양원,강원 춘천시,(24417) 강원도 춘천시 스무숲길 4-51 ,,,
2959,춘천메디칼요양보호사교육원,강원 춘천시,(24350) 강원도 춘천시 춘천로 169 7층 춘천메디칼요양보호사교육원,127.7329113,37.87653968,
2960,동해요양보호사교육원,강원 동해시,(25761) 강원도 동해시 한섬로 61-13 (천곡동 피부사랑) 2층,129.1113767,37.52100037,
2961,가야직업학원,경남 거제시,(53228) 경상남도 거제시 옥포대첩로 26 (옥포동 CJ아쿠아빌Ⅱ) 3층 301호,128.6904708,34.89341502,
2962,중랑본간호학원,서울 중랑구,(02098) 서울특별시 중랑구 망우로 319 대동빌딩3층,127.0876835,37.59716948,
2963,성동여성인력개발센터,서울 성동구,(04798) 서울특별시 성동구 성수이로22길 37 (성수동2가 성수동 아크벨리) 5층,127.0615748,37.54356789,
2964,모빌리티 평생교육원,경기 파주시,(10939) 경기도 파주시 삼릉로 53 (조리읍 홍원연수원) 렉스아카데미 홍원연수원 지하 일부,126.8264841,37.74109655,
2965,주식회사스마트동스쿨,서울 마포구,(03909) 서울특별시 마포구 매봉산로 37 (상암동 DMC 산학협력연구센터) 1005호,126.8900299,37.57611712,
2966,한성요양보호사교육원,서울 성북구,(136055) 서울 성북구 동선동5가 147-23번지 3층,127.0152698,37.59683889,
2967,제너럴커피학원,서울 강북구,"(01073) 서울특별시 강북구 도봉로83길 10 (수유동) 4층, 5층",,,
2968,논현한국문화센터평생교육원,서울 서초구,(137809) 서울시 서초구 반포1동(반포동) 723-14번지 정명빌딩 3층 302호,127.0222786,37.50792874,
2969,새동아직업전문학교,부산 사하구,"(49427) 부산광역시 사하구 하신중앙로 323 (하단동) 전원빌딩 1~6층,7층일부(2층제외) / 별관:부산광역시 강서구 명지동 172-1,172-3,172-5",128.965463,35.10517456,
2970,북부산간호학원,부산 북구,"(46548) 부산광역시 북구 만덕대로 47 (덕천동 동해빌딩) 동해빌딩3F,7F",129.0103398,35.21160561,
2971,천사요양보호사교육원,부산 부산진구,(614030) 부산 부산진구 부전동 401-21번지  B  L 2층,129.0567024,35.1603094,
2972,부산건축토목기술학원,부산 부산진구,(47352) 부산광역시 부산진구 중앙대로 583 (범천동) 부산건축토목학원 5-6층,129.0576794,35.14505433,
2973,부경요양보호사교육원,부산 북구,(46581) 부산광역시 북구 구포시장길 1 (구포동) 4층,129.0036498,35.20924722,
2974,부산패션디자인학원,부산 부산진구,(47296) 부산광역시 부산진구 중앙대로680번길 35 에스엠에듀빌딩 6층,,,
2975,통영중장비학원,경남 통영시,(53012) 경상남도 통영시 남해안대로 1291-22 (광도면) 통영중장비학원,128.4001079,34.89812741,
2976,한옥아카데미학원,경북 청도군,(714904) 경상북도 청도군 화양읍 양정길156 ,,,
2977,해운대간호학원,부산 해운대구,(612821) 부산광역시 해운대구 해운대로 634 (우동) 2층,129.1600014,35.16397442,
2978,그랜드코리아레저(주),서울 강남구,(06086) 서울특별시 강남구 삼성로 610 GKL,127.0530234,37.51426267,
2979,아시아경제 교육센터,서울 중구,(04627) 서울특별시 중구 퇴계로 166 (주자동 흥국빌딩) 2층 1호,126.9900813,37.5607005,
2980,신성정보통신학원,서울 영등포구,(07371) 서울특별시 영등포구 경인로 706 (문래동1가 한양빌딩) 5층 일부,,,
2981,보령밀알성결교회부설충서요양보호사교육원,충남 보령시,"(355932) 충청남도 보령시 대천로 42 (2층 ,대천동)",126.5982039,36.35203299,
2982,드론미디어,대전 서구,(35393) 대전광역시 서구 계백로 1260 1층,127.3629128,36.30677512,
2983,kt service 남부,대전 서구,"(302816) 대전광역시 서구 갈마로 160 5층(괴정동, 케이티인재개발원)",127.3744141,36.33724446,
2984,청남요양보호사교육원,대전 서구,(302847) 대전광역시 서구 청사서로 30 5층 청남요양보호사교육원,127.3768861,36.36040566,
2985,(주)포스코인재창조원(광양),전남 광양시,(57801) 전라남도 광양시 금호로 187-7 포스코인재창조원 광양캠퍼스,,,
2986,세종요리칵텔학원,인천 남동구,(21539) 인천광역시 남동구 구월로 364 (만수동 성원빌딩2층),126.7310245,37.45468413,
2987,엠뷰티아카데미,서울 양천구,(08019) 서울특별시 양천구 오목로 138 (신정동 신정스포렉스) 가동 2층,126.8526979,37.52420584,
2988,BBS미용예술학원,경기 남양주시,"(12258) 경기도 남양주시 경춘로 464 (다산동 갈산빌딩) 3층 일부, 4층 일부",127.1645622,37.60927942,
2989,호평간호학원,경기 남양주시,(12150) 경기도 남양주시 늘을2로 26 (호평동 메인시네마타워) 808호,127.244055,37.65500317,
2990,(주) 심텍,충북 청주시 흥덕구,(28580) 충청북도 청주시 흥덕구 산단로 73 (주) 심텍,127.4465594,36.64101596,
2991,주식회사 제이앤씨,경기 화성시,(18543) 경기도 화성시 청원산단2길 81 (마도면) (청원리),126.7690905,37.17385465,
2992,경주공업고등학교도제학교,경북 경주시,(38168) 경상북도 경주시 금성로 209 경주공업고등학교,129.2059215,35.83589313,
2993,부산대학교,부산 금정구,(46241) 부산광역시 금정구 부산대학로63번길 2 (장전동 부산대학교) 부산대학교,129.0803679,35.23343899,
2994,한화시스템(주),경북 구미시,(730030) 경북 구미시 공단동 259번지 사서함 50호 삼성탈레스 (주),128.3913487,36.09964964,
2995,경남도립거창대학,경남 거창군,(50147) 경상남도 거창군 거창대학로 72 (거창읍 경남도립거창대학) 1층,127.9133231,35.67421117,
2996,수소에너지고등학교,전북 완주군,(565805) 전라북도 완주군 삼례읍 삼례역로 41-1 ,,,
2997,성남여성인력개발센터,경기 성남시 수정구,"(13646) 경기도 성남시 수정구 위례광장로 21-9 (창곡동 위례우남역KCC웰츠타워) (3001, 3013~3019호)",127.1400733,37.46524264,
2998,(재)한국직업능력교육원(구.열린직업전문학교),경기 시흥시,(15049) 경기도 시흥시 정왕동 마유로418번길 18(정왕프라자) 4층,126.7428655,37.35108611,
2999,(의료법인)성세의료재단,인천 서구,(404826) 인천광역시 서구 칠천왕로 33 17,126.669673,37.50919927,
3000,(주)지엠컴,서울 강남구,(06149) 서울특별시 강남구 선릉로 535 (역삼동) 지엠컴빌딩,127.0466285,37.50706629,
3001,한국소프트웨어교육원,경기 성남시 분당구,(13637) 경기도 성남시 분당구 성남대로 34 (구미동 하나프라자빌딩) 601호,127.1095213,37.33879068,
3002,씨앤씨직업상담학원,경기 수원시 팔달구,(16489) 경기도 수원시 팔달구 인계로94번길 39-9 (인계동) 101호,127.0278872,37.26629469,
3003,신구대학교,경기 성남시 중원구,(462743) 경기도 성남시 중원구 광명로 377 신구대학교,127.1680131,37.44866457,
3004,성신간호학원부설요양보호사교육원,전북 전주시 완산구,(560913) 전라북도 전주시 완산구 팔달로 250 ,,,
3005,한경대학교 산학협력단,경기 안성시,(456749) 경기도 안성시 중앙로 327 경기도 안성시 중앙로 327(석정동) 한경대학교,127.2637951,37.01202301,
3006,동구음식나라조리학원,대구 동구,(41151) 대구광역시 동구 안심로 52 (율하동) 3층 일부,128.6913253,35.87035086,
3007,(주)해피엘앤비(일학습병행제),경기 이천시,(17405) 경기도 이천시 부발읍 황무로2065번길 41 (해피엘앤비),127.5133978,37.24241892,
3008,경북하이텍고등학교,경북 안동시,(36643) 경상북도 안동시 경동로 404 경북하이텍고등학교,128.7027274,36.57021161,
3009,안산대학교 부설 평생교육원,경기 안산시 상록구,(15328) 경기도 안산시 상록구 안산대학로 155 ,,,
3010,영화테크(주),충남 아산시,(336871) 충청남도 아산시 둔포면 아산밸리로 132 ,,,
3011,르노코리아 주식회사,부산 강서구,(46758) 부산광역시 강서구 르노삼성대로 61 (신호동) 기술연수원 1층,128.8767795,35.0941417,
3012,(주)마이다스아이티,경기 성남시 분당구,(13487) 경기도 성남시 분당구 판교로228번길 17 마이다스아이티동,127.1015335,37.4004359,
3013,(주)소노인터내셔널,강원 홍천군,(250751) 강원도 홍천군 서면 한치골길 262 ,,,
3014,한국수력원자력(주)인재개발원,울산 울주군,(689882) 울산광역시 울주군 서생면 해맞이로 658-91 ,,,
3015,(주)에이텍,경기 성남시 분당구,(463400) 경기도 성남시 분당구 판교로 289 (삼평동),127.106044,37.40355855,
3016,신용협동조합중앙회연수원,대전 유성구,(34155) 대전광역시 유성구 동서대로 49 (덕명동) 신협중앙연수원,127.3035249,36.35632321,
3017,한미약품(주),경기 화성시,(18536) 경기도 화성시 팔탄면 무하로 214 ,,,
3018,대주전자재료(주),경기 시흥시,(15094) 경기도 시흥시 서해안로 148 대주전자재료,126.7023982,37.34399839,
3019,남양넥스모(주),경기 안산시 단원구,(425100) 경기 안산시 단원구 목내동 390,126.7774733,37.31208901,
3020,영풍전자(주),경기 안산시 단원구,(425090) 경기 안산시 단원구 원시동 779-2번지 10B 24L 반월공단,126.794161,37.31073205,
3021,(주)코리아써키트,경기 안산시 단원구,(425833) 경기도 안산시 단원구 성곡동 599,126.7641662,37.31797361,
3022,한국철강(주)창원공장,경남 창원시 성산구    ,(642370) 경상남도 창원시 성산구 공단로103번길 12 ,,,
3023,(주)원일특강(일학습 병행),경기 시흥시,(429450) 경기도 시흥시 공단2대로256번길 4 ,,,
3024,(주)케이에이치티,전북 완주군,(565902) 전라북도 완주군 봉동읍 완주산단6로 131 ,,,
3025,하버드 요양보호사교육원,경기 부천시,(422807) 경기도 부천시 소사로 257 (태한빌딩) 601호,126.795135,37.48117737,
3026,유성탑간호학원,대전 유성구,(34168) 대전광역시 유성구 대학로 1 (봉명동) 3층 일부(303호),127.3411385,36.35405085,
3027,자아연토탈미용학원,경남 김해시,(50959) 경상남도 김해시 금관대로 1125 (외동 성평그린빌아파트) 506호 606호,128.8487176,35.22901169,
3028,로얄컴퓨터학원,대전 유성구,(305150) 대전광역시 유성구 반석로 13 반석웰빙타운602호,127.3129118,36.39154364,
3029,시드학원,서울 서초구,"(137881) 서울특별시 서초구 서초중앙로18길 29 (서초동,서초다우빌딩 2층 )",127.0158065,37.49156758,
3030,문은영패션디자인학원,전북 전주시 덕진구,(54898) 전라북도 전주시 덕진구 기린대로 450 (금암동) 3층,127.1279242,35.84091161,
3031,전북직업능력개발원,전북 전주시 완산구,(560843) 전라북도 전주시 완산구 평화동1가 408-4 5F,127.1413096,35.7982769,
3032,등용문컴퓨터회계학원,전북 전주시 완산구,(560802) 전라북도 전주시 완산구 팔달로 199 4층,127.1458956,35.82021697,
3033,평화요양보호사교육원,전북 전주시 완산구,(55122) 전라북도 전주시 완산구 장승배기로 210 (평화동1가) 4층 401호&5층 501호,127.1357526,35.79619226,
3034,하람평생교육원,전북 익산시,(54592) 전라북도 익산시 익산대로26길 18 (남중동) 3층,126.9504366,35.9454277,
3035,한길IT경영아카데미학원,전북 익산시,(54545) 전라북도 익산시 고봉로 308 (영등동) 창성빌딩 (3층),126.9714337,35.95936804,
3036,New광주직업전문학교,광주 서구,"(61979) 광주광역시 서구 화운로156번길 29(화정동, 서부코아) 4층",126.8797677,35.15357534,
3037,두암컴퓨터학원,광주 북구,(500807) 광주광역시 북구 삼정로120번길 33 2층 두암컴퓨터학원,126.935569,35.1731514,
3038,(주)둔차오토모티브,대구 달서구,(42712) 대구광역시 달서구 성서공단북로18길 15 (호산동),128.4823763,35.84298999,
3039,예정플로랄디자인학원,대구 남구,(705030) 대구광역시 남구 대명동 대구시 남구 대명동 1652-8번지 2층,128.5736416,35.84138098,
3040,(재)경북IT융합산업기술원,경북 경산시,(712832) 경상북도 경산시 공단9로12길 25 (진량읍 신제리 557번지) 경북IT융합산업기술원,128.8356461,35.86308107,
3041,영남요양보호사교육원,경북 경산시,(712804) 경상북도 경산시 원효로 4 ,,,
3042,선일산업,대전 동구,(34540) 대전광역시 동구 한밭대로1297번길 9 종근당빌딩 1층,127.4400435,36.35363084,
3043,이정민애견미용학원,대전 중구,(34940) 대전광역시 중구 선화서로 3 3층,127.4196331,36.3242177,
3044,수원호매실요양보호사교육원,경기 수원시 권선구,(16388) 경기도 수원시 권선구 금곡로 116 (금곡동) 유동타워 505호,126.9428996,37.27376066,
3045,넥스트아이티교육센터학원,대전 중구,(34856) 대전광역시 중구 계룡로 825 (용두동 희영빌딩) 2층 일부,127.4077408,36.32663764,
3046,렛유인에듀이공계핵심인재양성평생교육원,서울 강남구,(06241) 서울특별시 강남구 역삼동 강남대로 368(동인빌딩) 5층,127.029049,37.49557482,
3047,중앙요리학원,서울 용산구,"(04334) 서울특별시 용산구 한강대로 328(갈월동, 한성빌딩별관) 한성빌딩 3층, 4층",,,
3048,미아카데미학원,경기 화성시,(18412) 경기도 화성시 떡전골로 72-3 (병점동) 리치프라자 5층 503호,127.0347272,37.20522098,
3049,신세계제과제빵전문학원,부산 중구,(600815) 부산시 중구 중앙동 (중앙동4가) 28-1번지 삼부빌딩2층 신세계제과제빵전문학원,129.0359527,35.10431,
3050,중앙정보처리학원,서울 마포구,"(04104) 서울특별시 마포구 신촌로 176 (대흥동) 4층 일부(401,402호), 6층",126.945141,37.55642541,
3051,전주여성인력개발센터,전북 전주시 완산구,"(55106) 전라북도 전주시 완산구 장승배기로 213 (평화동1가) 3층,4층",127.1359198,35.79694913,
3052,태창기계공업(주),인천 서구,(404170) 인천 서구 경서동 서부공단 2B/11L,,,
3053,중소벤처기업인증원학원,서울 금천구,(153781) 서울특별시 금천구 가산동 60-24 월드메르디앙 702호,126.8852829,37.47762542,
3054,한국금형산업협동조합(일학습병행),경기 시흥시,(15014) 경기도 시흥시 오이도로 49-6 (정왕동) 한국금형기술교육원,126.6974266,37.34827448,
3055,(사단법인)한국우주항공산업협회,서울 마포구,"(04162) 서울특별시 마포구 대흥로 26(용강동, 우주항공협회빌딩) 한국우주항공산업협회",126.9379985,37.54315047,
3056,서울호텔관광실용전문학교,서울 종로구,"(03112) 서울특별시 종로구 종로 375 (숭인동 승문빌딩) 지하1층 B101호, 2층 교학처·교무실, 3층, 4층",127.0190469,37.57425988,
3057,동아제과제빵기술학원,서울 영등포구,(150036) 서울특별시 영등포구 양산로 186 영등포동 6가 25-8번지 백상빌딩 4층 동아제과제빵기술학원,126.9036512,37.52264687,
3058,현대기술학원,서울 영등포구,"(07366) 서울특별시 영등포구 영신로15길 7 (영등포동 정립빌딩) 1층일부,2층",126.9076135,37.51371259,
3059,배움누리공동체,충남 천안시 서북구,(31090) 충청남도 천안시 서북구 오성6길 52 (두정동 세윤빌딩) 2층,127.1329813,36.83165281,
3060,(주)주경야독(원격),서울 금천구,(08510) 서울특별시 금천구 벚꽃로 298 (가산동 대륭포스트타워6차) 4층 410호,126.8838752,37.4813181,
3061,희망요양보호사교육원,서울 은평구,(03396) 서울특별시 은평구 불광로 7 (대조동 은평메디컬센터) 4층,126.9272853,37.60939297,
3062,은평엔젤요양보호사교육원,서울 은평구,(03344) 서울특별시 은평구 통일로80길 3 (불광동 유람빌딩) 2층,126.9209768,37.61997522,
3063,맛드림요리&제과제빵학원,경남 진주시,(52820) 경상남도 진주시 진주대로 620-3 (가좌동) 강남빌딩2층,128.1069308,35.1619022,
3064,(주)인팩,서울 송파구,(05641) 서울특별시 송파구 백제고분로 450 (주)인팩,,,
3065,(주)경동나비엔,경기 평택시,(451852) 경기도 평택시 서탄면 수월암길 95 ,,,
3066,일진제강(주),경기 화성시,(445963) 경기 화성시 정남면 괘랑리 446-1번지,126.9961244,37.19158333,
3067,부산교통공사,부산 부산진구,(614722) 부산광역시 부산진구 범천1동 부산교통공사 ,,,
3068,(주)킹텍스,충북 청주시 흥덕구,(361781) 충청북도 청주시 흥덕구 산단로 113 킹텍스,127.4463691,36.64487344,
3069,(사)한국전자정보통신산업진흥회,서울 마포구,(03924) 서울특별시 마포구 월드컵북로54길 11 (상암동 전자회관) 전자회관 11~12층 (교육장 2층),126.888427,37.58053038,
3070,중앙환경직업전문학교,대전 중구,(34942) 대전광역시 중구 테미로 53-1 정원빌딩 4층,127.422463,36.32236041,
3071,원주제일중장비자동차정비학원,강원 원주시,(220952) 강원도 원주시 북원로 2562 2층,127.9428599,37.37273895,
3072,농협안성교육원,경기 안성시,(17558) 경기도 안성시 공도읍 정봉길 192 ,,,
3073,(주)동성화인텍,경기 안성시,(456843) 경기도 안성시 미양면 협동단지길 120 ,,,
3074,주식회사대양전기직업전문학교,서울 도봉구,"(01403) 서울특별시 도봉구 노해로63길 51 (창동 상아프라자) 301호, 302호, 303호, 304호, 305호/ 서울특별시 도봉구 노해로65길 7-12, 청백빌딩 3층",127.0449914,37.65274648,
3075,(주)유바이오로직스(지점),강원 춘천시,(24232) 강원도 춘천시 소양강로 56 4동 3-2~3-3호,127.7457179,37.89323461,
3076,창원중장비학원,경남 창원시 마산회원구,(51362) 경상남도 창원시 마산회원구 3·15대로 740 (합성동) 5층,128.5825238,35.23784382,
3077,디와이파워 주식회사,경남 창원시 성산구    ,(642120) 경상남도 창원시 성산구 웅남로 812 ,,,
3078,메트로병원,경남 창원시 의창구    ,(641510) 경남 창원시 의창동 (중동) 0번지 16B 8.9L,,,
3079,창원삼성간호학원,경남 창원시 의창구    ,(51166) 경상남도 창원시 의창구 도계로4번길 28 (도계동 대원빌딩) 3층 일부,128.6348799,35.25720105,
3080,삼일직업전문학교,경남 창원시 성산구    ,(51454) 경상남도 창원시 성산구 창이대로663번길 5 (사파동 미남빌딩) 미남빌딩 201호,128.6993195,35.2255656,
3081,샘물요양보호사교육원,경남 통영시,(650801) 경상남도 통영시 무전동 1034-3번지.로운빌딩 301호,128.4275793,34.85833184,
3082,휴평생직업교육학원,경남 거제시,(53228) 경상남도 거제시 옥포로13길 13-1 (옥포동) 2층,128.6900481,34.89146517,
3083,공덕의집 노인요양원,경남 진주시,(52639) 경상남도 진주시 진주성로 241-5 (집현면 공덕의집) 공덕의집 노인요양원,128.0683754,35.2081953,
3084,서울바리스타학원,서울 성북구,"(02833) 서울특별시 성북구 성북로2길 35(동소문동1가, 이루빌딩) 2층(201강의실),3층(301, 302강의실),4층(401강의실)",127.0076663,37.58979604,
3085,(주)세우항공,경남 사천시,(664942) 경상남도 사천시 공단1로 23-17 ,,,
3086,서울IT교육센터직업전문학교,경남 진주시,"(52822) 경상남도 진주시 가좌길74번길 8(가좌동, 혜람빌딩) 7층, 5층, 3층, 지하",,,
3087,수산나요양원,경기 광주시,(464964) 경기도 광주시 초월읍 도평길 71 ,,,
3088,DB인재개발원,경기 광주시,(464882) 경기도 광주시 도척면 고녹길66번길 11-73 351번지 4호,127.3393871,37.29559796,
3089,광주역장례지도사교육원,경기 광주시,(12778) 경기도 광주시 역동로 106 (역동) 2층,,,
3090,사회복지법인 유승재단,경남 창원시 마산합포구,(631823) 경상남도 창원시 마산합포구 진북면 의림로 345-27 ,,,
3091,엔젤메디칼간호학원,경남 진주시,"(52758) 경상남도 진주시 진양호로 542 (동성동) 2,4,5층",128.0848214,35.19297992,
3092,경남간호학원,경남 창원시 마산합포구,"(51719) 경상남도 창원시 마산합포구 해안대로 289 (신포동1가 경남간호학원) 5층,6층 일부",,,
3093,케이스원격평생교육원 ,서울 구로구,(08389) 서울특별시 구로구 디지털로30길 28 (구로동 마리오타워) 5층 509호,126.8952593,37.4820408,
3094,남포성산간호학원,부산 중구,(600042) 부산시 중구 남포동(남포동2가) 36-7번지 봉성빌딩  3층,129.032508,35.09805958,
3095,대진전자통신고등학교,부산 금정구,(609725) 부산 금정구 장전1동 대진전자정보고등학교 657-13번지,129.0815895,35.24085239,
3096,서울패션직업전문학교,서울 마포구,(04078) 서울특별시 마포구 상수동 독막로20길 37(SFC빌딩) 서울패션직업전문학교,126.9273369,37.5471172,
3097,건국대학교산학협력단,서울 광진구,(143914) 서울시 광진구 화양동(화양동) 1-번지 건국대학교내 행정관 4층 409호,,,
3098,경남요리제과직업전문학교,경남 창원시 마산회원구,"(51210) 경상남도 창원시 마산회원구 합성서7길 9 (합성동) 2층,3층",128.582554,35.23940253,
3099,하이파워유압(주)(일학습병행제),경남 진주시,(52611) 경상남도 진주시 사봉면 산업단지로 36 ,,,
3100,케이지에듀원 아이티뱅크종로학원,서울 종로구,(03138) 서울특별시 종로구 돈화문로 26 (묘동 단성사) 4층,126.992468,37.57089085,
3101,(주)비아이매트릭스,서울 강남구,(135919) 서울특별시 강남구 선릉로 433 세방빌딩 신관17층,127.0489902,37.5037137,
3102,경산엔젤간호학원,경북 경산시,"(712803) 경상북도 경산시 중앙로 67 , 3층 (중방동)",128.7343219,35.82283571,
3103,동서컴퓨터회계학원,대구 달서구,"(704906) 대구광역시 달서구 성당로 283 (두류동) 2층, 3층",128.5739246,35.85740852,
3104,이젠아카데미 DX교육센터,서울 종로구,"(03189) 서울특별시 종로구 우정국로2길 37(관철동, 청문학원) 5층,6층",126.9852146,37.5696745,
3105,일식요리 타츠원학원,서울 동대문구,(02579) 서울특별시 동대문구 왕산로 43 (용두동 디그빌딩) 3층,,,
3106,남원간호요양보호사교육원,전북 남원시,(55764) 전라북도 남원시 의총로 77 (왕정동) 2층,,,
3107,(주)유림테크,광주 광산구,(62418) 광주광역시 광산구 월전로 53 유림테크,,,
3108,라스또리아커피학원,광주 북구,"(61057) 광주광역시 북구 설죽로 471 (삼각동) 501호, 502호",126.8989347,35.20126546,
3109,안양벧엘요양보호사교육원,경기 안양시 동안구,(14077) 경기도 안양시 동안구 시민대로136번길 9 (호계동) 301호,126.9479464,37.38819253,
3110,복지나라요양보호사교육원,충남 서산시,"(31987) 충청남도 서산시 읍내동 고운로 33 3층(읍내동,대영빌딩)",126.4438536,36.77535814,
3111,대한요양보호사교육원,경북 경주시,"(780943) 경상북도 경주시 금성로 295 10동 2층(성건동, 중앙시장상가)",129.2062779,35.84397788,
3112,신서울요양보호사교육원,서울 영등포구,"(07371) 서울특별시 영등포구 경인로 706 (문래동1가 한양빌딩) 5층,502호",126.8925596,37.51106831,
3113,국제요양보호사교육원,대전 동구,(34632) 대전광역시 동구 대전로 696 (인동) 3층,127.4376533,36.32246834,
3114,효행요양보호사교육기관,제주 서귀포시,(697851) 제주특별자치도 서귀포시 일주동로 8704 2층,126.5584854,33.25297024,
3115,(주)태화기업,경남 창원시 성산구    ,(51540) 경상남도 창원시 성산구 창원대로1144번길 33 (성주동 (주)티엠씨) 태화기업,128.7073424,35.19115296,
3116,주식회사오토앤로봇,충남 아산시,(31416) 충청남도 아산시 음봉로681번길 50 ,,,
3117,충남애견미용학원,충남 천안시 동남구,(330942) 충남 천안시 동남구 신부동 370-20번지 2층,127.151281,36.81706967,
3118,청담더뷰티미용학원,전남 목포시,(58693) 전라남도 목포시 비파로 37 (상동) 2층 4층,126.4270168,34.80193781,
3119,한화오션에코텍주식회사,전남 광양시,(545802) 전라남도 광양시 광양읍 율촌산단3로 111 삼우중공업 주식회사,127.5970163,34.90350744,
3120,(주)동후,전남 광양시,(57807) 전라남도 광양시 폭포사랑길 20-26 ,,,
3121,미래아이컴퓨터학원,부산 부산진구,"(47329) 부산광역시 부산진구 가야대로 566 (가야동) 3, 4층",129.0338946,35.15391733,
3122,탑컴퓨터학원,경남 창원시 마산회원구,(630852) 경상남도 창원시 마산회원구 삼계로 31 2층 탑컴퓨터학원,128.501365,35.23167511,
3123,효사랑전주요양병원,전북 전주시 완산구,(560913) 전북 전주시완산구 노송동(서노송동) 648-40번지,127.1440584,35.82627552,
3124,인성아이티,서울 영등포구,(07205) 서울특별시 영등포구 양평로22길 21 203~204호,,,
3125,미래컴퓨터아트학원,경기 평택시,(17774) 경기도 평택시 관광특구로 33 (서정동) 3층 미래컴퓨터아트학원,,,
3126,참좋은요양보호사교육원,부산 남구,(48445) 부산광역시 남구 수영로 193 영신빌딩 3층(대연동),129.0877282,35.13511487,
3127,진주아카데미뷰티미용학원,경남 진주시,(52691) 경상남도 진주시 진주대로 1035 (동성동) 2층 3층,128.0844893,35.1919464,
3128,롯데손해보험(주),서울 중구,(04528) 서울특별시 중구 소월로 3 (남창동 롯데손해보험빌딩) 롯데손해보험,126.9761607,37.55933768,
3129,현대자동차(주) 마북캠퍼스,경기 용인시 기흥구,(16891) 경기도 용인시 기흥구 마북로240번길 17-4 (마북동 현대자동차그룹 인재개발원 마북캠퍼스) 마북캠퍼스,127.1394319,37.31117974,
3130,(주)한국경제신문,서울 중구,(100859) 서울 중구 중림동 441번지  총무팀,126.9671628,37.56003807,
3131,대한상공회의소 서울기술교육센터,서울 강서구,"(07702) 서울특별시 강서구 화곡로 179 (화곡동 대한상공회의소서울기술교육센터) 지하1층, 2층(일부), 3~7층",126.8412334,37.54222847,
3132,대한상공회의소광주인력개발원,광주 광산구,(62383) 광주광역시 광산구 소촌로152번길 37 (소촌동) 광주인력개발원,126.7957444,35.15823798,
3133,남양유업주식회사 세종공장,세종 세종,(339914) 세종특별자치시  장군면 장기로 836-11 ,,,
3134,한미컴퓨터학원,서울 종로구,(110824) 서울 종로구 숭인2동 178-142번지,127.0198507,37.57442194,
3135,한컴퓨터정보처리학원,부산 해운대구,(612842) 부산 해운대구 좌동 1484-1 대승프라자 605호 ,,,
3136,(주)룩옵틱스,서울 서초구,"(06732) 서울특별시 서초구 서운로 19 (서초동 서초월드오피스텔) 2, 3층",127.0291021,37.48573595,
3137,김희진 요리제과제빵바리스타 학원,강원 춘천시,(24436) 강원도 춘천시 경춘로 2364 (온의동 강남병원) 강남병원 7층 김희진요리학원,127.7208123,37.86423546,
3138,양산간호조무사학원,경남 양산시,(50629) 경상남도 양산시 양산역6길 3 (중부동 센트럴스위트) 401호,129.0265873,35.33778336,
3139,주식회사 제원직업전문학교,제주 제주시,(63123) 제주특별자치도 제주시 노연로 119 (연동) 3층,,,
3140,아이티윌,서울 강남구,"(06251) 서울특별시 강남구 역삼로 120(역삼동, 성보역삼빌딩) 2층",127.0328591,37.49370886,
3141,한국폴리텍Ⅱ대학,인천 부평구,(21417) 인천광역시 부평구 무네미로448번길 56 (구산동 한국폴리텍대학(인천캠퍼스)) 　,126.7552214,37.47884797,
3142,사단법인 한국발전인재개발원,대전 서구,(35377) 대전광역시 서구 구봉산북로94번길 77 (관저동 한국발전인재개발원(교육연구시설)) 한국발전인재개발원,127.3294406,36.28994721,
3143,문정세탁기술학원,대구 달서구,(42818) 대구광역시 달서구 월배로 418 3층,128.5523168,35.83124066,
3144,화명요리학원,부산 북구,(46542) 부산광역시 북구 학사로17번가길 5 (화명동 씨에스빌딩) 4층,129.0075905,35.2239339,
3145,새고려요양보호사교육원,부산 금정구,(46277) 부산광역시 금정구 중앙대로1719번길 23 501호,129.0908961,35.23754717,
3146,정화뷰티미용학원,대구 서구,(41870) 대구광역시 서구 달구벌대로375길 33 (내당동) 2층,,,
3147,이상에듀 원격평생교육시설,서울 금천구,"(08506) 서울특별시 금천구 가산디지털1로 145(가산동, 에이스하이엔드타워3차) 804호 일부",126.8817099,37.47816438,
3148,경기미래직업전문학교,경기 의정부시,"(11670) 경기도 의정부시 신흥로258번길 35 3층, 4층",127.0450403,37.7392389,
3149,이수메트로간호종합학원,서울 동작구,(156816) 서울특별시 동작구 동작대로 109 경문빌딩 2층,126.9818627,37.48640372,
3150,광주간호학원부설요양보호사교육원,경기 광주시,(12759) 경기도 광주시 중앙로 95-6 동부빌딩4층,127.2581377,37.40836467,
3151,이스타항공,전북 군산시,(573951) 전라북도 군산시 옥서면 산동길 2 (군산공항청사1층),126.6156083,35.92636635,
3152,한결직업전문학원,대구 달성군,(42905) 대구광역시 달성군 하빈남로 504-3 (하빈면) (1관) / 달성군 하빈남로 504-1 (2관) / 달성군 하빈남로 104길2 (3관) / 달성군 하빈남로 488 (4관),128.3951091,35.87034668,
3153,달구벌여성인력개발센터,대구 서구,(703805) 대구광역시 서구 달구벌대로337길 9 ,,,
3154,광림노인전문요양원,강원 춘천시,(200834) 강원 춘천시 서면 안보리 863,127.5982665,37.84071096,
3155,영남기술직업전문학교,대구 달서구,(42612) 대구광역시 달서구 달구벌대로251안길 15 (이곡동) 3~9층,128.5060707,35.85287886,
3156,알서포트주식회사,서울 강동구,(05203) 서울특별시 강동구 고덕동 고덕비즈밸리로2가길 12(고덕비즈밸리 알서포트 사옥) 1층~9층,127.1476573,37.55858523,
3157,(재)청년취업훈련센터,서울 동대문구,"(02583) 서울특별시 동대문구 왕산로 60-1 (용두동) 지하2층 (201~206호, 재료공구실, 사무실)",127.0302208,37.57703284,
3158,중부여성발전센터,서울 마포구,(04166) 서울특별시 마포구 토정로35길 17 (용강동 서울특별시중부여성발전센터) 중부여성발전센터,126.9439198,37.54070261,
3159,위본모터스(주)판교지점,경기 성남시 분당구,(13572) 경기도 성남시 분당구 새마을로 31 아우디센터분당 빌딩,127.1342344,37.38408682,
3160,오진택기술사학원,서울 영등포구,"(07366) 서울특별시 영등포구 영신로17길 8 (영등포동 오학빌딩) 1층일부,2층,3층",126.9071465,37.5139552,
3161,주식회사유엔에이엔지니어링,경기 군포시,(435010) 경기도 군포시 당동 14-1 군포아이밸리 701호,126.9492317,37.35936072,
3162,충북대학교 산학협력단(융합기술원),충북 청주시 청원구,(28116) 충청북도 청주시 청원구 오창읍 양청4길 45 충북대학교 융합기술원,127.4376952,36.72900603,
3163,에이지씨디스플레이글라스오창(주),충북 청주시 청원구,"(28122) 충청북도 청주시 청원구 오창읍 과학산업3로 105 AGC DISPLAY GLASS OCHANG CO.,Ltd.",127.4209002,36.70159146,
3164,정인직업교육원,전북 전주시 덕진구,(561801) 전라북도 전주시 덕진구 기린대로 361 ,,,
3165,서울간호학원,서울 성북구,"(136054) 서울특별시 성북구 동소문로 113 서울간호학원 4,5층",127.0173866,37.59336087,
3166,성북요양보호사교육원,서울 성북구,(02772) 서울특별시 성북구 화랑로 207 (장위동 한신상호신용금고) 3층,127.0530415,37.60889297,
3167,성심요양보호사교육원,서울 도봉구,(01304) 서울특별시 도봉구 도봉로 873 (도봉동 화성빌딩) 화성빌딩 5층,127.0452916,37.68246928,
3168,약손명가 아카데미학원,서울 강남구,(135893) 서울특별시 강남구 압구정로30길 66 ,,,
3169,한국전기학원,경남 창원시 마산회원구,"(51209) 경상남도 창원시 마산회원구 3·15대로 777 (합성동 경찰전문학원) 2,3,4층 한국전기학원",128.584211,35.2410121,
3170,경남커피교육학원,경남 창원시 마산회원구,(51356) 경상남도 창원시 마산회원구 3·15대로 768 (합성동 마산시외버스터미널) 3층일부,128.5843284,35.2397038,
3171,창원커피맵(M.A.P.)아카데미학원,경남 창원시 성산구    ,(51436) 경상남도 창원시 성산구 원이대로589번길 6 (용호동 우림빌딩) 4층,128.6798198,35.22851394,
3172,현대간호학원,울산 남구,(680030) 울산 남구 달동 1253-4번지 5층,129.3326383,35.53818106,
3173,메타아카데미학원,서울 종로구,"(03164) 서울특별시 종로구 종로 69 (종로2가 서울 YMCA) 7층일부 (i1강의장, i2강의장, i3강의장, A4강의장, 사무실, 회의실, 상담실, 취업지원실)",126.9852462,37.5705296,
3174,나래디자인학원,부산 중구,(48942) 부산광역시 중구 중앙대로 26 (중앙동6가 다원중앙타워) 9층,129.0369512,35.0999226,
3175,(재)예수의꽃동네유지재단음성꽃동네심신장애인요양시설,충북 음성군,(369802) 충청북도 음성군 꽃동네길 133 ,,,
3176,아뜰리에미용학원(분당점),경기 성남시 분당구,(13627) 경기도 성남시 분당구 돌마로 68 (구미동 분당프라자) 8층804~805호,127.1094688,37.34956689,
3177,(주)평화이즈,서울 서초구,(06716) 서울특별시 서초구 반포대로 22 서초평화빌딩 6층,127.0126618,37.48279219,
3178,디와이 오토,충남 아산시,(31550) 충청남도 아산시 도고면 도고면로 48-23 디와이 오토,126.87484,36.75404321,
3179,천안간호학원부설요양보호사교육원,충남 천안시 동남구,(31129) 충청남도 천안시 동남구 대흥로 238 (대흥동 GS25) 5층,127.148307,36.80904457,
3180,대봉엘에스(주),인천 남동구,(405820) 인천광역시 남동구 능허대로649번길 123 대봉엘에스,126.6877495,37.39535386,
3181,화성상공회의소,경기 화성시,(445926) 경기도 화성시 토성로 14 화성상공회의소,126.9312433,37.12881308,
3182,중앙경제HR교육원,서울 중구,(100828) 서울 중구 신당2동 355-8 백석빌딩 신관 4층,127.0092195,37.55470046,
3183,(주)픽슨,전남 광양시,(57752) 전라남도 광양시 광양읍 숲샘길 129 4층 픽슨,127.5888195,34.97096937,
3184,성심맹아원,충북 충주시,(380966) 충청북도 충주시 방아길 48-19 ,,,
3185,코론(주),충남 천안시 서북구,(31040) 충청남도 천안시 서북구 직산읍 4산단5길 11-4 엑스론코리아(주),127.1151162,36.86442573,
3186,한국폴리텍대학 춘천캠퍼스,강원 춘천시,(200843) 강원 춘천시 동산면 원창리 산328-1,,,
3187,경기목공기술학원,경기 수원시 권선구,"(16657) 경기도 수원시 권선구 덕영대로 1150 (세류동 동일빌딩) 1층 일부(세류동 1127-1, 동일빌딩)",127.0162499,37.25068172,
3188,소망직업전문학교,경기 여주시,(12612) 경기도 여주시 아가페길 140 (북내면) 소망교도소 직업훈련과 (소망직업전문학교),127.6541058,37.36815812,
3189,영락노인전문요양원,경기 하남시,(465170) 경기도 하남시 안터로 55 ,,,
3190,아뜰리에미용학원,경기 이천시,(17370) 경기도 이천시 중리천로 101 (창전동 아람빌딩) 2층 아뜰리에 미용학원,127.4482972,37.27801977,
3191,(주)현대직업교육학원,충남 당진시,(343854) 충남 당진군 석문면 삼화리 1301번지,126.5934417,36.96763156,
3192,더조은컴퓨터아카데미학원,서울 마포구,(04058) 서울특별시 마포구 신촌로 94 (노고산동 그랜드플라자) 7층(노고산동),126.9359186,37.55503303,
3193,은혜간호조무사학원,서울 강서구,"(07715) 서울특별시 강서구 화곡로 162 (화곡동) 4층,5층",126.8395951,37.54114503,
3194,포천요양보호사교육원,경기 포천시,(11145) 경기도 포천시 중앙로110번길 26 (신읍동) 2층,127.2042451,37.8978296,
3195,(주)이패스코리아,서울 영등포구,(150972) 서울특별시 영등포구 경인로 775 에이스하이테크시티 2동 1004호,126.8998948,37.5149492,
3196,(사단법인)한국경비지도사협회,서울 강동구,(134868) 서울특별시 강동구 올림픽로 697 호집빌딩 4층,127.1248731,37.54365462,
3197,(주)일신비츠온,경기 남양주시,(12017) 경기도 남양주시 진접읍 팔야산단로12번길 55 일신비츠온,127.2275809,37.74990682,
3198,씨에프오아카데미평생교육원,서울 강남구,"(06237) 서울특별시 강남구 논현로79길 8 (역삼동) 아이네트빌딩 4, 5층",127.0375763,37.49776204,
3199,(주)가겐투안(Gargantuan),서울 종로구,"(03152) 서울특별시 종로구 종로1길 42(수송동, 이마빌딩) 407호",126.9789742,37.5738351,
3200,한국전기학원,대전 중구,(34869) 대전광역시 중구 계룡로 871 (용두동) 동광빌딩 4층,127.4113006,36.32375082,
3201,신부산전기기술학원,경남 창원시 의창구    ,"(51376) 경상남도 창원시 의창구 의창대로62번길 2 (팔용동 동영오피스) 801호, 802호",128.6072993,35.25650651,
3202,이젠컴퓨터아트학원,경기 의정부시,"(11670) 경기도 의정부시 신흥로258번길 25 (의정부동 해태프라자) 201호, 701호",127.044927,37.73945517,
3203,의정부고려전기학원,경기 의정부시,"(480848) 경기도 의정부시 시민로57 (의정부동, 동원빌딩 4층)",127.0415116,37.73848331,
3204,대한중장비운전학원,경기 양주시,(11517) 경기도 양주시 양주산성로 873 (백석읍) 230-5,,,
3205,아이맘평생교육원,경기 고양시 일산서구,"(10352) 경기도 고양시 일산서구 고양대로632번길 60 (일산동 이안아파트) 301호, 302호",,,
3206,화정요양보호사교육원,경기 고양시 덕양구,"(10497) 경기도 고양시 덕양구 화중로104번길 26(화정동, 한솔타워) 610호,608호",126.8325613,37.63590199,
3207,동경제과제빵바리스타학원,경기 고양시 덕양구,(10500) 경기도 고양시 덕양구 화신로260번길 64 삼진빌딩 7층 701,126.8331511,37.63344121,
3208,레브아트컴퓨터학원,경기 고양시 일산동구,"(410811) 경기도 고양시 일산동구 중앙로 1200 (마두동,삼희골드프라자 9층 901호)",126.7771017,37.65379928,
3209,진성직업전문학교,인천 남동구,(21559) 인천광역시 남동구 문화로133번길 14 (구월동) 진성직업전문학교,126.6988963,37.45110098,
3210,세명컴퓨터고등학교,서울 은평구,(03337) 서울특별시 은평구 통일로92가길 33 (불광동 세명컴퓨터고등학교) 세명컴퓨터고등학교,126.9234494,37.62752707,
3211,국제미용직업전문학교,전북 군산시,(573042) 전라북도 군산시 중앙로 110-1 국제미용직업전문학교,126.7169329,35.98341861,
3212,(주)한국품질보증원,경기 안양시 만안구,(14034) 경기도 안양시 만안구 만안로 49 (안양동 호정타워) 217호,126.9335534,37.38764689,
3213,백제간호전문학원(운암점),광주 북구,(61256) 광주광역시 북구 북문대로 117 (운암동) . 502호,126.8744919,35.17957372,
3214,나무소리디자인공예학원,광주 북구,(61112) 광주광역시 북구 서암대로 89-8 (신안동) 1층 일부,126.8941863,35.17173326,
3215,해피웨이요양보호사교육원,광주 광산구,(62300) 광주광역시 광산구 수등로258번길 2 3층,126.8367709,35.18487284,
3216,금호전산세무회계학원,광주 남구,(61727) 광주광역시 남구 서문대로 671 (진월동) 5층일부 금호전산세무회계학원,126.8987428,35.11921559,
3217,한울전산회계학원,광주 광산구,"(62276) 광주광역시 광산구 첨단중앙로 96 (월계동) L/C타워 407호, 412호",126.8434665,35.21376081,
3218,첨단간호전문학원,광주 광산구,(62274) 광주광역시 광산구 임방울대로 789 (쌍암동) 201호,126.8446877,35.21834122,
3219,아이텍컴퓨터학원,전북 익산시,(54645) 전라북도 익산시 무왕로 868 (신동) 2층 아이텍컴퓨터학원,126.9549914,35.9644185,
3220,호남간호요양보호사교육원,광주 광산구,"(62355) 광주광역시 광산구 사암로216번길 38-6 (우산동) 405호,502호",126.8102756,35.16295796,
3221,명성요양보호사교육원,경기 용인시 기흥구,(16967) 경기도 용인시 기흥구 중부대로 343 (신갈동) 청록빌딩 4층,127.1049169,37.27182172,
3222,신천요양보호사교육원,경기 시흥시,(14910) 경기도 시흥시 수인로 3378 (신천동 반석프라자) 8층,126.7837194,37.44129662,
3223,정선정보공업고등학교,강원 정선군,(26132) 강원도 정선군 용담샛길 2 (정선읍 정선정보공업고등학교) .,128.6474767,37.37989557,
3224,삼성생명서비스손해사정(주),서울 영등포구,(150806) 서울특별시 영등포구 국회대로 559 ,,,
3225,(주)경기전기교육원,경기 여주시,(12651) 경기도 여주시 세종로 317 경기전기교육원,127.6398071,37.26971998,
3226,화원간호학원,대구 달성군,(42962) 대구광역시 달성군 비슬로 2620 (화원읍) 2층,128.5031524,35.80488405,
3227,삼일방(주)경산공장,경북 경산시,(38495) 경상북도 경산시 압량면 일연로 541 삼일방(주)경산공장,128.8032841,35.85602828,
3228,지행재직업전문학교,울산 남구,(44632) 울산광역시 남구 북부순환도로 17 남운프라자 502호,129.2653415,35.55168131,
3229,유병환애견미용학원,서울 광진구,(04967) 서울특별시 광진구 아차산로 621 (광장동) 4층,127.1071825,37.54842877,
3230,SBS아카데미 컴퓨터아트학원,부산 부산진구,(47245) 부산광역시 부산진구 중앙대로 736 (부전동) 901호,129.0600098,35.15830678,
3231,정암요양보호사교육원,부산 부산진구,"(47209) 부산광역시 부산진구 동평로405번길 97 2층, 4층",,,
3232,하단간호학원,부산 사하구,(49407) 부산광역시 사하구 하신중앙로 322 (하단동) 6층,128.9655463,35.10453338,
3233,대우직업전문학교,서울 영등포구,"(07352) 서울특별시 영등포구 도신로 242(신길동, 프린테크 빌딩) 신관 4층, 신관 5층 [실습장: 경기도 고양시 일산동구 공릉천로 215-1 (사리현동 326-6)]",126.9179394,37.5126801,
3234,부산메인직업학교,부산 사하구,"(49344) 부산광역시 사하구 낙동대로 332 (괴정동) 희망빌딩 6층, 7층",128.9809133,35.10048933,
3235,영진기술교육원,경남 고성군,(52900) 경상남도 고성군 월아산로76번길 16 (영오면) 영진기술교육원,128.188259,35.08940923,
3236,한솔직업전문학교,대구 동구,(41198) 대구광역시 동구 아양로 39 (신암동 우진빌딩) 8층,128.6185874,35.88235411,
3237,쌍용교육센터,서울 강남구,(135755) 서울특별시 강남구 테헤란로 132 한독약품빌딩 8층,127.032997,37.49917785,
3238,은성제과제빵커피학원,경남 김해시,"(50925) 경상남도 김해시 가락로 10 (부원동) 3,4층",,,
3239,부원중장비학원,부산 동구,"(48775) 부산광역시 동구 중앙대로 393 (수정동) 대주빌딩 3층(301호) / 실습장 : 경상남도 김해시 유하동 475, 472-1, 472-2,870-17번지",129.0499566,35.13019886,
3240,금빛가족노인복지센터,경북 구미시,(39146) 경상북도 구미시 고아읍 들성로11길 45-36 금빛가족노인복지센터,128.3456549,36.16475414,
3241,웰러스미용학원,대전 서구,(35262) 대전광역시 서구 문정로 68 (탄방동) 4층 웰러스 미용학원,127.3867662,36.34627113,
3242,유성한국전기학원,대전 유성구,(34183) 대전광역시 유성구 한밭대로 414 캠퍼스힐 4층,127.3450802,36.36118585,
3243,(주)원앤씨 (일학습병행제),충북 청주시 흥덕구,(361911) 충청북도 청주시 흥덕구 옥산면 과학산업4로 205 ,,,
3244,(주)아산성우하이텍,충남 아산시,(336885) 충남 아산시 신창면 오목리 615번지,,,
3245,(주)하이프라자,서울 강서구,(07788) 서울특별시 강서구 마곡중앙5로 18 (마곡동 메이플레이스 빌딩) 6층 (주)하이프라자,126.8257972,37.56711852,
3246,한국인공지능·소프트웨어산업협회,서울 송파구,"(05717) 서울특별시 송파구 중대로 135(가락동, 아이티벤처타워) 한국인공지능·소프트웨어산업협회",,,
3247,(주)아도니스,경기 포천시,(487913) 경기 포천시 신북면 고일리 산59번지 주식회사 포천 아도니스,,,
3248,한국표준협회 강원지부,강원 춘천시,(24239) 강원도 춘천시 수변공원길 11 (삼천동) 대호빌딩 2동202호 한국표준협회,127.7071414,37.87259747,
3249,한국표준협회 대전세종충남지역본부,대전 중구,"(34921) 대전광역시 중구 은행동 중앙로 154 3층, 4층",127.4266517,36.32880699,
3250,중소기업중앙회,서울 영등포구,(150740) 서울특별시 영등포구 여의도동 중소기업중앙회 취업교육팀,126.9226725,37.52809428,
3251,남선알미늄 자동차 부문,경북 구미시,(730030) 경상북도 구미시 공단동 258-1번지,128.3918488,36.1034556,
3252,미래에셋증권주식회사,서울 중구,(04539) 서울특별시 중구 을지로5길 26 (수하동 미래에셋 CENTER 1) 미래에셋센터원,126.9851338,37.56733109,
3253,한국산업안전보건공단(산업안전보건교육원),울산 중구,(681230) 울산광역시 중구 종가로 400 ,,,
3254,한전KPS(주),울산 울주군,(45014) 울산광역시 울주군 해맞이로 658-91 (서생면) 울주군 서생면,129.3099819,35.33248002,
3255,동부건설(주),서울 강남구,(135280) 서울 강남구 대치동 891-10 동부금융센터 891-10 동부금융센터,127.0543861,37.50571167,
3256,(주)농심,서울 동작구,"(07057) 서울특별시 동작구 여의대방로 112 (신대방동 농심신대방사옥) 도연관18층(전체), 19층(일부:성무실)",126.9194357,37.49668603,
3257,수산업협동조합중앙회 선원지원부,서울 송파구,(138730) 서울특별시 송파구 오금로 62 수산업협동조합중앙회,127.105124,37.51601303,
3258,(주)신도리코,서울 성동구,(133832) 서울 성동구 성수2가3동 277-22,127.0591887,37.54542508,
3259,(주)모든엘리베이터,경남 거창군,(670881) 경상남도 거창군 일반산업길 241 ,,,
3260,(주)글루시스,경기 안양시 동안구,(14055) 경기도 안양시 동안구 시민대로327번길 11-31 파낙스알앤디센터 5층,126.9635359,37.39730795,
3261,현대기술학원,인천 남동구,"(21507) 인천광역시 남동구 백범로 425 (간석동 인예교육원) 3층 일부, 5층 일부(간석동)",126.7038608,37.4673496,
3262,(주)사이버텔브릿지,서울 구로구,(08389) 서울특별시 구로구 구로동 디지털로 272(한신아이티타워) 901호~904호,126.8943995,37.48240041,
3263,안산대학교,경기 안산시 상록구,(15328) 경기도 안산시 상록구 안산대학로 155 (일동 안산대학교) 안산대학교,126.8756868,37.30922592,
3264,다사랑요양보호사교육원,대구 동구,(41205) 대구광역시 동구 신암로14길 3 (신암동) 5층강의실 1층사무실,128.6086077,35.87782011,
3265,미래요양보호사교육원,대구 달서구,(42737) 대구광역시 달서구 송현동 월배로 473 5층,128.5553958,35.83535519,
3266,유현정간호학원,대구 북구,(41408) 대구광역시 북구 국우동 도남중앙로7길 2 골드드림타워 5층,128.5831766,35.95199577,
3267,정연화양정간호조무사전문학원,부산 부산진구,(47213) 부산광역시 부산진구 동평로 412 (양정동) 2층,129.0696739,35.17336264,
3268,커커아카데미학원,부산 연제구,(47511) 부산광역시 연제구 법원남로15번길 10 미르코아빌딩 9층,129.0738387,35.19044029,
3269,동래간호학원,부산 동래구,"(47877) 부산광역시 동래구 충렬대로238번길 7 (수안동 성완세띠앙) 316호,317호",129.0851389,35.20094301,
3270,ENI원격평생교육원,부산 금정구,(46235) 부산광역시 금정구 금샘로 361 (구서동 민열빌딩) 7층,129.0844997,35.25543679,
3271,경남산업직업전문학교,경남 창원시 마산합포구,"(51731) 경상남도 창원시 마산합포구 동서북9길 16 (남성동) 1,2,3층",,,
3272,사회복지법인 동천재단부설 함안 송케어 전문요양원,경남 함안군,(637823) 경상남도 함안군 군북면 하림2길 4 ,,,
3273,진해보금요양보호사교육원,경남 창원시 진해구    ,(645280) 경남 진해시 석동(석동) 654-3번지  B  L 세븐코아B/D 205호,128.7046542,35.15541267,
3274,주식회사파이디아,경남 창원시 의창구    ,(51442) 경상남도 창원시 의창구 신월로 42 136호(신월동),,,
3275,프로웰드용접학원,경남 창원시 마산회원구,(51363) 경상남도 창원시 마산회원구 양덕로 160 (양덕동 양덕동메디컬센터) 3층 301호,,,
3276,한국JPC요양보호사교육원,충남 아산시,(336010) 충청남도 아산시 번영로 125 드림빌딩 2층,127.0048202,36.78643472,
3277,전북용접전문학원,전북 군산시,(54163) 전라북도 군산시 소룡안1길 50 (산북동) 전북용접전문학원,126.6800385,35.96786005,
3278,인천목공명장학원,인천 부평구,(21448) 인천광역시 부평구 백범로604번길 20 (십정동) 2층 전체(십정동),,,
3279,드림요양보호사교육원,경기 안산시 단원구,(15361) 경기도 안산시 단원구 고잔로 102 607호,126.8374599,37.3188376,
3280,전주용접기술학원,전북 전주시 덕진구,(54912) 전라북도 전주시 덕진구 안덕원3길 40 (우아동3가 영광원룸) 401,127.1627763,35.84497096,
3281,부천피엘씨(PLC)교육전자학원,경기 부천시,"(14528) 경기도 부천시 부천로 243 (춘의동 현봉빌딩) 4층, 402호",,,
3282,현대직업전문학교,대전 서구,(35322) 대전광역시 서구 도마로 63 (변동 현대직업전문학교) 1~6층.,127.3773283,36.32243821,
3283,루디아헤어디자인아카데미학원,대전 서구,"(35230) 대전광역시 서구 둔산로 8 (둔산동) 1091번지 밀레니엄프라자 903, 904호",,,
3284,마스터직업전문학교,충남 서산시,(31943) 충청남도 서산시 운정로 157 (운산면) 마스터직업전문학교 (여미교차로 아래),126.579117,36.82484142,
3285,예우전산세무회계학원,서울 강북구,"(01177) 서울특별시 강북구 도봉로 129 (미아동 동진빌딩) 2층일부,3층일부",,,
3286,청소년과 놀이문화연구소,경기 남양주시,(12269) 경기도 남양주시 와부읍 궁촌로 6-13 3층,127.2299228,37.57645731,
3287,네오트랜스주식회사,경기 성남시 분당구,(13524) 경기도 성남시 분당구 대왕판교로606번길 33 (삼평동) 신분당선 빌딩,127.1108232,37.39688682,
3288,(주)애니에듀,서울 금천구,(153759) 서울특별시 금천구 가산디지털2로 123 704호,126.8781244,37.47890651,
3289,정연화의료서비스아카데미전문학원,부산 부산진구,(47213) 부산광역시 부산진구 동평로 412 (양정동) 7층 일부,129.0696739,35.17336264,
3290,오아시스뷰티학원,경기 화성시,(18455) 경기도 화성시 동탄중심상가1길 27 (반송동 프라임빌딩) 602호 오아시스 뷰티 미용학원,127.0724151,37.20122227,
3291,아트링크도예학원,서울 송파구,(05570) 서울특별시 송파구 백제고분로11길 6-5 (잠실동 청송빌딩) 1층,127.0800157,37.50754475,
3292,북구동아간호학원,광주 북구,"(61207) 광주광역시 북구 우치로 68 (중흥동,3층)",126.9128239,35.17320873,
3293,TopChef(탑쉐프)요리학원,광주 북구,"(500832) 광주광역시 북구 첨단연신로91번길 14 401호,402호",126.8627096,35.20667305,
3294,(재)경기도경제과학진흥원,경기 수원시 영통구,(16229) 경기도 수원시 영통구 광교로 107 (이의동 경기도중소기업지원센터) GBSA 아카데미,127.0430525,37.29151026,
3295,한국전파진흥협회,서울 양천구,(07969) 서울특별시 양천구 목동중앙로13나길 3 (목동 한국전파진흥협회) 한국전파진흥협회,126.8806719,37.54600595,
3296,성심직업전문학교,전북 군산시,(573030) 전북 군산시 장미동 44번지,126.7112061,35.99085791,
3297,마산공업고등학교,경남 창원시 마산회원구,(51353) 경상남도 창원시 마산회원구 학교단지로 53 (합성동 마산공업고등학교) 마산공업고등학교,128.5964939,35.24389709,
3298,(재)경남테크노파크,경남 창원시 의창구    ,"(51395) 경상남도 창원시 의창구 창원대로18번길 22 (팔용동 경남테크노파크) 벤처동 5층, 6층",128.6042939,35.25173384,
3299,(주)웹젠,경기 성남시 분당구,"(13487) 경기도 성남시 분당구 판교로 242 (삼평동, 판교디지털콘텐츠파크비동)",127.1001916,37.40203179,
3300,(사)에코아이생태교육연구소,서울 강서구,(157812) 서울특별시 강서구 공항대로 38-9 2층 (공항동),126.811959,37.5608081,
3301,패스트캠퍼스강북학원,서울 중랑구,(131861) 서울특별시 중랑구 망우로 244 덕화BD 3층,127.0797657,37.594508,
3302,군포제과제빵학원,경기 군포시,(15862) 경기도 군포시 번영로 498 산본빌딩 401호,126.9328665,37.35730686,
3303,(주)유비온,서울 구로구,(08378) 서울특별시 구로구 디지털로34길 27 대륭포스트타워3차 6층 601호,126.8977079,37.48543075,
3304,(주)코스메카코리아,충북 음성군,(369821) 충청북도 음성군 대소면 대금로196번길 17-12 코스메카코리아,127.4656911,36.97795105,
3305,라온영상아카데미학원,경기 안산시 단원구,"(15458) 경기도 안산시 단원구 광덕4로 102 (고잔동 신원프라자) 205호, 206호",126.8233785,37.31492467,
3306,한국제과직업전문학교,서울 영등포구,(07319) 서울특별시 영등포구 여의대방로61길 42 (신길동) 한국제과직업전문학교,126.9219278,37.51584032,
3307,(주)엠알인프라오토,충북 진천군,(27856) 충청북도 진천군 덕산읍 산수산단1로 32((주)엠알인프라오토) (주)엠알인프라오토,127.4832752,36.89509984,
3308,소화천사의 집,광주 남구,(503810) 광주광역시 남구 봉선2동 51,126.9208999,35.12174738,
3309,(사)한국방사선진흥협회,서울 성동구,(04790) 서울특별시 성동구 성수일로 77 (성수동1가 서울숲 IT 밸리) 18층 한국방사선진흥협회,127.0498545,37.54740232,
3310,(주)안랩,경기 성남시 분당구,"(13493) 경기도 성남시 분당구 판교역로 220 (삼평동 안랩, 쏠리드) 판교역로 220 안랩",127.1104443,37.40041912,
3311,롯데지알에스(주),서울 금천구,(08606) 서울특별시 금천구 독산동 벚꽃로 104(독산역 롯데캐슬) 4층~10층,126.8915894,37.46365706,
3312,한국폴리텍대학영남융합기술캠퍼스,대구 동구,(701170) 대구광역시 동구 봉무동 1558,128.6424958,35.91948967,
3313,한국폴리텍 Ⅵ대학 포항캠퍼스,경북 포항시 남구,(790300) 경상북도 포항시 남구 호동로 162 (괴동동 1146),129.3814516,35.99210235,
3314,대한상공회의소인천인력개발원,인천 남동구,(405310) 인천 남동구 고잔동 625번지,126.69048,37.40955193,
3315,대한상공회의소 경기인력개발원,경기 파주시,(10901) 경기도 파주시 와석순환로172번길 16 (동패동 경기인력개발원) 대한상공회의소 경기인력개발원,126.7436564,37.71370761,
3316,대한유화(주),서울 종로구,(110035) 서울특별시 종로구 자하문로 77 ,,,
3317,농업협동조합중앙회,서울 중구,(100707) 서울시 중구 농업협동조합중앙회건물 충정로1가 75번지 ,,,
3318,동대전요양보호사교육원,대전 동구,(34673) 대전광역시 동구 옥천로 140 (판암동) 4층,,,
3319,세종간호학원,세종 세종,"(30028) 세종특별자치시  조치원로 8 (조치원읍) ,3층",127.2976652,36.60098989,
3320,(주)해저식품,충남 홍성군,(32288) 충청남도 홍성군 광천읍 충서로 499-25 ,,,
3321,동양전산회계컴퓨터학원,전북 군산시,(573874) 전라북도 군산시 대학로 195 무궁화빌딩 2층,126.7018757,35.97441462,
3322,당진원당간호학원,충남 당진시,(31770) 충청남도 당진시 당진중앙1로 230 (읍내동) 태은빌딩3층,126.6354377,36.89797169,
3323,천안커피제과제빵학원,충남 천안시 서북구,(31104) 충청남도 천안시 서북구 1공단1길 52 (두정동 센트하임프라자) 2층 209호/217호,127.1478355,36.83237453,
3324,열린 평생교육원,서울 광진구,(04930) 서울특별시 광진구 중곡동 천호대로 591(유신빌딩) 2층,127.0837096,37.55581723,
3325,(주)아람인코리아,서울 강남구,(06224) 서울특별시 강남구 논현로 416 (역삼동 운기빌딩) 7층,,,
3326,진주직업전문학교,경남 진주시,(52757) 경상남도 진주시 남강로 723 (옥봉동 진주원예농협) 4층 진주직업전문학교,128.0908207,35.19167338,
3327,(주)메타바이오메드,충북 청주시 흥덕구,(28161) 충청북도 청주시 흥덕구 오송읍 오송생명1로 270 ,,,
3328,연세IT미래교육원,경기 수원시 장안구,"(16269) 경기도 수원시 장안구 정조로 940-1(영화동, 연세교육빌딩) 3~8층 [장안문캠퍼스] / [별관] 경기도 수원시 팔달구 덕영대로 905, 아이메카빌딩 205~206호, 연세IT미래교육원[수원역캠퍼스]",,,
3329,부산제과기술학원,부산 부산진구,"(47296) 부산광역시 부산진구 중앙대로 682 (부전동) 일진빌딩 4층, 5층 부산제과기술학원",129.0594675,35.15357438,
3330,한신공과직업전문학교,전북 익산시,(54662) 전라북도 익산시 익산대로 201 (창인동2가 창인아파트) 창인상가 2동 3층,,,
3331,당진간호학원,충남 당진시,(31776) 충청남도 당진시 당진중앙2로 202 (읍내동) 3층,126.6351642,36.89650208,
3332,라이센스전기기술학원,전북 전주시 덕진구,"(54888) 전라북도 전주시 덕진구 사평로 69 (덕진동1가) 3, 4층",127.1230352,35.84310662,
3333,금오기계공과학원,경북 구미시,(39245) 경상북도 구미시 비산로3길 22 (비산동) 2~3층,128.3775153,36.12142714,
3334,한국표준협회 캠퍼스 강남,서울 강남구,(06237) 서울특별시 강남구 역삼동 역삼로17길 60(역삼동 738 빌딩) 퓨처밸류캠퍼스 강남,127.0364118,37.49840208,
3335,한국폴리텍IV대학홍성캠퍼스(직장),충남 홍성군,(32244) 충청남도 홍성군 충서로 1200 (홍성읍) 한국폴리텍대학 홍성캠퍼스,126.6560076,36.58334072,
3336,씨쓰리이용미용학원,광주 북구,(500850) 광주광역시 북구 동문대로 79-1 동진빌딩 8층,126.9226834,35.1712958,
3337,문경요양보호사교육원,경북 문경시,(36953) 경상북도 문경시 중앙로 33 (모전동) 2층,,,
3338,한서대학교 평생교육원,충남 서산시,(31962) 충청남도 서산시 한서1로 46 (해미면 한서대학교) 한서대학교,126.5841151,36.69108183,
3339,한빛간호학원,대전 중구,"(34916) 대전광역시 중구 보문로260번길 12 (대흥동) 2,3층",127.4227371,36.32572079,
3340,한일중장비학원,경남 진주시,"(52759) 경상남도 진주시 남강로 676 (동성동) 3층 / (실습장) 진주시 진산로 1313,(집현면)",,,
3341,인하항공직업전문학교,인천 부평구,(21413) 인천광역시 부평구 마장로 50 (십정동) 1층~9층,126.7088625,37.48326469,
3342,호원요양보호사교육원,경기 안산시 상록구,(15296) 경기도 안산시 상록구 화랑로 501 (성포동 예술프라자) 309호,126.8436273,37.320558,
3343,(주)애큐온캐피탈,서울 영등포구,"(07236) 서울특별시 영등포구 여의도동 의사당대로 18(아시아원빌딩) 3~5층, B1층",126.9178994,37.52718094,
3344,건영직업전문학교,경북 경주시,(38041) 경상북도 경주시 천북면 모아동산길 281 (동산리 285-1),129.2695533,35.90761077,
3345,에이테크경주,경북 경주시,(780803) 경상북도 경주시 안강읍 안현로 955-6 에이테크경주,129.2321326,35.94399194,
3346,사단법인 가경사회서비스지원센터,경북 경주시,(38139) 경상북도 경주시 동문로 50 (성동동) 3층,129.2142242,35.84877853,
3347,아시아요리학원,광주 남구,(61694) 광주광역시 남구 봉선중앙로 87-1 3층 아시아요리학원,126.9106568,35.12860833,
3348,(주)이프,경북 포항시 남구,(790862) 경상북도 포항시 남구 중앙로 90 ,,,
3349,엘림실버빌,경북 포항시 북구,(791861) 경상북도 포항시 북구 송라면 동해대로 2792-99 ,,,
3350,음식나라조리학원,경북 포항시 북구,"(791841) 경상북도 포항시 북구  중흥로 325 (죽도동, 한호빌딩 3층)",129.3643933,36.03126282,
3351,상원음식나라조리학원,경북 포항시 북구,(37738) 경상북도 포항시 북구 중앙로 270 (3층),129.3653667,36.03673961,
3352,굿모닝요양보호사교육원,경북 포항시 북구,(37633) 경상북도 포항시 북구 새천년대로1001번길 2-41 2층,129.3697555,36.06031265,
3353,시지음식나라조리학원,대구 수성구,(42268) 대구광역시 수성구 달구벌대로 3163 (매호동) 5층 일부 (매호동),,,
3354,영광요양보호사교육원,경북 영주시,(36086) 경상북도 영주시 구성로 300 (휴천동 아모레퍼시픽화장품) 3층,128.6273664,36.81985168,
3355,노인요양시설 효구미실버힐,경북 구미시,(39307) 경상북도 구미시 수점로 24-22 ,,,
3356,구미인동요양보호사교육원,경북 구미시,(39431) 경상북도 구미시 인동가산로 33 (인의동) 9층,128.4199254,36.10620864,
3357,구미요양보호사교육원,경북 구미시,(39222) 경상북도 구미시 구미중앙로 44 (원평동 멀티복합상가) 3층 307호.,128.3275235,36.1300375,
3358,(이노알앤씨) 일학습 병행,대구 달성군,(711857) 대구광역시 달성군 논공읍 논공로87길 87 ,,,
3359,광운인공지능고등학교,서울 노원구,(01890) 서울특별시 노원구 광운로1길 24 (월계동 광운중/광운전자공업고등학교) 광운인공지능고등학교,127.0559603,37.62038814,
3360,영남공업고등학교,대구 수성구,(42077) 대구광역시 수성구 교학로 96 ,,,
3361,(주)강원랜드,강원 정선군,(26155) 강원도 정선군 고한읍 고한로 55 (주)강원랜드 인재개발팀,128.8459427,37.2061128,
3362,누아로즈미용간호학원,충남 아산시,"(31522) 충청남도 아산시 삼동로86번길 25-5 (권곡동) 2층,3층",127.0147351,36.78768668,
3363,현대건축토목학원,대구 남구,(42402) 대구광역시 남구 명덕로 116 (대명동) 고산빌딩4층,128.5826968,35.85599584,
3364,한국광기술원,광주 북구,(500460) 광주광역시 북구 첨단벤처로108번길 9 ,,,
3365,동일미래과학고등학교,광주 남구,(61680) 광주광역시 남구 천변좌로604번길 12 (방림동) 동일미래과학고등학교,,,
3366,(주)디에스티,경기 군포시,"(15807) 경기도 군포시 엘에스로 172(금정동, 한림휴먼타워) 1011호",,,
3367,케이씨 교육원,전남 영암군,(526892) 전라남도 영암군 산단서부로 85 ,,,
3368,두원공업고등학교,경기 안성시,(17598) 경기도 안성시 미양로 727 (미양면) 두원공업고등학교,127.2420737,36.99699392,
3369,이영자요리학원,전북 익산시,(54593) 전라북도 익산시 익산대로22길 4 (창인동1가 손약국) 2층,126.949052,35.94417438,
3370,(주)동우라이프산업,서울 송파구,"(05510) 서울특별시 송파구 올림픽로 293-19(신천동, 현대타워아파트) 711,712",127.1025226,37.51517114,
3371,부산더조은직업전문학교,부산 부산진구,"(47296) 부산광역시 부산진구 신천대로50번길 79 (부전동) 5층,6층",,,
3372,(주)대한항공 교육훈련센터,서울 강서구,"(07570) 서울특별시 강서구 공항대로 453 (등촌동 등촌동KAL빌딩) 1층,5층,6층,7층",126.8574011,37.55472813,
3373,한영전산세무회계학원,서울 성동구,(133882) 서울특별시 성동구 무학로2길 50 신방빌딩 신관5층,127.0349351,37.56217445,
3374,포항여성인력개발센터,경북 포항시 북구,(37742) 경상북도 포항시 북구 용흥동 용당로 66(아이비빌딩) 3층 포항여성인력개발센터,129.3600884,36.03345586,
3375,유림산업(주),경북 경산시,(38470) 경상북도 경산시 진량읍 공단4로 15 ,,,
3376,MJC보석직업전문학교,서울 동대문구,(02569) 서울특별시 동대문구 왕산로 117 (제기동 불로장생타워) 4층 MJC보석직업전문학교,127.0367194,37.57856283,
3377,(주)한솔아카데미,서울 서초구,(06775) 서울특별시 서초구 마방로10길 25 (양재동 트윈타워) 에이동 20층 2002,127.0443497,37.47667657,
3378,에스엘아이평생교육원,서울 서초구,"(06742) 서울특별시 서초구 강남대로30길 31 2층, 3층 301호, 303호, 304호",127.038974,37.48231688,
3379,유원대학교,충북 영동군,(370806) 충북 영동군 영동읍 설계리 산12-1번지,127.7985121,36.19452139,
3380,(주)강림직업전문학교,경기 평택시,(17918) 경기도 평택시 통복로 36 (통복동) 강림직업전문학교,127.0831124,36.99505422,
3381,인천미추홀여성인력개발센터,인천 미추홀구,"(22186) 인천광역시 미추홀구 아암대로 57 (용현동 항마스타타워) 3층, 4층일부, 5층, 6층",126.6353917,37.45615537,
3382,인천 그린컴퓨터아카데미,인천 부평구,(21389) 인천광역시 부평구 부평대로 19-1 (부평동. 신도시프라자빌딩 6/9/10층),126.7226419,37.49314602,
3383,성남 그린컴퓨터아카데미,경기 성남시 분당구,"(13630) 경기도 성남시 분당구 구미동 돌마로 46 5층(503호), 3층(305호)",127.1069408,37.34965023,
3384,숭실대학교,서울 동작구,(06978) 서울특별시 동작구 상도로 369 (상도동 숭실대학교) 숭실대학교,126.9571741,37.49626264,
3385,홈플러스(주),서울 강서구,(07567) 서울특별시 강서구 화곡로 398 (등촌동 홈플러스 강서점 앤 본사 사옥) 홈플러스본사,126.8549834,37.55833807,
3386,여수공업고등학교,전남 여수시,(550815) 전라남도 여수시 동산동 550번지 여수공업고등학교,127.7367514,34.7439943,
3387,주식회사효림엑스이,대구 달서구,(704801) 대구광역시 달서구 성서4차첨단로 89 ,,,
3388,네이버 주식회사,경기 성남시 분당구,"(13561) 경기도 성남시 분당구 정자일로 95(정자동, 네이버 1784) 25층",127.1051961,37.35882211,
3389,KH인재교육원,울산 남구,(44677) 울산광역시 남구 신정동 삼산로35번길 19 1~5층 외 2,129.3107738,35.53496141,
3390,현대로템주식회사기술연구소,경기 의왕시,(16082) 경기도 의왕시 철도박물관로 37 (삼동 현대자동차그룹 의왕연구소) 현대로템(주) 기술연구소,126.9506006,37.3248642,
3391,서울특별시서부여성발전센터,서울 양천구,(158091) 서울 양천구 신월1동 139-1 서울특별시 서부여성발전센터,126.8299368,37.53417566,
3392,한국항공우주산업(주),경남 사천시,(664710) 경상남도 사천시 사남면 유천리 한국항공우주산업 ,,,
3393,에이치디씨랩스(주),서울 서초구,(06722) 서울특별시 서초구 효령로 346 (서초동) 랩스타워,,,
3394,주식회사 엘엑스세미콘,대전 유성구,(305510) 대전광역시 유성구 테크노2로 222 (주)실리콘웍스,127.408632,36.42112109,
3395,(주)에이텍모빌리티,경기 성남시 분당구,(13488) 경기도 성남시 분당구 판교로 289 9층 에이텍티앤,127.106044,37.40355855,
3396,(주)엠비씨플레이비,부산 해운대구,(48058) 부산광역시 해운대구 센텀4로 15 6층(우동 센텀시티몰 키자니아),129.1282203,35.16980801,
3397,중앙미용학원,광주 동구,(61482) 광주광역시 동구 금남로 232-4 3층,126.9170432,35.14851486,
3398,경일직업능력개발학원,대구 서구,(41799) 대구광역시 서구 국채보상로 371 (비산동) 3층,128.5717848,35.87240434,
3399,에듀핏원격평생교육원,서울 금천구,(08513) 서울특별시 금천구 가산로9길 54 (가산동 천재교육) 신관 309호,126.8892085,37.47588133,
3400,한국폴리텍Ⅳ대학,대전 동구,(300702) 대전광역시 동구 가양2동 91-2 한국폴리텍IV대학,127.454432,36.35080177,
3401,한국폴리텍Ⅲ대학 강릉캠퍼스,강원 강릉시,(25605) 강원도 강릉시 남산초교길 121 (노암동 한국폴리텍3대학) 노암동,128.8900329,37.73715657,
3402,분당간호학원,경기 성남시 분당구,"(13618) 경기도 성남시 분당구 성남대로 168 미도프라자 704,704-1",127.1094367,37.35081032,
3403,(주)메인텍,경북 구미시,(39423) 경상북도 구미시 4공단로 347 (금전동) (주)메인텍,128.4543407,36.13226237,
3404,이지디자인컴퓨터학원,충북 청주시 서원구,(28575) 충청북도 청주시 서원구 사직대로 93 (사창동) 3F~5F,127.4577618,36.6349903,
3405,이너트론(주),인천 연수구,(406840) 인천광역시 연수구 벤처로100번길 12 (주)이너트론,126.6415907,37.37507534,
3406,사회복지법인 에버그린복지재단,경기 양주시,(482812) 경기도 양주시 장흥면 가마골로258번길 68 ,,,
3407,본아이에프(주),서울 영등포구,(07268) 서울특별시 영등포구 양평동3가 선유로 165(와이피센터) 6층,126.8912334,37.52823092,
3408,등용문직업전문학교,전북 전주시 완산구,"(55039) 전라북도 전주시 완산구 경기전길 17 (풍남동1가 등용문회계학원) (2층, 3층)",127.1503079,35.81860742,
3409,울산대학교산학협력단,울산 남구,(44610) 울산광역시 남구 대학로 93 산29번지,129.2569512,35.54145828,
3410,대구한의대학교산학협력단,경북 경산시,"(38578) 경상북도 경산시 어봉지길 285-10(여천동, 대구한의대 오성캠퍼스) 산학협력관",128.7885386,35.78680884,
3411,(SE)에스이사이버평생교육원,서울 강남구,"(135909) 서울특별시 강남구 강남대로94길 71-9 역삼동, SE빌딩",127.0327489,37.50115109,
3412,중앙정보기술인재개발원,서울 마포구,"(04104) 서울특별시 마포구 신촌로 176 (대흥동) 3층, 5층",126.945141,37.55642541,
3413,사회복지법인계명복지재단(부설:계명요양보호사교육원),강원 춘천시,(24228) 강원도 춘천시 충열로 62 충열로62(우두동),127.7346946,37.89939384,
3414,강촌노인요양원,강원 춘천시,(250857) 강원도 춘천시 남면 한덕발산길 958 ,,,
3415,희망요양보호사교육원,강원 춘천시,(24335) 강원도 춘천시 금강로 114 (운교동) 4층,127.73172,37.87559209,
3416,더케어전문학원,부산 북구,"(46501) 부산광역시 북구 낙동대로 1708-1 1층, 2층",128.9975025,35.20690837,
3417,연성컴퓨터전산회계학원,서울 금천구,"(08591) 서울특별시 금천구 가산디지털1로 2(가산동, 우림라이온스밸리2차) 12층 1205호",126.8882616,37.4667353,
3418,삼척요양보호사교육원,강원 삼척시,(25929) 강원도 삼척시 남양안길 21-6 (남양동 고주박) 3층 301호(남양동),129.1693406,37.44353378,
3419,동해메디칼간호학원,강원 동해시,(25761) 강원도 동해시 한섬로 61-13 (천곡동 피부사랑) 3층,129.1113767,37.52100037,
3420,무궁화미용직업전문학교,대구 달서구,(704906) 대구광역시 달서구 명덕로 30 서부빌딩 3층,128.574115,35.85976701,
3421,(학교법인)한마학원경남대학교,경남 창원시 마산합포구,(631701) 경상남도 창원시 마산합포구 경남대학로 7 경남대학교(월영동 449번지),128.5549739,35.18071087,
3422,산본간호조무사학원,경기 군포시,"(15865) 경기도 군포시 번영로 515 (산본동 유화프라자빌딩) 지상3층 2-1호,지상3층3-2호 ,지상6층 2호",126.9335421,37.3591183,
3423,엠비씨(MBC)아카데미컴퓨터학원 천호점,서울 강동구,(05335) 서울특별시 강동구 천호대로157길 14 나비빌딩 6층,127.1272406,37.53837237,
3424,안산전기공과학원,경기 안산시 단원구,"(15464) 경기도 안산시 단원구 광덕4로 220 (고잔동 밀레니엄프라자) 506,507호",,,
3425,나래정보처리회계학원,서울 강서구,(07707) 서울특별시 강서구 강서로 193 (화곡동) 5층,126.8382891,37.54328756,
3426,광주요양보호사교육원,경기 광주시,(12755) 경기도 광주시 중앙로 123 (경안동 경안동우체국) 2층 일부 (경안동),127.2575348,37.41042026,
3427,부모사랑요양보호사교육원,경기 의정부시,"(11697) 경기도 의정부시 평화로484번길 7 (의정부동) 401호, 402호, 5층",127.0483733,37.73529148,
3428,의정부제일요양보호사교육원,경기 의정부시,"(480840) 경기도 의정부시 태평로 132 3층 (의정부동,제일빌딩)",127.0514082,37.74429082,
3429,내디내만목공학원,경기 고양시 일산동구,(410570) 경기도 고양시 일산동구 동국로245번길 106 1층,126.8085166,37.69195704,
3430,미래정보컴퓨터학원,울산 남구,(44611) 울산광역시 남구 대학로 96 (무거동) 3층 (미래정보컴퓨터학원),129.2602801,35.54340535,
3431,한국폴리텍I대학성남캠퍼스,경기 성남시 수정구,(461711) 경기도 성남시 수정구 수정로 398 한국폴리텍1대학 성남캠퍼스,127.1536474,37.45891011,
3432,하이미디어컴퓨터학원,경기 구리시,(11921) 경기도 구리시 건원대로 44 (인창동 태영빌딩) 307호,127.1402276,37.60500358,
3433,(주)한국식품정보원,서울 송파구,(05854) 서울특별시 송파구 법원로 128 (문정동 문정에스케이브이원지엘메트로시티) A동 1003~1006호,127.1194546,37.48643819,
3434,국립공주대학교,충남 공주시,(32588) 충청남도 공주시 공주대학로 56 (신관동 공주대학교) 공주대학교,127.1407628,36.46888818,
3435,에이치제이디오션리조트 주식회사,전남 여수시,"(59670) 전라남도 여수시 소호로 295(소호동, 디오션리조트) 디오션리조트",,,
3436,한국이러닝협회,서울 구로구,(08377) 서울특별시 구로구 디지털로33길 28 1104,126.8952072,37.48681603,
3437,성암장수마을(요양원),서울 강동구,(134861) 서울특별시 강동구 구천면로68길 46 ,,,
3438,대신IT평생교육원,서울 강동구,"(05248) 서울특별시 강동구 천호동 천호대로151길 36(동서울아카데미) (05248) 서울특별시 강동구 천호대로151길 36 (천호동 동서울아카데미) 3층 302호, 4층 401호~402호,6층 602호",127.1235669,37.54056558,
3439,엠비씨아카데미뷰티미용학원(MBC아카데미뷰티미용학원),서울 강동구,(134020) 서울특별시 강동구 천호동 453-19 나비빌딩 13F MBC아카데미뷰티스쿨,127.1272406,37.53837237,
3440,(주)종합건축사사무소근정(일학습병행),경기 과천시,(13840) 경기도 과천시 과천대로7길 20 (갈현동 과천 스마트케이 업무시설) A동 7층 701호,,,
3441,민병철어학원,서울 강서구,(07803) 서울특별시 강서구 공항대로 261 발산파크프라자 304호,126.8363186,37.55928628,
3442,(주)한일전기교육원,전남 함평군,(57160) 전라남도 함평군 고막천로 804 (학교면) (주)한일전기교육원,126.5829145,35.04427945,
3443,이룸캠퍼스,경기 수원시 영통구,(16509) 경기도 수원시 영통구 도청로89번길 30 (이의동 이루리타워) 7층,127.047303,37.28959857,
3444,더조은컴퓨터아트학원,경기 고양시 일산동구,"(410837) 경기도 고양시 일산동구 중앙로1275번길 38-10 201호 (장항동,우림로데오스위트)",126.7706563,37.66023769,
3445,이노솔루션 원격평생교육원,서울 마포구,(03991) 서울특별시 마포구 연남로1길 44 (연남동) 3층,126.9205561,37.55972645,
3446,엘비휴넷주식회사,서울 금천구,(153030) 서울 금천구 시흥동 998번지,126.8974807,37.45402177,
3447,한국커리어개발원학원,서울 마포구,(04049) 서울특별시 마포구 와우산로 45 (상수동) 영빈빌딩 4층,126.922696,37.5484476,
3448,건설종합기술원 평생교육원,서울 구로구,"(08302) 서울특별시 구로구 가마산로 280(구로동, 구로2차순영웰라이빌) 210호",126.8913942,37.49618283,
3449,153캐드캠학원,서울 금천구,(08511) 서울특별시 금천구 가산동 디지털로9길 47(한신IT 타워2차) 3층 304-1호,126.8858113,37.47951804,
3450,수도직업전문학교,서울 영등포구,"(07306) 서울특별시 영등포구 경인로 886 (영등포동1가 서울빌딩) 현, 백산빌딩 지하1층, 1층, 2층, 3층",126.9109764,37.5175622,
3451,의료법인춘혜의료재단,서울 영등포구,"(150816) 서울특별시 영등포구 대림3동 782-3번지, 782-6번지",126.8970082,37.50056682,
3452,메디칼간호학원,충북 청주시 상당구,(28510) 충청북도 청주시 상당구 상당로 132 (북문로2가) 5층,127.4901955,36.63993534,
3453,CJ엠디원(주),서울 중구,"(04511) 서울특별시 중구 세종대로7길 43 (순화동 순화타워) 순화동, 순화타워 16층",,,
3454,(주)티엠씨,경남 김해시,(621881) 경상남도 김해시 진례면 담안리 1260번지,128.7826417,35.25103524,
3455,(재)고려직업전문학교,서울 동작구,"(06913) 서울특별시 동작구 노량진로 186 (노량진동 한샘학원) (2동) 1층~5층 일부, (3동) 1층~5층",126.9456948,37.51289896,
3456,서울과학종합대학원대학교 부설 글로벌평생학습원,서울 서대문구,(03767) 서울특별시 서대문구 이화여대2길 46 (대현동 서울아카데미빌딩) .,126.948479,37.55728293,
3457,청주패션디자인학원,충북 청주시 상당구,(28509) 충청북도 청주시 상당구 북문로2가 상당로 180 2층,127.4897299,36.64412743,
3458,라사라패션직업전문학교(본교),서울 마포구,"(04059) 서울특별시 마포구 와우산로 138 (창전동) 2～9층(3층 303호(220㎡), 4층 403호(220㎡), 5층 제외)",126.9288921,37.55356023,
3459,동원컴퓨터학원,경남 김해시,(621917) 경상남도 김해시 어방동 357-4 301호,128.9005787,35.24078991,
3460,동양요리직업전문학교,강원 원주시,(26484) 강원도 원주시 남원로 528-15 (단구동) 5층,,,
3461,강선생회계금융학원,충북 청주시 서원구,"(28568) 충청북도 청주시 서원구 사직대로 129 (사창동) 3층, 4층",127.461622,36.6354621,
3462,한국산업연수원충북직업전문학교(주),충북 청주시 상당구,(28545) 충청북도 청주시 상당구 사직대로361번길 17 (영동 한국산업연수원청주능력개발원) 한국산업연수원충북직업전문학교,,,
3463,예산간호학원부설 요양보호사교육원,충남 예산군,(32430) 충청남도 예산군 예산읍 역전로 100 2층,126.8298143,36.68791676,
3464,천안경희간호학원부설 요양보호사교육원,충남 천안시 동남구,(31123) 충청남도 천안시 동남구 만남로 38 (신부동 도솔빌딩) 6층 일부 (천안경희간호학원부설 요양보호사교육원),127.1562262,36.81843307,
3465,미래요양보호사교육원,서울 중랑구,(02250) 서울특별시 중랑구 용마산로 297-3 (면목동 소망교회) 3층,127.0913536,37.57906611,
3466,한마음요양보호사교육원,서울 동대문구,(02582) 서울특별시 동대문구 천호대로 13 (신설동) 삼화빌딩 5층,127.0250467,37.5748986,
3467,서울특별시 동부여성발전센터,서울 광진구,(05072) 서울특별시 광진구 아차산로30길 36 (자양동 서울특별시 동부여성발전센타) 동부여성발전센터,127.0666858,37.53934862,
3468,한국문화예술평생교육원,서울 광진구,(05039) 서울특별시 광진구 구의동 자양로 158 2층,127.0841016,37.54165347,
3469,러닝핏,서울 강서구,(07547) 서울특별시 강서구 염창동 양천로 583(우림블루나인비즈니스센터) A동 406호,126.8644245,37.55716923,
3470,두드림컴퓨터학원,경기 성남시 분당구,(463805) 경기도 성남시 분당구 돌마로 73 우방코아 빌딩 7층 701호,127.109989,37.35031426,
3471,성남아이비알뷰티미용학원,경기 성남시 수정구,(13345) 경기도 성남시 수정구 산성대로 229 (신흥동) 중앙빌딩 4층,127.1429863,37.43921835,
3472,한국표준협회,서울 강남구,(06160) 서울특별시 강남구 테헤란로69길 5 (삼성동) DT센터,127.0523281,37.50612701,
3473,수협중앙회연수원,충남 천안시 동남구,(31255) 충청남도 천안시 동남구 봉항로 135 (병천면 수협중앙회연수원) 1층,127.310267,36.77408004,
3474,아시아나항공(주)교육훈련원,서울 강서구,(07505) 서울특별시 강서구 오정로 443-83 (오쇠동 아시아나항공) 아시아나항공,126.798069,37.54528791,
3475,아시아나항공(주)운항훈련원,서울 강서구,(157713) 서울특별시 강서구 오정로 443-83 ,,,
3476,디비자동차보험손해사정(주),서울 강남구,(06194) 서울특별시 강남구 테헤란로 432 (대치동 DB금융센터) 26층 DB손해사정,127.0544088,37.50571166,
3477,대한적십자사인재개발원,강원 원주시,(220170) 강원도 원주시 혁신로 50 6층 대한적십자사 교육원,127.9785445,37.32296804,
3478,의료법인성광의료재단차병원,서울 강남구,(135081) 서울 강남구 역삼1동 650-9 차병원,127.0344364,37.5068179,
3479,(주)케이비손해보험 인재니움수원,경기 수원시 장안구,(440818) 경기도 수원시 장안구 팔달로303번길 2 ,,,
3480,해외건설협회,서울 중구,(04513) 서울특별시 중구 세종대로9길 42 13층,126.973919,37.56128328,
3481,(주) 전주페이퍼,전북 전주시 덕진구,(54885) 전북특별자치도 전주시 덕진구 팔복동2가 팔복로 59((주)전주페이퍼) (주)전주페이퍼,127.0985905,35.84854505,
3482,(주)보령,서울 종로구,"(03127) 서울특별시 종로구 창경궁로 136(원남동, 보령빌딩) 보령빌딩",126.9979124,37.57447711,
3483,ICT폴리텍대학,경기 광주시,(464731) 경기도 광주시 순암로 16-26 ,,,
3484,한국맥도날드 유한회사,서울 종로구,(03161) 서울특별시 종로구 종로 51 (종로2가 종로타워) 14층 한국맥도날드 유한회사,126.9838087,37.5703672,
3485,대신정보통신직업전문학교,대전 중구,(34832) 대전광역시 중구 대종로 510 (은행동) 2-3층,127.4250745,36.32960559,
3486,진주기계공업고등학교,경남 진주시,(52807) 경상남도 진주시 공단로43번길 25 (상평동 진주기계공업고등학교) 진주기계공업고등학교,128.1032396,35.17712253,
3487,뉴모텍(주),광주 광산구,(506253) 광주광역시 광산구 하남산단7번로 8 ,,,
3488,거창노인복지센터,경남 거창군,(670803) 경상남도 거창군 창동로 174 소만지구 5블럭 1로트,127.9199586,35.69249836,
3489,(재)한국탄소산업진흥원,전북 전주시 덕진구,(561844) 전라북도 전주시 덕진구 반룡로 110-11 ,,,
3490,메디아이부산학원,부산 부산진구,(47256) 부산광역시 부산진구 서면문화로 6-1 (부전동) 7층 1호(부전동),129.0581705,35.15847318,
3491,사회복지법인 평안의집 참사랑전문요양원,경기 이천시,(467841) 경기도 이천시 신둔면 황무로338번길 197 ,,,
3492,경기자동차과학고등학교,경기 시흥시,(14933) 경기도 시흥시 금오로 103 경기자동차과학고등학교,126.8395115,37.41330263,
3493,충북중장비운전자동차정비학원,충북 청주시 청원구,"(28353) 충청북도 청주시 청원구 사천로18번길 34 (사천동) (실습장:충북 청주시 청원구 사천로18번길 62, 71-1)",127.4808326,36.67912661,
3494,(주)대한전기학원영등포점,서울 영등포구,(07223) 서울특별시 영등포구 양평로 18 (당산동6가) 4층,126.9042033,37.53292761,
3495,(주)나노신소재 (전의공장),세종 세종,(30007) 세종특별자치시  전의면 미래산단로 108 나노신소재 전의공장,127.1648091,36.63606397,
3496,(주)쎄크,경기 수원시 권선구,(16648) 경기도 수원시 권선구 산업로155번길 111 (고색동) (주)쎄크,126.9829216,37.24557194,
3497,아이파경영학원,서울 서초구,(06632) 서울특별시 서초구 서초대로60길 9-42 (서초동) 1층~4층,,,
3498,GMB직업전문학교,서울 관악구,"(151844) 서울특별시 관악구 남부순환로 1724 경원빌딩 2,3층(2호선봉천역 2번출구앞)",126.9417045,37.48223616,
3499,강남직업전문학교,서울 서초구,"(06751) 서울특별시 서초구 바우뫼로 87 (양재동 한국IT직업전문학교) 1층일부,5층일부,6층",127.0308616,37.47410368,
3500,(주)글로벌아카데미(구.글로벌직업전문학교),경기 화성시,(18412) 경기도 화성시 병점3로 12 (병점동) 4층(신성빌딩),127.0348634,37.2076087,
3501,글로벌아이티(IT)인재개발학원,서울 관악구,"(08787) 서울특별시 관악구 봉천동 남부순환로 1820(에그엘로우) 6003호, 6004호, 7001호, 14층일부",126.9521749,37.4809617,
3502,베스트전기학원,부산 동구,(48733) 부산광역시 동구 중앙대로226번길 7-8 (초량동 예일빌딩) 3층일부 ~ 7층일부,129.042231,35.1173074,
3503,엘림평생요양보호사교육원,부산 동구,"(48729) 부산광역시 동구 중앙대로 312 (초량동) 2,3층(한솔빌딩)",129.0448721,35.12425591,
3504,사상여성인력개발센터,부산 사상구,(46968) 부산광역시 사상구 사상로 196 (괘법동 한빛빌딩) 한빛빌딩 5~6층,128.9846764,35.16268992,
3505,한국통합물류협회,서울 종로구,(03162) 서울특별시 종로구 인사동5길 29 (인사동 태화빌딩) 4층 405호,126.9848044,37.57195308,
3506,한국능력개발직업전문학교,서울 영등포구,"(07222) 서울특별시 영등포구 당산동6가 양평로12길 9 4,5,6,7,8층",126.9004773,37.53567245,
3507,에듀윌 국비교육원 구로센터,서울 구로구,(08391) 서울특별시 구로구 디지털로32길 79 (구로동 조영빌딩) 5층 일부,126.899678,37.48345931,
3508,서울덕성평생교육원,서울 동작구,"(06938) 서울특별시 동작구 노량진로 4 (대방동) 대방빌딩 3층일부,4층 일부",126.9260669,37.51239989,
3509,신동성환경기술학원,서울 동작구,(06938) 서울특별시 동작구 노량진로 4 (대방동) 4층 일부,126.9260373,37.51232019,
3510,서울인테리어기술교육원,서울 은평구,"(03390) 서울특별시 은평구 역말로9길 38 1층일부(102호,103호),2층,3층",126.9225154,37.61428268,
3511,한국의료기기안전정보원,서울 구로구,(08389) 서울특별시 구로구 디지털로30길 28 마리오타워 305호,126.8952593,37.4820408,
3512,엘비유세스 주식회사,서울 구로구,(152887) 서울특별시 구로구 신도림동 337번지 대우미래사랑시티 101동 26층,126.8869529,37.50898165,
3513,사단법인 전국고용서비스협회,서울 금천구,"(08501) 서울특별시 금천구 가산디지털1로 219 1505호 (가산동, 벽산디지털밸리6차)",126.8789859,37.48437645,
3514,하우디자인캐드학원,대전 서구,(35230) 대전광역시 서구 둔산로 8 (둔산동) 밀레니엄프라자 703호,127.3749413,36.35207598,
3515,하이미디어아카데미,서울 서초구,(06615) 서울특별시 서초구 강남대로 405 (서초동 통영빌딩) 8층,127.0266074,37.49876485,
3516,울산광역시시각장애인복지관,울산 남구,(680802) 울산광역시 남구 돋질로114번길 3 ,,,
3517,주식회사 에스피디능력개발원,울산 남구,(680813) 울산광역시 남구 남중로105번길 2-1 4층,129.3477739,35.5438525,
3518,국가철도공단,대전 동구,(34618) 대전광역시 동구 중앙로 242 (신안동 국가철도공단) 국가철도공단,127.4365961,36.33063673,
3519,아모그린텍,경기 김포시,(10014) 경기도 김포시 통진읍 김포대로1950번길 91 ,,,
3520,미래경영교육원,대구 중구,(41937) 대구광역시 중구 국채보상로 582 (남일동 미도빌딩) 6층 미래경영교육원,128.5942243,35.87060425,
3521,원불교창필재단 은혜마을,경기 연천군,(486903) 경기도 연천군 전곡읍 전은길 184-40 ,,,
3522,이나우스아카데미학원,서울 중구,"(04607) 서울특별시 중구 동호로14길 5-6 (신당동) 2,3층",127.010159,37.55617803,
3523,파란직업전문학교,전남 순천시,(57966) 전라남도 순천시 충효로 137 (조례동) (2층),127.5157126,34.95102836,
3524,광산음식나라조리학원,광주 광산구,"(62234) 광주광역시 광산구 하남대로 135 (흑석동) 501~504, 507",126.8087734,35.18045293,
3525,한빛요리학원,광주 북구,(61120) 광주광역시 북구 우치로 233-1 4층,126.9051248,35.1856233,
3526,주식회사 중랑직업전문교육원,서울 중랑구,(02087) 서울특별시 중랑구 망우로 353 (상봉동 상봉 프레미어스 엠코) 10층,127.0904588,37.59803239,
3527,디비씨앤에스자동차손해사정(주),서울 중구,(04550) 서울특별시 중구 마른내로 35 (초동) DB손해보험빌딩 8층,126.9918916,37.56444877,
3528,에이치케이이노엔(주),충북 청주시 흥덕구,(28158) 충청북도 청주시 흥덕구 오송읍 오송생명2로 239 에이치케이이노엔(주),127.3357952,36.63668212,
3529,천안경희간호학원,충남 천안시 동남구,(31123) 충청남도 천안시 동남구 만남로 38 (신부동 도솔빌딩) 6층 일부 (천안경희간호학원),127.1562262,36.81843307,
3530,(주)나레스트 청량리 미용학원,서울 동대문구,(02490) 서울특별시 동대문구 홍릉로 28 (청량리동 성일빌딩) 3층 일부,127.0446347,37.58239847,
3531,엠마오요양보호사교육원,서울 중랑구,(02136) 서울특별시 중랑구 동일로 720 (상봉동) 2층,127.0804903,37.59441743,
3532,서면삼성실버요양보호사교육원,부산 부산진구,"(47357) 부산광역시 부산진구 범일로 190 7층(범천동, 도문빌딩)",129.0600638,35.14694233,
3533,대한글로벌학원,부산 부산진구,"(47244) 부산광역시 부산진구 중앙대로 760 (부전동) 3층, 4층, 5층 및 옥상(부전동)",129.0613122,35.15991573,
3534,부산직업능력교육원,부산 북구,"(46618) 부산광역시 북구 모분재로 50 (구포동 선경하이츠빌라) 2층/드론실습장: 경상남도 김해시 금곡리 646,647,642-1(일부)",,,
3535,인포섹 아카데미,경기 성남시 분당구,(13486) 경기도 성남시 분당구 판교로227번길 23 (삼평동 판교R&D센터) 4층 SK인포섹,127.0988844,37.40435746,
3536,(주)대한전기학원,서울 송파구,"(05548) 서울특별시 송파구 올림픽로32길 22-23 (방이동) 평원빌딩 3층 일부, 5층 일부, 6층",127.1082424,37.51348752,
3537,(주)프레인글로벌,서울 중구,(04511) 서울특별시 중구 봉래동1가 칠패로 37(에이취에스비씨빌딩) 12-14층,126.9731532,37.56010955,
3538,비앤씨요리제과제빵학원,경기 안양시 만안구,(14006) 경기도 안양시 만안구 안양로 339 (안양동) 비앤씨요리제과제빵학원(5층),,,
3539,(주)에이치와이티씨,경기 군포시,(15849) 경기도 군포시 산본로101번길 9-14 (주)에이치와이티씨,,,
3540,테라컴퓨터학원,대구 수성구,(42252) 대구광역시 수성구 달구벌대로 3090 (시지동) 서광빌딩 4층,128.6947433,35.84260236,
3541,의료법인초록나눔의료재단 양명요양병원,광주 동구,(501841) 광주광역시 동구 제봉로 35-6 ,,,
3542,아뜰리에미용학원,광주 동구,(61487) 광주광역시 동구 서석로 42 (광산동) 안산빌딩 7층,126.918011,35.14643342,
3543,해피웨이간호학원,광주 광산구,"(62300) 광주광역시 광산구 수등로258번길 2 3층,6층",126.8367975,35.18494892,
3544,린나이코리아(주),인천 부평구,(21449) 인천광역시 부평구 백범로577번길 48 (십정동) 린나이코리아(주),,,
3545,에스비에스(SBS)아카데미게임학원,부산 부산진구,(47245) 부산광역시 부산진구 중앙대로 736 (부전동) 801호,129.0600098,35.15830678,
3546,애니톡월드원격평생교육원,경기 고양시 일산서구,(411848) 경기도 고양시 일산서구 중앙로 1426 일송노블레스 804호,126.7619317,37.67018487,
3547,수앤뷰티미용학원,경남 진주시,"(52724) 경상남도 진주시 진주대로920번길 12-4 (칠암동 화광쌍떼빌) 5, 7층",128.0905968,35.18228395,
3548,목동예치과병원,서울 양천구,(158857) 서울특별시 양천구 오목로 199 ,,,
3549,서경요양보호사교육원,경남 진주시,(52795) 경상남도 진주시 동진로 146 5층 서경요양보호사교육원(상대동),128.1070117,35.17926031,
3550,효중기념간호학원,경기 수원시 장안구,(16305) 경기도 수원시 장안구 송원로 63 (송죽동 신성빌딩) 7층 효중기념간호학원,127.0084537,37.30059927,
3551,사하음식나라요리제과제빵학원,부산 사하구,(49398) 부산광역시 사하구 낙동대로 369 (당리동) 3층 전부(당리동),128.9773232,35.10178276,
3552,동래요리학원,부산 동래구,(47715) 부산광역시 동래구 온천장로 5-1 동래요리학원(3층),129.0787007,35.21283151,
3553,(주)브리지텍,서울 영등포구,"(07325) 서울특별시 영등포구 국제금융로2길 32 (여의도동 여의도파이낸스타워) 17층, 18층",,,
3554,산림조합중앙회강릉교육원,강원 강릉시,(25428) 강원도 강릉시 진고개로 2530-30 (연곡면) 산림조합중앙회 강릉교육원,128.8173617,37.85245162,
3555,외향산업(주),서울 중구,(100180) 서울특별시 중구 다동길 43 4층,126.9815794,37.56814139,
3556,대한제분(주),서울 중구,(04513) 서울특별시 중구 세종대로 39 (남대문로4가 대한서울상공회의소) 14층,,,
3557,삼성에스디에스,서울 송파구,(05510) 서울특별시 송파구 올림픽로35길 125 삼성SDS타워,127.1003736,37.51623328,
3558,국민건강보험공단,강원 원주시,(26464) 강원도 원주시 건강로 32 (반곡동 국민건강보험공단) 국민건강보험공단,127.9865756,37.32458638,
3559,신용보증기금,대구 동구,(41068) 대구광역시 동구 첨단로 7 ,,,
3560,한국후지필름비즈니스이노베이션(주),서울 중구,(100120) 서울 중구 정동 34-5 배재빌딩 B동 10층,126.9720845,37.56378754,
3561,신성통상(주),서울 강동구,(134062) 서울 강동구 둔촌2동 444 신성빌딩,127.1402853,37.53165457,
3562,(주)대한항공 Operation Center(직업훈련원),서울 강서구,(07505) 서울특별시 강서구 하늘길 260 대한항공,126.8122073,37.54772622,
3563,(주)대한항공 Operation Center(정비훈련원),서울 강서구,(157712) 서울 강서구 공항동 대한항공 1370 Operation Center,,,
3564,노동부지정 (주)대한항공 훈련센터,서울 강서구,(157240) 서울 강서구 공항동 369-2,126.8140454,37.54581008,
3565,(주)대한항공,부산 강서구,(46712) 부산광역시 강서구 테크센터로 55 (대저2동) 대한항공,128.9301543,35.18110665,
3566,주식회사 케이티,경기 성남시 분당구,(463711) 경기도 성남시 분당구 불정로 90 주식회사 케이티,127.114664,37.35953633,
3567,현대아이에이치엘(주),경북 경주시,(780826) 경북 경주시 외동읍 문산리 742-28번지,129.3219177,35.66374981,
3568,(사)한국무역협회무역아카데미,서울 강남구,"(06164) 서울특별시 강남구 영동대로 511 (삼성동 트레이드타워) 삼성동, 무역회관4703호",127.0611642,37.5103216,
3569,알파주식회사(주),서울 용산구,(140879) 서울특별시 용산구 청파로 56 ,,,
3570,DBCSI손해사정주식회사,서울 중구,(04550) 서울특별시 중구 마른내로 35 (초동 DB손해보험 초동사옥) 13층,126.9918916,37.56444877,
3571,(주)태성에스엔아이(일학습 병행),서울 강남구,(06250) 서울특별시 강남구 역삼로8길 15 (역삼동) 홍우빌딩 7층,127.0341366,37.49321298,
3572,안단테꽃예술직업학교,서울 강남구,"(06131) 서울특별시 강남구 테헤란로13길 22 (역삼동) 2,3층",127.0320478,37.50107018,
3573,(주)강원인재개발원,강원 춘천시,(200950) 강원도 춘천시 춘천로 209 ,,,
3574,비아이티컴퓨터학원,강원 춘천시,(24390) 강원도 춘천시 퇴계로 201 (석사동) 4층,127.7409211,37.85684973,
3575,춘천메디칼간호학원,강원 춘천시,(24350) 강원도 춘천시 춘천로 169 (운교동) 3층,127.7329454,37.87653947,
3576,원주성모병원,강원 원주시,(26309) 강원도 원주시 치악로 2473 (소초면) 원주성모병원,127.9845743,37.39357299,
3577,혜인즈블라썸플로리스트화훼학원,서울 강남구,(06111) 서울특별시 강남구 학동로8길 9 KON101 3F,127.0244779,37.51131439,
3578,권오탁패션학원,대구 중구,"(41931) 대구광역시 중구 달성로 18(동산동, 베네시움) 9층",,,
3579,이지스터디원격평생교육원,세종 세종,"(30127) 세종특별자치시  한누리대로 273(나성동, 새롬씨티) 504호",127.2564971,36.48849066,
3580,미래간호학원,전북 전주시 덕진구,(54898) 전라북도 전주시 덕진구 백제대로 545 (금암동 오동회관) 3층 일부,127.129417,35.84002683,
3581,전주메디칼요양보호사교육원,전북 전주시 완산구,"(560856) 전라북도 전주시 완산구 용머리로 57 ,3층 301호 전주메디칼간호전문학원",127.116309,35.80682892,
3582,익산성모요양보호사교육원,전북 익산시,(54662) 전라북도 익산시 익산대로 191 (창인동2가 흥국생명) 2층,126.9482103,35.94328178,
3583,덕진간호학원,전북 전주시 덕진구,(54893) 전라북도 전주시 덕진구 기린대로 479-2 (덕진동1가 춘강빌딩) 6층.,,,
3584,미르컴퓨터학원,전북 전주시 덕진구,(561830) 전라북도 전주시 덕진구 인후동1가 857-1 3층,127.1636452,35.83124383,
3585,비엠커피학원,전북 전주시 덕진구,(561801) 전라북도 전주시 덕진구 기린대로 385 475-17 바울빌딩 3층,127.1329536,35.83674252,
3586,뉴엠원격평생교육원,서울 영등포구,(07299) 서울특별시 영등포구 경인로 775 (문래동3가 에이스하이테크시티) 2동 309호 및 606호,126.8998948,37.5149492,
3587,궁전요리제빵미용직업전문학교,전북 전주시 덕진구,(54888) 전북특별자치도 전주시 덕진구 덕진동1가 기린대로 499 전주시 완산구 홍산남로 29-7번지 2층,127.1233604,35.84360705,
3588,벽제중앙컴퓨터학원,경기 고양시 덕양구,"(10286) 경기도 고양시 덕양구 통일로780번길 16 (관산동 태인프라자) 4층 402호, 403호",,,
3589,(주)다원체어스(일학습병행제),경기 남양주시,(472852) 경기도 남양주시 수동면 소래비로 474-16 ,,,
3590,서해간호학원부설서해요양보호사교육원,충남 서천군,(33635) 충청남도 서천군 서천로200번길 12-7 (서천읍) 서천군 서천읍 서천로 200번길 12-7,126.7024088,36.08811305,
3591,상서고등학교,대구 달서구,(42655) 대구광역시 달서구 야외음악당로 107 상서고등학교,128.5504748,35.84693526,
3592,아이쓰리시스템(주),대전 유성구,(305509) 대전시 유성구 관평테크노동(관평동) 765번지,,,
3593,삼육대학교,서울 노원구,(139800) 서울특별시 노원구 화랑로 815 ,,,
3594,순천효산고등학교,전남 순천시,(57935) 전라남도 순천시 삼산로 104 ,,,
3595,(주)제이솔루션(일학습 병행),경기 용인시 처인구,(17124) 경기도 용인시 처인구 남사면 원암로 67 ,,,
3596,아름다운요양보호사교육원,경기 수원시 권선구,(16571) 경기도 수원시 권선구 효원로 230 (권선동) 3층 1호,,,
3597,신갈간호학원,경기 용인시 기흥구,(17064) 경기도 용인시 기흥구 신갈로 52 (신갈동 외환은행) 동인빌딩 703호,127.1058292,37.27112714,
3598,그린컴퓨터아카데미 수원,경기 수원시 팔달구,"(16455) 경기도 수원시 팔달구 덕영대로 905(매산로1가, 아이메카 상가) 5층(507호),7층(701,702,703호),8층(802호),11층(1104호)",127.0005435,37.26789944,
3599,효사랑나눔요양보호사교육원,경기 오산시,(18137) 경기도 오산시 오산로 241-1 (오산동 중앙빌딩) 4층,127.068247,37.14845056,
3600,수원유디간호학원,경기 수원시 팔달구,"(16455) 경기도 수원시 팔달구 덕영대로 905 (매산로1가 아이메카 상가) 804호, 805호",127.0004806,37.26782004,
3601,(주)화신,경북 영천시,(770280) 경상북도 영천시 언하동 412,128.9612119,35.98845639,
3602,한국교통안전공단 화성교통안전체험교육센터,경기 화성시,(18247) 경기도 화성시 삼존로 200 (송산면) 경기도 화성시 삼존로 200 (송산면),126.7680258,37.22679749,
3603,보해양조(주),전남 목포시,(530280) 전남 목포시 대안동 15번지,126.3847981,34.79088707,
3604,한국항만연수원인천연수원,인천 중구,(22306) 인천광역시 중구 항동7가 서해대로 393(한국항만연수원 인천연수원) 한국항만연수원인천연수원,126.6307306,37.46165487,
3605,일진제강(주),전북 임실군,(55927) 전북특별자치도 임실군 임실읍 호국로 1746(일진제강) 1층,,,
3606,영신정공(주),경북 경주시,(38039) 경상북도 경주시 천북면 서평길 4 ,,,
3607,GS엠비즈(주),서울 영등포구,(150103) 서울특별시 영등포구 선유로43길 19 ,,,
3608,KCC교육원,경기 용인시 기흥구,(16891) 경기도 용인시 기흥구 마북로240번길 17-3 (마북동 KCC중앙연구소) KCC교육원,127.1362418,37.31245382,
3609,(주)유니에스(본사),서울 강남구,(135090) 서울 강남구 삼성동 141,127.0488556,37.50554277,
3610,한국청소년연맹,서울 동작구,(156849) 서울특별시 동작구 여의대방로20길 33 자유회관 3층 한국청소년연맹,126.919092,37.49260175,
3611,영남대학교 공학교육혁신센터,경북 경산시,(712749) 경북 경산시 대동 214-1 ,,,
3612,동강대학교,광주 북구,(500714) 광주광역시 북구 동문대로 50 동강대학교,126.9246824,35.17009831,
3613,남강직업전문학교,전남 목포시,"(58647) 전라남도 목포시 양을로 248 (용해동 법조빌딩) 목포시 양을로 252(1층,3층)",126.3970683,34.81179778,
3614,신라대학교 평생교육원,부산 사상구,(617736) 부산광역시 사상구 괘법동 백양대로700번길 140,128.9949821,35.16949584,
3615,대덕대학교,대전 유성구,(34111) 대전광역시 유성구 가정북로 68 대덕대학교,127.3653275,36.39060309,
3616,세한대학교 부설 평생교육원 당진분원,충남 당진시,(31746) 충청남도 당진시 신평면 남산길 71-200 세한대학교,126.7807349,36.87613844,
3617,삼성에스디아이(주)천안사업장,충남 천안시,(330300) 충남 천안시 성성동 508번지 삼성SDI(주),127.1164546,36.84429407,
3618,충북공업고등학교(일학습 병행),충북 청주시 흥덕구,(28382) 충청북도 청주시 흥덕구 서부로1205번길 52 ,,,
3619,서울반도체고등학교,서울 동대문구,(02511) 서울특별시 동대문구 겸재로 21 ,,,
3620,울산용접직업전문학교,울산 중구,"(44519) 울산광역시 중구 학성로 155 (학산동) (1층, 3층~6층) - 별관 ,   울산 중구 중앙길 11 (우정동)1,2,3층 - 본관",,,
3621,가온들찬빛,경남 양산시,(626848) 경남 양산시 평산동 572-7번지,129.1390761,35.38867033,
3622,평생비젼요양보호사교육원,부산 기장군,(46021) 부산광역시 기장군 정관로 716 (정관읍) 3층 301호,129.1908563,35.32126014,
3623,금강요양보호사교육원,부산 금정구,(46229) 부산광역시 금정구 중앙대로 1949 (구서동) 2층,129.0910006,35.25832552,
3624,(주)코어테크넷,서울 금천구,"(08513) 서울특별시 금천구 가산동 디지털로 178 A동 1015호 (가산동, 가산퍼블릭)",126.8867837,37.47593895,
3625,피디에이홍명뷰티아카데미학원,대전 중구,(34945) 대전광역시 중구 대흥로 22 아트빌딩 2층,127.4165797,36.32172306,
3626,굿윌치과병원서면,부산 부산진구,(614845) 부산광역시 부산진구 중앙대로 686 ,,,
3627,수성컴퓨터학원,대구 수성구,(42029) 대구광역시 수성구 달구벌대로 2495 (범어동 LG 하이프라자) 4층 일부,128.6353655,35.85927466,
3628,빈센트커피제과제빵학원,경기 수원시 팔달구,"(16455) 경기도 수원시 팔달구 갓매산로55번길 18 (매산로2가) 3층,4층일부",127.0035922,37.26892833,
3629,베스트전기기술학원,경기 화성시,(18412) 경기도 화성시 떡전골로 96-4 (병점동 미라클 프라자) 704호~705호,127.0344239,37.20713126,
3630,JMB미래이미용직업교육학원,경기 평택시,(17874) 경기도 평택시 경기대로 218 2층,127.1152784,36.99032454,
3631,평택온누리요양보호사교육원,경기 평택시,(17912) 경기도 평택시 평택로32번길 5-3 (평택동) 3층,127.0880281,36.99091488,
3632,명진정공(주) (일학습병행),경기 수원시 권선구,(16648) 경기도 수원시 권선구 산업로156번길 88-10 ,,,
3633,(주)엑스퍼트컨설팅,서울 송파구,(05718) 서울특별시 송파구 중대로 121 (가락동 송파롯데캐슬파인힐) 2층 일부,127.1215136,37.49431984,
3634,주식회사 숲,경기 성남시 분당구,(463400) 경기도 성남시 분당구 판교로228번길 15 아프리카TV,127.1012751,37.40151732,
3635,의료법인서봉의료재단보강병원,대구 달서구,(704834) 대구 달서구 진천동 511-10번지,128.5255686,35.81377589,
3636,서구간호학원,인천 서구,(22782) 인천광역시 서구 가정로 361 (신현동 두산빌딩) 5층 서구간호학원,126.6727826,37.51706461,
3637,(주)신우,경기 의왕시,(437801) 경기도 의왕시 고천동 332-26,126.9648676,37.35436615,
3638,케어네이션요양보호사교육원,경기 안양시 동안구,(431846) 경기 안양시 동안구 관양2동 1488-4번지  B  L 3층,126.9749741,37.4026632,
3639,드림직업능력교육원,경기 고양시 덕양구,(10564) 경기도 고양시 덕양구 삼송로 8 한일골드타워 5층 에듀셰프요리교육원,126.8748931,37.64968432,
3640,시흥간호학원,경기 시흥시,"(14948) 경기도 시흥시 삼미시장1길 13-1 (신천동 광장약국) 4, 5층",126.784604,37.44018102,
3641,금호석유화학(주),서울 중구,(04542) 서울특별시 중구 청계천로 100 시그니쳐타워 동관 금호석유화학,126.9884389,37.56736758,
3642,현대자동차(주) 천안연수원,충남 천안시 동남구,(31257) 충청남도 천안시 동남구 병천면 유관순길 137 ,,,
3643,한국은행 인재개발원,서울 중구,"(04531) 서울특별시 중구 남대문로 39 (남대문로3가 한국은행건물) 한국은행 본점, (22711) 인천광역시 서구 심곡로 100번길 10 (한국은행 인재개발원)",,,
3644,한국후지필름비즈니스이노베이션(주),서울 중구,(100120) 서울 중구 정동 34-5 배재빌딩 10층,126.9724467,37.56372457,
3645,(주)대한항공,서울 강서구,(157712) 서울 강서구 공항동 대한항공 1370,,,
3646,농업협동조합중앙회구례교육원,전남 구례군,(57613) 전라남도 구례군 용방로 117-53 (용방면 농협구례교육원) 농협구례교육원,127.4471055,35.22429953,
3647,주식회사 하나은행,서울 중구,(04523) 서울특별시 중구 을지로 35 (을지로1가 하나은행) KEB하나은행 본점,126.9819195,37.56636651,
3648,(주)삼영검사엔지니어링,서울 중구,(04598) 서울특별시 중구 다산로11길 19 (신당동 백석빌딩) 신관 2층,127.0092195,37.55470046,
3649,GS(지에스)건설(주),서울 종로구,(03159) 서울특별시 종로구 종로 33 (청진동 그랑서울) GS건설,,,
3650,우양산업개발 (주) 경주지점,경북 경주시,(780290) 경상북도 경주시 신평동 370 ,,,
3651,삼성중공업(주)거제조선소,경남 거제시,(656710) 경상남도 거제시 장평3로 80 ,,,
3652,혁성실업(주),전남 광양시,(545874) 전라남도 광양시 희망길 12-14 ,,,
3653,(의)영성의료재단 고흥종합병원(일학습병행),전남 고흥군,(59535) 전라남도 고흥군 고흥읍 고흥로 1935 ,,,
3654,경익운수(주),대전 유성구,(305252) 대전광역시 유성구 원내동 461,127.3181941,36.29183381,
3655,주식회사 케이티앤지 미래인재원,대전 대덕구,(34337) 대전광역시 대덕구 벚꽃길 71 (평촌동 KT&G) (구 평촌동203-3),,,
3656,고려강선 연수원,부산 수영구,(613824) 부산광역시 수영구 구락로141번길 63 Kiswire Center 연수원,129.113725,35.17794651,
3657,스톨베르그&삼일(주),경북 포항시 남구,(790240) 경상북도 포항시 남구 대송로83번길 24 ,,,
3658,주식회사 다스,경북 경주시,(38214) 경상북도 경주시 외동읍 외동농공단지길 14 ,,,
3659,(주)오성전자,경북 구미시,(730030) 경북 구미시 공단동 181번지,128.3846497,36.11403695,
3660,김해영지요리직업전문학교,경남 김해시,"(50925) 경상남도 김해시 가락로 34 (부원동) 3층, 4층",,,
3661,덴소코리아(주),경기 의왕시,(437120) 경기도 의왕시 성고개로 131 (포일동),126.9902212,37.40246759,
3662,영주미용피부전문학원,제주 제주시,(63211) 제주특별자치도 제주시 연삼로 431 (이도이동) 2층,126.5365382,33.49707052,
3663,대진대학교,경기 포천시,"(11159) 경기도 포천시 호국로 1007(선단동, 대진대학교) 국제학관",127.1558441,37.87027307,
3664,(주)동화뉴텍(일학습 병행),부산 강서구,(46748) 부산광역시 강서구 미음산단로8번길 75 (구랑동) (주)동화뉴텍,128.8578038,35.13255408,
3665,i센스직업전문학교,대구 중구,"(41931) 대구광역시 중구 국채보상로 486 (동산동) 2,3층",128.5840363,35.87048648,
3666,세기자동차중장비학원,인천 미추홀구,(22163) 인천광역시 미추홀구 경인로 116 (숭의동 형제빌딩) 3층,126.6555324,37.46587494,
3667,뷰웍스,경기 안양시 동안구,(431060) 경기도 안양시 동안구 부림로170번길 41-3 6층,126.9656466,37.39969631,
3668,(주)케이에프씨코리아(구:에스알에스코리아),서울 송파구,(05510) 서울특별시 송파구 올림픽로 299 (신천동 대한제당) 2층 KFC Korea,,,
3669,새늘요양보호사교육원,경기 평택시,"(17909) 경기도 평택시 자유로3번길 46 (평택동) 2,3층",127.0906147,36.9936072,
3670,한국휴렛팩커드(유)교육센터,서울 서초구,(06609) 서울특별시 서초구 서운로 220 (서초동 대지스포츠플라자) 6층 HPE교육센터,127.0217457,37.50265802,
3671,세종고운간호전문학원(부설 세종고운요양보호사 교육원),세종 세종,(30101) 세종특별자치시  세종로 1219 (고운동 세종중앙타워) 301호,127.2409734,36.51155278,
3672,아로플라워디자인학원,경기 안산시 단원구,"(15461) 경기도 안산시 단원구 광덕대로 187(고잔동, 장은타워) 215호",126.8292709,37.31331162,
3673,세종요리제과제빵학원,경기 부천시,(14724) 경기도 부천시 경인로 183 (심곡본동) 서원빌딩 5층,,,
3674,포항요양보호사교육원,경북 포항시 북구,(37749) 경상북도 포항시 북구 중흥로 243 (죽도동) 3층,,,
3675,들꽃마을노인요양원,전북 정읍시,(580891) 전라북도 정읍시 산내면 허궁실2길 189-10 ,,,
3676,예미요리직업전문학원,광주 북구,(61256) 광주광역시 북구 북문대로 113 영일빌딩 3층 304호,126.8752175,35.17889848,
3677,동양직업전문학교,충남 천안시 동남구,"(31121) 충청남도 천안시 동남구 성황8길 13 (성황동 동양CAD설계전문학원) 동양빌딩(본원), 충청남도 천안시 동남구 대흥로 309 (별관), 충청남도 천안시 서북구 번영로 100 센트럴프라자 3층(서북구 불당캠퍼스)",,,
3678,(주)화성직업전문학교,경기 화성시,"(18390) 경기도 화성시 떡전골로 122 (진안동) 1층, 지층 (별관:경기도 화성시 떡전골로 120-3)",127.0325884,37.20905095,
3679,(주)세인비즈,경기 김포시,(10073) 경기도 김포시 김포한강1로 247 (운양동 김포운양헤리움타운) 512호,,,
3680,유일컴퓨터학원,전북 전주시 덕진구,(55008) 전라북도 전주시 덕진구 안덕원로 256 (인후동1가) 2층,127.1549227,35.83627512,
3681,한라시멘트주식회사,강원 강릉시,(25645) 강원도 강릉시 산계길 225 (옥계면) 강릉시,129.0082685,37.58959411,
3682,에프앤유신용정보(주),서울 마포구,(04212) 서울특별시 마포구 마포대로 144 (공덕동 마포T타운) 7층,126.9536692,37.54686982,
3683,(주)에코프로,충북 청원군,(363883) 충북 청원군 오창면 송대리 316-3,127.4452799,36.72028242,
3684,한림대학교성심병원,경기 안양시 동안구,(14068) 경기도 안양시 동안구 관평로170번길 22 (평촌동 한림대학교성심병원) 한림대학교성심병원,,,
3685,웰빙펫애견미용학원,부산 부산진구,(47257) 부산광역시 부산진구 서면문화로 33 (부전동) 4층,129.05553,35.15994178,
3686,성동공업고등학교,서울 중구,(04571) 서울특별시 중구 다산로 290 성동공업고등학교,127.0169064,37.56889931,
3687,중앙직업기술학원,충북 청주시 청원구,"(28154) 충청북도 청주시 청원구 묵방2길 57-42 (내수읍) 1·2층, 57-44 1·2층",127.532418,36.6906228,
3688,신강서요양보호사교육원,서울 강서구,(07700) 서울특별시 강서구 화곡로 195 (화곡동) 3층,126.8424873,37.54320324,
3689,유송도배필름학원,인천 계양구,"(21034) 인천광역시 계양구 장제로 863 (임학동) 홍제빌딩2층1호, 2호",126.7376581,37.54439283,
3690,주엽간호학원,경기 고양시 일산서구,(10387) 경기도 고양시 일산서구 주화로 70 (주엽동 일산우신프라자빌) 7층 701호 주엽간호학원,126.7600964,37.66991082,
3691,커피인바리스타학원,서울 강서구,(07715) 서울특별시 강서구 강서로 155 (화곡동 등대빌딩) 3층 일부.,126.8407054,37.54047983,
3692,KH정보교육원 당산지원,서울 영등포구,(07212) 서울특별시 영등포구 선유동2로 57 이레빌딩 19층 20층,126.8971425,37.53358823,
3693,아뜰리에미용학원,인천 부평구,(21404) 인천광역시 부평구 경원대로 1404 (부평동 그랑프리 빌딩) 809호~810호 전체,126.7251612,37.49070127,
3694,한솔요리커피바리스타제과제빵아카데미,서울 종로구,"(03190) 서울특별시 종로구 삼일대로 395 (종로2가 종로빌딩) 8층,9층",126.9873065,37.5698992,
3695,더케이예다함(주),서울 마포구,(121763) 서울특별시 마포구 마포대로 86 16층,126.9508883,37.54276013,
3696,서울게임아트학원,서울 종로구,"(03124) 서울특별시 종로구 율곡로 282 (종로6가 서울게임아카데미) 5층, 7층, 8층 일부",127.007806,37.57219763,
3697,(주)삼표산업,서울 종로구,(03152) 서울특별시 종로구 종로1길 42 (수송동 이마빌딩) 15층,,,
3698,서울게임학원,서울 종로구,(03124) 서울특별시 종로구 율곡로 282 4층 /  6층,127.007806,37.57219763,
3699,한국도로공사 인재개발원,경기 화성시,"(18489) 경기도 화성시 동탄산척로2길 53-7 (산척동 인력개발원 교육훈련동) ,",127.1126377,37.17689077,
3700,안동전산회계학원,경북 안동시,(36642) 경상북도 안동시 경북대로 442 3층 302호,128.6984738,36.56827194,
3701,양정인력개발센터,부산 부산진구,"(614853) 부산광역시 부산진구 중앙대로 900 6층,7층 양정인력개발센터",129.0696137,35.17055209,
3702,동구여성인력개발센터,부산 동구,(601836) 부산광역시 동구 중앙대로 319 YMCA 3층,129.0448429,35.12528373,
3703,세종직업전문학교,부산 부산진구,(614851) 부산광역시 부산진구 연수로 14-1 ,,,
3704,뉴중앙요양보호사교육원,부산 부산진구,(614829) 부산광역시 부산진구 중앙대로 621 범천동 석빌딩 3층,129.0589296,35.14808803,
3705,처음뷰티미용학원,경남 김해시,"(50901) 경상남도 김해시 가야로 172 (삼계동) 601호, 602호",128.8713597,35.26231407,
3706,아성직업전문학교,경남 김해시,"(50953) 경상남도 김해시 함박로 121 (외동 덕산아파트상가) 덕산베스트타운 207동 302~305호, 307호, 401~402호",128.8681852,35.23310193,
3707,현대경제연구원 인재개발원,경기 용인시 기흥구,(16891) 경기도 용인시 기흥구 마북로240번길 17 (마북동 KB증권연수원) KB증권연수원,127.1346572,37.30942816,
3708,강선생회계학원,충북 청주시 상당구,(28510) 충청북도 청주시 상당구 상당로 132 (북문로2가) 2층,127.4901955,36.63993534,
3709,청주미용학원,충북 청주시 상당구,"(28545) 충청북도 청주시 상당구 사직대로361번길 30 (북문로2가) 302호, 4층전체",127.4876686,36.63817946,
3710,키즈넷 원격평생교육원,서울 강남구,(06227) 서울특별시 강남구 역삼로 230 (역삼동 세명빌딩) 5층 501호,127.042054,37.49679658,
3711,충주요양보호사교육원,충북 충주시,"(27406) 충청북도 충주시 국원대로 10 (문화동) 2, 3층",127.9239008,36.97348769,
3712,월드용접전문기술학원,충남 천안시 서북구,(331958) 충청남도 천안시 서북구 늘푸른3길 37 홍은빌딩 3층,127.1312243,36.82665364,
3713,청원요양보호사교육원,충북 청주시 청원구,(28119) 충청북도 청주시 청원구 중심상업로 14 (오창읍 대운프라자) 604-1호,127.4302578,36.71209218,
3714,아중안골평화요양보호사교육원,전북 전주시 덕진구,(54920) 전라북도 전주시 덕진구 견훤로 289 (인후동1가 전주시새마을회관) 2층,127.1560477,35.83740349,
3715,사회적협동조합 전주도우누리,전북 전주시 완산구,(560912) 전라북도 전주시 완산구 현무3길 98 4층,127.1485348,35.823251,
3716,사랑의마을아가페하우스,전북 전주시 완산구,(560260) 전라북도 전주시 완산구 고덕산1길 76 ,,,
3717,민컴퓨터학원,전북 전주시 완산구,(54951) 전라북도 전주시 완산구 당산로 40 청담빌딩5층,127.1126481,35.83188703,
3718,의료법인 정산의료재단 효성병원,충북 청주시 상당구,(360070) 충북 청주시 상당구 금천동 162-90,127.4953066,36.62429798,
3719,한림대학교동탄성심병원,경기 화성시,(445170) 경기도 화성시 큰재봉길 16 ,,,
3720,그래머시플라워학원,경기 수원시 팔달구,"(16489) 경기도 수원시 팔달구 권광로 211 9층 901,904호",127.0330618,37.26615833,
3721,그린직업전문학교주식회사,경기 광주시,(12770) 경기도 광주시 염소골길 28-11 (목동) 그린직업전문학교주식회사,127.2042306,37.38025819,
3722,주은요양보호사교육원,경기 고양시 일산서구,(10381) 경기도 고양시 일산서구 대화동 중앙로 1576(태진프라자) 905호,126.7472424,37.67674,
3723,비컴뷰티미용학원,경기 고양시 일산동구,"(10401) 경기도 고양시 일산동구 중앙로1275번길 60-14 (장항동 고일프라자) 2층 일부, 3층 일부",126.7695478,37.6595778,
3724,경인요양보호사교육원,경기 부천시,"(14534) 경기도 부천시 길주로 319 (중동 골든타워) 502,503,505호",126.7780988,37.50320249,
3725,(주)세우,경남 사천시,(664942) 경상남도 사천시 공단2로 51 ,,,
3726,하이록코리아주식회사,부산 강서구,(618270) 부산시 강서구 녹산동(송정동) 1467번지 1호,,,
3727,(주)예진화장품,인천 남동구,(21630) 인천광역시 남동구 남동서로 312 14블럭 1로트 B동,126.6990389,37.41584521,
3728,(주)새한화장품,인천 남동구,(21630) 인천광역시 남동구 남동서로 312 14블럭 1로트 C동,126.6994121,37.41572003,
3729,퍼스트요리아카데미건대점학원,서울 광진구,"(05073) 서울특별시 광진구 아차산로 238 3,4층",127.0694923,37.53989668,
3730,이엔케이안전보건교육컨설팅(주),경기 고양시 덕양구,"(10546) 경기도 고양시 덕양구 꽃마을로 66(향동동, 한일미디어타워) 432호,434호",,,
3731,광양요리제과직업전문학교,전남 광양시,(545010) 전남 광양시 중동 1308-14 광양요리제과직업전문학교,127.6988884,34.93972431,
3732,한국전기기술원,서울 영등포구,"(07413) 서울특별시 영등포구 대림로 165 (대림동 대성빌딩) 201호, 5층 전체",126.8991979,37.4954331,
3733,더케이텍(주),서울 서초구,(06653) 서울특별시 서초구 반포대로12길 41 (서초동) 1층,,,
3734,종로여성인력개발센터,서울 종로구,(03079) 서울특별시 종로구 대학로11길 23 (명륜4가 대학로스타시티빌딩) 2~4층,127.0004366,37.58200038,
3735,(재)전남인력개발원한국직업전문학교,전남 목포시,(58663) 전라남도 목포시 백년대로 383 (옥암동 킴스아카데미) 3층 일부,126.4282096,34.80799175,
3736,대림대학교,경기 안양시 동안구,(13916) 경기도 안양시 동안구 임곡로 29 대림대학교,126.9302822,37.40358125,
3737,유한대학교,경기 부천시,(422090) 경기 부천시 괴안동 185-34번지,126.8215197,37.48726649,
3738,경북전문대학,경북 영주시,(750712) 경상북도 영주시 대학로 77 ,,,
3739,(주)세스코,서울 강동구,(134090) 서울특별시 강동구 상일로10길 46 ,,,
3740,남광토건(주),서울 강남구,(135100) 서울 강남구 청담동 41-2번지 금하빌딩,127.0414426,37.51748355,
3741,한국수자원공사,대전 유성구,(34045) 대전광역시 유성구 유성대로1689번길 125 ,,,
3742,에스텍(주)유산직업능력개발원,경남 양산시,(626230) 경남양산시유산동 85-12 에스텍(주),129.0312493,35.37117322,
3743,인천여성인력개발센터_,인천 남동구,"(21577) 인천광역시 남동구 남동대로 750 (구월동 유영빌딩) 4,5,9층",126.7082508,37.44901634,
3744,한국품질재단대구평생교육원,대구 달서구,"(42704) 대구광역시 달서구 성서공단로 217 8층 (대구비즈니스센터 801호,802-1호) (재)한국품질재단대구평생교육원",128.5066445,35.83622214,
3745,목포공업고등학교,전남 목포시,(58735) 전라남도 목포시 용당로 100 ,,,
3746,군산기계공업고등학교(직장),전북 군산시,(54112) 전라북도 군산시 군중길 28 (송풍동 군산기계공업고등학교) 군산기계공업고등학교,,,
3747,이리공업고등학교,전북 익산시,(54619) 전라북도 익산시 동서로14길 30-2 ,,,
3748,한누리간호조무종합학원,경기 성남시 수정구,(13345) 경기도 성남시 수정구 산성대로 241 (신흥동 비와이씨) 7층,127.1439027,37.43982994,
3749,(사)한국상용소프트웨어협회,서울 구로구,(08389) 서울특별시 구로구 디지털로 272 (구로동 한신아이티타워) 1309호,126.8943995,37.48240041,
3750,한국간호학원,부산 서구,"(49236) 부산광역시 서구 임시수도기념로 22 1층,3층,4층,5층(부민동2가)",129.0188121,35.1035045,
3751,창원하츠애견미용학원,경남 창원시 성산구    ,(51514) 경상남도 창원시 성산구 중앙동 용지로113번길 17(남경빌딩) 2.3.4.5층,128.6775462,35.22690522,
3752,정우산기(주),충남 천안시 동남구,(330882) 충남 천안시 수신면 신풍리 210번지,127.2670746,36.74783552,
3753,조영산업(주),전북 김제시,(576150) 전라북도 김제시 하공로 192 ,,,
3754,(주)삼오,경기 평택시,(17749) 경기도 평택시 산단로197번길 45 ,,,
3755,숭덕재활원,충북 충주시,(27431) 충청북도 충주시 충원대로 490 숭덕재활원,127.9091228,36.97165516,
3756,전문건설공제조합기술교육원,충북 음성군,(369902) 충청북도 음성군 금왕읍 금일로 492-62 ,,,
3757,미래항공(주),경남 사천시,(664942) 경상남도 사천시 공단5로 33 ,,,
3758,성남두레복지원,경남 사천시,(664801) 경상남도 사천시 사천읍 토촌길 143 ,,,
3759,KBK제과제빵커피바리스타학원,경남 진주시,(660230) 경상남도 진주시 평안동 189-1번지 2층,128.0831495,35.19689742,
3760,김해사랑요양보호사교육원,경남 김해시,"(50926) 경상남도 김해시 가락로 1 (부원동) (4층, 동영빌딩)",128.8825242,35.22667997,
3761,장유동경요리제과제빵학원,경남 김해시,(621250) 경상남도 김해시 장유로 226 신화빌딩 702호,128.8088319,35.2039386,
3762,김정희요리학원,경남 밀양시,(50428) 경상남도 밀양시 중앙로 402 (내이동) 201호,128.7490875,35.49653622,
3763,장유간호학원,경남 김해시,"(50989) 경상남도 김해시 번화1로 82 (대청동 옥스포드빌딩) 903호 ,904호",128.7997212,35.1945756,
3764,한성개발(주)그라벨호텔,제주 제주시,(690191) 제주특별자치도 제주시 일주서로 7316 그라벨호텔,126.4287654,33.49238065,
3765,삼성용접직업전문학교 ,인천 미추홀구,(22124) 인천광역시 미추홀구 석정로423번길 3 (주안동 라이온스빌딩) 4층,126.6827585,37.46687085,
3766,다인요리전문학원,인천 미추홀구,"(22139) 인천광역시 미추홀구 미추홀대로 707 (주안동 신창빌딩) 3층, 다인요리전문학원",126.6800052,37.46051134,
3767,홍익자동차직업전문학교,인천 중구,(22316) 인천광역시 중구 자유공원로23번길 4 (내동) 홍익자동차직업전문학교,126.6283131,37.47498193,
3768,국제평생교육원,인천 미추홀구,(22135) 인천광역시 남구 주안로 108 경향프라자 5층,126.6818678,37.46370594,
3769,에이치에스평생교육원,인천 미추홀구,(22163) 인천광역시 미추홀구 숭의동 경인로 112(동양정보처리학원) 동양빌딩 3층,126.6550349,37.46590051,
3770,우리간호학원,경남 거제시,(53252) 경상남도 거제시 서문로 25 (고현동) 3층,128.6188568,34.8883859,
3771,수석커피교육학원,경남 거제시,(53252) 경상남도 거제시 고현동 거제중앙로29길 10 2층,128.6212323,34.8900567,
3772,월드호텔외식직업전문학교,경기 화성시,"(18412) 경기도 화성시 경기대로 1025-5(병점동, 병점제일타운) 203호,204호,207호",127.0353762,37.20690406,
3773,범서요양보호사교육원,울산 울주군,(689852) 울산광역시 울주군 범서읍 구영로 223 양현빌딩4층,129.2495628,35.56548339,
3774,코드랩아카데미학원,서울 금천구,"(08503) 서울특별시 금천구 가산동 가산디지털2로 144 20층 2013호~2018호(가산동, 현대 테라타워 가산DK)",126.8793422,37.480908,
3775,국가임상시험지원재단,서울 마포구,(04143) 서울특별시 마포구 마포대로 137 kpx빌딩 15층 (재)한국임상시험산업본부,126.9525829,37.54676125,
3776,(주)휴먼교육센터,충남 천안시 동남구,(31144) 충청남도 천안시 동남구 대흥로 215 (대흥동) 백자빌딩 7층 8층,127.147194,36.80715362,
3777,한국정보공학(주),경기 성남시 분당구,(13590) 경기도 성남시 분당구 황새울로359번길 7 경림빌딩,127.1235471,37.38758512,
3778,현대종합금속,서울 강남구,(06168) 서울특별시 강남구 테헤란로 507 일송빌딩 16층,127.0575996,37.50773746,
3779,KOTITI시험연구원,경기 과천시,(13840) 경기도 과천시 갈현동 과천대로7나길 48(KOTITI Aurora Square) KOTITI시험연구원,126.9765275,37.41749413,
3780,(주)다우기술,경기 용인시 수지구,(448547) 경기도 용인시 수지구 디지털벨리로 81 다우디지털스퀘어 6층,127.1371576,37.33268067,
3781,한국서부발전(주)태안발전본부,충남 태안군,(357910) 충청남도 태안군 원북면 발전로 457  태안발전본부,126.2313916,36.90335189,
3782,삼성에스디아이(주),경기 용인시 기흥구,(17084) 경기도 용인시 기흥구 공세동 공세로 150-20(삼성에스디아이주식회사) 삼성에스디아이,127.1116972,37.23703619,
3783,신용협동조합중앙회,대전 서구,(302120) 대전 서구 둔산동 949번지,127.3817113,36.35827273,
3784,씨앗패션패턴학원,서울 종로구,"(03139) 서울특별시 종로구 돈화문로5길 24 하늘빌딩 3,4,5 층",126.9906682,37.57070147,
3785,사단법인 한국프랜차이즈산업협회,서울 서초구,"(06774) 서울특별시 서초구 강남대로 27(양재동, AT센터) 603호",127.0393224,37.46826967,
3786,에듀인컴원격평생교육시설,경기 고양시 일산서구,"(10391) 경기도 고양시 일산서구 킨텍스로 240(대화동, 킨텍스 꿈에그린) GIFC센터 803호.804호",126.7505148,37.66606048,
3787,광진커피바리스타학원,서울 광진구,(05047) 서울특별시 광진구 구의동 구의강변로 83 2층,127.0934662,37.53806974,
3788,강동여성인력개발센터,서울 강동구,"(05352) 서울특별시 강동구 양재대로 1458 (길동 길동빌딩) 5층, 6층",,,
3789,하나요리학원,서울 강북구,(142808) 서울특별시 강북구 도봉로 168 126-23번지 우성빌딩6층,127.02744,37.62374915,
3790,송기웅전산학원,경남 창원시 진해구    ,(51587) 경상남도 창원시 진해구 석동로 51 (석동 세븐코아) 6층 602호,128.7046542,35.15541267,
3791,삼산요양보호사교육원,울산 중구,"(44509) 울산광역시 중구 번영로 502 (반구동) 2층, 3층",129.3381932,35.56512295,
3792,한국아파트빌딩전문회계학원,서울 구로구,(08393) 서울특별시 구로구 디지털로26길 98 (601호),126.8972838,37.48151104,
3793,사회복지법인인천광명원,인천 부평구,(21435) 인천광역시 부평구 경인로769번길 27 (십정동) 인천광명원,126.7086061,37.47945285,
3794,(주)화영오토텍,경북 경산시,(38494) 경상북도 경산시 선화로 65 (진량읍) (주)화영오토텍,,,
3795,비비에스미용예술직업전문학교,경북 포항시 북구,(791090) 경상북도 포항시 북구 중앙로 273 스타타워빌딩 8층 802호,129.3649864,36.03737779,
3796,메디칼간호학원,경북 포항시 북구,"(37626) 경상북도 포항시 북구 두호로 14 3,4층 메디칼간호학원",129.3768959,36.05975694,
3797,예사랑,경북 문경시,(745881) 경상북도 문경시 운동장로 56 ,,,
3798,성모요양보호사교육원,경북 상주시,(37198) 경상북도 상주시 상서문로 48 (남성동) 성모요양보호사교육원,128.1562816,36.41396929,
3799,한국평생교육원,부산 사상구,"(46915) 부산광역시 사상구 삼락동 운산로 29(한빛학원) 2층 일부, 3층, 4층 일부",128.9800967,35.16888369,
3800,동래컴퓨터학원,부산 동래구,(607824) 부산 동래구 수안동 268-27번지 3층,129.0865337,35.20096407,
3801,(주)케이비에스시큐리티평생교육원,서울 영등포구,(150790) 서울특별시 영등포구 여의공원로 13 본관 1층 27호,126.9163404,37.52528774,
3802,한국토픽교육센터,서울 구로구,(08381) 서울특별시 구로구 구로동 디지털로 271(벽산디지털밸리Ⅲ) 106호 일부,126.8936521,37.48323765,
3803,한국스마트그리드협회,서울 송파구,(138834) 서울특별시 송파구 양재대로71길 20-18 한국스마트그리드협회,127.1252053,37.51143493,
3804,우석미용학원,서울 서대문구,"(03767) 서울특별시 서대문구 신촌로 201 (대현동 춘강빌딩) 2층, 3층",126.9481169,37.55709356,
3805,(주)오픈놀,서울 영등포구,(07223) 서울특별시 영등포구 양평로 2 (당산동6가) 2층,126.9056977,37.53214499,
3806,SBS아카데미컴퓨터아트학원,서울 마포구,(04051) 서울특별시 마포구 양화로 176 (동교동 동교동 스타피카소) 와이즈파크 홍대점 6층,126.9247012,37.55711641,
3807,국제컴퓨터학원,서울 서대문구,(03735) 서울특별시 서대문구 통일로 157-6 (냉천동) 3층,,,
3808,실과바늘패션학원,서울 서대문구,(03789) 서울특별시 서대문구 창천동 연세로5길 26-17 창천빌딩 3층,126.934808,37.55669921,
3809,카페원커피학원,서울 은평구,(03484) 서울특별시 은평구 가좌로 249 (응암동) 2층 카페원커피학원,126.9152564,37.59128401,
3810,대한적십자사혈액관리본부,강원 원주시,(220170) 강원도 원주시 혁신로 50 ,,,
3811,고양보육교사교육원,경기 고양시 덕양구,(10510) 경기도 고양시 덕양구 토당로 52 (토당동 능곡역프라자) 5층 503호 교육장,126.8205735,37.6204935,
3812,주식회사 필맥스에이엠피(일학습 병행),충북 충주시,(27466) 충청북도 충주시 첨단산업9로 46 (대소원면) 주식회사 필맥스에이엠피,127.8365975,37.00017304,
3813,탑서브상우지점(일학습 병행),충북 음성군,(27605) 충청북도 음성군 감곡면 상우안길 73 동부하이텍내,127.6567215,37.12643711,
3814,제천커피교육학원,충북 제천시,(27169) 충청북도 제천시 의림대로 109 (중앙로1가) 2층,128.2101116,37.13777978,
3815,제일인테리어기술학원,대전 동구,(34542) 대전광역시 동구 계족로 510 2층,127.4331558,36.35716136,
3816,다산전기학원,대전 중구,"(34941) 대전광역시 중구 대흥동 보문로 241 3층, 4층",127.4222936,36.32400113,
3817,쌍용강북교육센터,서울 마포구,"(04001) 서울특별시 마포구 월드컵북로 21 (서교동) 풍성빌딩 2,3,4층",126.9192584,37.55633784,
3818,익산간호학원,전북 익산시,"(54662) 전라북도 익산시 익산대로 133-2 (창인동2가 익산간호학원) 2층,3층일부",126.9462743,35.93839621,
3819,춘천원광효도의집,강원 춘천시,(24465) 강원도 춘천시 남산면 추곡고개2길 90 ,,,
3820,화성예지간호학원,경기 화성시,(18411) 경기도 화성시 경기대로 1014 (병점동 병점프라자) 305호.,127.0369243,37.20638271,
3821,아름다운집,경기 김포시,(415852) 경기도 김포시 대곶남로560번길 100 ,,,
3822,주식회사프라이맥스,강원 원주시,(26360) 강원도 원주시 문막읍 취병로 133 주식회사 프라이맥스,127.7995416,37.31288395,
3823,(주)카펙발레오,대구 달서구,(704946) 대구광역시 달서구 호산동로 113 ,,,
3824,에이치디현대인프라코어(주),인천 동구,(401702) 인천광역시 동구 인중로 489 ,,,
3825,한국유나이티드제약(일학습 병행),세종 세종,(30011) 세종특별자치시  노장공단길 25-23 (전동면) 한국유나이티드제약,,,
3826,우신공업(주),충남 당진시,(343880) 충남 당진군 면천면 송학리 472번지 송학리 472번지,126.6569926,36.8276976,
3827,의료법인인화재단한국병원,충북 청주시 상당구,(360090) 충북 청주시 상당구 영운동 158-11,127.4962838,36.61974329,
3828,(주)KOMOS(일학습병행제),경기 화성시,(445952) 경기도 화성시 우정읍 버들로 842-1 ,,,
3829,(주)일양약품,경기 용인시 기흥구,(446726) 경기도 용인시 기흥구 하갈로 110 일양약품,127.1002751,37.25687756,
3830,(주)오성사창원공장,경남 창원시 성산구    ,(642315) 경상남도 창원시 성산구 성산패총로 82 ,,,
3831,고려전자(주),충북 충주시,(27432) 충청북도 충주시 용탄농공1길 20 (용탄동) 고려전자(주),127.9587006,37.02000341,
3832,(학교법인)계명문화대학교,대구 달서구,(704703) 대구광역시 달서구 달서대로 675 ,,,
3833,(주)대한전기학원모란점,경기 성남시 중원구,(13366) 경기도 성남시 중원구 성남동 둔촌대로101번길 16-7(비젼빌딩) 2층 대한전기학원,127.1303737,37.4313038,
3834,(주)리치코스,인천 계양구,(21076) 인천광역시 계양구 서운산업로 62 (서운동) 리치코스빌딩,126.7582398,37.53089545,
3835,(사)한국지능형사물인터넷협회,서울 송파구,(138861) 서울특별시 송파구 올림픽로 82 현대빌딩 10층,127.0796578,37.51142826,
3836,사천간호학원,경남 사천시,(52520) 경상남도 사천시 진삼로 1389 (사천읍) 3F,128.0838204,35.07579311,
3837,(주)오픈인텔렉스,서울 강남구,(135832) 서울특별시 강남구 언주로 620 11층,127.0362142,37.51184494,
3838,한주요리제과커피직업전문학교,경기 부천시,"(14548) 경기도 부천시 중동로254번길 87 (중동) 3층 (본관), 254번길 49  2층 3층(창조관)",126.773828,37.5018428,
3839,중앙간호학원,서울 은평구,(03330) 서울특별시 은평구 연서로29길 24 (갈현동 정운빌딩) 3층,126.9176924,37.61958547,
3840,(주)디팜스테크,경기 군포시,(15881) 경기도 군포시 군포첨단산업1로 47 (부곡동) 디팜스테크,126.937757,37.32762114,
3841,엘리트전산세무회계학원,울산 중구,(44532) 울산광역시 중구 성남동 젊음의2거리 25 2.4.5 층,,,
3842,부산가톨릭대학교 산학협력단,부산 금정구,(609757) 부산광역시 금정구 오륜대로 57 부산가톨릭대학교 대학본부관 210호,129.0978294,35.24490673,
3843,광주직업전문학교,광주 서구,(61979) 광주광역시 서구 화운로156번길 29 (화정동 서부코아) 5층,,,
3844,전북베이커리고등학교,전북 부안군,(579832) 전북 부안군 행안면 신기리 24번지,126.7231557,35.72752605,
3845,한국품질재단 평생교육시설,서울 송파구,"(05606) 서울특별시 송파구 삼전로 78(삼전동, Q 타워) 2층, 3층, 4층",127.0893807,37.50540461,
3846,한국항공대학교산학협력단,제주 서귀포시,(63622) 제주특별자치도 서귀포시 녹산로 679-11 (표선면 한국항공대학교비행교육원) 정석비행훈련원,,,
3847,간석제과제빵학원,인천 남동구,(21545) 인천광역시 남동구 남동대로 906 (간석동) 대양빌딩 4층,,,
3848,(주)한국고용정보,강원 춘천시,(200130) 강원도 춘천시 근화동 2491,,,
3849,센텀평생교육원,부산 해운대구,(48064) 부산광역시 해운대구 해운대로 407 (우동 신세계프라자) 7층,129.1410517,35.16780688,
3850,영남간호학원부설 요양보호사교육원,대구 서구,"(41825) 대구광역시 서구 국채보상로 264 (평리동) 4,5층 104호(강의실겸실습실)",128.5598899,35.87107225,
3851,평택보건간호학원,경기 평택시,(17909) 경기도 평택시 평택2로10번길 34 (평택동) 702.703호 전부(평택동),127.0892311,36.99194123,
3852,국제인재개발원,광주 북구,(61190) 광주광역시 북구 호동로 6-6 (중흥동) 1층,126.9135474,35.17407456,
3853,동원과학기술대학교산학협력단(일학습병행제),경남 양산시,(626040) 경상남도 양산시 명곡로 321 동원과학기술대학교 듀얼공동훈련센터,129.0673586,35.34314931,
3854,리더스손해사정주식회사,부산 동구,(601010) 부산광역시 동구 초량동 1168-11번지 항운회관1층,129.0433709,35.11991959,
3855,국립부경대학교,부산 남구,(48513) 부산광역시 남구 대연동 용소로 45(부경대학교대연캠퍼스) 국립부경대학교,129.1014242,35.13320227,
3856,(주)카운텍,경기 부천시,(421170) 경기도 부천시 산업로 78 ,,,
3857,전북아이돌봄광역지원센터,전북 전주시 덕진구,(54894) 전라북도 전주시 덕진구 들사평로 38 (덕진동1가 전라북도여성일자리센터) 5-2,127.1241469,35.83899583,
3858,산재요양보호사교육원,경기 부천시,"(422831) 경기도 부천시 송내대로 23 202호 (송내동,가원빌딩)",126.7526889,37.48565414,
3859,한국공항(주),서울 강서구,(07516) 서울특별시 강서구 양천로 13 한국공항(주),126.8054636,37.57324898,
3860,한국전기안전공사 전기안전인재개발원,전북 정읍시,(56212) 전라북도 정읍시 신정동 첨단2로 120 한국전기안전공사 전기안전인재개발원,126.8462576,35.50358313,
3861,(주)산돌식품,강원 홍천군,(25117) 강원도 홍천군 홍천읍 설악로 1009-9 ,,,
3862,MBC아카데미뷰티미용학원,경기 의정부시,(480848) 경기도 의정부시 의정부2동(의정부동) 494번지 센트럴타워  7층,127.043542,37.73796007,
3863,칠곡여성인력개발센터,경북 칠곡군,(39899) 경상북도 칠곡군 왜관읍 평장2길 20 칠곡여성인력개발센터,128.405242,35.98717078,
3864,(주) 이랜드파크,강원 고성군,(24767) 강원특별자치도 고성군 토성면 신평골길 8-25(켄싱턴리조트설악밸리) 켄싱턴리조트 설악밸리,,,
3865,무량수전노인전문요양원,대구 남구,(705829) 대구광역시 남구 중앙대로 122 ,,,
3866,패숀팩토리 주식회사,서울 중랑구,(131875) 서울특별시 중랑구 봉화산로 65 동산빌딩 4층,127.0815964,37.60177769,
3867,광주서강컴퓨터학원,광주 서구,(61903) 광주광역시 서구 하남대로710번길 6 (동천동) 4층 일부,126.8698511,35.17098791,
3868,주식회사케어원,서울 강남구,(06249) 서울특별시 강남구 역삼로 148 (역삼동) 굿잡빌딩 3층,,,
3869,(주)우리집식품,경기 동두천시,(483050) 경기도 동두천시 천보산로639번길 23-10 ,,,
3870,마이에듀,서울 금천구,(08507) 서울특별시 금천구 가산디지털1로 146 (가산동) 1004~1007호,126.8830655,37.47859627,
3871,영통경기간호학원,경기 수원시 영통구,"(16703) 경기도 수원시 영통구 봉영로 1587 (영통동 다모아프라자) 701,702호 일부",127.0722487,37.25326614,
3872,아라마리나해양아카데미,경기 김포시,(10135) 경기도 김포시 아라육로270번길 74 (고촌읍 아라 김포여객터미널) 아라마리나 해양아카데미,126.7869301,37.59775018,
3873,엘에스전선(주),경기 안양시 동안구,(431080) 경기도 안양시 동안구 호계동 1026 LS타워,126.947179,37.37234338,
3874,성심간호학원,경기 안양시 동안구,(14112) 경기도 안양시 동안구 경수대로 548 (호계동) 3층 일부,126.9580853,37.37152809,
3875,서대문여성인력개발센터,서울 서대문구,(03766) 서울특별시 서대문구 신촌역로 10 (대현동 혜우빌딩) 4층,126.9431143,37.55755964,
3876,한국청소직업전문학원,서울 동대문구,"(130806) 서울특별시 동대문구 황물로 42 답십리, 3층301호",127.0467689,37.57291937,
3877,신화전기학원,서울 동대문구,"(02438) 서울특별시 동대문구 망우로21길 52 (휘경동) 2층일부 , 3층일부",127.060468,37.5904736,
3878,한국선불카드(주),경기 성남시 분당구,(463400) 경기도 성남시 분당구 판교로 253 판교이노밸리 C동 404호 한국선불카드(주),127.1016053,37.40349926,
3879,참새방앗간,서울 광진구,(05039) 서울특별시 광진구 자양로 164 (구의동 하림빌딩) 3층,,,
3880,광진요양보호사교육원,서울 광진구,(143914) 서울시 광진구 화양동 (화양동) 7-3번지 한림타워 4층 406,127.0689952,37.54073487,
3881,스타메디간호학원,서울 노원구,(01756) 서울특별시 노원구 동일로 1372 (상계동 동보빌딩) 5층일부,,,
3882,주식회사아르케,서울 마포구,(04011) 서울특별시 마포구 월드컵로23길 38 (망원동 코끼리정원) 302,,,
3883,디엠패션학원,서울 송파구,(05609) 서울특별시 송파구 송파대로 455 (석촌동) 401,127.1050438,37.50693111,
3884,다원요양보호사교육원,서울 노원구,(01699) 서울특별시 노원구 한글비석로 369 3층,127.0739271,37.65832762,
3885,크리스챤쇼보미용학원,서울 노원구,"(01693) 서울특별시 노원구 상계로 77 (상계동 다나플라자) 3층 일부 , 5층 일부",127.0635448,37.65657652,
3886,국제조리직업전문학원,제주 제주시,"(63170) 제주특별자치도 제주시 중앙로 126 (삼도이동) 3층,4층일부",126.5243978,33.5072031,
3887,패밀리커피아카데미학원,부산 수영구,(613800) 부산광역시 수영구 수영로 704 패밀리그룹3층,129.1164179,35.1675004,
3888,양산음식나라조리학원,경남 양산시,(50629) 경상남도 양산시 양산역1길 24 (중부동 영동프라자) 7층 703호,129.0276434,35.33691861,
3889,동부산중장비학원,부산 부산진구,(47254) 부산광역시 부산진구 중앙대로 741 (부전동) 3층 일부/(실습장)부산광역시 기장군 정관읍 산단3로 42-69 일부,129.0597028,35.15875355,
3890,굿모닝간호학원,경남 양산시,(50529) 경상남도 양산시 삼호1길 36-5 (삼호동 웅상클리닉센터) 501호일부,129.1674874,35.41333214,
3891,양산기술직업전문학교,경남 양산시,"(50616) 경상남도 양산시 북안북4길 19-1 (북부동) 2,3,4,5층",129.0379162,35.34881221,
3892,(재)호남직업전문학교,광주 동구,"(61401) 광주광역시 동구 무등로 339 (계림동 호남직업전문학교) 본관, 광주광역시 동구 무등로 337(계림동 호남직업전문학교 별관) 1~3층, 5~6층",126.9201027,35.16154148,
3893,(주)문화방송,서울 마포구,(03925) 서울특별시 마포구 성암로 267 (상암동 (주)문화방송) 상암동 MBC,126.8907243,37.58108218,
3894,신영증권(주),서울 영등포구,(150884) 서울특별시 영등포구 국제금융로8길 16 신영증권빌딩,126.9288337,37.52115168,
3895,LT메탈(주),인천 서구,(22828) 인천광역시 서구 가재울로 14 ,,,
3896,(주)연우,인천 서구,(22824) 인천광역시 서구 가좌로84번길 13 (가좌동 (주)연우) (주)연우,,,
3897,중앙직업전문학교,인천 남동구,(21570) 인천광역시 남동구 인주대로 596 (구월동) 기한빌딩 2~5층,,,
3898,(주)유신,서울 동작구,"(07071) 서울특별시 동작구 보라매로5가길 24(신대방동, 보라매나산스위트) 4층",126.9238999,37.49059584,
3899,현대해상화재보험(주),서울 종로구,(03183) 서울 종로구 세종대로 163 현대해상화재보험빌딩,,,
3900,한국장애인고용공단 일산직업능력개발원,경기 고양시 일산서구,(411839) 경기도 고양시 일산서구 탄현동 111-14,126.762935,37.70356758,
3901,한국장애인고용공단 부산직업능력개발원,부산 기장군,(46026) 부산광역시 기장군 산단5로 54 (정관읍 부산직업전문학교) 부산직업능력개발원,129.1987067,35.31637642,
3902,(주)에스와이에스리테일,서울 용산구,(04372) 서울특별시 용산구 청파로 74 (한강로3가 전자랜드) (주)에스와이에스리테일,126.9596635,37.53273568,
3903,한국 에스지에스(주),서울 용산구,"(04322) 서울특별시 용산구 한강대로 257 (갈월동 청룡빌딩) 5층, 11층 일부",,,
3904,현대제철(주)포항1공장,경북 포항시 남구,(790370) 경북 포항시 남구 송내동 444,129.3730388,36.00587376,
3905,코오롱인재개발센터,경기 용인시 기흥구,(16911) 경기도 용인시 기흥구 마북로154번길 49 (마북동 코오롱연수원) 코오롱인재개발센터,127.1296284,37.30398247,
3906,현대자동차(주)남양연구소,경기 화성시,(18280) 경기도 화성시 현대연구소로 150 (남양읍) 현대기아자동차남양연구소 연구개발인재개발팀,126.8152603,37.15537441,
3907,동국제강(주) 대전연수원,대전 유성구,(305301) 대전광역시 유성구 온천로 20 ,,,
3908,인천직업전문학교,인천 미추홀구,(22132) 인천광역시 미추홀구 주안로 89 (주안동 오피스텔 디에이 리베로) 2층 전체,126.6795815,37.46440248,
3909,(주)에스앤아이코퍼레이션,서울 강서구,(07789) 서울특별시 강서구 마곡중앙로 150 (마곡동 에스앤아이강서사옥) 에스앤아이강서사옥 인재육성팀,,,
3910,대구중구 지역자활지원센터,대구 중구,(700837) 대구광역시 중구 남산로7길 75 104동 지하1호,128.5792321,35.85934852,
3911,(사)캠틱종합기술원,전북 전주시 덕진구,"(54852) 전라북도 전주시 덕진구 유상로 67 (팔복동2가) 전주혁신창업허브 1층, 3층",127.0804825,35.86199565,
3912,시흥여성인력개발센터,경기 시흥시,"(14912) 경기도 시흥시 대야동 비둘기공원7길 51(대명프라자) 6층 601~606호, 7층 701호",126.7919339,37.44149177,
3913,주식회사엠티지,충남 금산군,(312923) 충청남도 금산군 복수면 자라전길 62 ,,,
3914,하나컴퓨터학원,광주 북구,(61041) 광주광역시 북구 설죽로 506 (일곡동) 6층,,,
3915,삼성생활예술고등학교,경북 경주시,(38193) 경상북도 경주시 내남면 이조중앙길 27 삼성생활예술고등학교,129.1991728,35.75157102,
3916,(주)미도컴퍼니,서울 금천구,(08510) 서울특별시 금천구 벚꽃로 298 (가산동 대륭포스트타워6차) 20층,,,
3917,(주)아이티에스,충남 서산시,(356874) 충청남도 서산시 대산읍 독곳리 410-5,126.3535489,37.00445144,
3918,태백간호조무사학원,강원 태백시,"(26006) 강원도 태백시 황지로 259 (황지동) 강원도 태백시 황지로259,1층(황지동)",128.9833977,37.17853365,
3919,분당요리제과제빵학원,경기 성남시 분당구,(463828) 경기도 성남시 분당구 야탑로69번길 21 353-1 영진빌딩 4층,127.1263753,37.41138683,
3920,이천직업전문학교,경기 이천시,(17364) 경기도 이천시 영창로 205 이천직업전문학교,127.445271,37.28113062,
3921,통영요리학원,경남 통영시,"(53047) 경상남도 통영시 중앙로 248(북신동, 대린상가) 3층 301호",,,
3922,동방디자인학원,서울 영등포구,(07306) 서울특별시 영등포구 경인로 886 (영등포동1가) 4층 일부,126.9109764,37.5175622,
3923,동서울대학교,경기 성남시 수정구,"(13117) 경기도 성남시 수정구 복정로 76 (복정동 동서울대학) 복정동, 동서울대학교",127.1267709,37.45958104,
3924,한라조리직업전문학교,제주 제주시,(63196) 제주특별자치도 제주시 동광로 31 (이도일동 아남빌딩) 2층,126.5320327,33.50239987,
3925,금파공업고등학교,광주 북구,(61115) 광주광역시 북구 금호로 80 (운암동 금파공고) 도제교육부,126.887209,35.17653999,
3926,연산점새부산회계컴퓨터학원,부산 연제구,(47520) 부산광역시 연제구 연산동 중앙대로 1108 303호 [연산역14번출구앞],129.0819454,35.18677788,
3927,경남자동차정비학원,경남 창원시 마산회원구,"(51356) 경상남도 창원시 마산회원구 합성동4길 3 (합성동) 덕재상가 2,4,5층",128.5868521,35.24350999,
3928,여천NCC(주),전남 여수시,(555805) 전남 여수시 중흥동 511-2번지,,,
3929,충남기계공업고등학교,대전 중구,(34999) 대전광역시 중구 산성로 154 (문화동 충남기계공업고등학교) 충남기계공업고등학교,127.4034673,36.31199907,
3930,인천기계공업고등학교,인천 미추홀구,(402844) 인천광역시 남구 한나루로 545 ,,,
3931,탑플러스교육원,광주 서구,"(61950) 광주광역시 서구 치평로 116(치평동, 월계수타운) 510호",126.8475488,35.15784677,
3932,SBS아카데미게임학원 신촌,서울 서대문구,(03780) 서울특별시 서대문구 신촌로 121 아남인베스텔 201호,126.9392222,37.55617009,
3933,거제대학교,경남 거제시,(656701) 경상남도 거제시 마전1길 91 ,,,
3934,(주)KD아카데미컴퓨터학원 구리남양주점,경기 구리시,"(11921) 경기도 구리시 건원대로 44 (인창동 태영빌딩) 4층 404호 일부, 407호, 408호 일부, 409호 일부",127.1402276,37.60500358,
3935,세종직업능력개발원,서울 금천구,(08591) 서울특별시 금천구 가산디지털1로 2 (가산동 우림라이온스밸리2차) 제2차 210호,126.8882616,37.4667353,
3936,현대정보컴퓨터학원,서울 양천구,"(08019) 서울특별시 양천구 오목로 136 (신정동) 홍원빌딩 2층(202호, 203호)",126.8524265,37.52415143,
3937,온누리간호학원,서울 은평구,(03330) 서울특별시 은평구 통일로 857 (갈현동 동우빌딩 ) 6층 온누리간호학원,126.9203317,37.61952428,
3938,(사단법인)한국구매전문가협회(한국공급관리교육학원),서울 서초구,(137867) 서울특별시 서초구 서초3동 1459-8번지 정풍빌딩5층,127.0125828,37.48399052,
3939,해피타운,인천 옹진군,(409871) 인천 옹진군 영흥면 내리 1116번지,126.4720242,37.27606358,
3940,인천일보아카데미,인천 미추홀구,"(22223) 인천광역시 미추홀구 학익동 매소홀로488번길 6-32 4층, 5층",126.6752101,37.43885817,
3941,주안회계컴퓨터아트학원,인천 미추홀구,(22139) 인천광역시 미추홀구 미추홀대로 709 (주안동 대화빌딩) 3층,126.6800046,37.46062847,
3942,유설희병원코디네이터학원,인천 미추홀구,(22136) 인천광역시 미추홀구 주안로 66 (주안동 간호빌딩) 4층,,,
3943,에이패스,경기 안산시 단원구,(15437) 경기도 안산시 단원구 산성로 52 (초지동) (주)에이패스,126.7968,37.30269957,
3944,대방전기통신학원,서울 동작구,"(06938) 서울특별시 동작구 노량진로 4 (대방동) 대방빌딩 3층 일부, 4층 일부",126.9260034,37.51232016,
3945,오산외식산업교육원,경기 오산시,"(18137) 경기도 오산시 오산동 오산로 199(동양프라자) 8층 801호, 802호, 803호",127.0682804,37.14470725,
3946,전남도립대학교 산학협력단,전남 담양군,(57337) 전라남도 담양군 담양읍 죽녹원로 152 (전남도립대학교),126.9902781,35.32824413,
3947,세종평생교육원,대구 북구,"(41423) 대구광역시 북구 동암로 102 (동천동) 동신빌딩 5층, 6층",128.5620278,35.94395502,
3948,SBS아카데미컴퓨터아트학원 대구,대구 중구,(41942) 대구광역시 중구 동성로1길 15 (동성로3가) 5층,128.5948063,35.86704608,
3949,(주)예담직업전문학교,대구 중구,(41935) 대구광역시 중구 중앙대로 403 (남일동) 5층,128.5932509,35.8689861,
3950,부산산업직업전문학교,부산 연제구,"(47514) 부산광역시 연제구 명륜로 10(거제동, 한양타워빌딩) 4층, 11층(본관)/연제구 거제대로 286 3층(별관)",,,
3951,(주)롤앤롤,경북 포항시 남구,(37836) 경상북도 포항시 남구 효성로 62 투표빌딩4층,,,
3952,오투아트공예학원,대구 남구,(42466) 대구광역시 남구 현충로19길 40 1층,128.5776712,35.84160928,
3953,대경캐드디자인컴퓨터학원,대구 달서구,(42784) 대구광역시 달서구 월배로 137 (진천동) 3층,128.5291467,35.81574908,
3954,수원탑간호학원,경기 수원시 영통구,"(16545) 경기도 수원시 영통구 효원로 393 (매탄동 밀래니엄프라자) 603,604호,503-1호",127.0445007,37.25907277,
3955,프로펫애견미용학원,경기 구리시,(471810) 경기도 구리시 장자대로 5 2층,127.1309232,37.58778735,
3956,현대제철 순천냉연공장,전남 순천시,(540856) 전라남도 순천시 해룡면 인덕로 300 ,,,
3957,(주)대전세종 둔산간호학원,대전 서구,(35271) 대전광역시 서구 대덕대로167번길 5 (갈마동 영호빌딩) 6층 일부,127.3759381,36.34852229,
3958,새소망전국요양보호사교육원,경기 남양주시,"(12050) 경기도 남양주시 진건오남로 472 (오남읍 금호어울림아파트) ,4층 5,6호 (어울림상가(405호,406호))",127.208194,37.67757717,
3959,청주중장비직업전문학교,충북 청주시 흥덕구,(28172) 충청북도 청주시 흥덕구 강내면 가로수로 503 - 청주시 흥덕구 옥산면 오산덕촌길 77 (실습장),,,
3960,(주)달솔,충북 음성군,(27671) 충청북도 음성군 대소면 대소산단로 69-12 ,,,
3961,글로벌간호학원,울산 남구,"(44674) 울산광역시 남구 중앙로 213 (신정동) (2층,3층 일부)",129.3117778,35.53998808,
3962,서일간호학원부설요양보호사교육원,충남 서산시,"(31992) 충청남도 서산시 율지16로 15 (동문동) 4층 서일간호학원부설요양보호사교육원(4층 요양보호사강의실, 3층 요양보호사강의실)",,,
3963,(주)경북중장비직업전문학교,경북 경산시,(712804) 경상북도 경산시 경안로38길 11 2층 (경북중장비직업전문학교),128.7374958,35.82530406,
3964,엘지전자(주),경남 창원시 성산구    ,(51533) 경상남도 창원시 성산구 성산패총로 170 (가음정동 LG전자창원1공장) 스마트파크1,128.6835916,35.2074274,
3965,한국요양보호사교육원,전남 목포시,(530822) 전라남도 목포시 비파로 107 (상동),126.4232619,34.80758069,
3966,서울특별시 기술교육원(중부캠퍼스) ,서울 용산구,(140893) 서울특별시 용산구 한남대로 136 ,,,
3967,씨엘(CL)미용학원,전남 순천시,(57956) 전라남도 순천시 중앙로 48-1 (장천동) 2~3층,127.4848797,34.95024423,
3968,전주안골간호학원,전북 전주시 덕진구,(55008) 전라북도 전주시 덕진구 견훤로 279 (인후동1가) 4층,127.1563395,35.83635444,
3969,세영지중전기학원,경기 안산시 상록구,(15521) 경기도 안산시 상록구 건건1길 30 (건건동) 3층 306호,,,
3970,샘표식품 주식회사,서울 중구,(04557) 서울특별시 중구 충무로 2 매일경제빌딩,126.993386,37.5617009,
3971,그린꽃예술둔산학원,대전 서구,(35229) 대전광역시 서구 둔지로 56 3층 302호,127.3768806,36.35460219,
3972,선보공업주식회사,부산 사하구,(604826) 부산광역시 사하구 다산로 80 ,,,
3973,(주)쎄니트,경남 의령군,(52153) 경상남도 의령군 구룡로4남길 53 (의령읍) (주)쎄니트,128.276045,35.31652174,
3974,(재)대성직업전문학교,광주 북구,"(61271) 광주광역시 북구 동운로 96 (동림동 대성직업전문학교) (301호,306호,신관102호 제외)/광주광역시 북구 동운로 90(103호,104호)/광주광역시 북구 동운로 52번길 9",126.861965,35.17365599,
3975,건양대학교,충남 논산시,(320711) 충남 논산시 내동 건양대학교 26 26,,,
3976,한국교통대학교,충북 충주시,(27469) 충청북도 충주시 대학로 50 (대소원면 한국교통대학교) 대학본부 1층 102호 현장실습지원센터,127.8717398,36.96976309,
3977,미래고등학교,강원 원주시,(26455) 강원특별자치도 원주시 행구동 고문골길 54(미래고등학교) 미래고등학교,128.0067513,37.33925808,
3978,여수석유화학고등학교,전남 여수시,(59638) 전라남도 여수시 대통1길 45 (화장동 여수석유화학고등학교) 여수석유화학고등학교,127.6430719,34.77837886,
3979,전남에너지고등학교,전남 영암군,(58403) 전라남도 영암군 황금동로 16-13 (신북면 영암전자과학고등학교) 전남에너지고등학교,126.6907057,34.8827721,
3980,한국수레평생교육원,경기 고양시 일산동구,"(10402) 경기도 고양시 일산동구 정발산로 11 (장항동 일호골든타워) 701호 일부, 702호 일부(장항동)",126.7699657,37.65638019,
3981,켄코아에어로스페이스(주),경남 사천시,(664942) 경상남도 사천시 사남면 외국기업로 152-46 ,,,
3982,케이비오토텍주식회사,충남 아산시,(336843) 충남 아산시 탕정면 매곡리 121번지,127.0913481,36.80196386,
3983,(주)평화이엔지,대구 달성군,(711855) 대구광역시 달성군 논공읍 본리리 29-108번지,128.4659095,35.74053149,
3984,화서제일고시학원,경기 수원시 팔달구,(16435) 경기도 수원시 팔달구 덕영대로 695 (화서동 화서프라자) 3층,,,
3985,대영컴퓨터학원,서울 은평구,"(122813) 서울특별시 은평구 연서로 155 2층, 5층",126.9173379,37.61269276,
3986,시삽컴퓨터회계학원,강원 원주시,(26429) 강원도 원주시 평원로 21 (중앙동) 3층(일부),,,
3987,(주)삼현케미칼,경기 광주시,"(12801) 경기도 광주시 곤지암읍 신대길 139-24 165-22, 165-21",127.3315594,37.36279065,
3988,더조은컴퓨터학원,서울 구로구,"(08378) 서울특별시 구로구 디지털로 306 (구로동 대륭포스트타워2차) 203호 일부,205호,212호",126.8973003,37.48586286,
3989,아이티윌 부산교육센터,부산 부산진구,(47246) 부산광역시 부산진구 동천로 109 삼한골든게이트 7층,129.062011,35.15847102,
3990,한양요리학원,경기 수원시 팔달구,"(16461) 경기도 수원시 팔달구 매산로 26 (매산로2가) 3층,4층 한양요리학원",127.0043363,37.26754074,
3991,대림대학교 산학협력단,경기 안양시 동안구,(13916) 경기도 안양시 동안구 임곡로 29 대림대학교,126.9302822,37.40358125,
3992,트렌미뷰티아카데미미용학원,인천 부평구,(403733) 인천광역시 부평구 부평대로 21 금남빌딩 7층,126.7224943,37.49328983,
3993,인천실용전문학교,인천 부평구,(403859) 인천광역시 부평구 경원대로 1366 스테이션타워6층,126.720581,37.49089764,
3994,대성요양보호사교육원,경기 군포시,(15806) 경기도 군포시 군포로 759 선한빌딩4층,126.9423129,37.37269238,
3995,한국전자기술연구원,경기 성남시 분당구,(463816) 경기도 성남시 분당구 야탑동 68번지,127.1607879,37.40377743,
3996,동아전기부품(주),경기 화성시,(18472) 경기도 화성시 동탄영천로 31 (영천동) 동아전기부품(주),127.1027214,37.20571481,
3997,자유재활원,대구 동구,(701510) 대구광역시 동구 팔공산로 225 자유재활원,128.6136039,35.99753003,
3998,신한발브공업(주),경기 화성시,(18255) 경기도 화성시 남양읍 주석로 96-20 신한발브공업(주),126.8431936,37.21615532,
3999,아이비커리어(주),서울 강남구,(135080) 서울특별시 강남구 역삼동 708-8 세방빌딩 9층,127.0489676,37.50371371,
4000,에스피씨(주),경기 성남시 중원구,(462120) 경기도 성남시 중원구 상대원동 149-3,127.1684257,37.43588779,
4001,광운대학교,서울 노원구,(01897) 서울특별시 노원구 광운로 20 (월계동 광운대학교) -서울 노원구 석계로 18길 23 2층 국가인적자원개발센터(전화번호:02-910-8927),,,
4002,광운대학교(일학습병행),서울 노원구,(01897) 서울특별시 노원구 광운로 20 (월계동 광운대학교) 복지관 206호,127.0596297,37.6196116,
4003,경희대학교 글로벌미래교육원,서울 동대문구,(02447) 서울특별시 동대문구 경희대로 26 경희대학교 무용학부관 302 (사회교육원),127.0513575,37.59664039,
4004,아주대학교,경기 수원시 영통구,(16502) 경기도 수원시 영통구 월드컵로 199 (원천동 아주대학교어학교육원) 아주대 캠퍼스플라자 6층 606호,,,
4005,인하대학교,인천 미추홀구,(22212) 인천광역시 남구 인하로 100 ,,,
4006,KH정보교육원 강남지원,서울 강남구,"(135933) 서울특별시 강남구 테헤란로14길 6 남도빌딩 2,3,4층",127.0328046,37.49893463,
4007,한국전기기술학원,광주 북구,(61250) 광주광역시 북구 무등로 174 (신안동) 2층 일부ㆍ3층 일부,126.9026022,35.16565643,
4008,SS뷰티아카데미,강원 강릉시,(25518) 강원도 강릉시 하슬라로 40 용지빌딩4층,128.8772275,37.75518843,
4009,세종홍익아카데미주식회사,충남 아산시,(31470) 충청남도 아산시 배방읍 희망로46번길 42-8 401호(임차지 소재:세종특별자치시 조치원읍 안터길89 홍익대학교 국제연수원),,,
4010,대전세잔직업전문학교,대전 중구,"(34838) 대전광역시 중구 중앙로137번길 36 (선화동) 1,2,3,4층 (선화동)",127.4238828,36.3296098,
4011,국제직업전문학교,경기 성남시 분당구,"(13630) 경기도 성남시 분당구 돌마로 52(구미동, MD프라자) 5층 503호와 504호 일부 17㎡",127.107745,37.34969316,
4012,은평여성인력개발센터,서울 은평구,(03382) 서울특별시 은평구 녹번로 76 (녹번동) 은평여성인력개발센터,126.932282,37.60705352,
4013,강서여성인력개발센터,서울 강서구,"(07792) 서울특별시 강서구 마곡중앙8로7길 57(마곡동, 마곡 아이파크 디어반) B 131호",,,
4014,주식회사 선인,충남 아산시,(336873) 충청남도 아산시 둔포면 신남리 594-3,126.9961046,36.90872189,
4015,(주)그린광학,충북 청원군,(363883) 충북 청원군 오창면 각리 오창과학산업단지642-5(102-28B/L),127.4332616,36.70683692,
4016,거송직업전문학교,전남 여수시,"(59643) 전라남도 여수시 화산로 50 (화장동) 1층 좌측, 2~3층",,,
4017,서울매그넷고등학교,서울 금천구,(08656) 서울특별시 금천구 탑골로10길 45 동일여자상업고등학교,126.9163128,37.45121694,
4018,(주)한국자동차산업교육원,경기 광명시,(423836) 경기 광명시 철산3동 249 신안빌딩 9층,126.8670948,37.47634453,
4019,성심정보직업전문학교,전북 익산시,(54662) 전라북도 익산시 익산대로 181-1 (창인동2가 창인아파트) 창인상가 1동(1층~3층),126.9482434,35.9435071,
4020,재) 한영교육재단 한국전기직업전문학교,경기 포천시,(11121) 경기도 포천시 일동면 영일로699번길 2-48 321-6,127.2811217,37.94232289,
4021,여수여성인력개발센터,전남 여수시,(555807) 전라남도 여수시 시청로 34 (학동) 이레타운 4층,127.6633153,34.76468685,
4022,(주)신화테크(일학습 병행),울산 북구,(683420) 울산광역시 북구 매곡산업6길 20 ,,,
4023,(재)충남테크노파크,충남 천안시 서북구,(31035) 충청남도 천안시 서북구 직산읍 직산로 136 종합지원관 1101호,127.1600332,36.88786619,
4024,청암대학교,전남 순천시,(540943) 전라남도 순천시 녹색로 1641 ,,,
4025,그린컴퓨터아트학원,서울 종로구,"(03192) 서울특별시 종로구 수표로 96 (관수동 국일관드림펠리스) 2층, 5층 일부 그린컴퓨터아트학원",126.98991,37.56967427,
4026,그린컴퓨터아카데미,울산 남구,(44705) 울산광역시 남구 삼산중로100번길 26 (삼산동) KM 빌딩 1.2.3.4층,129.3382259,35.54192942,
4027,그린컴퓨터아트학원,대전 서구,"(35234) 대전광역시 서구 대덕대로 182 (둔산동 오라클빌딩) 3층, 10층 일부",127.3778802,36.34930022,
4028,남서울대학교,충남 천안시 서북구,(31020) 충청남도 천안시 서북구 대학로 91 (성환읍 남서울대학교) 1층,127.1431657,36.90855818,
4029,경기북부보육교사교육원,경기 의정부시,(11624) 경기도 의정부시 의정부동 의정로52번길 18 4층,127.035986,37.7371786,
4030,중소벤처기업진흥공단 부산경남연수원,경남 창원시 진해구    ,(51615) 경상남도 창원시 진해구 남영로473번길 22 (남양동 중소기업연수원) 부산경남연수원,128.778116,35.11277675,
4031,(학)일송학원,서울 영등포구,(07226) 서울특별시 영등포구 버드나루로 155 (영등포동8가 학교법인 일송학원) 서울특별시 영등포구,,,
4032,LG Display(주),서울 영등포구,(07336) 서울특별시 영등포구 여의대로 128 (여의도동) LG Display,126.9291665,37.52781921,
4033,한영회계법인,서울 영등포구,(150777) 서울특별시 영등포구 여의도동 태영빌딩 한영회계법인,126.925861,37.52979026,
4034,한화생명보험(주)연수원,경기 용인시 처인구,(17119) 경기도 용인시 처인구 봉무로153번길 81 (남사면 한화생명 제2연수원) 한화생명 연수원,,,
4035,미래컴퓨터학원,부산 사상구,(46968) 부산광역시 사상구 사상로 200 (괘법동 엠시티빌딩) 8층,128.9845454,35.1627191,
4036,상주은광마을,경북 상주시,(37249) 경상북도 상주시 낙동면 백두점길 10-16 ,,,
4037,시립용산노인종합복지관,서울 용산구,(04410) 서울특별시 용산구 독서당로11길 16 시립용산노인종합복지관,127.0064118,37.53125691,
4038,(주)케어젠,경기 군포시,(435862) 경기 군포시 금정동 690-3번지 4층,126.9460302,37.36869373,
4039,(주)웰코스서울사무소,서울 영등포구,(150733) 서울특별시 영등포구 여의도동 미원빌딩 (주)웰코스,126.9309827,37.52139627,
4040,한국폴리텍VII대학,경남 창원시 성산구    ,(51518) 경상남도 창원시 성산구 외동반림로 51-88 한국폴리텍대학 창원캠퍼스,128.6688435,35.22831405,
4041,대구디지털디자인교육센터,대구 달서구,(42681) 대구광역시 달서구 구마로 221 (성당동) 7층,,,
4042,아이티스쿨정보보호교육원,대전 서구,"(35264) 대전광역시 서구 계룡로 637 (탄방동) 정일빌딩 3층, 7층",127.3931907,36.33896892,
4043,주식회사 에이치앤이루자,충남 아산시,(31409) 충청남도 아산시 둔포면 아산밸리북로 110 (주)이루자,127.0592018,36.92669435,
4044,(주)KD아카데미,서울 노원구,"(01695) 서울특별시 노원구 상계로 64 (상계동 화랑빌딩) 4호선 2번출구 앞 화랑빌딩(롯데리아)7F,4F일부 / 서울특별시 중랑구 망우로 319 명진빌딩 4F",,,
4045,한빛정보직업전문학교,대구 달성군,(711831) 대구광역시 달성군 비슬로 2707 ,,,
4046,소규모요양시설 단양노인보금자리,충북 단양군,(395806) 충청북도 단양군 단양읍 상진1길 6-5 ,,,
4047,의료법인플러스의료재단,경기 안산시 단원구,(425856) 경기도 안산시 단원구 원포공원1로 20 ,,,
4048,윤일중커피아카데미학원,대전 서구,(35223) 대전광역시 서구 한밭대로592번길 6 (월평동 장인빌딩) 4층 일부,127.3644727,36.35763224,
4049,충남산업기술교육원,충남 천안시 동남구,(31073) 충청남도 천안시 동남구 삼룡4길 36-13 (삼룡동) 1층,127.1697837,36.78052358,
4050,라크렘제과실용전문학원,서울 성동구,"(04798) 서울특별시 성동구 성수이로24길 50 (성수동2가 희은빌딩) 별관 2층, 3층",127.0632722,37.54362109,
4051,(학교법인)동남학원(동남보건대학),경기 수원시 장안구,(16328) 경기도 수원시 장안구 천천로74번길 50 ,,,
4052,창원문성대학교,경남 창원시 성산구    ,(51410) 경상남도 창원시 성산구 두대동 충혼로 91(창원문성대학) 7호관 206호,128.6617934,35.23484554,
4053,푸드원텍(주),서울 금천구,(153776) 서울특별시 금천구 가산디지털1로 2 906호 푸드원텍,126.8882616,37.4667353,
4054,씨앤지하이테크(주),경기 안성시,(456812) 경기 안성시 원곡면 성주리 150-1번지,127.1665752,37.08282211,
4055,(주)테크윙,경기 화성시,(445812) 경기도 화성시 동탄기흥로 90-125 동탄일반산업단지 11-7블럭,,,
4056,캄텍(주),충북 진천군,(27818) 충청북도 진천군 고등2길 15 (이월면 KAMTEC) 캄텍,,,
4057,부평간호학원,인천 부평구,(21395) 인천광역시 부평구 시장로 36 (부평동) 명지빌딩 2층 부평간호학원,126.7262807,37.49375826,
4058,경인평생교육원,경기 부천시,(14534) 경기도 부천시 길주로 319 (중동 골든타워) 5층 502호,126.7780988,37.50320249,
4059,계양간호조무사양성학원,인천 계양구,(21049) 인천광역시 계양구 계양대로 214 (계산동 에이스타운) 601호 602호 603호 604호,,,
4060,종로컴퓨터학원,경기 용인시 기흥구,(16972) 경기도 용인시 기흥구 구갈동 구갈로 70(메가타운) 604호,127.1119647,37.28042926,
4061,제일간호학원,경북 영주시,(750010) 경북 영주시 영주동 536-5,128.6249444,36.8213804,
4062,전북대학교 산학협력단 한옥건축사업단,전북 고창군,(585802) 전라북도 고창군 태봉로 361 전북대학교 고창캠퍼스,126.6573377,35.43431289,
4063,(주)비상교육,서울 구로구,(152847) 서울특별시 구로구 디지털로33길 48 대륭포스트타워 7차 20층,126.8945623,37.48712178,
4064,북인천직업전문교육원,인천 계양구,"(21110) 인천광역시 계양구 계양대로 61 (작전동) 상운빌딩 4층일부, 5층일부",126.7221675,37.52922949,
4065,한국폴리텍대학 구미캠퍼스,경북 구미시,(730901) 경상북도 구미시 수출대로3길 84 ,,,
4066,인천서구여성인력개발센터,인천 서구,(404230) 인천 서구 가정동 517번지,126.6730591,37.51592113,
4067,효성컴퓨터학원,대전 서구,(35241) 대전광역시 서구 둔산로 134 (둔산동 아베스빌딩) 501호,127.3884705,36.35077146,
4068,송파컴퓨터회계학원,서울 송파구,"(05676) 서울특별시 송파구 송파대로38길 2-9 (송파동) 202, 203, 204호",127.1124673,37.5001535,
4069,(사)한국전기철도기술협회,경기 광명시,(14348) 경기도 광명시 일직로 72 (일직동) 광명무역센터 A동 3층,126.8891801,37.4199652,
4070,대전전자디자인고등학교,대전 유성구,(34058) 대전광역시 유성구 대덕대로 939 (화암동 대전전자디자인고등학교) 대전전자디자인고등학교,127.3774048,36.41282437,
4071,남양주고등학교,경기 남양주시,(12190) 경기도 남양주시 화도읍 경춘로2192번길 25(남양주고등학교) 남양주고등학교,127.3336841,37.65300199,
4072,아뜰리에뷰티아카데미학원,전북 군산시,"(54088) 전라북도 군산시 월명로 282 (수송동) , 2층 아뜰리에뷰티아카데미학원",126.7160643,35.96911414,
4073,핵심인재평생교육원,전북 전주시 완산구,"(55054) 전북특별자치도 전주시 완산구 용머리로 73(효자동1가, 효자프라자) 1층 123호, 126호",,,
4074,봉동간호학원,전북 완주군,"(55326) 전라북도 완주군 봉동로 139 (봉동읍 봉상신협) 3,4층",127.1680486,35.93728658,
4075,전주요리제과제빵학원,전북 전주시 완산구,"(55081) 전북특별자치도 전주시 완산구 용머리로 62 (효자동1가 전북은행안행교지점) 4층전부, 5층일부",,,
4076,궁전요리제빵커피직업전문학교(효자점),전북 전주시 완산구,"(55056) 전라북도 전주시 완산구 용머리로 57 (효자동1가) 4층,6층,8층",127.116309,35.80682892,
4077,제이성모간호전문학원,전북 익산시,(54545) 전라북도 익산시 무왕로 1071 (영등동) 3층일부,126.9757127,35.95870218,
4078,안심생활요양보호사교육원,부산 수영구,(613815) 부산광역시 수영구 광남로 35 3층 안심생활요양보호사교육원,129.111003,35.1460575,
4079,라인용접학원,경기 평택시,(17719) 경기도 평택시 오좌동길 3 (독곡동) B동 1층,127.0635053,37.08842502,
4080,메가스터디컴퓨터아카데미신촌학원,서울 마포구,"(04101) 서울특별시 마포구 노고산동 신촌로 128 3층 일부, 4층",126.9398904,37.55564788,
4081,사하드림컴퓨터학원,부산 사하구,(49380) 부산광역시 사하구 낙동대로 237 (괴정동) 3층 일부,128.9913532,35.09928244,
4082,(주)포원,경북 포항시 남구,(790863) 경상북도 포항시 남구 포스코대로 437 ,,,
4083,그린생명과학주식회사,전남 여수시,(59611) 전라남도 여수시 여수산단2로 84 (화치동) 그린생명과학주식회사,,,
4084,원광효도요양병원,전북 익산시,(570180) 전라북도 익산시 익산대로33길 69 ,,,
4085,왕십리-한국아파트경리전문학원,서울 성동구,(04715) 서울특별시 성동구 왕십리로21길 9 (행당동) 유진빌딩4층,127.0333842,37.56142705,
4086,새고려평생교육원,부산 금정구,"(46277) 부산광역시 금정구 중앙대로1719번길 23(부곡동, 우남빌딩) 5층",,,
4087,프로펫애견종합전문교육원,강원 원주시,"(26392) 강원도 원주시 능라동길 7 (무실동) 301호, 302호, 303호",127.9264715,37.33157593,
4088,민들레요양보호사교육원,충북 청주시 서원구,(28701) 충청북도 청주시 서원구 청남로 1981 (분평동) 2층 민들레요양보호사교육원,127.4831967,36.60946092,
4089,(주)엘엑스하우시스,서울 중구,(04637) 서울특별시 중구 후암로 98 (남대문로5가 LG서울역빌딩) LG 서울역빌딩,126.9742728,37.55376014,
4090,나우전산학원,경남 창원시 성산구    ,(51495) 경상남도 창원시 성산구 원이대로 658 (상남동 상남프라자) 401호,,,
4091,부산돌봄의료복지사회적협동조합 평생교육원,부산 연제구,(47598) 부산광역시 연제구 월드컵대로79번길 50 5층,129.0816271,35.18020752,
4092,한국세라믹기술원,경남 진주시,(52851) 경상남도 진주시 소호로 101 한국세라믹기술원,128.1344269,35.17720472,
4093,배움디자인회계캐드컴퓨터학원,대구 북구,(41529) 대구광역시 북구 동북로 275 (복현동) 2층~4층,128.6204969,35.89348434,
4094,대한상공회의소 충남인력개발원,충남 공주시,(32517) 충청남도 공주시 의당면 의당전의로 415 번지,127.1739553,36.51952566,
4095,현담산업(주),충남 아산시,(31424) 충청남도 아산시 역리길 29 현담산업,126.966049,36.8743129,
4096,부산공업고등학교,부산 남구,(48472) 부산광역시 남구 수영로196번길 80 도제부,129.0874733,35.13028009,
4097,광양로앤텍(주),전남 광양시,(57785) 전라남도 광양시 오류로 40 신한은행 2층 광양로공업 주식회사,127.6954168,34.94211473,
4098,에스테이트 원격평생교육원,서울 강서구,(07788) 서울특별시 강서구 마곡서로 152 (마곡동 두산더랜드타워) 비동 311~314호,126.8253207,37.56758632,
4099,주식회사미소테크,서울 구로구,(08390) 서울 구로구 디지털로26길 111 제이앤케이디지털타워 712 (구로동),126.8964008,37.48232114,
4100,청주성심노인요양원,충북 청주시 청원구,(28337) 충청북도 청주시 청원구 주성로 135-42 성심노인요양원,127.4823134,36.67256959,
4101,(복)풍악복지재단편한세상,전북 남원시,(55780) 전라북도 남원시 대곡신계길 369 편한세상,127.3031144,35.42371758,
4102,세종홍익평생교육원,충남 아산시,(31470) 충청남도 아산시 배방읍 희망로46번길 42-8 대호빌딩 401호,,,
4103,한국국토정보공사국토정보교육원,경기 용인시 처인구,(17141) 경기도 용인시 처인구 동부로 213-20 한국국토정보공사 국토정보교육원,127.2300712,37.22141529,
4104,수원과학대학교,경기 화성시,(18516) 경기도 화성시 세자로 288 ,,,
4105,성신화학(주),경기 군포시,(15847) 경기도 군포시 산본로86번길 49 ,,,
4106,춘천기계공업고등학교,강원 춘천시,(24232) 강원도 춘천시 후석로462번길 53 ,,,
4107,주식회사아모센스,충남 천안시 서북구,(31040) 충청남도 천안시 서북구 4산단7로 17-8 아모센스,127.1230635,36.86206611,
4108,안중제일신용협동조합,경기 평택시,(17936) 경기도 평택시 안현로 381 안중제일신용협동조합,126.9293796,36.98435384,
4109,주식회사하나은행,서울 중구,(04522) 서울특별시 중구 남대문로9길 40 (다동 센터플레이스(Center Place)) 19층 하나은행 손님케어섹션(서울센터),,,
4110,(사)도시생명네트워크부설대동요양보호사교육원,대전 동구,"(34648) 대전광역시 동구 용운로1번길 3 (대동) 2층,3층",127.4434605,36.32933197,
4111,AP시스템(주),경기 화성시,(18487) 경기도 화성시 동탄산단8길 15-5 AP시스템,127.0879729,37.17300052,
4112,의료법인안은의료재단,인천 부평구,(21364) 인천광역시 부평구 부평대로 175 ,,,
4113,평촌경영고등학교,경기 안양시 동안구,(14050) 경기도 안양시 동안구 학의로 186 평촌경영고등학교,126.9592537,37.40077533,
4114,효도로노인전문요양원,서울 구로구,(08227) 서울특별시 구로구 경인로 393-7 ,,,
4115,주식회사누보,경기 수원시 권선구,"(16614) 경기도 수원시 권선구 서호로 89(서둔동, 서울대학교농업생명과학대학) 6동 325호",126.9863995,37.26729632,
4116,주식회사한국직무교육개발원,경기 고양시 덕양구,"(10550) 경기도 고양시 덕양구 원흥동 삼원로 83(광양 프런티어밸리 6차) 1017호,1018호,1019호,1020호,1021호",126.8749466,37.63835918,
4117,아지노모도셀리스트코리아주식회사,인천 연수구,(21991) 인천광역시 연수구 지식기반로 105 ,,,
4118,명인스프링,대구 달서구,(42712) 대구광역시 달서구 호산로2길 59 명인스프링,128.4846,35.84116029,
4119,여수노진식취업멘토학원,전남 여수시,(59683) 전라남도 여수시 신기북7길 55 (신기동) 1층-2층(신기동),127.679341,34.76360735,
4120,(사단법인)한국화학물질관리협회,서울 양천구,(07925) 서울특별시 양천구 곰달래로 34 (신월동 브랑누아빌딩) KCMA빌딩,126.8365146,37.52974775,
4121,한국숲밧줄놀이연구회,경기 남양주시,(12269) 경기도 남양주시 궁촌로 6-35 (와부읍 아이다움킨더가르텐) 한국숲밧줄놀이연구회,127.2306684,37.57595133,
4122,우리요양보호사교육원,경남 창원시 의창구    ,(51370) 경상남도 창원시 의창구 평산로219번길 13 2층,128.6248239,35.26092311,
4123,동양검사기술(주) 일학습병행제,서울 강남구,(06307) 서울특별시 강남구 논현로18길 17 ,,,
4124,거성간호학원 달서점,대구 달서구,(42758) 대구광역시 달서구 조암로 1 미래타워702호703호,128.5296243,35.82566465,
4125,(주)셀러허브,서울 강남구,"(06158) 서울특별시 강남구 테헤란로79길 11-1(삼성동, 에이타워2) 3, 4, 5층(삼성동)",,,
4126,(주)태형솔루션,광주 광산구,(62465) 광주광역시 광산구 진곡산단2번로 1-28 (고룡동),126.784891,35.19889657,
4127,남서울대학교산학협력단,충남 천안시 서북구,(31020) 충청남도 천안시 서북구 대학로 91 (성환읍 남서울대학교) 남서울대학교내,127.1431657,36.90855818,
4128,(주)화신볼트산업,부산 사하구,(49479) 부산광역시 사하구 하신중앙로3번길 64 화신볼트산업,,,
4129,예일요양보호사교육원,경기 포천시,(11177) 경기도 포천시 송우로 75 랜드프라자4층401호,127.1405862,37.82970236,
4130,대림인테리어학원,서울 구로구,(08371) 서울특별시 구로구 도림로20길 18 (구로동 덕창빌딩) 4층 402호,,,
4131,인평자동차고등학교,인천 부평구,(21373) 인천광역시 부평구 화랑로 113-15 인평자동차정보고등학교,126.7022241,37.49214978,
4132,한국제이씨씨(주),충북 청주시 청원구,(28139) 충청북도 청주시 청원구 충청대로 1163 ,,,
4133,서울요리학원,전남 목포시,(58642) 전라남도 목포시 영산로 519 금호약국 건물 4층 ,126.4178432,34.81196253,
4134,씨월드고속훼리(주),전남 목포시,(58759) 전라남도 목포시 해안로148번길 14 ,,,
4135,재단법인한국화학융합시험연구원,경기 과천시,(13810) 경기도 과천시 교육원로 98 (중앙동) 한국화학융합시험연구원,126.977779,37.42469343,
4136,계양전기(주),서울 강남구,(06178) 서울특별시 강남구 테헤란로 508 (대치동 해성2빌딩) 2층 계양전기,127.0580172,37.50662905,
4137,나스(NAS)간호학원,대구 중구,(41943) 대구광역시 중구 달구벌대로 2109-34 (동성로3가) 4층,128.5939162,35.86682358,
4138,가든조경학원,대구 달서구,(42612) 대구광역시 달서구 달구벌대로 1221 (이곡동) 5층 일부(이곡동)/실습장:대구 달성군 화원읍 설화리 303-4,128.50098,35.85234768,
4139,은평재활원,서울 은평구,(03428) 서울특별시 은평구 갈현로11길 30 ,,,
4140,혜민병원부설간호조무사학원,서울 광진구,"(05056) 서울특별시 광진구 자양로 81 (자양동) 2층,3층 일부 및 4층 일부",127.0839924,37.53484208,
4141,한국정보통신기술협회,경기 성남시 분당구,(13591) 경기도 성남시 분당구 분당로 47 한국정보통신기술협회(TTA) 11층 TTA아카데미,127.1205487,37.3837228,
4142,엔비뷰티아카데미,경기 용인시 기흥구,"(16978) 경기도 용인시 기흥구 중부대로 579 강남대프라자 501,502",127.1269676,37.27032298,
4143,재단법인 인천테크노파크,인천 연수구,(21999) 인천광역시 연수구 갯벌로 12 (송도동 미추홀타워(본관)) .,126.6546423,37.38230453,
4144,한국바리스타스쿨 울산캠퍼스학원,울산 남구,(44774) 울산광역시 남구 두왕로 28 2층,129.3089768,35.50568447,
4145,앰코테크놀로지코리아(주)송도사업장,인천 연수구,(21991) 인천광역시 연수구 송도미래로 150 앰코테크놀로지코리아,126.6559862,37.36018872,
4146,참사랑어머니회,전북 전주시 완산구,(54947) 전라북도 전주시 완산구 온고을로 119-1 113동 4층 1호,127.1098281,35.83344873,
4147,한국폴리텍대학 울산캠퍼스(과정평가형),울산 중구,(44482) 울산광역시 중구 산전길 155 ,,,
4148,(주)일동엔에스티,경남 함안군,(52032) 경상남도 함안군 신산로 15 (주)일동엔에스티,128.4679461,35.26983702,
4149,(주)신원기술,인천 남동구,(21635) 인천광역시 남동구 남동대로370번길 69 남동공단 36블럭 12로트,126.7099209,37.41485455,
4150,안골노인복지관,전북 전주시 덕진구,(54913) 전라북도 전주시 덕진구 안골1길 11 안골노인복지관,127.1570851,35.83844437,
4151,산돌요양보호사교육원,충남 보령시,(33461) 충청남도 보령시 명동로 4 ,,,
4152,차민뷰티아카데미학원,경기 김포시,(10073) 경기도 김포시 김포한강1로 247 513호,126.6848005,37.65418115,
4153,원광효도마을시니어클럽,전북 익산시,(54621) 전라북도 익산시 선화로 259 제일빌딩 2층 원광효도마을시니어클럽,126.9587162,35.94459289,
4154,미라클평생교육원,전북 전주시 덕진구,(54840) 전북특별자치도 전주시 덕진구 덕진동2가 송천중앙로 9 3층,127.1180284,35.84830269,
4155,윤슬컴퓨터학원,경북 경산시,(38677) 경상북도 경산시 경산로 130 3층,128.7288221,35.82024752,
4156,한라간호학원,제주 제주시,(63081) 제주특별자치도 제주시 원노형로 11 3층,126.4844791,33.48757738,
4157,신탄진한빛전기학원,대전 대덕구,(34305) 대전광역시 대덕구 대덕대로1605번길 18 (석봉동) 2.3층,127.4263241,36.45128419,
4158,꽃싸부플라워디자인전문학원,충남 천안시 동남구,"(31126) 충청남도 천안시 동남구 원성동 성황로 90-1 2,3층",127.1590822,36.81195947,
4159,주식회사화성신진중장비전문학원,경기 화성시,"(18537) 경기도 화성시 화성로696번길 57-13 (마도면) 마도면 슬항리 220-100, 220-118, 220-119, 220-121, 220-153, 220-202, 220-205, 220-208, 220-125",126.7659243,37.20338442,
4160,서울종로조리기능장학원,서울 종로구,(03139) 서울특별시 종로구 돈화문로 29-1 한성빌딩 2층,126.9917209,37.57114306,
4161,올인요양보호사교육원,서울 동대문구,(02480) 서울특별시 동대문구 홍릉로17길 44 1층(구)제기동289-20,127.0406628,37.58611185,
4162,재단법인한국산업연수원,충북 청주시 상당구,"(28545) 충청북도 청주시 상당구 교서로 16-5 지하1층, 2층, 5층",,,
4163,연담원요양보호사교육원,경기 수원시 영통구,(16526) 경기도 수원시 영통구 산남로 74 3층,127.0498842,37.26945962,
4164,연희요양원,인천 서구,(22711) 인천광역시 서구 탁옥로 88 공성빌딩 2-7층 연희요양원,126.6791955,37.54339112,
4165,케이비에스(KBS)아트비젼미용학원,전남 여수시,(59709) 전라남도 여수시 여서1로 60 (여서동) 5 층,127.7042596,34.75246948,
4166,아텐츠게임아카데미,서울 강남구,"(06052) 서울특별시 강남구 논현동 논현로132길 9(마루빌딩) 1층, 2층",,,
4167,한국정보보호산업협회,서울 송파구,(05717) 서울특별시 송파구 중대로 135 (가락동 아이티벤처타워) 서관 14층,127.1224081,37.49504875,
4168,(주)에치와이,서울 서초구,(06530) 서울특별시 서초구 잠원동 강남대로 577(HY빌딩) (주)에치와이,127.0200743,37.51306473,
4169,신세종요양보호사교육원,세종 세종,(30023) 세종특별자치시  으뜸길 233 3층,127.2964951,36.60187588,
4170,한살림고양파주소비자생활협동조합,경기 고양시 일산서구,(10387) 경기도 고양시 일산서구 주엽로 134 201호,126.7581792,37.67043843,
4171,(주)서진캠,경기 평택시,(17792) 경기도 평택시 청북산단로 31 (청북읍) (주)서진캠,,,
4172,(주)에코프로비엠,충북 청주시 청원구,(28117) 충청북도 청주시 청원구 2산단로 100 에코프로비엠,127.4496173,36.73091727,
4173,김미연요리제과제빵학원,경기 남양주시,(12237) 경기도 남양주시 사릉로 14 금곡프라자 306호/408호,127.2075882,37.63447592,
4174,(주)에어릭스,전남 광양시,(57815) 전라남도 광양시 태인2길 128 ,,,
4175,케이케이엘유한회사,경기 화성시,(18581) 경기도 화성시 장안공단2길 66-9 케이케이엘 유한회사,126.8475818,37.10881077,
4176,평택대학교산학협력단,경기 평택시,(17869) 경기도 평택시 서동대로 3825 평택대학교 대학본관 307호,127.1329216,36.99477583,
4177,안산인테리어기술학원,경기 안산시 상록구,(15494) 경기도 안산시 상록구 광덕1로 379 503호,126.851267,37.30839524,
4178,주식회사 안양에르모소뷰티직업전문학교,경기 안양시 만안구,(14001) 경기도 안양시 만안구 병목안로 2 (안양동 PROJECT 240 TOWER) 9층,,,
4179,KAB 교육아카데미,서울 금천구,"(08511) 서울특별시 금천구 벚꽃로 254 (가산동 월드메르디앙1차) 1301,1302,1303호",126.8852942,37.47765246,
4180,후성에이치디에스(주),경기 성남시 분당구,(13630) 경기도 성남시 분당구 돌마로 48 8층 ,127.1073019,37.34962288,
4181,(주)다스코,부산 강서구,(46751) 부산광역시 강서구 녹산산단17로78번길 33 (송정동) (주)다스코,,,
4182,한국안전평생교육원,서울 금천구,(08592) 서울특별시 금천구 가산디지털1로 75-15 (가산동) 418~425호(하우스디와이즈타워),,,
4183,순천중앙간호학원,전남 순천시,(57966) 전라남도 순천시 이수로 284 (2층),127.5154875,34.95180449,
4184,메타넷디지털주식회사,서울 종로구,(03129) 서울특별시 종로구 종로33길 15 (연지동 두산아트센터) 2층,127.0011614,37.5718103,
4185,수원정보과학고등학교,경기 수원시 영통구,(16501) 경기도 수원시 영통구 동수원로551번길 16 ,,,
4186,한양대학교에리카산학협력단,경기 안산시 상록구,(15588) 경기도 안산시 상록구 한양대학로 55 한양대학교내 학연산클러스터지원센터 212호,126.8347468,37.29598386,
4187,강서도배학원,서울 강서구,(07618) 서울특별시 강서구 공항대로 49-2 (공항동 공항신성빌딩) 2층,126.8129648,37.56136833,
4188,음성군장애인복지관,충북 음성군,(27628) 충청북도 음성군 무극로309번길 13 음성군 장애인 복지관,127.5953702,36.99472914,
4189,(주)대유에이텍,광주 광산구,(62384) 광주광역시 광산구 소촌로123번길 40-11 대유에이텍,126.787245,35.15578951,
4190,(사)희망찬코리아,전북 전주시 완산구,(55086) 전라북도 전주시 완산구 삼천천변1길 17 지하 101호,127.1125321,35.79581011,
4191,대한간호전문학원부설요양보호사교육원,충남 천안시 동남구,"(31123) 충청남도 천안시 동남구 신부동 충절로 14(천안현대오피스텔) 6층 1-601호,1-603호",127.1580852,36.81770978,
4192,범계요양보호사교육원,경기 안양시 동안구,(14047) 경기도 안양시 동안구 시민대로 187 (비산동 안양건설타워) 1201호 일부,126.9516478,37.39169011,
4193,익산컴퓨터전문학원,전북 익산시,(54546) 전라북도 익산시 무왕로15길 1 (영등동) 3층,126.9782622,35.95883791,
4194,제천제빵커피학원,충북 제천시,(27194) 충청북도 제천시 의림대로 13 (영천동 512)  2층,128.205784,37.12957967,
4195,CNS뷰티미용전문학원,전북 익산시,(54546) 전라북도 익산시 영등동 무왕로 1091-1 3층,126.978096,35.95883788,
4196,아뜰리에미용학원,전북 익산시,(54545) 전라북도 익산시 무왕로 1071 4층 아뜰리에미용학원,126.9757127,35.95870218,
4197,에스비에스(SBS)아카데미게임학원,서울 서초구,"(06611) 서울특별시 서초구 서초동 강남대로69길 8(케이아이타워(K I타워)) 8층 우측(동쪽), 9층 전체(서초동)",127.0246067,37.50176554,
4198,피티코퍼레이션주식회사,대구 달서구,(42703) 대구광역시 달서구 성서로 335 ,,,
4199,아이엠디지주식회사,서울 강서구,(07532) 서울특별시 강서구 양천로 551-17 한화비즈메트로 1차 1203호,126.8609008,37.55925533,
4200,더휴먼컴퓨터아트아카데미,경기 수원시 팔달구,(16460) 경기도 수원시 팔달구 갓매산로 38 다성빌딩 3층,127.0055877,37.26782003,
4201,구미역점구미직업능력개발학원,경북 구미시,"(39221) 경상북도 구미시 역전로 3 (원평동) 2, 3층",128.331077,36.12931329,
4202,육군종합군수학교,대전 유성구,(34059) 대전광역시 유성구 자운로 220-1 ,,,
4203,한국중장비학원,부산 부산진구,(47247) 부산광역시 부산진구 전포동 동천로108번길 11 3층 307호(전포동)/(실습장) 부산광역시 기장군 정관읍 예림리 203-36번지,129.0631802,35.15847986,
4204,첨단원격기술교육원,서울 마포구,(04032) 서울특별시 마포구 양화로 127 (서교동) 3층,126.9204482,37.55497819,
4205,엠비씨(MBC)아카데미 컴퓨터교육센터 본점,서울 종로구,(03164) 서울특별시 종로구 종로2가 종로 69(서울 YMCA) 3층 일부,126.9853085,37.57063632,
4206,한국자전거기술학원,서울 광진구,(05032) 서울특별시 광진구 구의로 67 2층,127.090237,37.54390155,
4207,대전애견미용학원,대전 서구,(35265) 대전광역시 서구 대덕대로168번길 26 (갈마동 동원빌딩) 5층 일부,127.3771891,36.34688727,
4208,(주)일신석재,서울 강동구,(05392) 서울특별시 강동구 성내로 19 6층,127.1231543,37.53023168,
4209,케이비에스(KBS)아트비전미용학원,울산 중구,(44532) 울산광역시 중구 젊음의2거리 33 리버플레이스8층,129.320468,35.5531208,
4210,상명대학교천안산학협력단,충남 천안시 동남구,"(31066) 충청남도 천안시 동남구 상명대길 31(안서동, 상명대학교천안캠퍼스) 학무관 505호",,,
4211,마창행복요양보호사교육원,경남 창원시 마산회원구,(51210) 경상남도 창원시 마산회원구 3·15대로 753 4층,128.5827149,35.23920217,
4212,SBS아카데미게임학원 대구,대구 중구,(41942) 대구광역시 중구 동성로1길 15 (동성로3가) 5층,128.5948063,35.86704608,
4213,조우요양보호사교육원,전남 목포시,(58724) 전라남도 목포시 수문로 32 (남교동) 남교동  트윈스타 상가동 223호,126.3827397,34.79291373,
4214,덕산엔터프라이즈(주),경기 포천시,(11165) 경기도 포천시 포천로912번길 61 ,,,
4215,BHS좋은요양보호사교육원,부산 부산진구,(47353) 부산광역시 부산진구 황령대로 9 유성빌딩 7층(범천동),129.0605916,35.14786155,
4216,미래창조평생교육원,부산 부산진구,(47296) 부산광역시 부산진구 동천로 55 (부전동) 5층,,,
4217,진동중장비학원,경남 창원시 성산구    ,"(51506) 경상남도 창원시 성산구 상남로 38 (상남동 대우상가) 2층 2호 일부, 실습장: 창원시 마산합포구 진동면 요장리 83",128.6781769,35.2175149,
4218,주벨듀뷰티아카데미학원,충남 서산시,(31983) 충청남도 서산시 동문동 중앙로 10 4층,126.4525725,36.78253967,
4219,(주)쓰리에이치,전북 전주시 덕진구,(54910) 전라북도 전주시 덕진구 도당산2길 7 (우아동3가) 1층,127.1551414,35.84649496,
4220,서울교통공사,서울 성동구,(04806) 서울특별시 성동구 천호대로 346 서울교통공사,127.0572095,37.56250868,
4221,에이치디현대로보틱스 주식회사,대구 달성군,(43022) 대구광역시 달성군 테크노순환로3길 50 (유가읍 현대로보틱스) HD현대로보틱스,128.4560402,35.68047194,
4222,(주)디에이치오토리드,전북 완주군,(55320) 전북특별자치도 완주군 봉동읍 완주산단8로 66 (주)디에이치오토리드,,,
4223,BTP미용하는사람들미용학원,경기 의정부시,(11695) 경기도 의정부시 행복로 5 (의정부동) 시티빌딩 3층 BTP 미용하는사람들미용학원,127.0478766,37.739373,
4224,지식캠퍼스 HRD,서울 마포구,(04030) 서울특별시 마포구 동교로18길 20 3층,126.9170314,37.55411982,
4225,홍익대학교세종캠퍼스산학협력단,세종 세종,(30016) 세종특별자치시  세종로 2639 f동 문정도서관 413호,127.2863067,36.62140091,
4226,의왕요양보호사교육원,경기 의왕시,(16061) 경기도 의왕시 경수대로 248 3층 (보왕빌딩),126.9739219,37.34878241,
4227,순천중앙요양보호사교육원,전남 순천시,(57966) 전라남도 순천시 이수로 284 (2층),127.5154875,34.95180449,
4228,예일요양보호사교육원,경기 포천시,(11175) 경기도 포천시 송우로 76 랜드프라자4층401호,127.1412005,37.83022419,
4229,삼육보건대학교,서울 동대문구,(02500) 서울특별시 동대문구 망우로 82 삼육보건대학교,127.0644073,37.58925529,
4230,그린컴퓨터아카데미 대전중앙로학원,대전 중구,(34921) 대전광역시 중구 은행동 대종로 484(JS그린빌딩) 8층,127.4266562,36.32758139,
4231,서강대학교산학협력단,서울 마포구,(04107) 서울특별시 마포구 백범로 35 (신수동 서강대학교) 뗴이야르관 306,126.9392491,37.55114261,
4232,에프비아이제과제빵바리스타학원,경기 고양시 덕양구,"(10564) 경기도 고양시 덕양구 삼송로 12 (원흥동) 414호, 415호, 508호, 509호",,,
4233,플로리스트파크학원,서울 송파구,"(05796) 서울특별시 송파구 동남로 134(문정동, 명노빌딩) 5층 일부",127.1259016,37.49102307,
4234,생고뱅코리아(주),경기 시흥시,(15094) 경기도 시흥시 공단1대로28번길 61 생고뱅코리아(주),126.7048951,37.34327488,
4235,코세아항공승무원학원,서울 마포구,"(04038) 서울특별시 마포구 양화로 100 4층, 5층 일부",126.9187504,37.55269102,
4236,(사)한국문화산업협회,세종 세종,"(30141) 세종특별자치시  집현중앙7로 6 (집현동 지식산업센터) 주1동 제비901호, 제비902호",127.331195,36.49830811,
4237,이봉춘셰프실용전문학교,경기 고양시 일산서구,"(10387) 경기도 고양시 일산서구 중앙로 1437 (주엽동 화성프라자) 601,606",126.760493,37.66996569,
4238,영월노인전문요양원,강원 영월군,(26230) 강원도 영월군 남중골길 28 ,,,
4239,헤더플로리스트학원,경기 성남시 분당구,(13506) 경기도 성남시 분당구 성남대로 926 604호,127.1292123,37.41252811,
4240,수가인뷰티아카데미동탄학원,경기 화성시,"(18455) 경기도 화성시 동탄반석로 124 (반송동 쎈타프라자) 405호,406호.",127.0715015,37.19991629,
4241,영남산업(주),경북 포항시 남구,(37871) 경상북도 포항시 남구 철강로 362 ,,,
4242,김포아이비알뷰티미용학원,경기 김포시,(10110) 경기도 김포시 사우중로 48 (사우동 드림월드프라자) 701호,126.7193607,37.61910444,
4243,더조은컴퓨터아트학원,경남 김해시,(50962) 경상남도 김해시 분성로 174 (외동) 6층,128.8659077,35.22956835,
4244,글로벌뷰티아카데미학원,대전 서구,(35235) 대전광역시 서구 둔산서로 3 8층 전체,127.382414,36.34696992,
4245,이젠컴퓨터학원,경기 고양시 일산동구,"(10414) 경기도 고양시 일산동구 중앙로 1193 (장항동 마두법조빌딩) 702호, 901호, 902호",126.7765714,37.65302343,
4246,더플랜컴퓨터아트회계학원,경기 안성시,(17578) 경기도 안성시 중앙로 274-32 4층,,,
4247,유니스타요양보호사교육원,경기 파주시,(10930) 경기도 파주시 금촌동 중앙로 310(금원빌딩) 3층,126.7752596,37.76337041,
4248,안산타일전문기술학원,경기 안산시 상록구,"(15567) 경기도 안산시 상록구 이호로 71-1 (본오동) 671-7번지 1층,2층,3층",,,
4249,동서페더럴모굴(주),경기 안산시 단원구,(15599) 경기도 안산시 단원구 목내로 74 동서페더럴모굴(주),126.7745028,37.30586628,
4250,구미미르치과병원,경북 구미시,(39294) 경상북도 구미시 신시로 69 (형곡동 미르빌딩) 4층~10층,128.3386826,36.11403568,
4251,에프투엠지글로벌뷰티아카데미미용학원,광주 서구,"(61963) 광주광역시 서구 상무중앙로 10 (치평동) 코스몰 401호,402호,403호,404호일부",126.8492688,35.14779892,
4252,참사랑요양보호사교육원,부산 해운대구,(48004) 부산광역시 해운대구 반송로892번길 8 2층,129.1516092,35.23074404,
4253,경북공업고등학교,대구 중구,(41972) 대구광역시 중구 남산로 20 ,,,
4254,(주)대정밸브,대구 달서구,(42712) 대구광역시 달서구 호산동로 79 (주)대정밸브,128.4852631,35.84229657,
4255,주식회사이녹스첨단소재,충남 아산시,(31409) 충청남도 아산시 아산밸리로 171 ,,,
4256,부평공업고등학교(전기전자사업단),인천 부평구,(21331) 인천광역시 부평구 주부토로 194 (갈산동 부평공업고등학교) 부평공업고등학교,126.726891,37.51228404,
4257,(학교법인)서원대학교,충북 청주시 서원구,"(28674) 충청북도 청주시 서원구 무심서로 377-3(모충동, 서원대학교) 서원대학교",127.4828404,36.62410554,
4258,주식회사대성디에스아이,전북 완주군,(55314) 전라북도 완주군 우동로 47 1층 (주)대성디에스아이,127.1173956,35.97003313,
4259,(주)씨드모젠,충북 청주시 흥덕구,"(28578) 충청북도 청주시 흥덕구 직지대로 530 307, 309-1, 508",127.4518717,36.64309566,
4260,주식회사 비보존제약,경기 화성시,(18622) 경기도 화성시 제약공단2길 34-40 (향남읍) 주식회사 비보존제약,126.9064391,37.0947267,
4261,효산(주),충남 아산시,(31420) 충청남도 아산시 윤보선로336번길 71-28 ,,,
4262,이태리바리스타학원,경기 화성시,(18600) 경기도 화성시 행정중앙2로 63-3 백상빌딩 504호,126.9218682,37.12978017,
4263,주식회사삼양발브종합메이커,경기 부천시,(14446) 경기도 부천시 오정로 119 (주)삼양발브종합메이커,126.7728821,37.52633885,
4264,은평메디텍고등학교,서울 은평구,(03306) 서울특별시 은평구 진관2로 57-57 은평메디텍고등학교,126.9291963,37.63533322,
4265,한화오션디지털㈜,경남 거제시,(53302) 경상남도 거제시 거제대로 3370 지원센타2층 ,128.69569,34.87216299,
4266,(주)베바스토코리아홀딩스,울산 울주군,(44993) 울산광역시 울주군 처용산업로 6 (온산읍) (주)베바스토코리아홀딩스,129.3416893,35.46296628,
4267,(주)선두종합건설,인천 남동구,(21594) 인천광역시 남동구 소래로 630 401호(만수동 미선빌딩),126.7330791,37.44590411,
4268,(주)케이디파인켐,경기 평택시,(17956) 경기도 평택시 평택항로 286 극동제연공업,126.8381657,36.98376673,
4269,협성대학교,경기 화성시,(18330) 경기도 화성시 최루백로 72 협성대학교 이공관 105호,126.9533461,37.21313502,
4270,한화첨단소재(주),세종 세종,(30077) 세종특별자치시  금호안골길 79-20 (부강면 한화종합화학제2공장) 한화솔루션(주) 세종사업장,127.3676888,36.49986923,
4271,세화장애인활동지원기관,경남 밀양시,(50449) 경상남도 밀양시 고노실1길 24-4 (상남면) 세화장애인활동지원기관,128.7495319,35.4600417,
4272,(주)에스앤아이,인천 남동구,(21643) 인천광역시 남동구 고잔동 청능대로339번길 66 에스앤아이,126.699745,37.40359563,
4273,구미하나요양보호사교육원,경북 구미시,(39232) 경상북도 구미시 송원동로 63 4층,128.3504631,36.12232027,
4274,참사랑제2요양원,충북 청주시 서원구,(28802) 충청북도 청주시 서원구 궁뜰로 1-3 ,,,
4275,홈앤서비스주식회사,서울 중구,"(04513) 서울특별시 중구 세종대로 55(태평로2가, 부영 태평빌딩) 7층 홈앤서비스",126.9750263,37.56153863,
4276,시안침선평생교육원,대구 수성구,(42007) 대구광역시 수성구 달구벌대로 2287-1 3층 시안침선교육학원,128.6127214,35.86004884,
4277,보은의집,전북 군산시,(54051) 전라북도 군산시 동군산로 1088-8 ,,,
4278,대승정밀(주),경기 평택시,(17703) 경기도 평택시 수월암4길 200 관리부,127.0339202,37.13250695,
4279,(주)일강,경기 평택시,(17703) 경기도 평택시 수월암4길 240 ,,,
4280,(주)대승,경기 평택시,(17703) 경기도 평택시 수월암4길 200 ,,,
4281,명지대학교,경기 용인시 처인구,(17058) 경기도 용인시 처인구 명지로 116 ,,,
4282,목포간호학원,전남 목포시,(58662) 전라남도 목포시 옥암로 101 (상동) 2층 목포간호학원,,,
4283,케이비에스미디어주식회사,서울 마포구,(03909) 서울특별시 마포구 상암동 매봉산로 45(KBS미디어센터) 3층 일부,126.8909012,37.57636121,
4284,나우누리평생교육원,서울 송파구,(05542) 서울특별시 송파구 올림픽로 336 대우유토피아빌딩 1806호,127.1074305,37.51531725,
4285,광주광역시관광공사,광주 서구,(61958) 광주광역시 서구 상무누리로 30 ,,,
4286,주식회사자이솜,대전 유성구,(34015) 대전광역시 유성구 테크노3로 43 (주)자이솜,127.3910986,36.4312903,
4287,테일러아카데미학원,서울 금천구,"(08591) 서울특별시 금천구 가산디지털1로 2(가산동, 우림라이온스밸리2차) 1116호",126.8882616,37.4667353,
4288,(주)우아한형제들,서울 송파구,(05544) 서울특별시 송파구 위례성대로 2 장은빌딩 2층,127.1127377,37.51684411,
4289,미래테크(주),대구 북구,(41512) 대구광역시 북구 검단로 177-17 ,,,
4290,(주)카라,전북 군산시,(54158) 전라북도 군산시 동장산1길 50-20 (주)카라,126.5936102,35.95927815,
4291,신동탄간호학원,경기 화성시,(18455) 경기도 화성시 메타폴리스로 38 (반송동 천년프라자) 401호,127.0715595,37.2017724,
4292,탑마이스터기술학원,경북 구미시,"(39145) 경상북도 구미시 고아읍 신원대로 186 1층일부,2층일부/구미시 야은로435-3 1층일부,2층,3층일부",128.3234368,36.16986733,
4293,에어인천(주),인천 중구,(22380) 인천광역시 중구 운서동 공항동로295번길 124 201호,126.4598908,37.46892209,
4294,현대중공업터보기계주식회사,울산 동구,(44032) 울산광역시 동구 방어진순환도로 1000 터보기계1공장(현대중공업터보기계),129.4392116,35.51544065,
4295,(학교법인)한마학원경남대학교IPP사업단,경남 창원시 마산합포구,(51767) 경상남도 창원시 마산합포구 경남대학로 7 창조관 2층 209호 KU-IPP사업단,128.5549739,35.18071087,
4296,영산대학교,경남 양산시,(50510) 경상남도 양산시 주남로 288 문화관 3층 IPP사업단 ,129.148183,35.42877915,
4297,(학교법인)대동학원(경남자동차고등학교),경남 진주시,(52730) 경상남도 진주시 진산로 378 ,,,
4298,서울특별시동작구시설관리공단,서울 동작구,"(07071) 서울특별시 동작구 보라매로5길 35(신대방동, 파크스퀘어,보라매현대APT) 9층",126.9232875,37.49226227,
4299,평택명성요양보호사교육원,경기 평택시,(17905) 경기도 평택시 중앙로 176 (합정동 평택합정 SK VIEW 주상복합) 2동 2층 217호,127.1023619,36.99132724,
4300,해피케어,전북 전주시 덕진구,(54935) 전라북도 전주시 덕진구 기린대로 295 2층,127.1400273,35.83104779,
4301,에이스간호학원,서울 강서구,(07591) 서울특별시 강서구 공항대로 329 304호,126.8441525,37.55834203,
4302,엠아이티(주),대전 유성구,(34014) 대전광역시 유성구 테크노6로 32 엠아이티(주),127.3972677,36.42731403,
4303,태경농산(주)안성공장,경기 안성시,(17599) 경기도 안성시 제2공단1길 34 태경농산(주)안성공장,127.2642434,36.97886273,
4304,(주)이화테크원,부산 금정구,(46257) 부산광역시 금정구 개좌로 273-17 ,,,
4305,LB세미콘(주),경기 평택시,(17792) 경기도 평택시 청북산단로 138 LB세미콘,126.9736515,37.05540409,
4306,중앙운수(주),충북 충주시,(27429) 충청북도 충주시 중원대로 3482 중앙운수,127.9170059,36.97070269,
4307,레마프레소커피학원,경남 양산시,"(50629) 경상남도 양산시 양산역6길 3 (중부동 센트럴스위트) 201호, 202호 레마프레소커피학원",129.0265873,35.33778336,
4308,아남전자(주),서울 구로구,(08375) 서울특별시 구로구 디지털로27가길 27 ,,,
4309,에스엠천사,전북 전주시 덕진구,(54938) 전라북도 전주시 덕진구 숲정이로 25 에스엠천사,127.1305556,35.83216676,
4310,신우신(주),경북 경산시,(38695) 경상북도 경산시 경청로 936-1 ,,,
4311,투비앤아나운서아카데미학원,서울 서대문구,(03767) 서울특별시 서대문구 이화여대2길 6 (대현동) 2~5층 투비앤아나운서아카데미,126.9462268,37.55720079,
4312,전북대학교산학협력단,전북 전주시 덕진구,(54896) 전라북도 전주시 덕진구 백제대로 567 (금암동 전북대학교) 농업생명과학대학,127.1330342,35.84546648,
4313,(주)휴넥트-사무,부산 연제구,(47505) 부산광역시 연제구 중앙대로 1217 (거제동 국제문화센터) 17층,129.0794163,35.1956615,
4314,(주)세라젬,충남 천안시 서북구,(31045) 충청남도 천안시 서북구 정자1길 10 세라젬,127.1927226,36.8880888,
4315,굿모닝케어,서울 송파구,(05742) 서울특별시 송파구 성내천로16길 17 진흥빌딩,127.1394553,37.49835493,
4316,(주)태승이십일,서울 강남구,(06098) 서울특별시 강남구 언주로 640 임피리얼 팰리스 호텔,127.0356383,37.51387233,
4317,코프디자인 플로리스트학원,서울 서초구,(06778) 서울특별시 서초구 강남대로18길 5 (양재동) 세한빌딩 4층,127.0391018,37.47199311,
4318,로뎀요양보호사교육원,경기 평택시,(17779) 경기도 평택시 탄현로 57 2층 로뎀요양보호사교육원,127.0535646,37.05756843,
4319,(주)휴넥트_서울전화상담,서울 중구,(04541) 서울특별시 중구 삼일대로 363 10층 부일정보링크,126.986526,37.56728624,
4320,백남관광(주),서울 중구,(04533) 서울특별시 중구 을지로 16 ,,,
4321,대주코레스주식회사,전북 완주군,(55316) 전라북도 완주군 완주산단6로 266 대주코레스(주),127.1235538,35.96611578,
4322,케이엔디이(주),부산 강서구,(46754) 부산광역시 강서구 녹산산단261로14번길 45-23 케이엔디이(주),128.8504065,35.09224622,
4323,에스비에스(SBS)아카데미뷰티스쿨학원,강원 원주시,(26484) 강원도 원주시 서원대로 408 광장빌딩 6층,127.9499424,37.3299398,
4324,마스터전산회계학원,경기 수원시 팔달구,(16490) 경기도 수원시 팔달구 효원로265번길 35 (인계동 새한빌딩) 3층,127.0310541,37.2635999,
4325,예인뷰티아카데미학원 ,전북 전주시 덕진구,"(54898) 전라북도 전주시 덕진구 기린대로 488 (덕진동1가) 예인빌딩 3,4,5층",127.1248064,35.84324904,
4326,아동양육시설계룡학사,충남 논산시,(32910) 충청남도 논산시 화악1길 27 계룡학사,127.2245394,36.24389407,
4327,효경의집,경남 고성군,(52912) 경상남도 고성군 남해안대로 3268-92 ,,,
4328,한국드라이베아링(주),충북 옥천군,(29041) 충청북도 옥천군 옥천농공길 53-21 한국드라이베아링,127.5828098,36.30545115,
4329,성우원,부산 연제구,(47584) 부산광역시 연제구 톳고개로 50 (톳고개로 48),129.1018314,35.18108198,
4330,(주)트래닛,경기 수원시 권선구,(16643) 경기도 수원시 권선구 서부로 1433-3 (주)트래닛 ,126.9813123,37.23712898,
4331,금오공업고등학교,경북 구미시,(39248) 경상북도 구미시 구미대로30길 59 ,,,
4332,(주)펄어비스,경기 과천시,"(13824) 경기도 과천시 과천대로2길 48(갈현동, 펄어비스 홈 원) 펄어비스 홈 원",126.9831388,37.40649412,
4333,수원농생명과학고등학교,경기 수원시 장안구,(16277) 경기도 수원시 장안구 광교산로 13 ,,,
4334,현대통신(주),서울 영등포구,(07433) 서울특별시 영등포구 여의대방로 107 7층,126.9182834,37.49773683,
4335,(주)KTE,부산 강서구,(46752) 부산광역시 강서구 녹산산업대로 95-12 (주)KTE,128.8309173,35.09233665,
4336,뚜쥬루개발(주),충남 천안시 동남구,(31206) 충청남도 천안시 동남구 풍세로 706 뚜쥬루개발(주),127.1396138,36.77288468,
4337,한세모빌리티주식회사,대구 달성군,(42981) 대구광역시 달성군 논공로 664 이래에이엠에스 주식회사,128.4533513,35.73558295,
4338,제주신용협동조합,제주 제주시,(63264) 제주특별자치도 제주시 일도일동 동문로 4 (일도일동),126.52695,33.51281175,
4339,이쌤컴퓨터학원,대전 서구,(35372) 대전광역시 서구 관저중로95번길 104 (관저동) 관저동 구봉타워2 502호,,,
4340,대호기계공업(주),전북 익산시,(54586) 전라북도 익산시 석암로3길 63-16 대호기계공업(주),127.0034253,35.95458664,
4341,에너지밸리IT교육센터,전남 나주시,(58323) 전라남도 나주시 도민길 46 새하빌딩 3층,126.7980857,35.02522873,
4342,제일약품주식회사,서울 서초구,(06543) 서울특별시 서초구 사평대로 343 제일약품 사옥 12층 ,127.0203888,37.50359526,
4343,(주)래트론,대전 대덕구,(34324) 대전광역시 대덕구 대덕대로1448번길 182 ,,,
4344,주식회사파라다이스세가사미,인천 중구,(22382) 인천광역시 중구 영종해안남로321번길 186 파라다이스 세가사미,126.4564389,37.436876,
4345,코리아아이티(IT)아카데미학원,서울 마포구,"(04100) 서울특별시 마포구 서강로 136 (노고산동 아이비타워) 2층,3층",126.9356479,37.55397872,
4346,부강이엔에스주식회사,충북 청주시 흥덕구,(28385) 충청북도 청주시 흥덕구 서부로1124번길 102-15 부강이엔에스(주),127.4295938,36.60605139,
4347,(주)에프에이모스트,서울 영등포구,"(07222) 서울특별시 영등포구 당산로49길 14(당산동6가, 우성빌딩) 우성빌딩",126.901658,37.53620646,
4348,(주)우리마트,경남 양산시,(50561) 경상남도 양산시 상북면 석계산단1길 114 (주)우리마트,,,
4349,(주)선엔지니어링종합건축사사무소,충북 청주시 상당구,(28544) 충청북도 청주시 상당구 사직대로361번길 91 ,,,
4350,(주)네오오토예산공장,충남 예산군,(32413) 충청남도 예산군 두루머리길 8 (주)네오오토,126.7522918,36.69002263,
4351,(주)태양정공,인천 남동구,(21696) 인천광역시 남동구 청능대로 296 ,,,
4352,(주)유니와이드,서울 구로구,(08389) 서울특별시 구로구 디지털로26길 5 (구로동 에이스하이엔드타워1차) 1404호,126.893451,37.48154359,
4353,쉴만한물가요양원,경기 부천시,(14582) 경기도 부천시 부흥로307번길 23 쉴만한물가,126.7765499,37.4955411,
4354,한마음장애인평생교육원,경기 파주시,(10878) 경기도 파주시 청석로 305 ,,,
4355,에스엠항공여행아카데미학원,서울 강서구,(07623) 서울특별시 강서구 공항대로 38-9 (공항동) 301호(3층일부),126.811959,37.5608081,
4356,(주)빌더스개발에이엠씨,강원 강릉시,(25460) 강원도 강릉시 해안로 468 골든튤립 스카이베이 경포 호텔 ,,,
4357,오면꽃예술학원,서울 강남구,(06134) 서울특별시 강남구 강남대로92길 13 (역삼동 Jerry's planet Building) 6층 일부(역삼동),127.0284734,37.49896268,
4358,아이티런교육학원,서울 강남구,(06266) 서울특별시 강남구 도곡동 강남대로44길 21 2층,127.0351061,37.48615793,
4359,주식회사유클리드소프트,대전 서구,"(35214) 대전광역시 서구 대덕대로317번길 20 458호 (월평동,선사엔조이빌딩)",127.3786057,36.36118427,
4360,영통에이원요양보호사교육원,경기 수원시 영통구,(16698) 경기도 수원시 영통구 영통로214번길 9 서린프라자 9층 902호,127.0575003,37.24646206,
4361,광명대한간호학원,경기 광명시,(14262) 경기도 광명시 오리로 973 광천빌딩 5층  광명대한간호학원,126.8549026,37.47898782,
4362,두드림컴퓨터아카데미,경기 용인시 기흥구,(17064) 경기도 용인시 기흥구 신구로12번길 32 (신갈동) 씨케이솔루션빌딩 3층,127.1126328,37.27457197,
4363,(주)항남,경남 창원시 성산구    ,(51540) 경상남도 창원시 성산구 창원대로1144번길 33 ,,,
4364,라인원격평생교육원,대구 수성구,"(42250) 대구광역시 수성구 알파시티1로31길 24-6 (대흥동) 2층, 4층, 5층 일부",128.6812695,35.83449199,
4365,(주)강촌레일파크,강원 춘천시,(24412) 강원도 춘천시 김유정로 1383 ,,,
4366,타일인기술학원,서울 은평구,(03432) 서울특별시 은평구 갈현로 57 (역촌동) 2층 타일인기술학원,126.9100901,37.6029207,
4367,신성에스앤티주식회사,대구 달성군,(42921) 대구광역시 달성군 세천로3길 10 신성에스앤티(주),128.4691009,35.87276451,
4368,(주)동서일렉,경남 창원시 성산구    ,(51540) 경상남도 창원시 성산구 창원대로1144번길 33 (주)동서일렉,128.7073424,35.19115296,
4369,(주)노아모드,서울 노원구,(01722) 서울특별시 노원구 중계로16가길 25 현우빌딩 1층,127.0824637,37.65055582,
4370,(주)비지에프리테일,서울 강남구,(06162) 서울특별시 강남구 테헤란로 405 (삼성동 BGF사옥) 11층,127.0498167,37.50520902,
4371,고려대학교세종캠퍼스(직장),세종 세종,(30019) 세종특별자치시  세종로 2511 ,,,
4372,한결요리제과제빵학원,경북 구미시,(39229) 경상북도 구미시 금오시장로2길 5 (원평동) 2층,,,
4373,패스트캠퍼스강남학원,서울 강남구,"(06241) 서울특별시 강남구 강남대로 364 미왕빌딩 10층, 11층",127.0292412,37.49548468,
4374,해군교육사령부,경남 창원시 진해구    ,(51686) 경상남도 창원시 진해구 진희로 111 해군교육사령부,128.6850133,35.14854936,
4375,K뷰티실용아카데미,경기 화성시,(18405) 경기도 화성시 효행로 1068 (병점동 리더스프라자) 308~310호,127.0436651,37.21458002,
4376,(재단법인)중앙종합직업전문학교,전남 목포시,(58603) 전라남도 목포시 대양로 417 (대양동) 1층,126.4175164,34.83034916,
4377,(주)화승코퍼레이션,부산 연제구,"(47540) 부산광역시 연제구 중앙대로 1079(연산동, 장천빌딩) 7,8층",129.0800843,35.18438574,
4378,유일직업교육학원,경남 창원시 마산합포구,(51732) 경상남도 창원시 마산합포구 중앙북6길 114 2층 유일직업교육학원,128.5678006,35.20103977,
4379,(주)동방디지텍,경기 김포시,(10048) 경기도 김포시 황금1로 92 (주)동방디지텍,126.6191952,37.61527145,
4380,한국에이이오진흥협회 평생교육원 ,서울 중구,"(04517) 서울특별시 중구 통일로 86 (순화동 바비엥3) 11층(일부), 한국AEO진흥협회",126.9695834,37.56309311,
4381,(주)미동소방학원,서울 영등포구,(07301) 서울특별시 영등포구 영등포로 194 (영등포동4가) 홍익금융프라자 6층 일부,126.9029763,37.51979016,
4382,동방실버타운요양원,경북 경산시,(38440) 경상북도 경산시 금호강변로 660 동방실버타운요양원,128.8072847,35.89821179,
4383,(주)경호엔지니어링종합건축사사무소,경기 구리시,(11940) 경기도 구리시 체육관로74번길 41 경호빌딩,127.1403382,37.59128157,
4384,주식회사케이엠에프(본점),충남 천안시 서북구,(31038) 충청남도 천안시 서북구 부송1길 39 ,,,
4385,빛사진학원,경기 고양시 일산동구,(10402) 경기도 고양시 일산동구 정발산로 43-20 717호,126.7733823,37.65826991,
4386,위례커피제과제빵학원,경기 성남시 수정구,"(13647) 경기도 성남시 수정구 창곡동 위례서일로 26(창곡동 559-6번지) 905호, 209호",127.1386255,37.46471272,
4387,행복한요양보호사교육원,경기 의정부시,(11652) 경기도 의정부시 신흥로 206 (의정부동 청홍빌딩) 2층,127.0438237,37.73437417,
4388,한국건설직업전문학교,서울 금천구,"(08583) 서울특별시 금천구 두산로 28 (독산동 삼양솔리브오피스텔) B01,B02,B03,B04호,2층전체",126.8909014,37.47024271,
4389,(주)영풍석포제련소,경북 봉화군,(36272) 경상북도 봉화군 승부길 16 ,,,
4390,춘천다사랑요양보호사교육원,강원 춘천시,(24387) 강원특별자치도 춘천시 석사동 후석로 44 (석사동) 2층,127.7418888,37.85817702,
4391,아트앤뷰티아카데미,인천 남동구,(21582) 인천광역시 남동구 선수촌공원로 1 구월테크노밸리 D동 3층 302~4호,126.7095889,37.43915373,
4392,경성대학교 IPP사업단,부산 남구,(48434) 부산광역시 남구 수영로 309 경성대학교,129.0997225,35.13742207,
4393,쿠쿠홈시스주식회사,경기 시흥시,(15117) 경기도 시흥시 엠티브이북로 349 ,,,
4394,쿠쿠전자주식회사/본사,경남 양산시,(50592) 경상남도 양산시 유산공단2길 14 쿠쿠전자,129.0306999,35.35272729,
4395,(주)일신이앤씨,강원 원주시,(26483) 강원도 원주시 천매봉길 36-22 백림빌딩 302호,127.9432432,37.32383048,
4396,로드에듀원격평생교육원,서울 영등포구,"(07255) 서울특별시 영등포구 선유로 146 314호, 1008호",126.8917337,37.52653754,
4397,(주)웰코스,강원 춘천시,(24427) 강원도 춘천시 퇴계공단1길 21-12 (주)웰코스,127.735753,37.8478728,
4398,김경묘요리학원,부산 부산진구,(47270) 부산광역시 부산진구 가야대로 517 (가야동) 윤정빌딩2층 김경묘 요리학원,129.0285119,35.15366503,
4399,한국교육인증원격평생교육원,서울 강서구,(07807) 서울특별시 강서구 마곡동 마곡중앙로 59-21(에이스타워Ⅱ) 705~706호,126.8242322,37.5588902,
4400,엠제이뷰티아카데미미용학원,충북 충주시,(27371) 충청북도 충주시 계명대로 218 2층,127.9387294,36.98214786,
4401,여천NCC(주),전남 여수시,(59612) 전라남도 여수시 여수산단3로 2 ,,,
4402,사하여성인력개발센터,부산 사하구,(49400) 부산광역시 사하구 낙동대로 319 사하여성인력개발센터,128.9821278,35.09958664,
4403,리더스법률인사총무학원,서울 강남구,(06129) 서울특별시 강남구 강남대로96길 19 (역삼동 영우빌딩) 5층,127.0286095,37.50001681,
4404,혜성요리전문학원,울산 남구,(44678) 울산광역시 남구 삼산로 31 성화빌딩5층,129.3114174,35.53357047,
4405,주식회사 썬에듀 평생교육원,광주 북구,(61156) 광주광역시 북구 탁영로15번길 23 (두암동) 2층,126.9341247,35.16754421,
4406,커피앤베이커리,경기 평택시,(17854) 경기도 평택시 비전5로 20-38  402호,127.1156402,36.99955115,
4407,(주)에스카테크,서울 강남구,(06097) 서울특별시 강남구 선릉로112길 12-2 (삼성동 호암빌딩) 203호,127.0446289,37.51101336,
4408,더나은요양보호사교육원,서울 강서구,(07803) 서울특별시 강서구 마곡동로4길 15 엠팰리체 402호,126.8352084,37.55975322,
4409,솔데스크강남학원,서울 강남구,"(06120) 서울특별시 강남구 봉은사로 119 (논현동 성옥빌딩) 4층 전체, 5층 일부",127.0267226,37.50526099,
4410,하이트진로(주),서울 강남구,(06075) 서울특별시 강남구 영동대로 714 4층 HR팀,127.0567387,37.52164915,
4411,솔더링기술그룹한국아이피씨(IPC)교육센터학원,서울 구로구,(08389) 서울특별시 구로구 디지털로30길 28 (구로동 마리오타워) 3층 303호 (주)솔더링기술그룹,126.8952593,37.4820408,
4412,모심과돌봄,인천 연수구,(21926) 인천광역시 연수구 청명로 34 로얄프라자 5층,126.6763356,37.41801917,
4413,마이스터커피바리스타전문학원,인천 연수구,(21995) 인천광역시 연수구 해돋이로 104 송도빌딩 5층 마이스터커피바리스타전문학원,126.6508397,37.39143849,
4414,움컴퓨터학원,인천 부평구,(21344) 인천광역시 부평구 길주로 633 301호,126.7330277,37.50736981,
4415,주식회사한국이러닝교육센터,서울 금천구,"(08513) 서울특별시 금천구 가산로9길 66 (가산동 더리즌밸리 지식산업센터) 10층 1011호, 1012호",126.8883945,37.47593461,
4416,스마트위드평생교육원,서울 구로구,(08389) 서울특별시 구로구 디지털로30길 28 (구로동 마리오타워) 1210호,126.8952593,37.4820408,
4417,주식회사 한국이러닝인재개발원,서울 송파구,"(05854) 서울특별시 송파구 법원로 114(문정동, 엠스테이트) C동 312호",127.1197363,37.48585227,
4418,넥스콘테크놀러지주식회사,충남 천안시 서북구,(31053) 충청남도 천안시 서북구 석문길 95 ,,,
4419,오토피아자동화학원,인천 미추홀구,(22136) 인천광역시 미추홀구 주안로 60-2 (주안동) 3층 전부 오토피아자동화학원,126.6763057,37.46389793,
4420,참조은요양보호사교육원,전남 순천시,(57967) 전라남도 순천시 이수로 304 (연향동) 4층,127.5177147,34.95257926,
4421,노블리즈뷰티아카데미미용학원,광주 동구,"(61482) 광주광역시 동구 금남로 226-22 2.3층,4층일부",126.915885,35.1490671,
4422,화순간호전문학원,전남 화순군,(58119) 전라남도 화순군 자치샘로 37 (화순읍) 3층 화순간호전문학원,126.9852327,35.06183346,
4423,한결요양보호사교육원,경기 의정부시,(11775) 경기도 의정부시 장곡로628번길 22 삼성플러스 402호 ,127.0723124,37.74974015,
4424,캐리어도배직업전문학교,대구 북구,"(41558) 대구광역시 북구 팔달로 209 (노원동2가) 2,3층",128.5731397,35.88831867,
4425,태광산업(주)석유화학1공장,울산 남구,(44781) 울산광역시 남구 신여천로 154 태광산업(주)석유화학1,129.3551957,35.52165934,
4426,새한솔루텍주식회사,충북 충주시,(27329) 충청북도 충주시 충주산단1로 108-16 새한솔루텍(주),127.9436449,37.00828413,
4427,(재)서강직업전문학교청량리캠퍼스,서울 동대문구,(02490) 서울특별시 동대문구 홍릉로 28 (청량리동 성일빌딩) 4층,127.0446347,37.58239847,
4428,새만금항공주식회사,전북 전주시 덕진구,(54830) 전라북도 전주시 덕진구 두간로 9 3층 새만금항공,127.1155842,35.86543764,
4429,한국직업전문학교 1캠퍼스,서울 구로구,(08390) 서울특별시 구로구 디지털로26길 111 (구로동 제이앤케이디지털타워) 303호,126.8964008,37.48232114,
4430,(주)코다코,충남 천안시 서북구,(31061) 충청남도 천안시 서북구 신대길 8 ,,,
4431,한국공학대학교산학협력단,경기 시흥시,(15073) 경기도 시흥시 산기대학로 237 한국산업기술대학교 산학협력단 ,126.7335597,37.34008193,
4432,현대컴퓨터직업전문학원,경기 평택시,(17885) 경기도 평택시 평택5로 84 (비전동) 4층 일부(비전동),127.1121712,36.99330097,
4433,(주)원익피앤이,경기 수원시 권선구,(16648) 경기도 수원시 권선구 산업로 185 (고색동) (주)원익피앤이,126.985041,37.24338277,
4434,서산간호조무사양성학원,충남 서산시,(31981) 충청남도 서산시 시장2로 20 (동문동) 8층,126.4571867,36.7827051,
4435,부천특수용접학원,경기 부천시,(14598) 경기도 부천시 송내대로73번길 42 (상동 반달빌딩) 7층 701호,126.7519942,37.49053605,
4436,선사진학원,서울 마포구,(04041) 서울특별시 마포구 와우산로 79 (서교동) 3층 일부(우측) (서교동),126.9230888,37.55151121,
4437,주식회사 드림캠퍼스,경남 진주시,"(52721) 경상남도 진주시 강남로 251(칠암동, 드림캠퍼스) 3층",128.08943,35.18826068,
4438,우수AMS(주),경남 창원시 성산구    ,(51567) 경상남도 창원시 성산구 월림로 62 우수AMS㈜,128.6389875,35.20734451,
4439,한국시니어요양보호사교육원,서울 중랑구,(02144) 서울특별시 중랑구 봉우재로 118 5층,127.0860702,37.59231435,
4440,흙바라기도예공방학원,인천 부평구,(21311) 인천광역시 부평구 마장로 466 (청천동) 2층 일부 202호,126.7047722,37.51961839,
4441,(주)태현테크원,경남 창원시 의창구    ,(51395) 경상남도 창원시 의창구 팔용로359번길 7 (주)태현테크원 ,128.6071593,35.24995653,
4442,신한발브공업(주),경기 화성시,(18255) 경기도 화성시 주석로 96-20 신한발브공업주식회사,126.8431936,37.21615532,
4443,사당간호학원,서울 동작구,(07024) 서울특별시 동작구 남부순환로 2053 (사당동) 3층,126.9767215,37.4768251,
4444,(사)CH부설제주직업전문학원,제주 제주시,(63178) 제주특별자치도 제주시 서사로 81 2층-3층,126.5201701,33.50492373,
4445,한국HRD훈련지원센터,부산 동래구,(47733) 부산광역시 동래구 온천동 중앙대로1335번길 63(원타워아파트) 상가 201호,129.0739182,35.20740746,
4446,(주)엘에스케이글로벌파마서비스,서울 중구,(04535) 서울특별시 중구 퇴계로 97 고려대연각빌딩 16층 LSK Global PS,126.9824756,37.56087061,
4447,인천검단보람요양보호사교육원,인천 서구,(22675) 인천광역시 서구 청마로7번길 15 3층,126.6721979,37.59310576,
4448,가송인테리어목공기술학원,서울 노원구,(01809) 서울특별시 노원구 공릉로58나길 9 2층,127.0733506,37.63588479,
4449,이레평생교육원,경기 안산시 상록구,"(15494) 경기도 안산시 상록구 양지편로 38 (이동 보은타운) 1층(일부), 7층",,,
4450,이솜패션기능학원,대구 서구,(41815) 대구광역시 서구 국채보상로 354 (비산동) 3층 이솜패션기능학원,128.569506,35.87193846,
4451,경대간호학원,대구 북구,(41520) 대구광역시 북구 검단로 3 (산격동) 4층 401호 경대간호학원,128.6147192,35.89801359,
4452,이젠아카데미컴퓨터학원,서울 송파구,(05718) 서울특별시 송파구 중대로 109 (가락동 대동빌딩) 801호 일부,127.120461,37.49374426,
4453,(주)푸드엔,부산 남구,(48532) 부산광역시 남구 석포로 112 (대연동) (주)푸드엔,129.0908374,35.12714023,
4454,아리요양보호사교육원,경기 용인시 기흥구,"(17006) 경기도 용인시 기흥구 동백4로 12 (중동) 301호,302호,303호",,,
4455,(주)케이씨아이,경기 안양시 동안구,(14057) 경기도 안양시 동안구 시민대로 401 712호,126.9746148,37.3970228,
4456,하랑에듀평생교육원,세종 세종,(30127) 세종특별자치시  나성동 한누리대로 273(새롬씨티) 5층 501호,127.2564484,36.48841557,
4457,한국원격에듀,서울 영등포구,(07255) 서울특별시 영등포구 선유동1로 33 (양평동3가) 지층,126.8919281,37.52509614,
4458,하남요양보호사교육원,경기 하남시,(12966) 경기도 하남시 하남대로 853 (덕풍동) 2층,,,
4459,대전교통공사,대전 유성구,(34063) 대전광역시 유성구 북유성대로400번길 1 외삼차량기지,127.308033,36.40376689,
4460,엠아카데미컴퓨터아트학원,부산 부산진구,"(47296) 부산광역시 부산진구 부전동 중앙대로 668(에이원플라자) 14층 (1405~1408호,1412~1414호)",129.0594547,35.15238662,
4461,고창성모간호학원,전북 고창군,(56433) 전라북도 고창군 보릿골로 124 (고창읍 고창농협) 3층(301호)제외,126.695698,35.43634535,
4462,종로아바CS평생교육원,서울 종로구,(03189) 서울특별시 종로구 종로10길 21 (관철동) 2 . 4 층 (한밭빌딩),,,
4463,국제건축기술평생교육원,경기 수원시 권선구,(16591) 경기도 수원시 권선구 덕영대로 973 3층,127.0034795,37.26215259,
4464,주식회사한국농식품안전관리원,경남 진주시,(52840) 경상남도 진주시 월아산로950번길 25-25 ,,,
4465,주식회사스타비젼,서울 강동구,(05391) 서울특별시 강동구 성내동 올림픽로 560(스타비젼 사옥) 스타비젼,127.1212442,37.53154539,
4466,주식회사한유에너지,서울 관악구,(08742) 서울특별시 관악구 남부순환로 1883 한유빌딩 3층,126.9590838,37.47927059,
4467,이든에듀원격평생교육원,서울 금천구,"(08513) 서울특별시 금천구 디지털로 178 A동 326호(가산동, 가산퍼블릭)",126.8867837,37.47593895,
4468,해남YMCA평생교육원,전남 해남군,(59029) 전라남도 해남군 군청길 7 해남YMCA,126.5983131,34.57244341,
4469,(주)바디프랜드,서울 강남구,(06302) 서울특별시 강남구 양재천로 163 강남고용노동지청,127.0439904,37.48107356,
4470,뉴패션디자인학원,광주 남구,(61722) 광주광역시 남구 서문대로 773-2 4층,126.8971512,35.12843506,
4471,대전커피문화식음료학원,대전 중구,(34828) 대전광역시 중구 동서대로1321번길 4 (용두동) 3층,127.4060727,36.32927469,
4472,한림디자인고등학교(C),충북 충주시,(27371) 충청북도 충주시 야현1길 21 한림디자인고등학교,127.9386499,36.98023829,
4473,상인목공기술학원,대구 달성군,(42952) 대구광역시 달성군 비슬로 2697 (화원읍) 2층,128.5101504,35.80874355,
4474,서울매그넷고등학교(과정평가형),서울 금천구,(08656) 서울특별시 금천구 시흥동 탑골로10길 45(학교법인동일학원교사) 서울매그넷고등학교,126.9163128,37.45121694,
4475,(주)JVM,대구 달서구,(42709) 대구광역시 달서구 호산동로 121 (주)제이브이엠,128.4843435,35.84640814,
4476,(주)나래나노텍,경기 용인시 처인구,(17134) 경기도 용인시 처인구 백옥대로 250 (주)나래나노텍,127.2086306,37.15936386,
4477,강승희제과제빵커피학원,경기 화성시,"(18455) 경기도 화성시 동탄문화센터로 61 (반송동 아시아 프라자) 201호, 210호, 202호",127.0720305,37.1994114,
4478,하라스페셜티커피학원,부산 사상구,(47009) 부산광역시 사상구 냉정로 110 5층,129.0119007,35.14924664,
4479,에뜨왈플라워디자인학원,세종 세종,(30100) 세종특별자치시  보듬3로 100 506호,127.2484204,36.51188913,
4480,은평예일간호학원,서울 은평구,(03398) 서울특별시 은평구 서오릉로 131 (역촌동 구산빌딩) 4층 전부,126.917918,37.61046777,
4481,대성간호학원,경기 부천시,(14578) 경기도 부천시 부천로 85 (심곡동) 4층 일부 (심곡동),126.7841258,37.49184329,
4482,투썸플레이스주식회사,서울 중구,(04548) 서울특별시 중구 을지로 170 (을지로4가) 을지트윈타워 동관 8층 투썸플레이스,,,
4483,동인직업전문학교,전북 전주시 덕진구,"(54898) 전북특별자치도 전주시 덕진구 기린대로 452(덕진동1가, 세종직업전문학교) 5층 동인직업전문학교",127.1279467,35.8411369,
4484,현대캐드컴퓨터학원,대구 동구,(41026) 대구광역시 동구 팔공로51길 15-5 (봉무동) 402호,128.6398272,35.92223845,
4485,FnC아카데미교육원,대구 달서구,"(42809) 대구광역시 달서구 월곡로 260 (상인동) , 상인프라자 7층 일부",128.5392322,35.81780136,
4486,(사단법인)숲생태지도자협회,서울 성동구,(04778) 서울특별시 성동구 왕십리로8길 4 (성수동1가) 3층 (유현빌딩),127.0449654,37.54636803,
4487,일곡직업전문학원,광주 북구,(61041) 광주광역시 북구 설죽로 518 삼영빌딩 4층 일부,126.8982044,35.20561831,
4488,에이스애견미용학원,경기 의정부시,(11652) 경기도 의정부시 신흥로 196 (의정부동 도림빌딩) 6층 601호,127.0437325,37.73351829,
4489,엘로드에듀,서울 강동구,(05392) 서울특별시 강동구 성내동 풍성로 98 3층,127.1228749,37.53240334,
4490,SBS아카데미컴퓨터아트학원 수원점,경기 수원시 팔달구,(16491) 경기도 수원시 팔달구 효원로 288 대원콤비프라자 8층 801호 SBS아카데미컴퓨터아트학원 수원지점,127.0329469,37.26074317,
4491,중앙요리학원,강원 춘천시,"(24354) 강원도 춘천시 중앙로 77 (중앙로2가) 2층, 3층",127.7257476,37.87853887,
4492,용인대학교,경기 용인시 처인구,(17092) 경기도 용인시 처인구 용인대학로 134 (삼가동 용인대학교) 종합체육관 2층 국비지원센터(13202호),,,
4493,새부산컴퓨터학원,부산 부산진구,(47213) 부산광역시 부산진구 중앙대로 895 (양정동) 4층 일부,129.0689546,35.17052729,
4494,고강철뷰티아카데미학원,대전 동구,(34628) 대전광역시 동구 대전로797번길 41 (중동) 2~3층,127.4308222,36.3297744,
4495,윈스펙원격평생교육원,서울 강남구,(06242) 서울특별시 강남구 역삼로3길 17 (역삼동) 혜진빌딩 7층,127.0311293,37.49460127,
4496,스타토리뷰티아카데미미용학원,강원 원주시,"(26392) 강원특별자치도 원주시 무실동 능라동길 51(시네시티타워) 8층,  812~816호",127.9300766,37.3348003,
4497,나노종합기술원,대전 유성구,(34141) 대전광역시 유성구 대학로 291 나노종합기술원,127.3642025,36.36908682,
4498,구미전자공업고등학교,경북 구미시,(39387) 경상북도 구미시 임수로 48 구미전자공업고등학교,128.4051803,36.11568172,
4499,한국이러닝교육원,경기 하남시,(12913) 경기도 하남시 미사강변동로 79 (망월동 미사역타워) 1201호,127.1927893,37.56198104,
4500,아이씨에이일반고특화컴퓨터학원,경기 고양시 일산동구,(10447) 경기도 고양시 일산동구 중앙로 1068 (백석동 리더스프라자) 2층일부(201호),126.7861027,37.64485152,
4501,미래써모텍,대구 달서구,(42722) 대구광역시 달서구 성서로36안길 21-10 미래써모텍,128.5193987,35.83374224,
4502,육군종합행정학교,충북 영동군,(29156) 충청북도 영동군 양정죽촌로 730 양정죽촌로 70 종합행정학교,127.8113222,36.11897152,
4503,한국ICT인재개발원,서울 마포구,"(04108) 서울특별시 마포구 백범로 23 (신수동 거구장) 3층일부, B1 7호(상담실,휴게실),9호(4강의실,5강의실)",126.9377202,37.55247524,
4504,동일공업고등학교,경기 평택시,(17873) 경기도 평택시 중앙로 315 ,,,
4505,이화간호학원,경기 의정부시,(11686) 경기도 의정부시 의정부동 평화로 635(미림프라자) 7층 701호,127.0449549,37.74881609,
4506,이음목공학원,경기 오산시,(18148) 경기도 오산시 동부대로568번길 57 (부산동) 가동 1층 일부,127.0861936,37.15227776,
4507,3D프린팅아이티(IT)교육학원,대구 북구,(41462) 대구광역시 북구 칠곡중앙대로 302 (태전동) 4층,128.5473136,35.92242806,
4508,주식회사 엘캠퍼스,서울 금천구,(08507) 서울특별시 금천구 가산동 가산디지털1로 168(우림라이온스밸리) B동 9층 911호,126.8824301,37.48004623,
4509,한국승강기대학교,경남 거창군,(50141) 경상남도 거창군 운정1길 120 한국승강기대학교 승강기공학부,127.8962127,35.67524705,
4510,경희요양보호사교육원,충북 충주시,(27344) 충청북도 충주시 갱고개로 214 현대빌딩 4층,127.9391739,36.99001042,
4511,숭실창의인재개발원,서울 동작구,(07027) 서울특별시 동작구 상도동 사당로 4 모은빌딩 3층-4층,126.9549199,37.49539256,
4512,김포간호학원부설요양보호사교육원,경기 김포시,(10064) 경기도 김포시 석모로16번길 20 (양촌읍) 석모로16번길 20  나동 1층,126.6499162,37.65265841,
4513,서부간호학원,서울 은평구,(03457) 서울특별시 은평구 응암로 229 4층,126.9174517,37.59233977,
4514,여주탑간호학원,경기 여주시,(12618) 경기도 여주시 청심로 14 (하동) 2층,127.6226711,37.30004889,
4515,원라인에듀 원격평생교육시설,서울 마포구,"(04070) 서울특별시 마포구 양화로 26(합정동, KCC엠파이어리버) 지하 1층 일부(B102호 일부, B103호)(합정동)",,,
4516,울산컴퓨터학원,울산 남구,(44611) 울산광역시 남구 대학로84번길 5-14 3층,129.2606473,35.5427407,
4517,(재단법인)전북바이오융합산업진흥원,전북 전주시 덕진구,(54810) 전라북도 전주시 덕진구 원장동길 111-18 ,,,
4518,ANC승무원평생교육원,서울 강남구,"(06043) 서울특별시 강남구 강남대로 584 (논현동 성일빌딩) 지하1층 일부, 2층 일부(논현동)",127.0207984,37.5137674,
4519,JB플로라꽃예술학원,전북 전주시 덕진구,(54939) 전라북도 전주시 덕진구 안덕원로 49 (진북동 JB플로라꽃예술학원) <2층일부>,127.135529,35.82802465,
4520,한국연합드론전문교육원,경남 양산시,"(50529) 경상남도 양산시 삼호2길 32 (삼호동) 화진빌딩 1층, 4층(실습장1 울산시 울주군 웅촌면 새초천길12-1 웅촌운동장, 실습장2 울산시 울주군 온양읍 내광리 504-1 내광실습장)",,,
4521,간석마스터커피학원,인천 남동구,(21510) 인천광역시 남동구 백범로 370 4층,126.7100596,37.46623888,
4522,중앙애견미용학원,서울 중랑구,(02220) 서울특별시 중랑구 면목로 377 2층,127.0881007,37.58564566,
4523,엔젤간호학원,경남 양산시,"(50556) 경상남도 양산시 덕계동 덕계로 17(조은약국) 5층 502호, 7층 701호",129.1478238,35.36995251,
4524,하나간호학원,광주 광산구,(62225) 광주광역시 광산구 장신로 82 (장덕동) 5층 일부,126.8187202,35.19037197,
4525,(주)도심엔지니어링종합건축사사무소,경기 안양시 동안구,(14067) 경기도 안양시 동안구 평촌대로212번길 55 4층,126.9589201,37.39186423,
4526,풀무원아이엔주식회사,서울 강남구,(06367) 서울특별시 강남구 수서동 광평로 280(로즈데일오피스텔) 4층,127.1030948,37.48723706,
4527,파주제일간호학원,경기 파주시,(10929) 경기도 파주시 문화로 94 4층,126.7751258,37.76258632,
4528,한국노인평생교육개발원,강원 원주시,"(26491) 강원도 원주시 단구로 413 (단구동 현진에버빌5차) 201호,202호,203호,302호,303호",127.9558025,37.31955843,
4529,경희커피바리스타제과직업전문학교,서울 영등포구,"(07302) 서울특별시 영등포구 영등포로 234 (영등포동3가 여의도 포레스트 시티) 3층 301,302,303,304호",,,
4530,다솜애견전문학원,부산 연제구,"(47540) 부산광역시 연제구 중앙대로 1099 5층 일부 (연산동, 해암빌딩)",129.0807804,35.18586068,
4531,바른뷰티평생교육원,부산 부산진구,(47297) 부산광역시 부산진구 동천로 62 흥국생명빌딩 4층,129.0625959,35.1542527,
4532,부천인테리어기술학원,경기 부천시,(14643) 경기도 부천시 부일로 496 (심곡동) 정주빌딩 2층,126.7851062,37.48520478,
4533,모두의러닝,서울 금천구,(08592) 서울특별시 금천구 가산디지털1로 75-15 (가산동 가산 하우스디 와이즈타워) 6층 621-625호,126.8840365,37.47226325,
4534,(주)중앙교육,경기 안양시 만안구,(14092) 경기도 안양시 만안구 문예로 35 익성빌딩 3층 ,126.9315416,37.38560688,
4535,스마트클래스 원격평생교육원,서울 금천구,"(08502) 서울특별시 금천구 가산디지털1로 196(가산동, 에이스테크노타워10차) 1301-1호",,,
4536,에듀에이평생교육원,광주 북구,(61250) 광주광역시 북구 중흥로 71 3층 (신안동),126.9021868,35.16426801,
4537,다솜요양보호사교육원,전남 순천시,"(57939) 전라남도 순천시 중앙로 146-1(매곡동, 마이더스입시학원) 2층",127.4845245,34.95869836,
4538,알아에듀 평생교육원,서울 금천구,"(08506) 서울특별시 금천구 가산디지털1로 145 1603호 가산동, 에이스하이엔드타워 3차",126.8816531,37.47807225,
4539,(주)플라이존드론,경기 안산시 단원구,(15402) 경기도 안산시 단원구 신길동 신길로1길 92 501호 / 시흥 실기교육장 - 경기도 시흥시 정왕동 2640,126.7867743,37.33038212,
4540,하남공조에너지온수온돌학원,경기 하남시,(12944) 경기도 하남시 대청로 119-1 (창우동 부영아파트상가동) 405호 일부,127.225277,37.54067913,
4541,뷰티풀드림학습센터미용학원,서울 구로구,(08280) 서울특별시 구로구 구로중앙로 135-1 (구로동 청자빌딩) 5층 일부,126.8834506,37.49948171,
4542,(주)테키스트,경기 안성시,(17553) 경기도 안성시 지문로 51-12 ,,,
4543,하이미디어아이티컴퓨터학원,서울 영등포구,"(07301) 서울특별시 영등포구 영등포동4가 영등포로 208 6층,7층 일부",126.904317,37.51973301,
4544,한국종합교육원,서울 강남구,(06057) 서울특별시 강남구 논현동 언주로146길 18(동현아파트) 동현상가 2층,127.0365456,37.51928703,
4545,(주)에프엠코리아스,경기 용인시 기흥구,"(17095) 경기도 용인시 기흥구 중부대로 184 (영덕동) A동 1609호,1610호(영덕동,힉스유타워)",127.0904144,37.2688239,
4546,경산중앙요양보호사교육원,경북 경산시,(38677) 경상북도 경산시 경산로 130 ,,,
4547,신대한요양보호사교육원,경기 남양주시,(12217) 경기도 남양주시 경춘로 1299 3층,127.236639,37.64989159,
4548,이현희요리학원,경기 수원시 팔달구,(16457) 경기도 수원시 팔달구 매산로 81 (매산로3가) 해성빌딩 4층,127.0097593,37.2699553,
4549,케어더봄요양보호사교육원,서울 서초구,"(06691) 서울특별시 서초구 동작대로 38(방배동, 우림빌딩) 5층",126.9821133,37.47973639,
4550,효자손요양보호사교육원,충남 예산군,(32416) 충청남도 예산군 삽교읍 예학로 81 403호,126.6768055,36.66472577,
4551,패밀리요양보호사교육원,강원 원주시,"(26441) 강원도 원주시 치악로 1803 (명륜동 남부시장) 67~71호, S20호 일부",127.9547162,37.34255132,
4552,주식회사에이플러스알에프,인천 남동구,(21688) 인천광역시 남동구 호구포로 50 엘아이센타 504호,126.7007506,37.38902669,
4553,중앙미용학원,전북 익산시,(54662) 전라북도 익산시 익산대로 171 중앙미용학원 2층,126.9475798,35.94156014,
4554,휴먼IT교육센터_국비지원무료교육,서울 영등포구,"(07302) 서울특별시 영등포구 영등포동3가 영중로8길 6(성남빌딩) B동 4층 일부, 6층 일부",126.9065641,37.5182074,
4555,(사)한국평생교육HRD진흥협회,전북 전주시 덕진구,(54871) 전라북도 전주시 덕진구 오공로 49 (중동) 403호,,,
4556,종로탑간호학원,서울 종로구,(03192) 서울특별시 종로구 돈화문로 15 일청빌딩 5층,126.9919474,37.56986368,
4557,삼송요양보호사교육원,경기 고양시 덕양구,"(10568) 경기도 고양시 덕양구 통일로 345 (신원동 유창 프라자) 601,602,605호",126.8904167,37.66505265,
4558,경진고등학교,경남 진주시,(52655) 경상남도 진주시 의병로71번길 3-21 ,,,
4559,(주)에쎈테크군산공장,전북 군산시,(54001) 전라북도 군산시 자유무역2길 15 ,,,
4560,세움에듀원격평생교육원,경남 진주시,"(52818) 경상남도 진주시 범골로54번길 30-9 (충무공동) 드림IT밸리 B동 708,709,710,715호(충무공동)",128.1327033,35.16687403,
4561,으뜸요양보호사교육원,서울 구로구,(08277) 서울특별시 구로구 개봉로 128 (개봉동) 2층 5층,126.8567329,37.49698296,
4562,(주)포롤텍,경북 포항시 남구,"(37771) 경상북도 포항시 남구 중흥로58번길 24 B-402호(상도동,재승트윈빌딩)",129.3512101,36.01015051,
4563,(주)케이씨텍,경기 안성시,(17599) 경기도 안성시 제2공단3길 30 케이씨텍 2공장,127.2596838,36.97894476,
4564,목포천사간호학원,전남 목포시,(58722) 전라남도 목포시 청호로 35 (대성동) 대성빌딩 3층,126.3839662,34.79694015,
4565,광주인재개발원,광주 서구,(61917) 광주광역시 서구 무진대로 969 (광천동) 5층 일부,126.8866596,35.16140585,
4566,도예수공원학원,부산 북구,(46567) 부산광역시 북구 의성로 111 2층 ,129.0110095,35.21071137,
4567,KD아카데미컴퓨터학원 김포점,경기 김포시,"(10083) 경기도 김포시 김포한강4로 125 (장기동 월드타워) 802호~803호, 1001호~1003호",126.6669388,37.64462645,
4568,유한회사러닝버스,전북 전주시 완산구,"(55011) 전북특별자치도 전주시 완산구 중노송동 아중로 33(전주정보문화산업진흥원) C동 2층 205호(중노송동, 전주정보문화산업진흥원)",127.1538907,35.82319032,
4569,부천커피요리제빵평생교육원,경기 부천시,(14542) 경기도 부천시 송내대로265번길 23 6층  일부,126.7574931,37.5067294,
4570,진해간호요양보호사교육원,경남 창원시 진해구    ,"(51586) 경상남도 창원시 진해구 진해대로 757 (석동 화남빌딩) 502호, 503-1호",128.6984322,35.1596365,
4571,더인에듀학원,서울 강남구,(06120) 서울특별시 강남구 봉은사로 121 (논현동 대종빌딩) 5층,127.0269375,37.50532401,
4572,한국중앙인재개발원 원격평생교육시설,서울 강남구,(06231) 서울특별시 강남구 논현로64길 4 (역삼동) 메다잉스401 2층 202호,127.0407405,37.49337323,
4573,효요양보호사교육원,인천 중구,(22329) 인천광역시 중구 도원로14번길 1 (선화동) 3층+1층,126.6368365,37.46581851,
4574,엔코아플레이데이터평생교육원,서울 금천구,"(08594) 서울특별시 금천구 가산디지털1로 25 (가산동 대륭테크노타운17차) 1801, 1802, 1803, 1804, 1805",126.886677,37.46807624,
4575,엠비씨(MBC)아카데미 컴퓨터국비지원교육센터,서울 관악구,"(08754) 서울특별시 관악구 남부순환로 1633 7층 일부, 8층 일부 / 서울시 관악구 신림로 340 르네상스쇼핑몰 6층 일부 / [03164] 서울특별시 종로구 종로 69(종로2가, 서울 YMCA) 424호,425호(K-Digital Training 특화훈련)",,,
4576,순천요리학원,전남 순천시,(57966) 전라남도 순천시 충효로 119 (조례동) 2층,127.5152102,34.94947111,
4577,바른법률에이치알(HR)학원,서울 강남구,(06182) 서울특별시 강남구 영동대로85길 9 서전빌딩 4층 (대치동),127.0628582,37.50715827,
4578,하이미디어아카데미 평생교육원,경기 김포시,(10110) 경기도 김포시 사우중로 48 (사우동 드림월드프라자) 7층 702호,126.7193607,37.61910444,
4579,크라비커피바리스타학원,인천 연수구,"(21972) 인천광역시 연수구 앵고개로 250 (동춘동 연수메디칼빌딩) 7층(703,704,706호)",126.6713634,37.40815738,
4580,한국기업교육진흥평생교육원,경기 광명시,(14348) 경기도 광명시 새빛공원로 67 (일직동) 광명역자이타워B동2306호,,,
4581,(주)신한디에스,서울 중구,(04540) 서울특별시 중구 남대문로10길 29 16층 교육장,126.9841942,37.56775441,
4582,경기직업전문학원,경기 화성시,"(18411) 경기도 화성시 경기대로 1014 (병점동 병점프라자) 501, 602호.",127.0369243,37.20638271,
4583,한국무인항공(주)교육원,경남 창원시 성산구    ,(51430) 경상남도 창원시 성산구 중앙대로 263 (용호동 오피스프라자) 1실기비행장:경상남도 창원시 의창구 정렬대로1115 북면공설운동장 /2실기비행장:경상남도 창원시 의창구 북면 내곡리 산8,,,
4584,광주애견미용학원,광주 북구,(61246) 광주광역시 북구 금재로1번길 26-14 1층,126.9049591,35.15906951,
4585,장안대학교,경기 화성시,(18331) 경기도 화성시 삼천병마로 1182 장안대학교 대학본부 및 학술정보관,126.946148,37.21207758,
4586,주식회사와이씨,경기 성남시 분당구,(13486) 경기도 성남시 분당구 판교로255번길 28 DHK솔루션 빌딩 7층 와이아이케이(주),127.1006021,37.40505884,
4587,아름다운은빛요양보호사교육원,서울 강서구,(07592) 서울특별시 강서구 양천로26길 18 정곡빌딩 205,126.8176223,37.57275513,
4588,신 주거문화평생교육원,서울 금천구,"(08513) 서울특별시 금천구 벚꽃로 244(가산동, 벽산디지털밸리5차) 1307호",,,
4589,유니크마이스터학원,경기 성남시 수정구,(13446) 경기도 성남시 수정구 사송로66번길 7 (사송동) 1층 전체 (사송동),127.111877,37.41488798,
4590,롯데건설(주),서울 서초구,(06515) 서울특별시 서초구 잠원로14길 29 4층 인사팀,127.014974,37.51821002,
4591,넷마블몬스터주식회사,서울 구로구,"(08393) 서울특별시 구로구 디지털로26길 38 (구로동 G-Tower) 22, 23층",126.895172,37.47982427,
4592,(주)아이에스시,경기 성남시 수정구,"(13453) 경기도 성남시 수정구 금토로40번길 26(금토동, 세미플렉스타워) 아이에스시",,,
4593,(사단법인)경북경영자총협회,경북 구미시,(39372) 경상북도 구미시 1공단로 135 경북경영자총협회,128.3779041,36.10231883,
4594,사단법인부천지역노사발전협의회,경기 부천시,(14551) 경기도 부천시 계남로 336 ,,,
4595,서울정보처리학원,경기 군포시,(15865) 경기도 군포시 광정로 70 유공빌딩 7층 서울정보처리학원,126.9302909,37.35950379,
4596,엘에스오토모티브테크놀로지스주식회사,경기 안양시 동안구,(14067) 경기도 안양시 동안구 시민대로 260 (관양동 안양금융센터 A.F.C) 20층,126.9594274,37.39346821,
4597,(주)에이텍에이피,경기 성남시 분당구,(13488) 경기도 성남시 분당구 판교로 289 9층,127.106044,37.40355855,
4598,여기 HRD,서울 영등포구,(07319) 서울특별시 영등포구 여의대방로62길 2 (신길동 봉덕빌딩) 6층,126.9266467,37.51373514,
4599,소상공인 평생교육원,서울 중구,(04547) 서울특별시 중구 동호로33길 24 (오장동 센트마상가) 4층 일부,127.0014105,37.56562055,
4600,경북기계명장고등학교,경북 칠곡군,(39864) 경상북도 칠곡군 신동로 99 경북기계명장고등학교,128.483788,35.95805746,
4601,뚜쥬루제과점,충남 천안시 서북구,(31142) 충청남도 천안시 서북구 성정동 백석로 270(뚜쥬루제과) 뚜쥬루제과(주),127.1395934,36.81812895,
4602,상일미디어고등학교,서울 강동구,(05282) 서울특별시 강동구 천호대로219길 61 상일미디어고등학교,127.1699538,37.54878912,
4603,전주기전대학 산학협력단,전북 전주시 완산구,(54989) 전라북도 전주시 완산구 전주천서로 267 본관 315호,127.1354782,35.81747109,
4604,티디케이한국(주),경기 평택시,(17812) 경기도 평택시 현곡산단로 104 TDK한국(주),126.9471332,37.03634612,
4605,한양공업고등학교,서울 중구,(04566) 서울특별시 중구 을지로 299 한양공업고등학교,127.0116086,37.56542202,
4606,수성대학교산학협력단,대구 수성구,(42078) 대구광역시 수성구 달구벌대로528길 15 (만촌동 수성대학교) 산학협력단,128.6468342,35.85393678,
4607,(주)선진엔지니어링종합건축사사무소,경기 과천시,"(13840) 경기도 과천시 과천대로7길 20 (갈현동 과천 스마트케이 업무시설) 과천스마트케이 B타워 5층, 6층",126.9786975,37.4141879,
4608,(사)경기산학융합원,경기 시흥시,(15073) 경기도 시흥시 산기대학로 237 산학융합관 235호 ,126.7335597,37.34008193,
4609,(사)한국기술사업화진흥협회 대구평생교육원,대구 달서구,(42620) 대구광역시 달서구 이곡동로 23 성서타임스퀘어 502호,128.5099811,35.85420862,
4610,주식회사유알피,서울 강서구,(07551) 서울특별시 강서구 양천로 570 (등촌동 NH서울축산농협 NH서울타워) 5층,126.8618452,37.55661658,
4611,(사단법인)경기경영자총협회,경기 수원시 권선구,(16571) 경기도 수원시 권선구 효원로230번길 10 (권선동) 중앙빌딩 신관 3층,127.0263414,37.26234849,
4612,한국노총경상북도지역본부,대구 북구,(41568) 대구광역시 북구 대현로 45 4층,128.604998,35.8849602,
4613,한국폴리텍6대학산학협력단영주지소,경북 영주시,(36142) 경상북도 영주시 가흥로12번길 16-8 가흥로 2 한국폴리텍대학 영주캠퍼스,128.6016659,36.80081958,
4614,재단법인대전정보문화산업진흥원,대전 유성구,(34126) 대전광역시 유성구 대덕대로512번길 20 대전정보문화산업진흥원,127.3842663,36.3772971,
4615,위덕대학교산학협력단,경북 경주시,(38004) 경상북도 경주시 동해대로 261 산학협력단/성취관,129.282799,36.01282251,
4616,케이카 주식회사,서울 영등포구,(07210) 서울특별시 영등포구 선유로43길 27 3층,126.8924812,37.53359297,
4617,사단법인전남고용노동연구원,전남 나주시,(58325) 전라남도 나주시 그린로 369 3층 (사)전남고용노동연구원,126.7938929,35.0193627,
4618,우석대학교,전북 완주군,(55338) 전북특별자치도 완주군 삼례읍 삼례로 443(우석대학교) .,127.0661517,35.91229318,
4619,광주여자대학교산학협력단,광주 광산구,(62396) 광주광역시 광산구 여대길 201 어등관 1층 산학협력단,,,
4620,한국광산업진흥회,광주 북구,(61007) 광주광역시 북구 첨단벤처로108번길 9 별관 한국광산업진흥회,126.8601838,35.2317814,
4621,부산대학교산학협력단,부산 금정구,(46241) 부산광역시 금정구 부산대학로63번길 2 산학협동관 10층,129.0803679,35.23343899,
4622,성일정보고등학교,경기 성남시 중원구,(13370) 경기도 성남시 중원구 시민로77번길 10 성일정보고등학교,127.1450442,37.43397206,
4623,사)부산정보기술협회,부산 남구,"(48508) 부산광역시 남구 수영로 312(대연동, 21 센츄리시티 오피스텔) 834호",129.1009174,35.13739237,
4624,금호미용예술학교 부설 평생교육원,광주 북구,(61269) 광주광역시 북구 동운로 167-5 금호미용예술학교,126.8680999,35.17451023,
4625,이앤밸류(주),서울 강남구,(06349) 서울특별시 강남구 밤고개로1길 10 (수서동 수서현대벤쳐빌) 1523호,127.1017954,37.48793193,
4626,(주)건화,경기 안양시 동안구,(14059) 경기도 안양시 동안구 흥안대로427번길 38 ,,,
4627,(주)수민기업,경기 시흥시,"(15117) 경기도 시흥시 엠티브이25로58번길 13(정왕동, 태광기연) (주)수민기업",,,
4628,토다이수주식회사,강원 원주시,(26362) 강원도 원주시 문막공단길 236 토다이수주식회사,127.8081243,37.29791433,
4629,충남용접전문학원,충남 서산시,(31904) 충청남도 서산시 반곡길 4-2 (대산읍) 충남용접전문학원,126.4320367,36.98923052,
4630,주식회사쓰임받는사람들,대전 서구,(35309) 대전광역시 서구 도산로452번길 24 쓰임받는사람들,127.399386,36.34160696,
4631,금정코리아(주)(GEUMJEONGKOREA),경북 경주시,(38032) 경상북도 경주시 강동면 모서별봉길 59-5(명신정밀) 금정코리아(주)(GEUMJEONGKOREA),,,
4632,전기공사공제조합,서울 강남구,(06043) 서울특별시 강남구 강남대로 574 ,,,
4633,부원고등학교,경기 이천시,(17421) 경기도 이천시 서동대로 8857 ,,,
4634,동강대학교산학협력단,광주 북구,(61200) 광주광역시 북구 동문대로 50 동강대학교 ,126.9246824,35.17009831,
4635,수레 요양보호사 교육원,경기 고양시 일산동구,(10402) 경기도 고양시 일산동구 정발산로 11 (장항동 일호골든타워) 701호,126.7699657,37.65638019,
4636,통영제과제빵커피전문학원,경남 통영시,"(53043) 경상남도 통영시 무전8길 37 (무전동) 2층, 3층 통영제과제빵커피전문학원",,,
4637,수원대학교,경기 화성시,(18323) 경기도 화성시 와우안길 17 ,,,
4638,한국방송예술교육진흥원 평생교육시설,서울 서대문구,"(03767) 서울특별시 서대문구 대현동 신촌로 197(한국방송예술진흥원) B1,3층,5~7층,신촌로197(대현동(67-15),  B1~6층",126.9479471,37.55717457,
4639,라인직업전문학원,경남 김해시,"(50862) 경상남도 김해시 장등로 15 (진영읍) 501호, 502호",,,
4640,학교법인홍익학원,세종 세종,(30016) 세종특별자치시  세종로 2639 C동 406호,127.2863067,36.62140091,
4641,온양간호학원,충남 아산시,"(31570) 충청남도 아산시 중앙로 55 (온천동) 4층,5층",127.0032965,36.77971251,
4642,조선대학교산학협력단,광주 동구,(61452) 광주광역시 동구 필문대로 309 ,,,
4643,(주)동아지질,부산 금정구,(46235) 부산광역시 금정구 금샘로 347 ,,,
4644,(재)광주그린카진흥원,광주 광산구,(62405) 광주광역시 광산구 삼거동 빛동10로 22 광주그린카진흥원,126.6762041,35.16851134,
4645,한국산업로프협회,경기 용인시 처인구,(17022) 경기도 용인시 처인구 포곡읍 양지촌로 17-2 한국산업로프협회,,,
4646,베데스다요양원,광주 서구,(62071) 광주광역시 서구 회재유통길 64 베데스다요양원,126.8527125,35.11310119,
4647,쿡스요리학원,부산 동구,"(48822) 부산광역시 동구 중앙대로 166 (초량동) 서울빌딩 5층, 6층",129.0386237,35.11206021,
4648,미아트미용학원,경기 성남시 분당구,(13506) 경기도 성남시 분당구 야탑동 야탑로 95(세신옴니코아빌딩) 201호 일부,127.1292979,37.41016203,
4649,(주)흥국에프엔비,서울 강남구,(06166) 서울특별시 강남구 삼성동 삼성로 546(흥국에프엔비빌딩) 흥국에프엔비빌딩,127.0549887,37.51023439,
4650,(주)파워토스,경기 성남시 중원구,(13207) 경기도 성남시 중원구 사기막골로 124 에스케이엔테크노파크 비즈동 b117,127.1776552,37.43993803,
4651,(주)쿠첸,서울 강남구,(06167) 서울특별시 강남구 삼성로 530 (삼성동 부방빌딩) 별관,127.0556554,37.50932409,
4652,(주)대신,경남 거제시,(53302) 경상남도 거제시 거제대로 3370 ,,,
4653,(주)범일정보,대구 중구,(41908) 대구광역시 중구 동덕로 186 8층,128.6047543,35.87121222,
4654,메리엔젤라 미용학원,대구 달서구,(42645) 대구광역시 달서구 달구벌대로 1672 (두류동) 시티홀타워 4층,128.5490661,35.85418956,
4655,(주)유비,경북 포항시 남구,(37778) 경상북도 포항시 남구 중앙로 115 UB빌딩 3층,129.3680593,36.02328895,
4656,아이티에듀넷학원,경남 창원시 마산회원구,(51364) 경상남도 창원시 마산회원구 양덕북12길 113 407호,128.5839645,35.23170571,
4657,사당건축토목학원,서울 서초구,(06677) 서울특별시 서초구 방배천로8길 5 대왕빌딩 4층,126.9829157,37.48070961,
4658,경남UAV시스텍연구소,경남 진주시,(52711) 경상남도 진주시 망경남길44번길 22 (망경동 진주지식산업센터) 506호 경남 진주시 집현면 지내리 285번지,128.0842321,35.24541295,
4659,자이에스앤디(주),서울 중구,(04554) 서울특별시 중구 퇴계로 173 남산스퀘어빌딩 10층,126.9910545,37.56156554,
4660,홍제다솜간호학원,서울 서대문구,(03629) 서울특별시 서대문구 세무서길 27 2층,126.9453647,37.58922126,
4661,대학로바리스타학원,서울 종로구,"(03068) 서울특별시 종로구 혜화로 13 (명륜1가, 주호빌딩) 301호",126.9999382,37.58664042,
4662,북구간호학원,울산 북구,(44229) 울산광역시 북구 호계3길 17-17 2층(호계동),129.3551383,35.62339677,
4663,세종중앙간호학원,세종 세종,(30100) 세종특별자치시  한누리대로 589 해피라움7 603호,127.258391,36.51583322,
4664,문경혜은의집,경북 문경시,(36921) 경상북도 문경시 안늘목2길 100-22 문경혜은의집,128.1493828,36.69385865,
4665,중소조선연구원,부산 강서구,(46757) 부산광역시 강서구 녹산산단232로 38-6 중소조선연구원,128.8421924,35.08614609,
4666,주식회사 포스코인터내셔널,서울 강남구,(06235) 서울특별시 강남구 테헤란로 134 (역삼동 포스코타워 역삼) 26층,127.0335511,37.4993489,
4667,가톨릭관동대학교 IPP형일학습병행제사업단,강원 강릉시,(25601) 강원도 강릉시 범일로579번길 24 (내곡동),128.8731209,37.7331292,
4668,동서대학교 IPP사업단,부산 사상구,(47011) 부산광역시 사상구 주례로 47 스튜던트플라자 3층 IPP사업단,129.0069852,35.14611091,
4669,한신대학교,경기 오산시,(18101) 경기도 오산시 한신대길 137  한신대학교 IPP센터,127.0225021,37.19399669,
4670,(주)위존,서울 강남구,"(06253) 서울특별시 강남구 강남대로 308(역삼동, 랜드마크타워) 6, 7층",,,
4671,동덕여자대학교-IPP사업단,서울 성북구,(02748) 서울특별시 성북구 화랑로13길 60 ,,,
4672,하모니요양보호사교육원 덕풍점,경기 하남시,"(12969) 경기도 하남시 신장로136번길 7 (덕풍동) 201호, 202호 (덕풍동)",127.2032531,37.53881747,
4673,퍼브평생교육시설,경기 과천시,"(13840) 경기도 과천시 과천대로7길 33(갈현동, 디 테크 타워 과천) 1502,03,06호",,,
4674,(주)루트컨설팅,경기 성남시 분당구,"(13596) 경기도 성남시 분당구 백현로 100(정자동, 정자아이파크) 1505호",,,
4675,평화의집,전북 남원시,(55803) 전라북도 남원시 웅치윗길 27 평화의집,127.4353446,35.37780966,
4676,주식회사퍼스트인,대구 달서구,(42739) 대구광역시 달서구 월배로 397 3층,128.5505359,35.83013718,
4677,성결대학교산학협력단,경기 안양시 만안구,(14097) 경기도 안양시 만안구 성결대학로 53 재림관 806호,126.9281492,37.37925266,
4678,농업회사법인주식회사거인식품,경북 고령군,(40159) 경상북도 고령군 쌍림공단길 94 농업회사법인 (주)거인식품,128.2533788,35.70722312,
4679,대한건축기술학원,서울 중랑구,"(02170) 서울특별시 중랑구 봉우재로 187 1층 일부 , 2층 일부,  3층 (망우동)",127.0937383,37.594426,
4680,보은군노인장애인복지관,충북 보은군,(28936) 충청북도 보은군 뱃들4길 11-10 ,,,
4681,(주)메디클러스,충북 청주시 흥덕구,(28576) 충청북도 청주시 흥덕구 공단로 134 1210호,127.4370068,36.64242986,
4682,(주)한국인삼공사,대전 대덕구,(34337) 대전광역시 대덕구 벚꽃길 71 ,,,
4683,춘천희망복지센터,강원 춘천시,(24335) 강원도 춘천시 운천길 28-29 2층,127.7322495,37.87512033,
4684,승학평생교육원,서울 영등포구,"(07220) 서울특별시 영등포구 당산로36길 12 (당산동4가 당산2차삼성아파트) , 201동 상가 비1-7호",126.8983952,37.52778698,
4685,베스트강북애견미용학원,서울 강북구,(01080) 서울특별시 강북구 수유로 65 2층 전체,127.0206917,37.63611171,
4686,뿌리깊은나무직업전문학교,대전 유성구,(34068) 대전광역시 유성구 반석로 10 (반석동 반석역프라자) 9층,,,
4687,루이스(Louis)배관용접학원,경남 거제시,(53306) 경상남도 거제시 아주2로2길 69 (아주동) 1층,128.6813789,34.87072114,
4688,주식회사이러닝메이트,경기 안양시 동안구,(14118) 경기도 안양시 동안구 엘에스로 122 (호계동 호계 데시앙플렉스) 611호,126.9488157,37.37274959,
4689,한라대학교,강원 원주시,(26404) 강원도 원주시 한라대길 28 ,,,
4690,성원회계컴퓨터학원,부산 북구,(46548) 부산광역시 북구 만덕대로39번길 20 2층 성원회계컴퓨터학원,129.0091765,35.21207548,
4691,상지대학교산학협력단,강원 원주시,(26339) 강원도 원주시 상지대길 83 ,,,
4692,국제대학교,경기 평택시,(17731) 경기도 평택시 장안웃길 56 국제관 1층 산학협력단 110호,127.0807567,37.06442879,
4693,울산기술직업전문학교,울산 남구,(44715) 울산광역시 남구 화합로134번길 6 삼산동,129.3409468,35.53654248,
4694,(주)서부티엔디,서울 용산구,(04372) 서울특별시 용산구 청파로20길 95 서울드래곤시티,126.9623905,37.53184467,
4695,유이(UE)주얼리학원,경기 안양시 동안구,(13951) 경기도 안양시 동안구 인덕원로 24 (관양동) 4층,126.9743646,37.40160887,
4696,주식회사테크로스,부산 강서구,(46758) 부산광역시 강서구 녹산산업북로 433 (주)테크로스,128.8701069,35.09339755,
4697,주식회사디에스시동탄,경기 화성시,(18487) 경기도 화성시 동탄산단10길 6 ,,,
4698,와이제이(YJ)요리나라조리학원,부산 동래구,(47710) 부산광역시 동래구 중앙대로 1523 skhubsky A동 301호,129.0855588,35.22124748,
4699,원바리스타커피학원,충남 당진시,(31772) 충청남도 당진시 무수동6길 21-21 (읍내동 율곡빌딩) (1층),126.6381345,36.89707891,
4700,무인양품(주),서울 중구,"(04505) 서울특별시 중구 서소문로 50(중림동, CENTRAL PLACE) 10층 무인양품",126.9670228,37.56087791,
4701,주식회사듀코젠,서울 마포구,(03925) 서울특별시 마포구 월드컵북로 396 누리꿈스퀘어 연구개발타워 607-4호,126.8903646,37.57933394,
4702,사당요양보호사교육원,서울 동작구,(07024) 서울특별시 동작구 남부순환로 2053 (사당동) 3층,126.9767215,37.4768251,
4703,하이미디어컴퓨터학원,강원 강릉시,(25540) 강원도 강릉시 경강로 2106 (임당동 경일플라자) 9층,128.8972836,37.75504784,
4704,군산효자요양병원(의료법인성곡의료재단),전북 군산시,(54112) 전라북도 군산시 청소년회관로 45 군산효자요양병원,126.6997614,35.97935701,
4705,이음컴퓨터디자인학원 영대점,경북 경산시,(38528) 경상북도 경산시 대학로 309 (조영동) 5층,128.7549627,35.8381889,
4706,하이밀제과제빵학원,울산 북구,"(44204) 울산광역시 북구 아진로 94 (천곡동 농협, 아진프라자복합상가) 206호, 207호",129.3383026,35.63113998,
4707,사임당요양보호사교육원,경기 화성시,(18412) 경기도 화성시 떡전골로 96-4 (병점동 미라클 프라자) 505호,127.0344239,37.20713126,
4708,바른평생교육원,경기 의정부시,(11632) 경기도 의정부시 회룡로117번길 118 3층 바른평생교육원,127.0442633,37.72926559,
4709,강남무인항공,전북 장수군,(55627) 전북특별자치도 장수군 장수읍 승마로 40(승마힐링센터) 1층 강남무인항공사무실,127.5127782,35.65375771,
4710,(주)제니하우스이호점,서울 강남구,(06065) 서울특별시 강남구 선릉로146길 56 ,,,
4711,김남희포리카아카데미미용학원,서울 송파구,(05711) 서울특별시 송파구 송파대로 278 (가락동 한성빌딩) 3층,127.1176799,37.49412541,
4712,세종직업전문학원,전남 순천시,"(57939) 전라남도 순천시 도서관길 5 (동외동) 1층, 205호, 401호, 404호",127.4851078,34.9574092,
4713,사랑요양보호사교육원,경북 경산시,(38628) 경상북도 경산시 서상길 108-1 (중방동),128.7326027,35.8211123,
4714,유한회사태왕,전북 김제시,(54328) 전라북도 김제시 백구공단2길 31 ,,,
4715,메가스터디뷰티아카데미강남학원,서울 강남구,(06134) 서울특별시 강남구 강남대로94길 14 (역삼동) 3층,127.028417,37.49932309,
4716,칠곡여성인력개발센터,경북 칠곡군,(39899) 경상북도 칠곡군 평장2길 20 ,,,
4717,주식회사와이제이글로벌,경기 포천시,(11123) 경기도 포천시 금강로 4003 주식회사 와이제이글로벌,127.2988182,37.91272039,
4718,원탑회계그래픽컴퓨터학원,광주 서구,"(61950) 광주광역시 서구 치평로 124(치평동, 케이원오피스타운) 206호,207호(치평동)",,,
4719,노블리즈아카데미학원,전북 전주시 덕진구,"(54888) 전북특별자치도 전주시 덕진구 기린대로 499 401호 일부, 503호 일부",127.1233604,35.84360705,
4720,성심요양보호사교육원,충남 서산시,(32003) 충청남도 서산시 석림4로 26-15 (석림동) 2층,126.4703162,36.76970776,
4721,첨단미용학원,광주 광산구,(62277) 광주광역시 광산구 월계로 191 (월계동) 4층 일부,,,
4722,세종중앙간호학원부설요양보호사교육원,세종 세종,"(30100) 세종특별자치시  한누리대로 589 해피라움7 ,603호",127.258391,36.51583322,
4723,안중온누리사랑채요양보호사교육원,경기 평택시,(17816) 경기도 평택시 서해로 1141-21 (안중읍) 1층,126.9362081,36.99788295,
4724,남부대학교산학협력단,광주 광산구,(62271) 광주광역시 광산구 첨단중앙로 23 창업보육센터 1층,126.8413486,35.20734047,
4725,코스모가죽학원,서울 강남구,(06100) 서울특별시 강남구 선릉로119길 6 3층,127.0419949,37.51362713,
4726,샬롬기억학교,대구 서구,(41750) 대구광역시 서구 가르뱅이로16길 25 샬롬기억학교,128.5275957,35.88501264,
4727,커넥트밸류 원격평생교육원,서울 강남구,(06132) 서울특별시 강남구 역삼동 논현로 509(송암II빌딩) 10층,127.0359949,37.50188003,
4728,경민IT고등학교,경기 의정부시,(11618) 경기도 의정부시 서부로 545 경민IT고등학교(경민정보산업고등학교),127.0238271,37.74667747,
4729,(주)경남제일중장비학원,경남 함안군,(52073) 경상남도 함안군 진함로 1098-1 ,,,
4730,주식회사에듀넷,경기 안양시 동안구,"(14118) 경기도 안양시 동안구 엘에스로 142(호계동, 호계 금정역 SK V1 center) 620호",126.9468389,37.37422633,
4731,리더스간호학원,경기 군포시,"(15865) 경기도 군포시 광정로 70 902,903호",126.9302909,37.35950379,
4732,중앙법률원격평생교육원,서울 서초구,(06648) 서울특별시 서초구 반포대로26길 1 진우빌딩 3층 (서초동),127.0094176,37.49004543,
4733,울산퍼스트애견미용학원,울산 남구,"(44710) 울산광역시 남구 돋질로 389 (삼산동) 2층,3층",129.3474381,35.54367882,
4734,창원신세계요양보호사교육원,경남 창원시 의창구    ,(51166) 경상남도 창원시 의창구 태복산로3번길 31 3층,128.6369591,35.25459553,
4735,뉴시흥요양보호사교육원,경기 시흥시,(14950) 경기도 시흥시 수인로 3299 4층 2호,126.7919881,37.43826628,
4736,향남더조은간호학원,경기 화성시,(18611) 경기도 화성시 상신하길로298번길 11 610~611호,126.9109593,37.11469764,
4737,부산관광고등학교,부산 서구,(49263) 부산광역시 서구 천마로 52 ,,,
4738,와이즈인캠퍼스 평생교육원,서울 강남구,"(06229) 서울특별시 강남구 언주로 309(역삼동, 기성빌딩) 3층",,,
4739,주식회사미가에듀,부산 해운대구,(48001) 부산광역시 해운대구 반송로 619 (석대동) 3층,129.1302238,35.22013715,
4740,히로토조리학원,서울 영등포구,(07318) 서울특별시 영등포구 영등포로 347 한독타워 3층,126.9176189,37.51526065,
4741,한국해양조사협회,서울 금천구,(08590) 서울특별시 금천구 가산디지털1로 70 (가산동 호서대벤처타워) 808호,126.8854842,37.4718232,
4742,언양조리학원,울산 울주군,(44904) 울산광역시 울주군 남천로 247 경동청구타운 상가동 2차 201호,129.1074919,35.56770587,
4743,(주)충남무인항공교육원,충남 천안시 서북구,"(31090) 충청남도 천안시 서북구 서부대로 737 301호(두정동,필레오)",127.1327594,36.83301371,
4744,소옴크리에이티브,서울 성동구,"(04710) 서울특별시 성동구 왕십리로31가길 34-2 1,4층",,,
4745,에스디(SD)애견미용학원,서울 동작구,(07014) 서울특별시 동작구 동작대로 49 ,,,
4746,한국직업교육학원,경북 구미시,(39229) 경상북도 구미시 구미중앙로27길 15 (원평동) 2층~3층,,,
4747,한국능력개발교육원,대구 동구,"(41263) 대구광역시 동구 동부로 29 (신천동 신천역 까사밀라) 101동 (101,108,109,112-2,201,202,203,209,210,213호)",128.615894,35.87457754,
4748,누리비젼평생교육원,서울 노원구,(01640) 서울특별시 노원구 덕릉로 773 5층,127.0777656,37.66635287,
4749,권홍미용학원,서울 강남구,"(06029) 서울특별시 강남구 압구정로14길 7 3,4,5층(신사동, 초원빌딩)",127.0233347,37.52375897,
4750,edufire(에듀파이어)원격평생교육원,부산 부산진구,(47284) 부산광역시 부산진구 부전로 75-5 3층 일부,129.0542606,35.15658396,
4751,탑(TOP)간호학원,충북 청주시 상당구,(28744) 충청북도 청주시 상당구 중고개로 322 (금천동 드림메디칼) 602호,127.5050273,36.63034896,
4752,(주)한국직장인교육지원센터,경기 부천시 원미구,"(14668) 경기도 부천시 원미구 지봉로121번길 10(역곡동, 공존펠리체) 201-202호",126.8124592,37.48914291,
4753,삼성중앙요양보호사교육원,경기 안양시 만안구,(13998) 경기도 안양시 만안구 냉천로 177-1 (안양동) 2층,126.9203178,37.39586208,
4754,미디런아카데미학원,서울 서대문구,"(03787) 서울특별시 서대문구 신촌로 57-1 2층 , 리베빌딩",,,
4755,여천에덴요양보호사교육원,전남 여수시,(59655) 전라남도 여수시 죽림중앙로 12 2층,127.6359319,34.76183067,
4756,순천에덴 요양보호사 교육원,전남 순천시,(57974) 전라남도 순천시 조례못등2길 4 2층,127.5285958,34.95072091,
4757,휴먼IT교육센터_내일배움카드교육,경기 수원시 팔달구,"(16471) 경기도 수원시 팔달구 중부대로 100 (인계동) 풍림빌딩 신관 3층, 4층 일부",127.0275073,37.27696294,
4758,렉스아카데미 평생교육원 경기지역본부,경기 파주시,(10882) 경기도 파주시 산남로 94 (산남동 은혜퓨티인터네셔날) 1층 렉스아카데미,,,
4759,(재)한국품질재단 부산평생교육원,부산 사상구,"(46918) 부산광역시 사상구 모라로 22 부산벤처타워 812호, 813호, 814호 ",128.9847031,35.19091392,
4760,호서대학교산학협력단,충남 아산시,(31499) 충청남도 아산시 호서로79번길 20 ,,,
4761,쿠킹숲제과바리스타학원,전남 여수시,(59687) 전라남도 여수시 흥국로 74 (신기동) .2층,127.6704239,34.76171858,
4762,365평생교육원,서울 마포구,(04072) 서울특별시 마포구 합정동 독막로 42 3층(합정동),126.9177516,37.54775939,
4763,한가람IT전문교육센터,세종 세종,"(30127) 세종특별자치시  한누리대로 283(나성동, 세진팰리스) 309호",,,
4764,전남요리제빵학원,전남 순천시,(57966) 전라남도 순천시 충효로 109 태양빌딩 3층,127.5148545,34.9486073,
4765,제니스아카데미학원,울산 남구,(44703) 울산광역시 남구 번영로 160 11층 1106호,129.3275294,35.53954117,
4766,수원휴앤아이간호학원(정자점),경기 수원시 장안구,"(16334) 경기도 수원시 장안구 대평로 74 (정자동 금강프라자) 5층, 501호",126.993837,37.2950938,
4767,새하남학원,경기 하남시,(12949) 경기도 하남시 하남대로 806 (신장동 새하남빌딩) 6층일부 및 8층일부,,,
4768,전주건축학원,전북 전주시 덕진구,(54817) 전라북도 전주시 덕진구 지행당길 177 (호성동2가) 전주건축학원,127.1540003,35.87512887,
4769,당진요양보호사교육원,충남 당진시,(31776) 충청남도 당진시 당진중앙2로 148 (읍내동 당진타워) 503호,126.6328032,36.89522423,
4770,중앙요리학원,서울 양천구,(07959) 서울특별시 양천구 등촌로 80 7층,126.8637601,37.5370945,
4771,용봉간호학원,광주 북구,(61052) 광주광역시 북구 설죽로 342 3층 301호,126.8992896,35.18984575,
4772,닥터스간호학원,경기 구리시,(11921) 경기도 구리시 건원대로 36 (인창동 화성골드프라자) 802호,127.1402267,37.60450805,
4773,주식회사그린스토어,경기 성남시 분당구,(13558) 경기도 성남시 분당구 느티로 16 젤존타워1 807호,127.1062438,37.36808559,
4774,드림업컨설팅 평생교육시설,서울 중구,(04502) 서울특별시 중구 중림로 34 (중림동 새마을금고) 2층 일부,126.9668583,37.55778551,
4775,(주)수풍중장비교육원,경기 용인시 처인구,(17124) 경기도 용인시 처인구 각궁로 252-3 ,,,
4776,경기커피학원,경기 군포시,(15806) 경기도 군포시 산본천로 215-1 (산본동) 3층,126.9410041,37.37178168,
4777,(주)소만사,경기 성남시 수정구,(13453) 경기도 성남시 수정구 금토로 59 (주)소만사,,,
4778,한케어요양보호사교육원,경기 고양시 일산서구,(10341) 경기도 고양시 일산서구 고양대로 691 305,126.7733486,37.68395636,
4779,(국립)목포대학교산학협력단,전남 무안군,(58554) 전라남도 무안군 청계면 영산로 1666(목포대학교) 본관 3층 산학협력단,126.4355495,34.90851028,
4780,거제여성새로일하기센터,경남 거제시,"(53251) 경상남도 거제시 거제중앙로 1898-5(고현동, 거제관광호텔) 고현동 이음센터 5층",128.6239909,34.88796055,
4781,주식회사일로이룸,대구 북구,(41581) 대구광역시 북구 칠성남로 158-9 5층,128.5975901,35.8766873,
4782,전남대학교산학협력단,광주 북구,(61186) 광주광역시 북구 용봉로 77 ,,,
4783,(주)마끼에,서울 강남구,"(06017) 서울특별시 강남구 압구정로46길 15 (신사동) 3,4,5층(신사동)",127.0366059,37.52759414,
4784,바닐라애견미용학원,광주 남구,(61625) 광주광역시 남구 대남대로 350 2층  바닐라애견미용학원,126.8929079,35.14285291,
4785,생거진천노인복지센터,충북 진천군,(27862) 충청북도 진천군 문덕1길 63 ,,,
4786,사단법인고양시기업경제인연합회,경기 고양시 일산동구,(10364) 경기도 고양시 일산동구 고봉로 32-19 701호,126.7667113,37.6641851,
4787,선익시스템(주),경기 수원시 권선구,(16648) 경기도 수원시 권선구 산업로155번길 293 선익시스템 1층,126.9888731,37.24251829,
4788,(주)신라시스템,대구 동구,(41065) 대구광역시 동구 매여로 52 ,,,
4789,주식회사성광도금,대구 서구,(41755) 대구광역시 서구 국채보상로10길 8 ,,,
4790,(주)신영유니크,충남 아산시,(31400) 충청남도 아산시 아산호로1082번길 16-17 (주)신영유니크,127.0185719,36.92328255,
4791,(주)한국알파시스템,대구 수성구,(42250) 대구광역시 수성구 알파시티1로31길 22 (대흥동) (주)한국알파시스템,128.6812754,35.8342486,
4792,성보나벤뚜라노인요양원,충북 제천시,(27202) 충청북도 제천시 명지로 86-1 성보나벤뚜라노인요양원,128.2002574,37.11233648,
4793,동아에스티(주),서울 동대문구,(02587) 서울특별시 동대문구 천호대로 64 동아ST,,,
4794,케이디음향,강원 강릉시,(25627) 강원도 강릉시 강동초교길 39 케이디음향,128.9615793,37.72185515,
4795,동광산업과학고등학교,강원 고성군,(24754) 강원도 고성군 백촌길 30-15 (토성면 동광중ㆍ산업과학고등학교) 동광산업과학고등학교,128.5426847,38.29441816,
4796,조경숙플로리스트학원,충북 청주시 상당구,(28509) 충청북도 청주시 상당구 상당로 180 (북문로2가) 1층,127.4897299,36.64412743,
4797,(주)GBSTYLE,서울 강남구,(06018) 서울특별시 강남구 선릉로161길 17 (신사동) 3층,127.0390493,37.52726005,
4798,주식회사피에이치씨,대구 서구,(41756) 대구광역시 서구 중리동 와룡로 335 피에이치씨,128.5367538,35.86262887,
4799,주식회사지에프에스,경기 의정부시,(11781) 경기도 의정부시 산단로76번길 56 ,,,
4800,사단법인경상남도장애인부모연대진주시지회,경남 진주시,(52748) 경상남도 진주시 진주성로 108 불교감로심장회관(2층),128.0756019,35.19906452,
4801,이젠컴퓨터아트2관학원,경기 의정부시,(11670) 경기도 의정부시 신흥로258번길 25 (의정부동 해태프라자) 해태프라자 503호,127.044927,37.73945517,
4802,한나요양원,경기 이천시,(17343) 경기도 이천시 대평로214번길 10-15 한나요양원,127.4984333,37.22208327,
4803,의료법인수현의료재단,경기 파주시,"(10915) 경기도 파주시 금빛로 19 5.6.7 층(금촏동, 파주프라임타워)",126.7664353,37.75111811,
4804,한국항공서비스주식회사,경남 사천시,(52527) 경상남도 사천시 항공로 64 한국항공서비스 경영지원실,128.0742673,35.08137585,
4805,리드가죽공예학원,경기 부천시,"(14548) 경기도 부천시 중동로254번길 28 메트로팰리스3차, 304호 ",126.7703551,37.50217839,
4806,주식회사 윈스테크넷,경기 성남시 분당구,(13487) 경기도 성남시 분당구 판교로228번길 15 세븐벤처밸리 윈스동 4층,127.1012751,37.40151732,
4807,(주)애드민(산재사업서비스업/고용일괄),서울 송파구,(05557) 서울특별시 송파구 올림픽로 98 성진빌딩 5층,127.0814674,37.51140004,
4808,제주시희망원,제주 제주시,(63311) 제주특별자치도 제주시 아봉로 451 제주시희망원,126.5832493,33.47083001,
4809,정의영  헤어실무학원,경북 경산시,(38511) 경상북도 경산시 대학로 365 A/D트윈 타워 501,128.760178,35.8413297,
4810,레인보우간호학원,충북 영동군,(29146) 충청북도 영동군 영산로 16 3층,127.7768218,36.17649603,
4811,경포요양보호사교육원,경북 포항시 남구,(37770) 경상북도 포항시 남구 중섬로 96 (상도동) 2층 3층,129.3548121,36.01157553,
4812,음성시니어클럽,충북 음성군,(27636) 충청북도 음성군 금왕읍 금석로 57-2 2층,127.5980685,36.99069692,
4813,세종둔산간호학원,세종 세종,(30153) 세종특별자치시  한누리대로 2257 501호,,,
4814,경기기계공업고등학교,서울 노원구,(01810) 서울특별시 노원구 공릉로 264 경기기계공업고등학교,127.0744014,37.63297402,
4815,(주)제이에이에스,인천 중구,(22382) 인천광역시 중구 공항로 272 (운서동 인천공항) 2층 4-24-07호 2093호,,,
4816,대구참사랑어머니회평생교육원,대구 중구,(41966) 대구광역시 중구 달구벌대로414길 6 (남산동) 4층,128.5894767,35.86571083,
4817,동대구간호학원,대구 동구,"(41206) 대구광역시 동구 송라로 148 2층, 3층",128.6151904,35.87974144,
4818,(주)비엔에스콘텐츠센터,서울 마포구,(04001) 서울특별시 마포구 월드컵북로 21 풍성빌딩 7층,,,
4819,솔젠트(주),대전 유성구,(34014) 대전광역시 유성구 테크노5로 43-10 (관평동) 솔젠트(주),127.3929393,36.42695878,
4820,(주)사이엑스,서울 영등포구,(07218) 서울특별시 영등포구 선유동2로 9 (양평동3가 케이타워) 10층 1012호,126.8943645,37.53000879,
4821,(학)일송학원한강성심병원,서울 영등포구,(07247) 서울특별시 영등포구 영등포동7가 버드나루로7길 12(한강성심병원) ,,,
4822,(주)코리아인스트루먼트,경기 화성시,(18487) 경기도 화성시 동탄산단4길 9-29 (주)코리아인스트루먼트,127.0873024,37.16744157,
4823,사단법인 한성인력개발원,경기 파주시,(10880) 경기도 파주시 교하로 925 한성타워,126.7061932,37.72875535,
4824,아드반테스트코리아(주),충남 천안시 서북구,(31085) 충청남도 천안시 서북구 3공단6로 140 ,,,
4825,비손요양보호사교육원,경기 김포시,(10083) 경기도 김포시 김포한강4로 119 (장기동 승문프라자) 901호902호,126.6677224,37.64424126,
4826,발멧플로우컨트롤(주),경기 성남시 분당구,(13595) 경기도 성남시 분당구 황새울로258번길 41 6층,127.1156855,37.37842059,
4827,주식회사에이스드론,서울 동작구,"(07014) 서울특별시 동작구 사당로30길 91 (사당동) 2층, 야외평일실습장 : 경기도 남양주시 진건읍 송능리 488-1, 야외주말실습장 : 서울특별시 성북구 서경로 124 서경대학교 대운동장",,,
4828,대전총신평생교육원,대전 대덕구,"(34445) 대전광역시 대덕구 대전로1033번길 25 (오정동) ,3-4층 전부",127.4164864,36.34621703,
4829,(사단법인)전주와이더블유씨에이/산모신생아건강관리사제공기관,전북 전주시 완산구,(55082) 전라북도 전주시 완산구 용머리로 98 효자동1가,127.1209211,35.8058331,
4830,서원노인복지회관,전북 전주시 완산구,(55049) 전라북도 전주시 완산구 따박골5길 36 ,,,
4831,사랑드림요양보호사교육원,서울 송파구,(05744) 서울특별시 송파구 오금로 483 흥진빌딩3층,127.142738,37.49401732,
4832,(주)케이스탯리서치,서울 서초구,(06650) 서울특별시 서초구 반포대로24길 76 월드빌딩,127.0130244,37.48860358,
4833,넷매니아 주식회사,서울 송파구,"(05836) 서울특별시 송파구 법원로11길 7 914호(문정동, 문정현대지식산업센터1-2)",127.1187635,37.48557392,
4834,부산경매전문학원,부산 연제구,(47511) 부산광역시 연제구 법원로16번길 20 2층,129.0738385,35.18999873,
4835,피움직업전문학교,경북 문경시,"(36970) 경상북도 문경시 점촌동 중앙8길 2 2층,3층",128.2002434,36.59596197,
4836,보람평생교육원,대구 동구,"(41198) 대구광역시 동구 아양로 39(신암동, 우진빌딩) 7층",128.6185874,35.88235411,
4837,(주)상오정밀,광주 북구,(61009) 광주광역시 북구 첨단벤처로40번길 25 ,,,
4838,(주)아이젠테크,인천 남동구,(21505) 인천광역시 남동구 경인로 549 4층,126.6993915,37.46281521,
4839,주식회사와우(WOWCO.LTD),인천 서구,(22851) 인천광역시 서구 로봇랜드로 155-11 1105~1106호,126.6109533,37.51953354,
4840,주식회사부광정기,경기 안산시 단원구,(15617) 경기도 안산시 단원구 별망로80번길 36 시화공단 4바 604호 (주)부광정기,126.7331172,37.3123386,
4841,화인몰드,경남 김해시,(50857) 경상남도 김해시 본산로 178 화인몰드,128.7446948,35.31564409,
4842,진응건설(주),전남 여수시,(59631) 전라남도 여수시 여수산단로 86-24 ,,,
4843,두드림요양보호사교육원,경기 동두천시,"(11311) 경기도 동두천시 평화로2530번길 3 (보산동) 2층, (보산동)",127.0578647,37.91368319,
4844,유한회사신성,전남 영암군,(58453) 전라남도 영암군 용앙로 50 현대삼호중공업 대불1공장 내,126.4593761,34.76660789,
4845,양주제일요양보호사교육원,경기 양주시,(11451) 경기도 양주시 회정로109번길 79 ,,,
4846,통영루지주식회사,경남 통영시,(53078) 경상남도 통영시 발개로 178 스카이라인루지 통영,128.4241299,34.82433014,
4847,이정치과기공,경기 수원시 권선구,(16657) 경기도 수원시 권선구 덕영대로 1126 이정빌딩 3층 ,127.0142776,37.25173613,
4848,(주)한양기업,경기 부천시,(14521) 경기도 부천시 옥산로220번길 9 ,,,
4849,(주)흥국,충남 아산시,(31409) 충청남도 아산시 아산밸리로 357 ,,,
4850,(주)한맥기술,충남 당진시,(31791) 충청남도 당진시 성산로 464 ,,,
4851,희망가득요양보호사교육원,경남 거제시,(53249) 경상남도 거제시 중곡로 13 401호,128.6297784,34.8936658,
4852,(주)금성산업,경북 성주군,(40036) 경상북도 성주군 월항농공단지1길 41 금성산업,128.2802252,35.97347273,
4853,(주)한국씨엠씨 인력개발원,서울 구로구,(08394) 서울특별시 구로구 디지털로 242 4층,126.8930904,37.48074137,
4854,Y&T파워텍주식회사,충북 음성군,(27650) 충청북도 음성군 하이텍산단로 110 ,,,
4855,박선생회계전문학원,전남 나주시,(58325) 전라남도 나주시 문화로 230 (빛가람동) 해피라움 1차 201호,126.7852813,35.01923039,
4856,이손네일아트학원,경남 창원시 성산구    ,(51514) 경상남도 창원시 성산구 용지로133번길 13 (중앙동 웅남상가) 3층.,128.6786534,35.22787221,
4857,탬스커피아카데미학원,대구 달서구,(42729) 대구광역시 달서구 본동 와룡로 1 4층 (일부),128.5376334,35.8327756,
4858,KDB헤어아카데미성남점학원,경기 성남시 중원구,(13376) 경기도 성남시 중원구 성남대로 1129 (성남동 하나빌딩) 3층 일부,127.1289937,37.43035923,
4859,춘천애견미용학원,강원 춘천시,(24257) 강원도 춘천시 춘천로 255 (효자동) 2층,127.7416123,37.87942239,
4860,다솜요양보호사교육원,경기 수원시 권선구,(16428) 경기도 수원시 권선구 여기산로10번길 10 ,,,
4861,주식회사에이에이호텔매니지먼트,서울 중구,(04618) 서울특별시 중구 동호로 297 노보텔 앰배서더 서울 동대문 호텔 앤 레지던스,127.0024179,37.56098049,
4862,상백직업전문학교,대구 달서구,"(42612) 대구광역시 달서구 계대동문로 106 4층,5층",128.5037785,35.85506801,
4863,주식회사에이치케이건축사사무소,경기 과천시,"(13840) 경기도 과천시 과천대로7나길 9(갈현동, DX타워) 9~11층",126.978107,37.41498207,
4864,서울검사주식회사,서울 서초구,(06741) 서울특별시 서초구 바우뫼로41길 54 용진빌딩,127.0405203,37.48284968,
4865,(주)왕성테크,광주 광산구,(62216) 광주광역시 광산구 하남산단7번로 58 (주)왕성테크,126.8014665,35.20559519,
4866,에이치디현대건설기계(주),경기 성남시 분당구,(13553) 경기도 성남시 분당구 분당수서로 477 (정자동) 에이치디현대건설기계(주),127.1048216,37.37661942,
4867,(주)아쿠아텍,전남 광양시,(57816) 전라남도 광양시 산업로 11 (태인동) 2층,127.7481928,34.9341409,
4868,나이스엔지니어링(주),충북 청주시 서원구,(28625) 충청북도 청주시 서원구 산남로62번길 15 두꺼비빌딩 4~5층,127.467061,36.61204799,
4869,웅상요양보호사교육원,경남 양산시,(50536) 경상남도 양산시 서창로 65 (명동 서광빌딩) 3층,129.1647146,35.40719128,
4870,세림테크(주),광주 광산구,(62453) 광주광역시 광산구 평동산단로 73 (월전동) 세림테크(주),126.7721955,35.11399324,
4871,(주)우성정공,광주 북구,(61009) 광주광역시 북구 첨단벤처로60번길 31 (주)우성정공,126.8612687,35.2269515,
4872,주식회사스카이엔터프라이즈,대구 달서구,(42774) 대구광역시 달서구 진천동 진천로 17(스카이타워) (주)스카이엔터프라이즈,128.5258713,35.81060198,
4873,인천기계직업전문학원,인천 부평구,(21435) 인천광역시 부평구 경인로 771 종로빌딩 5층 502호,126.7101926,37.47851075,
4874,커피의전설 바리스타학원,충남 논산시,(32912) 충청남도 논산시 연산면 선비로604번길 27 1층,127.1822633,36.23852937,
4875,거제동양미용학원,경남 거제시,(53251) 경상남도 거제시 고현로 117 (중앙빌딩 A동 2층 201호),128.625444,34.88796468,
4876,강북이용학원,서울 은평구,(03320) 서울특별시 은평구 갈현로33길 6 (갈현동) 2층,126.9156412,37.62046693,
4877,전북커피바리스타학원,전북 전주시 덕진구,"(54835) 전라북도 전주시 덕진구 천마산로 12 2층, 전북커피아카데미학원",127.1228667,35.86351996,
4878,대중금속공업고등학교,대구 북구,(41400) 대구광역시 북구 관음로 303-12 대중금속공고,128.5537872,35.9555061,
4879,에이치엠엠(주)부산,부산 중구,(48931) 부산광역시 중구 중앙대로 63 우체국보험회관7층 HMS Training center,129.0358963,35.10336472,
4880,주식회사경기드론,경기 군포시,"(15880) 경기도 군포시 군포첨단산업2로7번길 8(부곡동, 군포 에이스 더블유밸리) 1125호, 1126호",126.9409283,37.32658667,
4881,홈에버그린,강원 춘천시,(24203) 강원도 춘천시 신북로 255 ,,,
4882,예일종합예술원,인천 남동구,"(21560) 인천광역시 남동구 인주대로 525 (구월동) 2층 201호(구월동, 아이뷰)",126.6949994,37.45059534,
4883,전주공업고등학교,전북 전주시 덕진구,(54851) 전라북도 전주시 덕진구 여산로 101 자동차과 공동훈련센터,127.0750698,35.86335089,
4884,알씨스카이 부설 무인기술UAV교육원,경남 창원시 진해구    ,"(51592) 경상남도 창원시 진해구 냉천남로 3-26 4층, 401호(자은동, 에덴프라자)   비행실습장(실기) 경상남도 김해시 상동면 대감리 348(야구장)",128.7143058,35.15488523,
4885,신대방요양보호사교육원,서울 관악구,(08702) 서울특별시 관악구 신사로 104 (신림동) 혜성빌딩 6층 신대방요양보호사교육원,126.9138744,37.48707483,
4886,송정요양보호사교육원,서울 강서구,(07623) 서울특별시 강서구 공항대로 36 수산빌딩 301호,126.811234,37.56103217,
4887,(주)이랜드인재원,서울 강서구,(07793) 서울특별시 강서구 마곡동로 146 마곡이랜드글로벌알앤디센터,126.8358533,37.56760394,
4888,광주제일직업전문학원,광주 남구,(61619) 광주광역시 남구 월산로151번길 2 4층 ,126.8954865,35.15126481,
4889,(주)간삼건축종합건축사사무소,서울 중구,(04607) 서울특별시 중구 동호로20다길 16 (신당동),127.009333,37.55851162,
4890,주식회사글로벌코딩연구소,경남 진주시,(52616) 경상남도 진주시 일반성면 동부로 2021 반성시장내 2층,128.2825563,35.17079949,
4891,하우솔교육센터학원,서울 서초구,"(06736) 서울특별시 서초구 남부순환로350길 8(양재동, 용연빌딩) 2층",127.0352653,37.48418527,
4892,대한요양보호사교육원,전남 순천시,(57956) 전라남도 순천시 장천4길 10 (장천동) 2층,127.4912993,34.94913694,
4893,(주)동양실버 요양보호사교육원,경기 성남시 수정구,"(13311) 경기도 성남시 수정구 수정로 71 (태평동 평화빌딩) 3층 4호,5호",127.1284565,37.44013568,
4894,대승정밀(주),전북 김제시,(54325) 전라북도 김제시 대동공단2길 62 ,,,
4895,화성뷰티직업전문학원,경기 화성시,(18401) 경기도 화성시 경기대로 1038 YJ빌딩 3층 301호,,,
4896,퍼스트바리스타제과제빵학원,경기 성남시 수정구,"(13646) 경기도 성남시 수정구 위례서일로 34 (창곡동 위례성희프라자) 3층 311호,312호,313호",127.1394612,37.46432433,
4897,(학교법인)경남정보대학산학협력단,부산 사상구,(47011) 부산광역시 사상구 주례로 45 민석기념관 3층 산학협력단,129.0125633,35.14808216,
4898,인천건설기술전문학원,인천 서구,"(22836) 인천광역시 서구 염곡로 98-1 (가좌동) 2층,3층",126.6664201,37.49308938,
4899,퍼스트바리스타학원,서울 서초구,(06615) 서울특별시 서초구 서초대로77길 15 (서초동 대경빌딩) 7층전체,127.0261664,37.49893613,
4900,퍼스트커피베이킹학원,서울 구로구,(08378) 서울특별시 구로구 디지털로 306 대륭포스트타워 2차 201호,126.8973003,37.48586286,
4901,신포항요양보호사교육원,경북 포항시 북구,"(37605) 경상북도 포항시 북구 새천년대로 1210 5층, 602호",129.3800428,36.07225973,
4902,안성성심간호학원 부설  요양보호사교육원,경기 안성시,(17580) 경기도 안성시 중앙로 383 8층 백양빌딩,127.2692407,37.00769481,
4903,미래요양보호사교육원,전북 전주시 덕진구,(54898) 전라북도 전주시 덕진구 백제대로 545 (금암동 오동회관) (3층),127.129417,35.84002683,
4904,중랑여성인력개발센터 요양보호사교육원,서울 중랑구,(02120) 서울특별시 중랑구 망우로32길 20 (상봉동 대림빌딩) 3층,127.0764918,37.59292437,
4905,순천YWCA여성인력개발센터 요양보호사교육원,전남 순천시,(57957) 전라남도 순천시 서문로 6 3층,127.483101,34.95121574,
4906,신현대직업전문학원,인천 부평구,(21361) 인천광역시 부평구 길주로 420-6 1층,126.7085223,37.50785075,
4907,중앙간호학원 요양보호사교육원,전북 군산시,"(54144) 전라북도 군산시 하나운로 32 (나운동 세경아파트 상가) 2층3층 202호,302호",126.7016505,35.96075152,
4908,미소진간호조무사학원,경남 김해시,(50865) 경상남도 김해시 진영읍 여래로20번길 34-8 미소지움 3층 일부,,,
4909,(사)한국여학사협회 강북여성인력개발센터 부설 요양보호사교육원,서울 강북구,(01114) 서울특별시 강북구 도봉로 261 수유프라자 5층,127.0234096,37.63160641,
4910,전주동양컴퓨터학원,전북 전주시 완산구,(55060) 전라북도 전주시 완산구 서원로 2 4층 402호,127.0946423,35.81330035,
4911,호남제일간호학원부설요양보호사교육원,전북 전주시 덕진구,"(54848) 전라북도 전주시 덕진구 편운로 6 (여의동2가) 4층 401호,401-3호 일부",127.0772025,35.87079385,
4912,대천간호학원부설요양보호사교육원,충남 보령시,(33454) 충청남도 보령시 번영로 25 4층 요양보호사 강의실,126.5934016,36.35161759,
4913,서산간호학원부설서산요양보호사교육원,충남 서산시,(31981) 충청남도 서산시 시장2로 20 (동문동) 8층,126.4571867,36.7827051,
4914,전주안골간호학원부설요양보호사교육원,전북 전주시 덕진구,(55008) 전라북도 전주시 덕진구 견훤로 279 4층,127.1563395,35.83635444,
4915,봉동요양보호사교육원,전북 완주군,"(55326) 전라북도 완주군 봉동로 139 (봉동읍 봉상신협) ,3층",127.1680486,35.93728658,
4916,재단법인오송첨단의료산업진흥재단,충북 청주시 흥덕구,(28160) 충청북도 청주시 흥덕구 오송생명로 123 신약센터 6층,127.3244597,36.63456858,
4917,논산여성인력개발센터,충남 논산시,(32974) 충청남도 논산시 중앙로398번길 29-9 (취암동) 2층,127.0910571,36.20164798,
4918,탑클래스간호학원부설요양보호사교육원,전북 전주시 덕진구,(54829) 전라북도 전주시 덕진구 천마산로 19 (송천동2가 김옥천치과의원) 203호 탑클래스요양보호사교육원,,,
4919,강원팜산업교육원,강원 춘천시,"(24399) 강원특별자치도 춘천시 동내면 순환대로 716 /강원특별자치도 춘천시 동내면 신촌리 345-15/강원특별자치도 경춘로 2354,5층",127.7686416,37.84673784,
4920,성모간호학원부설요양보호사교육원,전북 정읍시,(56165) 전라북도 정읍시 충정로 175-1 2층,126.860873,35.56615985,
4921,플러스컴퓨터직업훈련학원,경기 용인시 기흥구,(16975) 경기도 용인시 기흥구 기흥로 10 (구갈동) 2. 3층,127.1162217,37.27690224,
4922,좋은씨앗 전기소방학원,경기 군포시,"(15869) 경기도 군포시 번영로 373 (산본동 도장교육센터) 201호, 203호, 401호, 402호",126.9245902,37.34900332,
4923,경북안동지역자활센터,경북 안동시,(36657) 경상북도 안동시 옥명2길 27 (옥동) 경북안동지역자활센터 교육장,128.7031984,36.56469066,
4924,은혜요양보호사교육원,대구 수성구,(42157) 대구광역시 수성구 수성로 121 (상동) 2층,128.6114436,35.83624903,
4925,전주여성인력개발센터 요양보호사교육원,전북 전주시 완산구,"(55106) 전라북도 전주시 완산구 장승배기로 213 3층, 4층",127.1359198,35.79694913,
4926,노원여성인력개발센터 부설 요양보호사교육원,서울 노원구,(01834) 서울특별시 노원구 공릉로 187 5층 서울YWCA 노원여성인력개발센터 부설 요양보호사교육원,127.0788469,37.6263581,
4927,올패션디자인학원,부산 사상구,(46968) 부산광역시 사상구 사상로 200 (괘법동 엠시티빌딩) 12층,128.9845454,35.1627191,
4928,대구수성시니어클럽,대구 수성구,(42033) 대구광역시 수성구 무열로 167 ,,,
4929,홍성간호학원부설요양보호사교육원,충남 홍성군,(32232) 충청남도 홍성군 조양로 198 (홍성읍) 3층 홍성간호학원 요양보호사반,126.6714118,36.60001036,
4930,인천여성인력개발센터요양보호사교육원,인천 남동구,"(21577) 인천광역시 남동구 남동대로 750 (구월동 유영빌딩) 4층일부, 5층일부",126.7082508,37.44901634,
4931,동작여성인력개발센터 요양보호사교육원,서울 동작구,(07008) 서울특별시 동작구 사당로 299 ,,,
4932,관악여성인력개발센터 요양보호사교육원,서울 관악구,(08785) 서울특별시 관악구 쑥고개로 75 광장빌딩 1층~5층,126.9449741,37.4795168,
4933,밀양요양보호사교육원,경남 밀양시,(50440) 경상남도 밀양시 삼문중앙로 38 (삼문동) 3층,128.756195,35.48487124,
4934,천안베스트간호학원 부설 요양보호사교육원,충남 천안시 서북구,"(31174) 충청남도 천안시 서북구 충무로 167-12 (쌍용동 쌍용가구백화점) 쌍용빌딩 B동, 5층 천안베스트간호학원 부설 요양보호사교육원",127.1251767,36.79474312,
4935,메디컬간호학원 부설 요양보호사교육원,강원 속초시,(24863) 강원특별자치도 속초시 교동 청대로 347 4층,128.5715229,38.19771366,
4936,강릉직업요양보호사교육원,강원 강릉시,(25549) 강원도 강릉시 경강로 2203 3층,128.9047235,37.76157609,
4937,창원무인항공교육원,경남 창원시 성산구    ,(51411) 경상남도 창원시 성산구 원이대로 450 (중앙동) 2층 32-1호,128.6664008,35.2324031,
4938,KH정보교육원 부산지원,부산 부산진구,"(47351) 부산광역시 부산진구 중앙대로 627(범천동, 삼비빌딩) 2층, 12층",129.0588878,35.1487004,
4939,K뷰티학원,인천 서구,(22736) 인천광역시 서구 중봉대로 594 (청라동 청라비전프라자) 607호,126.6502231,37.53247833,
4940,포항한국간호전문학원 부설 한국요양보호사교육원,경북 포항시 남구,(37769) 경상북도 포항시 남구 중흥로114번길 8-6 ,,,
4941,원주간호학원부설요양보호사교육원,강원 원주시,(26436) 강원도 원주시 장미공원길 71-12 (단계동) 603강의실,127.9300829,37.34541387,
4942,베스트뷰티미용학원,경북 구미시,(39436) 경상북도 구미시 인동북길 83 (인의동 동산빌딩) 7층 일부,128.4261268,36.09971014,
4943,해맞이요양보호사교육원,경북 울진군,"(36370) 경상북도 울진군 울진대게로 28 2층, 해맞이요양보호사교육원",129.4435713,36.67677375,
4944,코리아아이티(IT)아카데미학원,대구 중구,"(41943) 대구광역시 중구 중앙대로 366 903호, 1001호, 1002호, 1003호(덕산동)",128.5938127,35.86607701,
4945,탑애견미용학원,서울 관악구,(08782) 서울특별시 관악구 장군봉2길 14 (봉천동) 1층,126.93959,37.48256841,
4946,천연패션학원,대구 수성구,"(42125) 대구광역시 수성구 수성로 336-2 (수성동2가) 2층,3층 전부",128.6139221,35.85538291,
4947,대전YWCA여성인력개발센터,대전 서구,"(35300) 대전광역시 서구 용문동 계룡로 636 6층, 603호",127.3924522,36.33853427,
4948,동대문여성인력개발센터 부설 요양보호사교육원,서울 동대문구,(02583) 서울특별시 동대문구 왕산로 60-1 포은빌딩 6층,127.0302208,37.57703284,
4949,신진학원,서울 중구,"(04561) 서울특별시 중구 동호로34길 33 (광희동1가 삼지빌딩) 1,3,5층",127.0043534,37.56500788,
4950,동남장례지도사교육원,부산 기장군,(46033) 부산광역시 기장군 장안읍 해맞이로 9 404호,,,
4951,미래요양보호사교육원,대전 대덕구,(34422) 대전광역시 대덕구 계족로 540 학림빌딩 3층 301호,,,
4952,(주)엠지아이티 드론교육원,경남 창원시 의창구    ,(51391) 경상남도 창원시 의창구 차룡로48번길 44 (팔용동) 8층 813호/ 실습장 : 경남 창원시 의창구 동읍 금산리 68,128.6313831,35.24112548,
4953,존스커피바리스타학원,광주 동구,(61488) 광주광역시 동구 백서로 115-1 존스커피바리스타학원 5층,126.9182355,35.14165642,
4954,이레요양보호사교육원,강원 동해시,(25761) 강원도 동해시 천곡로 56 축협4층,129.1110988,37.52358171,
4955,영등포여성인력개발센터 부설 요양보호사교육원,서울 영등포구,"(07251) 서울특별시 영등포구 영중로 61 극동빌딩 4,5층",126.9045347,37.52176464,
4956,한화솔루션(주) 진천사업장,충북 진천군,(27816) 충청북도 진천군 산수산단2로 202 ,,,
4957,단대요양보호사교육원,경기 성남시 중원구,(13179) 경기도 성남시 중원구 자혜로8번길 59 2층,127.1584798,37.44549697,
4958,수앤뷰티미용학원,경남 창원시 성산구    ,(51431) 경상남도 창원시 성산구 용지로 233 (용호동 롯데아파트) 롯데유치원상가 3층,128.6846538,35.23443088,
4959,다움장애아동지원센터,서울 은평구,(03428) 서울특별시 은평구 갈현로11길 30 (구산동 사회복지법인엔젤스헤이븐) 다움장애아동지원센터,126.90678,37.60561197,
4960,아름다운세상만들기간호학원,서울 강서구,(07560) 서울특별시 강서구 공항대로 557 (염창동 등촌제이스카이) 101동 301호,126.868014,37.54983938,
4961,아뜰리에뷰티아카데미미용학원,서울 영등포구,(07250) 서울특별시 영등포구 영중로 46 5층 일부(영등포동5가),126.9052038,37.52043173,
4962,공군 교육사령부,경남 진주시,(52634) 경상남도 진주시 송백로 46 사서함 306-1,128.1456194,35.20356132,
4963,안양여성인력개발센터부설 요양보호사교육원,경기 안양시 동안구,(14109) 경기도 안양시 동안구 경수대로 594 .,126.9568635,37.37558218,
4964,원당간호학원부설요양보호사교육원,충남 당진시,(31770) 충청남도 당진시 당진중앙1로 230 태은빌딩2층,126.6354377,36.89797169,
4965,삼성중장비운전학원,인천 서구,(22600) 인천광역시 서구 설원로 102-4 삼성중장비운전학원,126.6768325,37.62602217,
4966,영서고등학교,강원 원주시,(26468) 강원도 원주시 치악로 1384 ,,,
4967,평택간호학원,경기 평택시,(17854) 경기도 평택시 비전5로 20-31(탑1빌딩) 6층 601호,127.1150332,36.99929943,
4968,육군 특수전학교,경기 광주시,(12798) 경기도 광주시 양벌로353번길 40-41 특수전학교,127.2483621,37.36165906,
4969,한빛평생교육원,부산 동래구,(47877) 부산광역시 동래구 충렬대로 248 5층 501호,129.0860054,35.20091008,
4970,현대타일기능사학원,울산 중구,(44513) 울산광역시 중구 화합로 359 (반구동) 5층 현대타일기능사학원,129.340634,35.55803848,
4971,그린조경학원,대구 북구,(41581) 대구광역시 북구 칠성남로30길 30 3층,128.5980562,35.87618549,
4972,주식회사드론코리아아카데미,경북 안동시,(36636) 경상북도 안동시 하이마로 34 (송현동) .,128.6787755,36.57215461,
4973,광주요리전문학원,광주 남구,(61655) 광주광역시 남구 대남대로 282 (백운동) 4층 일부,126.8968211,35.13768264,
4974,제물포타일기술학원,인천 부평구,(21435) 인천광역시 부평구 경인로 771 (십정동) 종로빌딩 401호,126.7101926,37.47851075,
4975,헤어디자인엠미용학원,경북 포항시 북구,(37636) 경상북도 포항시 북구 우창동로 30 (우현동) 3층 일부,129.3628734,36.05540294,
4976,한국원자력마이스터고등학교,경북 울진군,(36364) 경상북도 울진군 월송정로 422 한국원자력마이스터고등학교,129.4635394,36.74284718,
4977,운정요양보호사교육원,경기 파주시,(10905) 경기도 파주시 미래로 375 903,126.7456836,37.71123441,
4978,(주)나눔디지털디자인학원,서울 구로구,(08389) 서울특별시 구로구 디지털로26길 5 402-1호 나눔디지털디자인학원,126.893451,37.48154359,
4979,에스비에스(SBS)아카데미게임학원,대전 서구,(35230) 대전광역시 서구 대덕대로 179 5층 501호,127.3767776,36.34935774,
4980,원주의료고등학교,강원 원주시,(26370) 강원도 원주시 원문로 1756 원주의료고등학교,127.8224502,37.31374564,
4981,목포여성인력개발센터 요양보호사교육원,전남 목포시,(58693) 전라남도 목포시 통일대로37번길 34-1 목포여성인력개발센터,126.4270419,34.80146921,
4982,충주제빵커피학원,충북 충주시,(27428) 충청북도 충주시 국원대로 15 2층,127.9237526,36.97423671,
4983,(주) 우리요양보호사교육원,서울 광진구,(05073) 서울특별시 광진구 아차산로30길 39 (자양동) 3층,127.0673189,37.5388167,
4984,사단법인전남여수산학융합원,전남 여수시,(59631) 전라남도 여수시 삼동3길 17 (주삼동 전남여수산학융합지구 기업연구관) 행정실(105호),127.6600892,34.79451309,
4985,유씨평생교육원,경기 의정부시,"(11697) 경기도 의정부시 평화로484번길 7 (의정부동) 2층, 4층(401호,402호),5층",127.0483733,37.73529148,
4986,(주)레이크머티리얼즈,세종 세종,(30003) 세종특별자치시  산단길 22-144 ,,,
4987,경기중앙간호학원 요양보호사교육원,경기 의정부시,(11695) 경기도 의정부시 평화로536번길 6 (의정부동) 3층(테레사반),,,
4988,"시청점미즈간호학원,미즈요양보호사교육원",대전 서구,"(35241) 대전광역시 서구 둔산중로 38 (둔산동 둔산메트로존) 508호, 509호, 509-1호",127.387185,36.34988345,
4989,마산여성인력개발센터(부설요양보호사교육원),경남 창원시 마산회원구,(51230) 경상남도 창원시 마산회원구 광려천서로 57 광림빌딩6층,128.508803,35.24722817,
4990,동두천간호학원요양보호사교육원,경기 동두천시,(11350) 경기도 동두천시 중앙로 116 (지행동 두손프라자) 7층 702호B,,,
4991,씨앤씨 미용학원,경기 시흥시,(14904) 경기도 시흥시 호현로 27-1 (신천동 시흥세계로교회) 202호,126.7846866,37.44287516,
4992,포스아이티안전학원,전남 광양시,(57781) 전라남도 광양시 사동로 111 4층,127.6879435,34.94905249,
4993,제일요양보호사교육원,제주 제주시,(63126) 제주특별자치도 제주시 일주서로 7872 (연동) 2층,126.4876828,33.4934961,
4994,은평여성인력개발센터 부설 요양보호사교육원,서울 은평구,(03382) 서울특별시 은평구 녹번로 76 ,,,
4995,달구벌간호학원,대구 달서구,"(42641) 대구광역시 달서구 달구벌대로 1643 2층,3층",128.545935,35.85381923,
4996,티나아트가죽학원,경남 거제시,(53252) 경상남도 거제시 거제중앙로29길 10 (고현동) 3층 (태화빌딩),,,
4997,충남간호전문학원,충남 공주시,(32547) 충청남도 공주시 무령로 222 (중동) 충남간호전문학원,127.1244091,36.45636193,
4998,봄아카데미학원,서울 마포구,"(04031) 서울특별시 마포구 동교로 156-11 (서교동) 3층, 5층",126.9199426,37.55534104,
4999,다산전기학원,대구 달서구,"(42620) 대구광역시 달서구 이곡동로 56 (이곡동) 3층, 4층",128.5122367,35.85465791,
5000,수영음식나라조리학원,부산 수영구,(48242) 부산광역시 수영구 연수로 386 국민은행빌딩3층,129.1117251,35.16935746,
5001,의정부커피학원,경기 의정부시,(11633) 경기도 의정부시 호원동 회룡로 109(한신아파트) 한신상가 3층302호,127.046326,37.72612951,
5002,힐링강서요양보호사교육원,서울 강서구,(07714) 서울특별시 강서구 강서로 183 (화곡동 대사빌딩) 8층 2호-1,126.8390715,37.54253182,
5003,요셉인테리어기술건축학원,경기 부천시 오정구,"(14484) 경기도 부천시 오정구 성곡로 69 1층,2층,4층",,,
5004,병점길요양보호사교육원,경기 화성시,(18412) 경기도 화성시 병점3로 12 (병점동) 3층 일부,127.0348634,37.20758166,
5005,의정부간호학원,경기 의정부시,(11695) 경기도 의정부시 시민로 125 (의정부동) 5층,127.049124,37.73837246,
5006,한빛용접학원,경기 고양시 덕양구,"(10510) 경기도 고양시 덕양구 지도로35번길 22 5층(토당동,대복빌딩)",126.8235179,37.62077731,
5007,경복대학교남양주캠퍼스,경기 남양주시,(12051) 경기도 남양주시 경복대로 425 경복대학교 남양주캠퍼스,,,
5008,"HRD서울법률교육원(경매,세무,ERP,미디어 등)",서울 구로구,(08289) 서울특별시 구로구 공원로6가길 44 (구로동 동일빌딩) 3층 일부,126.89023,37.50334462,
5009,유니온커피학원,대구 동구,(41087) 대구광역시 동구 동호로5길 12 대림빌딩2층 일부(신서동),128.7254679,35.86724381,
5010,은행동미즈요양보호사교육원,대전 중구,(34832) 대전광역시 중구 목척8길 37 (은행동) B1층,127.4261872,36.32941241,
5011,방화11종합사회복지관,서울 강서구,(07611) 서울특별시 강서구 개화동로21길 4 방화11종합사회복지관,126.804656,37.57041855,
5012,인천건설평생교육원,인천 부평구,"(21450) 인천광역시 부평구 배곶남로21번길 1 (십정동) 3층전체,2층일부",126.6958921,37.47273513,
5013,로이드배관용접학원,경기 수원시 팔달구,(16435) 경기도 수원시 팔달구 덕영대로697번길 17 그린프라자 602호,126.9910078,37.28490295,
5014,하양요양보호사교육원,경북 경산시,(38433) 경상북도 경산시 하양로 89 2층,128.8174781,35.91296226,
5015,가원요양보호사교육원,경기 파주시,"(10823) 경기도 파주시 문산로26번길 14 호수아파트102동2층 202,203호",126.7816998,37.85672045,
5016,녹번종합사회복지관,서울 은평구,(03382) 서울특별시 은평구 은평로21길 14-26 녹번종합사회복지관,126.9318105,37.60266548,
5017,주식회사티엘에이치,경기 화성시,(18577) 경기도 화성시 칙골길 36 ,,,
5018,미소진요양보호사교육원,경남 김해시,(50865) 경상남도 김해시 진영읍 여래로20번길 34-8 미소지움 302호,,,
5019,반구요양보호사교육원,울산 중구,(44515) 울산광역시 중구 염포로 3 금강빌딩 5층,129.3422421,35.55873712,
5020,윤숙희플로리스트아카데미,경북 포항시 남구,(37684) 경상북도 포항시 남구 대이로 45 이수빌딩 2층,129.3414546,36.01926097,
5021,한라요양보호사교육원,제주 제주시,(63210) 제주특별자치도 제주시 연삼로 417 (이도이동) 제주시 연삼로 417 3층,126.5355094,33.49626423,
5022,다온빌,충북 청주시 청원구,(28136) 충청북도 청주시 청원구 장재금대로 187 다온빌,127.562579,36.74861484,
5023,한국반려견연합학원,광주 북구,"(61189) 광주광역시 북구 호동로 13-4 (용봉동) 2,3,4층",126.9138755,35.1752105,
5024,KIC직업교육원,경북 구미시,(39312) 경상북도 구미시 형곡서로 64 (형곡동) 3층 5층,128.335046,36.10782234,
5025,비엔테크(주)(김병국),경남 김해시,(50874) 경상남도 김해시 평지길 43 비엔테크 주식회사,128.7487811,35.23559546,
5026,춘천한샘고등학교,강원 춘천시,(24206) 강원도 춘천시 신샘밭로 363-12 춘천한샘고등학교,127.7506866,37.92700534,
5027,해남간호전문학원,전남 해남군,(59040) 전라남도 해남군 홍교로 34 4층,126.599342,34.56924674,
5028,한양간호학원,충남 천안시 서북구,(31156) 충청남도 천안시 서북구 불당21로 67-12 퍼스트프라자 703호,127.1083401,36.81354715,
5029,북부중앙바리스타학원,경기 양주시,(11494) 경기도 양주시 만송로 303 (만송동) 1층 북부중앙바리스타학원,127.090206,37.78828898,
5030,해뜨는마을,경기 화성시,(18329) 경기도 화성시 분천길118번길 6-7 해뜨는마을,126.9528691,37.2017457,
5031,동일건축인테리어학원,대전 유성구,(34144) 대전광역시 유성구 현충원로 351 동일건축인테리어학원,127.3101912,36.35930262,
5032,서울시립중랑노인전문요양원,서울 중랑구,(02062) 서울특별시 중랑구 양원역로 38 서울시립중랑노인전문요양원,127.1076568,37.60425314,
5033,가람직업전문학교,대구 수성구,(42252) 대구광역시 수성구 달구벌대로 3072 2층,128.6929953,35.84263597,
5034,동화회계캐드컴퓨터학원,대구 수성구,(42268) 대구광역시 수성구 달구벌대로 3179 3층,128.7047191,35.84124496,
5035,김포아빌요양보호사교육원,경기 김포시,(10110) 경기도 김포시 사우동 김포대로 841(제우스프라자) 405-2호 406호,126.7199943,37.61930418,
5036,코스모평생교육원,서울 금천구,"(08506) 서울특별시 금천구 가산디지털1로 137 (가산동 IT캐슬2차) 제2층 202호,203호 코스모평생교육원",126.8822077,37.47773945,
5037,(주) 바오밥목공전문학원,경기 안성시,"(17552) 경기도 안성시 공도읍 벚꽃길 25-7 (실습실:안성시 공도읍 만가대길 8 1층), (실습실:안성시 공도읍 서동대로4043, 2층)",127.1542183,36.99900167,
5038,구미여성인력개발센터,경북 구미시,(39232) 경상북도 구미시 송원서로8길 53 1층 구미여성인력개발센터,128.3497103,36.12376153,
5039,에스제이기술학원,전남 순천시,"(57939) 전라남도 순천시 도서관길 5 (동외동) 301호,302호,401호,404호",127.4851085,34.95752638,
5040,신의정부요양보호사교육원,경기 의정부시,(11697) 경기도 의정부시 시민로 118 (의정부동 은덕빌딩) 나동 3층 301호,127.0482617,37.73823765,
5041,경북여성정책개발원,경북 예천군,(36849) 경상북도 예천군 호명읍 도청대로 53(경북여성가족플라자) 경북여성정책개발원,128.4717428,36.57579804,
5042,비전컴퓨터학원,광주 광산구,(62300) 광주광역시 광산구 수등로 248 (신가동) 2층,126.8361339,35.18501618,
5043,클로리스꽃예술전문학원,경북 경주시,(38084) 경상북도 경주시 황성로 35-3 (황성동) 광림프라자 5F  501호,129.2144172,35.86608378,
5044,스타자동차주식회사,부산 해운대구,(48061) 부산광역시 해운대구 해운대로 277 벤츠전시장,129.1309973,35.17572475,
5045,경북항공고등학교(회계),경북 영주시,(36023) 경상북도 영주시 금계로 90 ,,,
5046,안양온누리요양보호사교육원,경기 안양시 만안구,(13991) 경기도 안양시 만안구 안양로 348 (안양동) 301호 302호,,,
5047,금요일평생교육원,부산 수영구,"(48308) 부산광역시 수영구 수영로 410-1(남천동, 자미빌딩) 2,3층",129.1088726,35.14258967,
5048,한국영상대학교산학협력단,세종 세종,(30056) 세종특별자치시  대학길 300 한국영상대학교 ,127.2108695,36.46278495,
5049,나스평생교육원,대구 중구,(41943) 대구광역시 중구 달구벌대로 2109-34 5층 나스평생교육원,128.5939162,35.86682358,
5050,사단법인한국숲교육협회,인천 남동구,(21558) 인천광역시 남동구 예술로 206 (구월동 구월중앙프라자) A동 6층,126.7017842,37.45242383,
5051,오무선뷰티아카데미미용학원,대구 중구,"(41966) 대구광역시 중구 달구벌대로 2068 남산동 3, 4층",128.5896738,35.86560009,
5052,평택도배타일기술학원,경기 평택시,(17871) 경기도 평택시 문화촌로11번길 7-9 (비전동) 천지빌딩 2.3층 전관,127.1135353,36.9966607,
5053,용인순수지목공기술학원,경기 용인시 기흥구,(17088) 경기도 용인시 기흥구 지삼로250번길 42 1층(지곡동),127.1356293,37.23352451,
5054,티처스원격평생교육원,서울 금천구,"(08507) 서울특별시 금천구 가산디지털1로 142 810호(가산동, 가산더스카이밸리1차)",126.8832017,37.47826304,
5055,삼일고등학교,경기 수원시 팔달구,(16254) 경기도 수원시 팔달구 수원천로392번길 44-28 (매향동),127.0198419,37.28512759,
5056,이지홈목조주택학원,경기 오산시,"(18102) 경기도 오산시 독산성로232번길 14-10 (지곶동) 1동 1층, 2층(일부)",127.0255603,37.17593927,
5057,종로직업전문학원,전북 정읍시,"(56165) 전라북도 정읍시 관통로 14-4 (장명동 컴미어린이집) 3층(일부), 4층",126.86115,35.56543915,
5058,나주간호전문학원,전남 나주시,(58256) 전라남도 나주시 나주로 160 (중앙동 송화빌딩) 3층,126.7185104,35.03208098,
5059,꿈을굽는제과제빵학원,대전 서구,(35382) 대전광역시 서구 구봉로 137 (관저동) 5층 꿈을굽는제과제빵학원,127.3381075,36.296664,
5060,드론항공평생교육원,제주 서귀포시,(63632) 제주특별자치도 서귀포시 서성일로 488 (성산읍) /실습장:제주특별자치도 서귀포시 중산간동로 4390(성산읍) 삼달체육공원,126.841312,33.41703233,
5061,(주)테스,경기 용인시 처인구,(17162) 경기도 용인시 처인구 중부대로 2374-36 ,,,
5062,팩트디자인자동차아카데미학원,서울 강남구,(06250) 서울특별시 강남구 역삼로8길 17 1층 (역삼동),127.0341591,37.49285257,
5063,정관새원간호학원,부산 기장군,(46015) 부산광역시 기장군 정관7로 9-4 201호,129.1764332,35.32215115,
5064,산청성모요양원,경남 산청군,(52230) 경상남도 산청군 친환경로 2016 산청성모요양원,127.8481413,35.4049189,
5065,(재단법인)강릉과학산업진흥원,강원 강릉시,(25440) 강원도 강릉시 과학단지로 106-11 강릉과학산업진흥원,128.8548951,37.80325862,
5066,(주)샐리쿡,경기 성남시 중원구,"(13202) 경기도 성남시 중원구 사기막골로 177(상대원동, 금강하이테크밸리) 4층, 419호",,,
5067,대양전기공업(주),부산 사하구,(49438) 부산광역시 사하구 장평로 245 ,,,
5068,(유)시에이치제이산업,전남 영암군,(58453) 전라남도 영암군 나불로 201 (유)시에이치제이산업,126.4394629,34.76505712,
5069,의료법인성수의료재단(인천백병원),인천 동구,(22534) 인천광역시 동구 샛골로 214 인천백병원,126.645566,37.4817928,
5070,재단법인경남로봇랜드재단,경남 창원시 마산합포구,(51783) 경상남도 창원시 마산합포구 로봇랜드로 33 (구산면) 로봇연구센터 1동 4층,128.575004,35.06983454,
5071,성공회행복노인복지센터,전북 정읍시,(56204) 전라북도 정읍시 정읍사로 527 ,,,
5072,경동대학교 산학협력단,경기 양주시,(11458) 경기도 양주시 경동대학로 27 우당관 4층,127.0702564,37.80987074,
5073,(주)삼동산업,충남 천안시 서북구,(31061) 충청남도 천안시 서북구 성진로 1122-27 (주) 삼동산업,127.2549372,36.91205907,
5074,경북보건대학교산학협력단,경북 김천시,(39525) 경상북도 김천시 대학로 168 ,,,
5075,(주)세명기업,경북 경산시,(38471) 경상북도 경산시 공단4로 20 ,,,
5076,미래로21병원,광주 서구,(62045) 광주광역시 서구 화운로 1 ,,,
5077,영천대안간호학원,경북 영천시,(38894) 경상북도 영천시 시장로 120 (완산동) 5층,128.943691,35.9634303,
5078,모아직업기술교육원,서울 영등포구,(07301) 서울특별시 영등포구 영신로34길 10 (영등포동4가 영남빌딩) 4층 일부,126.9021734,37.51956423,
5079,강원대학교산학협력단,강원 춘천시,(24341) 강원도 춘천시 강원대학길 1 ,,,
5080,전남과학대학산학협력단,전남 곡성군,(57500) 전라남도 곡성군 대학로 113 ,,,
5081,위자드컴퓨터학원,경남 창원시 성산구    ,"(51514) 경상남도 창원시 성산구 용지로117번길 2 (중앙동 대흥상가) 301호, 302호",128.678792,35.22606788,
5082,희망샘요양보호사교육원,경기 연천군,(11038) 경기도 연천군 온골로 7 3층,127.0701997,38.02212064,
5083,엘에이치주거복지정보(주),경기 성남시 분당구,(13637) 경기도 성남시 분당구 성남대로54번길 3 한국토지주택공사,127.1101006,37.34145717,
5084,문경효사랑,경북 문경시,(36947) 경상북도 문경시 중앙4길 12 문경효사랑,128.2008273,36.59262185,
5085,서울문화고등학교,서울 도봉구,(01338) 서울특별시 도봉구 마들로 598 서울문화고등학교,127.0470487,37.66341319,
5086,(주)더블유비에스(WBS),대구 서구,(41843) 대구광역시 서구 와룡로66길 54 2층,128.5435376,35.8619383,
5087,삼성농아원,서울 동작구,(07035) 서울특별시 동작구 양녕로30길 19-4 ,,,
5088,(사회복지법인)섬김노인복지센터,전북 임실군,(55952) 전라북도 임실군 삼일로 22-12 ,,,
5089,연무마이스터고등학교,충남 논산시,(33011) 충청남도 논산시 연무로 268-9 ,,,
5090,영주노인전문요양원,경북 영주시,(36139) 경상북도 영주시 반지미로 236-50 영주노인전문요양원,128.591118,36.81793577,
5091,에스지이주식회사,인천 서구,(22794) 인천광역시 서구 봉수대로300번길 3 ,,,
5092,피앤비솔루션(주),부산 해운대구,(48058) 부산광역시 해운대구 센텀중앙로 97 스카이비즈 A동 3011호,129.1248339,35.17505794,
5093,(주)에이텍씨앤,경기 성남시 분당구,(13488) 경기도 성남시 분당구 판교로 289 ,,,
5094,광주여성인력개발센터요양보호사교육원,광주 동구,(61470) 광주광역시 동구 제봉로 221-11 4층,126.913492,35.1544612,
5095,우송대학교산학협력단,대전 동구,"(34606) 대전광역시 동구 동대전로 171(자양동, 우송정보대학, 우송대 서캠퍼스) 우송대학교내",127.4458804,36.33774891,
5096,진주성모요양원,경남 진주시,(52643) 경상남도 진주시 호반로 1456 진주성모요양원,127.9591892,35.22997193,
5097,한국세라믹기술원,경기 이천시,(17303) 경기도 이천시 경충대로 3321 한국세라믹기술원 이천분원 창업보육센터,127.3964407,37.32115505,
5098,완주로컬푸드협동조합,전북 완주군,(55362) 전라북도 완주군 모악산길 95 완주로컬푸드협동조합,127.1093682,35.72937226,
5099,재단법인대구광역시중구도심재생문화재단,대구 중구,(41913) 대구광역시 중구 경상감영길 176 패션주얼리전문타운 4층,128.5968655,35.87202005,
5100,대구북구시니어클럽,대구 북구,(41589) 대구광역시 북구 옥산로7길 3-1 대구북구시니어클럽,128.5799774,35.88634571,
5101,F4대림직업교육원,서울 구로구,(08371) 서울특별시 구로구 도림로20길 18 3층,126.8923663,37.48876856,
5102,상생복지회우리노인전문요양원,경기 여주시,(12643) 경기도 여주시 중부대로 2806-3 우리노인전문요양원,127.618146,37.29975715,
5103,목포해양대학교산학협력단,전남 목포시,(58628) 전라남도 목포시 해양대학로 91 목포해양대학교,126.3646632,34.79344225,
5104,(사단법인)대덕이노폴리스벤처협회,대전 유성구,(34037) 대전광역시 유성구 탑립동 갑천로 361-17 대덕벤처타워 윕스퀘어 2층 209호~212호,127.4148178,36.41217851,
5105,가인컴퓨터학원,인천 부평구,"(21329) 인천광역시 부평구 주부토로 231 (갈산동 갈산홈프라자) 401호 , 402호",126.725997,37.51545343,
5106,주식회사디에이치,대전 서구,(35241) 대전광역시 서구 둔산중로 38 둔산메트로존 202호,127.387185,36.34988345,
5107,(주)포스코디엑스,경기 성남시 분당구,(13486) 경기도 성남시 분당구 판교로 255 (삼평동 판교 이노밸리) 포스코DX,127.1010177,37.40331054,
5108,인천현대중장비운전학원,인천 서구,(22827) 인천광역시 서구 장고개로243번길 25 (가좌동) 103호 조종실습장 : 인천광역시 서구 원창동 381-127,,,
5109,케이투코리아(주),서울 강남구,(06373) 서울특별시 강남구 자곡로 174-14 케이투코리아,,,
5110,충주상공회의소,충북 충주시,(27339) 충청북도 충주시 으뜸로 31 ,,,
5111,대우헤어아카데미학원,부산 부산진구,(47251) 부산광역시 부산진구 중앙대로 757  4층 대우헤어아카데미학원,129.0606463,35.16005321,
5112,(주)신성에프에이,경기 성남시 분당구,(13543) 경기도 성남시 분당구 대왕판교로395번길 8 신성에프에이,127.1010996,37.3795058,
5113,김포중앙요리제과학원,경기 김포시,"(10083) 경기도 김포시 김포한강4로 119 (장기동 승문프라자) 8층 801호,802호,803호 11층 1103호",126.6676431,37.64424103,
5114,에스에프씨주식회사,충북 청주시 청원구,(28122) 충청북도 청주시 청원구 과학산업5로 89 에스에프씨 본사,127.4168683,36.7051469,
5115,주식회사태하,경기 남양주시,(12202) 경기도 남양주시 수레로661번안길 3 ,,,
5116,(주)엔릿,경기 파주시,(10880) 경기도 파주시 지목로 45-7 나스켐,126.6961292,37.7265673,
5117,서울드론교육원,서울 서초구,(06675) 서울특별시 서초구 방배동 서초대로 20 4층,126.9843618,37.48529591,
5118,컴퍼니에스에스(주),서울 마포구,(04042) 서울특별시 마포구 어울마당로 65 상상마당빌딩,126.9209732,37.55092412,
5119,창원식음료직업학교,경남 창원시 마산회원구,(51209) 경상남도 창원시 마산회원구 3·15대로 787 (합성동 합성1동새마을금고) 5층,128.584687,35.24176291,
5120,대한무인항공교육원,서울 강남구,(06061) 서울특별시 강남구 학동로 307 (논현동 부마빌딩) 2층,,,
5121,(주)에스엠에스,대구 달서구,(42734) 대구광역시 달서구 송현로 205 ICT PARK 303호,128.5430958,35.83452222,
5122,신아 주식회사,울산 남구,(44696) 울산광역시 남구 번영로 234 (삼산동 팔레드상떼) 104호,129.3246088,35.54606699,
5123,재단법인울산정보산업진흥원,울산 남구,(44776) 울산광역시 남구 테크노산업로55번길 16 (두왕동) 하이테크타운,129.2984478,35.51207563,
5124,(주)쌍영방적,전북 익산시,(54630) 전라북도 익산시 약촌로8길 77-10 ,,,
5125,농업회사법인주식회사더기반,경기 안성시,(17513) 경기도 안성시 밤고개1길 10 더기반,127.3846097,37.09151153,
5126,헬러코리아(주),경기 수원시 권선구,(16648) 경기도 수원시 권선구 산업로156번길 125-5 ,,,
5127,지엔에스티(주),충남 천안시 서북구,(31094) 충청남도 천안시 서북구 백석공단1로 34 ,,,
5128,함춘요양보호사교육원,서울 용산구,(04353) 서울특별시 용산구 한강대로 198 4층,126.9747209,37.53583963,
5129,로터텍유한책임회사,울산 울주군,(44910) 울산광역시 울주군 활천산업1길 152 로터텍,129.1940338,35.70280074,
5130,헤럴드커피교육학원,경남 양산시,(50611) 경상남도 양산시 삽량로 36 (물금읍 스타프라자 빌딩) 305호,129.0134261,35.32900969,
5131,성도하이텍(주),경북 경주시,(38208) 경상북도 경주시 모화산단길 21 성도하이텍(주),129.325888,35.68263998,
5132,시대에듀평생교육원,서울 마포구,"(04158) 서울특별시 마포구 큰우물로 75(도화동, 성지빌딩) B1503호, B808호, C201호, C203호",126.9463222,37.54128183,
5133,가족사랑요양보호사교육원,인천 부평구,"(21388) 인천광역시 부평구 부평대로 57(부평동, 쌍봉빌딩) 4층",126.7220867,37.49645134,
5134,이가자뷰티아카데미미용학원,부산 부산진구,(47295) 부산광역시 부산진구 동천로 73 8층,129.0620931,35.15519845,
5135,연세요양보호사교육원,세종 세종,(30128) 세종특별자치시  나성북로 9 메가타워1 401호,127.2578026,36.48958418,
5136,연세간호학원,세종 세종,(30128) 세종특별자치시  나성북로 9 메가타워1 402호,127.2578026,36.48958418,
5137,(주)디엠에스,경북 경산시,(38478) 경상북도 경산시 공단5로 188 (진량읍) (주)디엠에스,128.8412352,35.85871545,
5138,산청한일노인통합지원센터,경남 산청군,(52225) 경상남도 산청군 웅석봉로67번길 24 산청한일노인통합지원센터,127.8763587,35.41133352,
5139,무지개병원,광주 서구,(61924) 광주광역시 서구 경열로 118 ,,,
5140,주식회사이누코리아(inookoreaInc.),서울 중랑구,"(02262) 서울특별시 중랑구 신내역로 111(신내동, 신내 SK V1 center) B동 528호",,,
5141,메디팜요양병원,전남 순천시,(58028) 전라남도 순천시 양율길 306 메디팜요양병원,127.4782464,34.8972516,
5142,(주)이스트소프트,서울 서초구,(06711) 서울특별시 서초구 반포대로 3 이스트소프트,127.0121641,37.48107133,
5143,하남미사간호학원,경기 하남시,"(12919) 경기도 하남시 미사강변대로54번길 80(풍산동, 메디포레) 302,303,304,305",127.189413,37.55648058,
5144,에스웨이에듀넷 원격평생교육원,서울 강동구,(05336) 서울특별시 강동구 천호동 천호대로 1057(오피스텔트레벨) 201호(천호동),127.1292866,37.53720792,
5145,상지대학교,강원 원주시,(26339) 강원도 원주시 상지대길 83 상지대학교,127.9281922,37.37065621,
5146,"서해철도주식회사(SeohaeRailCo.,Ltd)",경기 안산시 단원구,(15432) 경기도 안산시 단원구 동산로 185 (초지동) 통합사무소,126.8064666,37.31989847,
5147,삼진식품(주),부산 영도구,(49035) 부산광역시 영도구 태종로99번길 36 삼진어묵,129.0427295,35.09286851,
5148,에쓰푸드(주)서울지점,서울 강남구,(06274) 서울특별시 강남구 남부순환로 2729 ,,,
5149,주식회사한도,강원 춘천시,(24207) 강원도 춘천시 신동로 41 ,,,
5150,주식회사동영테크,강원 춘천시,(24232) 강원도 춘천시 후석로420번길 7 5동,127.7450493,37.8877883,
5151,군산용접산업설비학원,전북 군산시,(54130) 전라북도 군산시 하나운3길 20 (나운동 군산우리교회) 3층,126.695621,35.96338583,
5152,성우파이프(주),강원 횡성군,(25201) 강원도 횡성군 취석로 55 성우파이프(주),127.9004433,37.48700572,
5153,(주)디알젬,경기 광명시,"(14322) 경기도 광명시 하안로 60 소하동, 광명SK테크노파크 E동 7층",126.8947592,37.44462188,
5154,한국다이와주식회사,경기 파주시,(10863) 경기도 파주시 재두루미길 268 ,,,
5155,라라반려동물직업전문학원,인천 부평구,(21395) 인천광역시 부평구 시장로 36 4층. 명지빌딩,126.7262807,37.49375826,
5156,한국타이어앤테크놀로지(주)대전공장,대전 대덕구,(34300) 대전광역시 대덕구 대덕대로1447번길 40 한국타이어앤테크놀로지(주)대전공장,127.4098808,36.44887224,
5157,사단법인 우리,전남 나주시,(58290) 전라남도 나주시 공산로 30 (공산면 공산고등학교) 사)우리,126.6181924,34.94178487,
5158,해군해난구조교육훈련대대,경남 창원시 진해구    ,(51698) 경상남도 창원시 진해구 충장로 1 사서함 602-12-22,128.6520223,35.1536082,
5159,일산에이스애견미용학원,경기 고양시 일산동구,(10414) 경기도 고양시 일산동구 장백로 200 (장항동 유국타워) 301호 일부 302호 일부,126.7764363,37.65274387,
5160,그린컴퓨터아카데미광주학원,광주 서구,(61963) 광주광역시 서구 상무중앙로 44 (치평동) 501호 일부,126.848912,35.15079095,
5161,(주)스페이스프로,경남 밀양시,(50403) 경상남도 밀양시 춘화로 85 (주)한국화이바,128.7416057,35.50831432,
5162,제이씨뷰티아카데미미용학원,부산 부산진구,"(47229) 부산광역시 부산진구 중앙대로 900 (양정동 영진제우스) 801호 (양정동, 양정타임스퀘어)",129.0696137,35.17055209,
5163,피렌체 가죽공예학원,인천 남동구,"(21571) 인천광역시 남동구 인주대로 624(구월동, 서래소방공사) 4층",126.7059504,37.4495233,
5164,미래융합교육원,대전 서구,(35235) 대전광역시 서구 계룡로491번길 86 2~4층,127.3821649,36.3484396,
5165,영남기술교육원,대구 달서구,(42612) 대구광역시 달서구 달구벌대로251안길 11 (이곡동) 4층,128.5060671,35.85268966,
5166,도와세움 평생교육센터,서울 성동구,"(04709) 서울특별시 성동구 고산자로 253 (도선동 다남매 Tower) 1601호, 1501호, 304호",127.0356029,37.56228239,
5167,마주봄요양보호사교육원,경남 창원시 마산합포구,(51744) 경상남도 창원시 마산합포구 해안대로 15 (해운동 파라다이스빌딩) 4층 401-1호(해운동),128.5604121,35.18037969,
5168,(주)아이비코리아평생교육원,부산 부산진구,(47287) 부산광역시 부산진구 서면로 47 인창빌딩 3층,129.0575097,35.15488879,
5169,부산건축시공전문학원,부산 사상구,(47029) 부산광역시 사상구 낙동대로 910 501호(감전동),128.9709616,35.14183522,
5170,메가스터디아이티(IT)아카데미학원,서울 강남구,"(06129) 서울특별시 강남구 강남대로94길 13 (역삼동) 삼경빌딩 1~4층 전체, 5층 일부(501호)",127.0283831,37.49951231,
5171,한국평생직업학원,대구 동구,(41164) 대구광역시 동구 동촌로 268 (방촌동 현대빌딩) 5층.,128.6688574,35.87965779,
5172,퍼스트바리스타제과제빵학원,서울 서초구,"(06611) 서울특별시 서초구 서초대로77길 61 (서초동 S&G TOWER 서초) 3층전체,4층일부",127.0236116,37.50240543,
5173,(사)한국수목보호협회,서울 송파구,(05702) 서울특별시 송파구 중대로23길 15 (가락동 영진빌딩) 5층,127.125846,37.50209999,
5174,창원가족요양보호사교육원,경남 창원시 의창구    ,"(51147) 경상남도 창원시 의창구 봉곡로115번길 6 (봉곡동 형제상가) 3층, 301호",128.6715146,35.24665289,
5175,안산조은요양보호사교육원,경기 안산시 단원구,"(15464) 경기도 안산시 단원구 광덕4로 220 (고잔동 밀레니엄프라자) 308,309호",126.8371879,37.31426003,
5176,퍼스트바리스타제과제빵학원,서울 마포구,"(04056) 서울특별시 마포구 와우산로 179 (동교동) 2, 3, 4, 5층(동교동)",126.9312771,37.55661603,
5177,당신의정원꽃예술학원,경남 창원시 의창구    ,"(51195) 경상남도 창원시 의창구 의안로27번길 26 1,2층",128.6210642,35.26405447,
5178,마이스터배관용접학원,울산 북구,(44254) 울산광역시 북구 명촌7길 28 1층,129.3584441,35.55434882,
5179,크라우드아카데미 원격평생교육원,서울 강남구,"(06151) 서울특별시 강남구 테헤란로43길 8(역삼동, KODECO TOWER) 7층",127.0442191,37.50376981,
5180,시아뷰티아카데미학원,전북 전주시 덕진구,"(54932) 전라북도 전주시 덕진구 백제대로 490-1 (덕진동1가) 3층, 2층 일부",127.1252274,35.83627297,
5181,가든브릿지플라워디자인학원,충남 천안시 서북구,(31156) 충청남도 천안시 서북구 불당23로 70 (불당동) 203호,127.1087603,36.81754765,
5182,에듀윌 국비교육원 부평센터,인천 부평구,"(21404) 인천광역시 부평구 경원대로 1366 (부평동 스테이션 타워) 504호(부평동, 스테이션타워)",126.720581,37.49089764,
5183,여수도자기학원,전남 여수시,(59686) 전라남도 여수시 신기남3길 19-1 (신기동) 1층.,127.6704013,34.76026747,
5184,남양주커피교육학원,경기 남양주시,(12147) 경기도 남양주시 호평로45번길 15 (호평동) 3층 일부(301호),,,
5185,이젠IT아카데미학원,전북 전주시 덕진구,(54930) 전라북도 전주시 덕진구 백제대로 572 (금암동) 5층 이젠IT아카데미학원,127.1324505,35.84043817,
5186,충북도립대학교산학협력단,충북 옥천군,(29046) 충청북도 옥천군 대학길 15 산학협력단,127.5735892,36.30061122,
5187,투게더원격평생교육원,서울 강남구,(06211) 서울특별시 강남구 테헤란로 310 (역삼동 두꺼비빌딩) 2층(전체),127.0447487,37.5027332,
5188,시니어케어요양보호사교육원,서울 강남구,(06093) 서울특별시 강남구 선릉로 630 4층 402호,127.0431934,37.51284287,
5189,국제기술학원 주식회사,경남 김해시,"(50931) 경상남도 김해시 김해대로2553번길 22-11 (어방동) 1층, 2층, 3층 일부",128.9064072,35.23074043,
5190,마루게임학원,경기 수원시 영통구,(16704) 경기도 수원시 영통구 반달로7번길 6 (영통동 센타프라자) 6층 605호,127.0739947,37.25204871,
5191,코어드빈 바리스타학원,서울 강서구,(07567) 서울특별시 강서구 공항대로45길 75 (등촌동) 제일빌딩 2층 일부(등촌동),,,
5192,라메종플라워 꽃예술학원,인천 서구,(22748) 인천광역시 서구 청라커낼로329번길 19-5 (청라동) 1층,126.6435913,37.53761197,
5193,씨제이씨 협동조합,서울 서초구,"(06779) 서울특별시 서초구 강남대로18길 16-8(양재동, K&M) 201호",,,
5194,엔젤요양보호사교육원,경기 안양시 동안구,(13943) 경기도 안양시 동안구 흥안대로 522 (관양동) 4층,126.9772224,37.40041118,
5195,한서대학교산학협력단,충남 서산시,(31962) 충청남도 서산시 한서1로 46 3층,126.5841151,36.69108183,
5196,(주)사계절요양보호사교육원,서울 영등포구,(07367) 서울특별시 영등포구 영신로 1-2 (도림동) 3층,126.9094566,37.51178566,
5197,토이건설기계운전학원,경기 여주시,(12654) 경기도 여주시 주내로 268-10 주식회사 토이건설기계,127.6678311,37.27830571,
5198,영천중장비운전학원,경북 영천시,"(38896) 경상북도 영천시 송죽길 118 (도동) (강의실 및 기재실) / 경북 북안면 도천리 656,657,658-2 (운전실습장)",128.9357484,35.93995954,
5199,킴앤쿡남구요리전문학원,울산 남구,(44602) 울산광역시 남구 대학로 161 (무거동) 3층,129.2626211,35.54903818,
5200,은평요양보호사교육원,서울 은평구,(03384) 서울특별시 은평구 은평로 193 3층 301호,126.9291162,37.60172681,
5201,메가존클라우드 아이티평생교육원,서울 강남구,(06235) 서울특별시 강남구 역삼동 논현로85길 46(메가존빌딩) 2층,127.0341048,37.49824053,
5202,숲속의빈터도예학원,경기 성남시 분당구,(13610) 경기도 성남시 분당구 정자동 황새울로116번길 19-7 1층.,127.1119939,37.37086456,
5203,한국청소년활동진흥원,충남 천안시 동남구,(31229) 충청남도 천안시 동남구 서리4길 48 (목천읍 국립중앙청소년수련원) 본관3층 인재개발부,127.2259965,36.79216378,
5204,남승전기기능사학원,광주 북구,(61113) 광주광역시 북구 운용로 2 (운암동) 3층 전부,126.8894862,35.17307196,
5205,대원평생교육원,경기 수원시 권선구,(16617) 경기도 수원시 권선구 수인로 43-26 (서둔동) 2층 201호,126.9930283,37.26940546,
5206,경산유현정간호학원,경북 경산시,(38653) 경상북도 경산시 대학로 23 월드스퀘어 5층,128.7255758,35.83488321,
5207,서울게임아카데미구로학원,서울 금천구,(08502) 서울특별시 금천구 가산디지털1로 212 14층 1406호,126.8803425,37.48448599,
5208,KBS아트비전미용학원,전북 전주시 덕진구,(54933) 전라북도 전주시 덕진구 가리내로 52 1층,127.1304261,35.83427581,
5209,멀티캠퍼스선릉 평생교육원,서울 강남구,"(06192) 서울특별시 강남구 선릉로 428 (대치동) 3층, 4층, 7층, 8층(대치동)",127.0498269,37.50338,
5210,(주)그렙,서울 서초구,(06671) 서울특별시 서초구 서초동 반포대로 45(명정빌딩) 4층,127.0106947,37.48445918,
5211,뉴서울평생교육원,경남 김해시,(50961) 경상남도 김해시 분성로 156 4층,128.8639082,35.22954504,
5212,대구가구교육학원,대구 북구,(41529) 대구광역시 북구 동북로 285 4층 대구가구교육학원,128.6213301,35.89306761,
5213,주식회사성보기업,경기 부천시,(14521) 경기도 부천시 평천로 818 ,,,
5214,피에스케이주식회사,경기 화성시,(18449) 경기도 화성시 삼성1로4길 48 피에스케이(주),127.0700007,37.22227189,
5215,온수요양보호사교육원,서울 구로구,(08263) 서울특별시 구로구 경인로3길 86 302호,126.8229904,37.49164757,
5216,분당사랑요양보호사교육원,경기 성남시 분당구,"(13558) 경기도 성남시 분당구 성남대로331번길 13 305호 (정자동, 백궁프라자1)",127.10624,37.36533751,
5217,다온인테리어건축목공학원,대구 수성구,(42274) 대구광역시 수성구 신매동 고산로18길 11 2층.,128.7058582,35.83913822,
5218,메디큐원격평생교육원,대전 유성구,"(34068) 대전광역시 유성구 반석로 13 (반석동 웰빙타운) 201호 (반석동, 웰빙타운)",127.3129118,36.39154364,
5219,(주)제주직업전문학교,제주 제주시,"(63178) 제주특별자치도 제주시 서사로 81 지하1층, 2층일부, 4층일부",126.5201345,33.50497423,
5220,해피애견미용학원,충북 청주시 흥덕구,"(28395) 충청북도 청주시 흥덕구 풍산로 43 (가경동) 2층 및 흥덕구 풍산로48번길6, 301호.302호",127.4350877,36.62715387,
5221,거봉요양보호사교육원,서울 도봉구,(01402) 서울특별시 도봉구 해등로16다길 14 (3층) 창동,127.0435757,37.65430565,
5222,군자요양보호사교육원,경기 시흥시,(15069) 경기도 시흥시 도일로112번길 5-5 상가203호 군자요양보호사교육원,126.784305,37.3408353,
5223,남양노아간호학원,경기 화성시,(18270) 경기도 화성시 시청로160번길 10 301호,126.8282984,37.19707737,
5224,새미래 요양보호사 교육원,경북 구미시,(39254) 경상북도 구미시 구미대로24길 9 (신평동) 2층,128.3643266,36.11471119,
5225,한국직업능력개발학원,서울 용산구,(04320) 서울특별시 용산구 한강대로 363-2 5층,126.9717729,37.55084032,
5226,디엘피주식회사,충남 당진시,(31810) 충청남도 당진시 합덕산단2로 33 디엘피주식회사,126.745823,36.81134267,
5227,장인직업전문학원,서울 금천구,"(08632) 서울특별시 금천구 시흥동 시흥대로59길 30 401호,502호",126.8990074,37.45332035,
5228,빅스국제기술학원,전남 순천시,"(58013) 전라남도 순천시 송산3길 5-5 (해룡면) 1층 , 2층",127.5462627,34.92546797,
5229,자운도예학원,울산 울주군,"(44917) 울산광역시 울주군 길밑2길 13 (범서읍) , 1층 일부",129.2851138,35.6329798,
5230,푸른요양보호사교육원,경남 창원시 마산회원구,(51213) 경상남도 창원시 마산회원구 호원로 385 (내서읍 상보빌딩) 201호,128.527328,35.26672406,
5231,동탄호수간호학원,경기 화성시,(18505) 경기도 화성시 동탄순환대로 127-5 우성센트럴타워  811~814호,127.1072177,37.16600206,
5232,고려요양보호사교육원,충북 청주시 서원구,(28555) 충청북도 청주시 서원구 사직대로 273 3층,127.4775918,36.63598527,
5233,빈플로리스트학원,부산 사상구,(47032) 부산광역시 사상구 강변대로 512 (엄궁동 농협부산화훼공판장) 2층 일부,128.9650132,35.1307752,
5234,더모션아카데미학원,서울 마포구,"(04054) 서울특별시 마포구 와우산로 111 4층, 6층(서교동, 태화프라자)",,,
5235,에이치디한국조선해양(주),경기 성남시 분당구,"(13553) 경기도 성남시 분당구 분당수서로 477 HD현대글로벌R&D센터, 20층",127.1052117,37.37667004,
5236,한국공기안전원 평생교육원,광주 북구,(61012) 광주광역시 북구 첨단과기로208번길 34 (오룡동 (주)쥴연구소) 1층 일부,126.8484121,35.22361886,
5237,엔젤요양보호사교육원,경남 양산시,"(50556) 경상남도 양산시 덕계동 덕계로 17(조은약국) 6층,7층",129.1478238,35.36995251,
5238,(주)넥슨네트웍스,경기 성남시 분당구,(13487) 경기도 성남시 분당구 판교로256번길 25 넥슨네트웍스,127.1030806,37.40033549,
5239,광양미용학원,전남 광양시,(57788) 전라남도 광양시 광장로 148-2 3층 광양미용학원,127.6952756,34.93703187,
5240,목포수간호학원,전남 목포시,(58667) 전라남도 목포시 백년대로 275 2층 목포수간호학원,126.417983,34.80299442,
5241,퍼스트바리스타학원 부산,부산 부산진구,(47296) 부산광역시 부산진구 신천대로50번길 79 (부전동) 4층,129.0597313,35.15422028,
5242,수공원도예학원,부산 수영구,(48304) 부산광역시 수영구 남천동로108번길 12 (남천동) 6층,129.1122261,35.14583795,
5243,다온전기기술학원,경북 구미시,"(39232) 경상북도 구미시 송원동로 59 (원평동) 1층, 2층",128.3501831,36.12217924,
5244,광주컴퓨터학원,광주 서구,(61979) 광주광역시 서구 화운로156번길 29 (화정동 서부코아) 4층 일부(화정동),126.8797677,35.15357534,
5245,장현간호학원,경기 남양주시,(12014) 경기도 남양주시 장현로 77 (진접읍 장현프라자) 418호,127.1808914,37.71766027,
5246,(주)제일전력기술학원,전남 화순군,(58150) 전라남도 화순군 죽청길 31-2 ,,,
5247,역곡한국문화센터 시민사회단체부설평생교육시설,경기 부천시,(14682) 경기도 부천시 부광로8번길 60 3층,126.8097723,37.48267983,
5248,한양간호학원,경기 안산시 상록구,(15489) 경기도 안산시 상록구 광덕4로 374 2층,126.8512416,37.30980981,
5249,수도요양보호사교육원,서울 구로구,(08311) 서울특별시 구로구 구로동로 126 5층,126.8844498,37.48970694,
5250,울산패션전문학원,울산 중구,(44532) 울산광역시 중구 젊음의1거리 6 (성남동) 6층(엘레베이터상 7층),129.3189134,35.55312365,
5251,경기동부직업전문학원,경기 광주시,(12793) 경기도 광주시 양벌동 양벌로 169(위드빌딩) 2층,127.2552808,37.3816199,
5252,(주)정광,경기 안산시 단원구,(15407) 경기도 안산시 단원구 신원로133번길 107 ,,,
5253,론다플라워아카데미학원,서울 관악구,(08758) 서울특별시 관악구 봉천로 456 4층402호,126.9504217,37.4820151,
5254,(주)부경,경남 창원시 성산구    ,(51571) 경상남도 창원시 성산구 연덕로27번길 10 주식회사 부경,128.655631,35.20829001,
5255,농업회사법인문경미소주식회사,경북 문경시,(36932) 경상북도 문경시 산동로 597 ,,,
5256,부산광역시건설기술교육원,부산 북구,(46550) 부산광역시 북구 만덕대로155번길 99-1 부산광역시건설기술교육원,129.019398,35.21735758,
5257,주식회사레뷰코퍼레이션,서울 강남구,(06045) 서울특별시 강남구 논현로135길 29 레뷰코퍼레이션 빌딩,127.0275287,37.51482034,
5258,(주)이지지오,부산 사상구,(46974) 부산광역시 사상구 사상로163번길 20 ,,,
5259,구래요양보호사교육원,경기 김포시,"(10071) 경기도 김포시 김포한강9로 113 리치프라자2, 4층 403호",126.6250841,37.64674325,
5260,(주)지엠네트웍스,부산 남구,(48498) 부산광역시 남구 용소로40번길 10 2층 201호,129.1004218,35.13389549,
5261,교남시냇가,경기 파주시,(10804) 경기도 파주시 어못내길 94-42 교남시냇가,126.9884003,37.99831883,
5262,다인안전산업,울산 동구,(44032) 울산광역시 동구 방어진순환도로 1000 ,,,
5263,탑컴퓨터전산회계학원,서울 강서구,(07680) 서울특별시 강서구 강서로 282 ,,,
5264,(주)보담,강원 원주시,"(26333) 강원도 원주시 저금어지길 456 2층 (가현동, 강원엘피씨)",127.9337177,37.39026323,
5265,나누리요양보호사교육원,부산 북구,(46524) 부산광역시 북구 화명신도시로 127 (화명동 범서미라클) 602호,129.0104266,35.23518733,
5266,예스간호학원,경북 구미시,(39227) 경상북도 구미시 금오시장로1길 4 201호 (대원빌딩),128.340078,36.1255906,
5267,(주)명신-군산공장,전북 군산시,(54006) 전라북도 군산시 생멀로 72 (주)명신 기술교육원,126.5727476,35.96757753,
5268,장유행복요양보호사교육원,경남 김해시,(50981) 경상남도 김해시 장유로 224 (6층뉴프라자  장유행복요양보호사교육원),128.8086703,35.20407619,
5269,(사단법인)제주장애인인권포럼,제주 제주시,(63199) 제주특별자치도 제주시 서광로27길 16 (이도일동) 5층,126.5249816,33.50084018,
5270,대구외국인근로자지원센터,대구 달성군,(42914) 대구광역시 달성군 달구벌대로 863 진광타워 8-9층,128.4644875,35.85909623,
5271,사람중심케어요양보호사교육원,서울 양천구,(08064) 서울특별시 양천구 신월로 170 3층(신월동),126.8424619,37.51806565,
5272,(주)청인,경북 포항시 남구,(37684) 경상북도 포항시 남구 대이로63번길 4-2 (주)청인,,,
5273,승산산업(주),경북 경주시,(38205) 경상북도 경주시 문구로 316 승산산업(주),129.3207199,35.7021118,
5274,(주)씨지엠,경기 안산시 단원구,(15602) 경기도 안산시 단원구 목내로119번길 82 주식회사씨지엠,126.7736059,37.3114779,
5275,(사단법인)한국폴리텍Ⅰ대학산학협력단,서울 용산구,(04392) 서울특별시 용산구 보광로 73 제3공학관 1층 산학협력단,126.9965013,37.52906739,
5276,경성전자고등학교,부산 서구,(49209) 부산광역시 서구 꽃마을로 25 경성전자고등학교,129.0124818,35.11620033,
5277,동의공업고등학교,부산 부산진구,(47230) 부산광역시 부산진구 양지로 50 동의공업고등학교,129.071007,35.16403103,
5278,이비덴그라파이트코리아주식회사,경북 포항시 북구,(37948) 경상북도 포항시 북구 영일만산단남로75번길 41 ,,,
5279,여수드론교육원,전남 여수시,(59697) 전라남도 여수시 만성로 15 2층 여수드론교육원,127.697586,34.76932757,
5280,경일대학교산학협력단,경북 경산시,(38428) 경상북도 경산시 가마실길 50 (하양읍 경일대학교) 경일대학교 산학협력단,,,
5281,용광후렉시블공업(주),인천 남동구,"(21691) 인천광역시 남동구 남동동로 156 (고잔동,남동공단96B-16L)",126.700058,37.39838637,
5282,주식회사초이스툴링,광주 광산구,(62465) 광주광역시 광산구 진곡산단중앙로 112 ,,,
5283,용인신진중장비전문교육학원,경기 용인시 처인구,"(17170) 경기도 용인시 처인구 보개원삼로 1598  A동1층, B동   (실습장)",127.3079249,37.13701126,
5284,효람요양원,경기 광주시,(12813) 경기도 광주시 경충대로311번길 116 효람요양원,127.3621679,37.32859834,
5285,강원생명과학고등학교,강원 춘천시,(24223) 강원도 춘천시 영서로 2872 ,,,
5286,주식회사이레열교환기,경기 김포시,(10048) 경기도 김포시 황금3로8번길 59 주식회사 이레열교환기,126.6140561,37.61035335,
5287,(주)에스브이엠테크,인천 서구,(22825) 인천광역시 서구 열우물로 225 제2동 2층,126.684942,37.48245492,
5288,(주)볼트마이크로,서울 용산구,(04382) 서울특별시 용산구 한강대로62길 41 의성빌딩 2층,126.9736358,37.53301027,
5289,광명하이텍주식회사,경남 거제시,"(53302) 경상남도 거제시 거제대로 3370(아주동, 한화오션) 내 광명하이텍(주)",,,
5290,라인치과기공주식회사,서울 영등포구,(07378) 서울특별시 영등포구 가마산로 329 소망빌딩,126.895868,37.4991242,
5291,한국에어컨설치기술학원,경기 성남시 수정구,(13317) 경기도 성남시 수정구 제일로 139 (수진동) 조흥빌딩 5층 (수진동),127.1324093,37.43891506,
5292,(재)한국산업평가연구원 부설 평생교육원,대구 동구,(41180) 대구광역시 동구 화랑로 201 3층,128.6471937,35.87776662,
5293,금릉요양보호사교육원,경기 파주시,(10915) 경기도 파주시 금빛로 15 (금촌동 미라클프라자) 302호·304호·308호,126.766595,37.75083914,
5294,(주)보쉬렉스로스코리아/본사,부산 강서구,(46730) 부산광역시 강서구 미음산단1로 29 ,,,
5295,해양산업주식회사,경남 함안군,(52052) 경상남도 함안군 광정로 368 ,,,
5296,(주)금성이앤씨,충남 논산시,(33020) 충청남도 논산시 매죽헌로 567 금성이앤씨,127.1391301,36.13382398,
5297,아주스틸(주),경북 구미시,(39173) 경상북도 구미시 첨단기업로 71 아주스틸(주),128.4474248,36.13917642,
5298,국토드론센터,경기 의정부시,(11651) 경기도 의정부시 시민로 80 (의정부동 센트럴타워) 410 / 경기도 양주시 백석읍 오산리 247-17 / (교육장) 경기도 양주시 광적면 양주문화예술회관 / (교육장) 경기도 양주시 버들로 133-33 / (교육장) 경기도 양주시 버들로 147-142,,,
5299,주식회사에스와이디,경남 사천시,(52531) 경상남도 사천시 공단1로 59-31 (주)에스와이디,128.0686067,35.0659683,
5300,에어로케이항공주식회사,충북 청주시 흥덕구,(28166) 충청북도 청주시 흥덕구 오송생명3로 183 201호,127.3276073,36.62260215,
5301,주식회사 태진,전남 영암군,(58453) 전라남도 영암군 자유무역로 13 태진엔지니어링,126.4416241,34.76205645,
5302,경원컴퓨터학원,부산 동래구,(47866) 부산광역시 동래구 석사로 18 (사직동) 4층,129.0616686,35.19841574,
5303,우리농산,서울 성북구,(02759) 서울특별시 성북구 한천로 741 우리농산,127.0512154,37.6221651,
5304,수인뷰티아카데미학원,서울 강남구,(06095) 서울특별시 강남구 삼성로 605 4층,127.0526609,37.51343391,
5305,수정인테리어기술전문학원,경기 수원시 장안구,(16298) 경기도 수원시 장안구 경수대로994번길 49 2층,127.004416,37.30751024,
5306,대일건설(주),서울 종로구,(03140) 서울특별시 종로구 삼일대로 428 낙원악기상가 관리사무소,126.9875777,37.57214268,
5307,(주)유니온전기,전남 장성군,(57241) 전라남도 장성군 수연로 68-19 ,,,
5308,브루잉커피바리스타학원,인천 중구,(22397) 인천광역시 중구 하늘별빛로65번길 7-4 (중산동 현대프라자) 303호 304호,126.5637948,37.48867107,
5309,주식회사서경산업,서울 용산구,"(04352) 서울특별시 용산구 한강대로88길 11-4 503호(남영동, 금강빌딩)",126.9731447,37.5446509,
5310,MCT실무학원,충남 천안시 서북구,(31037) 충청남도 천안시 서북구 아랫말2길 9 (직산읍) 1층일부,127.1499965,36.87792203,
5311,계림요양보호사교육원,경남 창원시 성산구    ,(51484) 경상남도 창원시 성산구 남양동 대암로 36(한성종합상가) 7-1호,128.7003784,35.2139497,
5312,21세기드론교육원,부산 금정구,(46253) 부산광역시 금정구 중앙대로1778번길 26-7 ,,,
5313,국제애견미용학원,광주 남구,"(61613) 광주광역시 남구 대남대로 321 (월산동 펫타워) 3,4층",126.8939317,35.14034808,
5314,(주)아인텔레서비스/대구센터,대구 동구,(41250) 대구광역시 동구 동대구로 440 엘지유플러스,128.6265793,35.86973869,
5315,피렌체바리스타학원,대구 수성구,(42143) 대구광역시 수성구 들안로40길 61-22 2층,128.618229,35.84888199,
5316,향남요양보호사교육원,경기 화성시,(18611) 경기도 화성시 상신하길로298번길 11 (향남읍) 607-608호,126.9109931,37.11469766,
5317,VIP간호학원,경기 의정부시,(11610) 경기도 의정부시 체육로 306-28 3층,127.0414206,37.75999814,
5318,(주)농식품인증관리원,경기 수원시 장안구,(16361) 경기도 수원시 장안구 율전로 105 종욱빌딩 401호,126.9686741,37.29856715,
5319,행복샘요양보호사교육원,경기 의정부시,(11815) 경기도 의정부시 용민로 469 보광더존프라자401호,127.1180088,37.75187568,
5320,주식회사에코프로머티리얼즈,경북 포항시 북구,(37948) 경상북도 포항시 북구 영일만산단남로75번길 15 ,,,
5321,디딤컴퓨터아카데미학원,전북 전주시 덕진구,(54898) 전라북도 전주시 덕진구 기린대로 450 2층,127.1280016,35.84088449,
5322,울산마이스터고등학교,울산 북구,(44246) 울산광역시 북구 율동6길 7 울산마이스터고등학교,129.3779052,35.56070662,
5323,김포삼성중장비전문학원,경기 김포시,(10026) 경기도 김포시 대곶면 쇄암로 4 김포삼성중장비전문학원,,,
5324,대구이용학원,대구 남구,(42474) 대구광역시 남구 두류공원로 29 ,,,
5325,주식회사AL네트웍스,대구 달서구,(42702) 대구광역시 달서구 성서서로51길 40 1층 (주)AL네트웍스,128.4953728,35.84787569,
5326,더큰평생교육원,경기 시흥시,(15066) 경기도 시흥시 중심상가로 178 (정왕동 한라프라자) 304호,126.7349198,37.34475228,
5327,새수원간호학원,경기 수원시 권선구,(16624) 경기도 수원시 권선구 매송고색로 723 201호,126.9834272,37.25177112,
5328,지엠테크니컬센터코리아주식회사,인천 부평구,(21334) 인천광역시 부평구 부평대로 233 지엠테크니컬센터코리아,126.7146382,37.51022755,
5329,에어서울주식회사,인천 중구,(22382) 인천광역시 중구 공항로 272 (운서동 인천공항) 2층,126.4408326,37.4794556,
5330,고139이미용학원,인천 남동구,(21559) 인천광역시 남동구 문화로 139 고헤어2층,126.6994712,37.45146286,
5331,(주)한국라디에터,경기 양주시,(11400) 경기도 양주시 감악산로 565 (주)한국라디에터,126.9579092,37.90887646,
5332,봉황기업,경기 김포시,(10110) 경기도 김포시 장릉로 28 봉황기업,126.7217966,37.61291158,
5333,제이디씨파트너스주식회사(JDCPARTNERS),제주 제주시,(63309) 제주특별자치도 제주시 첨단로 213-4 (영평동 JDC엘리트빌딩) 1층 103호,126.5725585,33.45291482,
5334,(주)그린아산,충남 아산시,(31420) 충청남도 아산시 충무로 1611-31 (주)그린아산,127.0315422,36.91386382,
5335,한빛미디어(주),서울 서대문구,(03785) 서울특별시 서대문구 연희로2길 62 1층 리더스홀,126.9278341,37.5590916,
5336,한빛아카데미(주),서울 서대문구,(03785) 서울특별시 서대문구 연희로2길 62 2층,126.9278115,37.55909159,
5337,(주)성보산업,경북 구미시,(39380) 경상북도 구미시 공단동 1공단로6길 151-3 (주)성보산업,128.3777351,36.08879485,
5338,대한건설기술학원,광주 서구,(61927) 광주광역시 서구 대남대로450번길 4-1 2층 대한건설기술학원,126.8873775,35.15049121,
5339,(주)웅진씽크빅,경기 파주시,(10881) 경기도 파주시 회동길 20 웅진씽크빅,126.6848805,37.70448208,
5340,(주)세영통신,경기 광명시,(14306) 경기도 광명시 하안로 294-9 (하안동 양정빌딩) 402호,126.8809324,37.46245723,
5341,(주)다원섬유(TEXTILE),경기 양주시,(11494) 경기도 양주시 광사로 126 제 1동 2층,127.0820159,37.78369992,
5342,주식회사엠스타,경북 칠곡군,(39805) 경상북도 칠곡군 금오대로 81 ,,,
5343,(주)오마쥬서문직업전문학교,대구 달서구,(42660) 대구광역시 달서구 달구벌대로 1816 2층 서문직업전문학교,128.5636126,35.85935422,
5344,세정도배기술학원,대전 동구,(34547) 대전광역시 동구 계족로 438 (용전동) 2층,127.4325973,36.35082821,
5345,부천시장애인종합복지관,경기 부천시,(14471) 경기도 부천시 역곡로 367 부천시장애인종합복지관,126.8136531,37.51745539,
5346,번동요양보호사교육원,서울 강북구,"(01231) 서울특별시 강북구 월계로 187 3층 301호(번동, 상아빌딩)",127.0453019,37.62094205,
5347,(주)세아씨엔티,광주 광산구,(62243) 광주광역시 광산구 하남산단천변우로 66 ,,,
5348,꼬끌리플로리스트학원,경기 수원시 팔달구,"(16456) 경기도 수원시 팔달구 향교로47번길 2 (매산로2가) 2층 일부, 4층 일부 (매산로2가, 한림빌딩)",127.0061402,37.26943286,
5349,(주)티웨이에어서비스,서울 강서구,(07505) 서울특별시 강서구 하늘길 210 김포공항 화물청사 205-3,126.8084272,37.55666683,
5350,진효요양보호사교육원,서울 동대문구,(02564) 서울특별시 동대문구 왕산로32길 96 (용두동) 3층,127.0397743,37.57520125,
5351,대영컴퓨터전문학원,전북 익산시,(54661) 전라북도 익산시 고현로 114 (모현동1가) 4층,126.9442176,35.94717321,
5352,인덕대학교,서울 노원구,(01878) 서울특별시 노원구 초안산로 12 ,,,
5353,낙원노블레스요양보호사교육원,경기 동두천시,(11330) 경기도 동두천시 어수로83번길 36 (생연동 파크타운주상복합아파트) 203호,127.052593,37.90399152,
5354,(주)케이에스한국고용정보,서울 성동구,(04794) 서울특별시 성동구 아차산로 113 9층 한국고용정보,127.0569362,37.54459723,
5355,여기조은요양보호사교육원,서울 성북구,(02852) 서울특별시 성북구 보문로 88 (보문동4가) 통광제3빌딩 2층,127.0207697,37.58306221,
5356,(주)씨텍,부산 사상구,"(46918) 부산광역시 사상구 모라로 22 1509호        (모라동, 부산벤처타워)",128.9847366,35.1909404,
5357,디에이치주식회사,경기 평택시,(17956) 경기도 평택시 평택항로268번길 55 미주오토텍,126.8427558,36.98557516,
5358,사단법인대한수상안전교육협회광주전남지부,전남 나주시,(58231) 전라남도 나주시 나주호로 558-314 (사)대한수상안전교육협회광주전남지부,126.871274,34.94812751,
5359,연수간호학원,인천 연수구,"(21927) 인천광역시 연수구 청능대로 109(연수동, 탑피온) 6층, 5호 6호 7호",126.6767454,37.41297244,
5360,(학교법인)인하공업전문대학,인천 미추홀구,(22212) 인천광역시 미추홀구 인하로 100 ,,,
5361,한세실업주식회사,서울 영등포구,"(07238) 서울특별시 영등포구 은행로 29 (여의도동, 5층)",126.9218344,37.52898569,
5362,(주)새한산업/포승공장,경기 평택시,(17960) 경기도 평택시 포승공단로118번길 103 새한산업,126.8549121,36.97238121,
5363,(주)아이알텍,경북 포항시 남구,(37918) 경상북도 포항시 남구 신항로 110 ,,,
5364,김은경기능장요리학원,울산 중구,"(44532) 울산광역시 중구 젊음의2거리 27 4층, 6층",129.3195551,35.5532469,
5365,(주)에이앤유디자인그룹건축사사무소,서울 송파구,(05839) 서울특별시 송파구 충민로 52 가든파이브웍스 4층,127.122629,37.47763229,
5366,배화여자대학교 산학협력단,서울 종로구,(03039) 서울특별시 종로구 필운대로1길 34 배화여자대학교,126.9668031,37.57825582,
5367,천안총신평생교육원부설 큰물결요양보호사교육원,충남 천안시 동남구,"(31151) 충청남도 천안시 동남구 순천향4길 12 (쌍용동 서원빌딩) 2층, 3층",127.1330074,36.80068207,
5368,김해 수윤간호학원,경남 김해시,(50926) 경상남도 김해시 가락로 23 401호,128.8821318,35.22871371,
5369,(주)와이즈스톤티,서울 서초구,(06729) 서울특별시 서초구 강남대로 291 6층 (주)와이즈스톤티,127.0312968,37.48913219,
5370,모두온뷰티아카데미미용학원,대구 남구,"(42410) 대구광역시 남구 중앙대로 253-2 2,3F",128.5902024,35.85602307,
5371,벨라루시애견미용학원,대구 북구,(41544) 대구광역시 북구 산격로 48 4층,128.6054968,35.89487496,
5372,한국전기기술학원,인천 서구,(22711) 인천광역시 서구 서곶로 284 (심곡동 새터빌딩) 2층 일부 201호 202호,126.6775343,37.54289101,
5373,강동현대요양보호사교육원,서울 강동구,(05327) 서울특별시 강동구 올림픽로 686 3층,127.1250408,37.54237505,
5374,안양인테리어기술학원,경기 안양시 동안구,(14119) 경기도 안양시 동안구 엘에스로 103 (호계동) 2층 전체,126.949483,37.37108302,
5375,응암요양보호사교육원,서울 은평구,"(03409) 서울특별시 은평구 진흥로 11 ,3층(역촌동)",126.9167524,37.59986243,
5376,수정인테리어기술병점학원,경기 화성시,(18411) 경기도 화성시 경기대로 1014 병점프라자 6층 604호,127.0369243,37.20638271,
5377,거제네일전문학원,경남 거제시,(53305) 경상남도 거제시 아주1로2길 57 (아주동) 2~3층 거제네일전문학원,128.6858522,34.8670002,
5378,주식회사 세결회계학원,대구 달서구,(42659) 대구광역시 달서구 두류공원로 262 2층 일부,128.5583697,35.85673683,
5379,사단법인한국산업기술협회,서울 금천구,"(08595) 서울특별시 금천구 범안로 1130 디지털엠파이어 14층, 1411호",126.8874499,37.46531994,
5380,변동미즈요양보호사교육원,대전 서구,(35316) 대전광역시 서구 도산로 186 (변동) (4층),127.3789988,36.324776,
5381,(주)에스제이테크,경기 시흥시,(15073) 경기도 시흥시 산기대학로 237 (정왕동 한국산업기술대학교) 2층 232호,126.7335597,37.34008193,
5382,전주공예학원,전북 전주시 완산구,(55133) 전라북도 전주시 완산구 양지2길 11-13 1층 101호,127.1243972,35.79267136,
5383,(주)규림,경북 구미시,(39367) 경상북도 구미시 수출대로 152 세원테크노밸리 405호,128.3810138,36.11051263,
5384,레더볼사가죽공예학원,경남 창원시 성산구    ,(51496) 경상남도 창원시 성산구 마디미서로 26 한독빌딩 403호 레더볼사가죽공예학원,128.6825685,35.2227892,
5385,김해컴퓨터학원,경남 김해시,(50938) 경상남도 김해시 분성로 230 (외동) 501호 502호 503호(리버에비뉴),128.8717199,35.23110085,
5386,미즈요양보호사교육원,충북 청주시 서원구,(28647) 충청북도 청주시 서원구 사직대로 128 4층(일부),127.4615392,36.63468746,
5387,동현요양보호사교육원,경기 의정부시,(11686) 경기도 의정부시 평화로 635 2층 206호,127.0449549,37.74881609,
5388,빛가람컴퓨터학원,전남 나주시,(58325) 전라남도 나주시 그린로 351 아주드림타워 203호,126.7936994,35.01792018,
5389,(주)서희건설,경기 성남시 분당구,"(13595) 경기도 성남시 분당구 수내로46번길 4 (수내동, 경동빌딩4층)",127.1170212,37.38067183,
5390,렛츠헤어뷰티아카데미학원,광주 남구,(61637) 광주광역시 남구 서동 서동로 4(은성빌딩A) 3층 렛츠헤어뷰티아카데미학원,126.9037694,35.1445478,
5391,증산나누리간호학원,경남 양산시,(50653) 경상남도 양산시 증산역로 163 7층 703호 일부,129.0079213,35.30959145,
5392,화정바리스타학원,경기 고양시 덕양구,(10500) 경기도 고양시 덕양구 화신로260번길 58 404호 화정바리스타학원,126.8334237,37.63313528,
5393,모두의요리아카데미,경기 수원시 영통구,"(16705) 경기도 수원시 영통구 영통동 청명남로28번길 2(아이텐텐빌딩) 601, 601-1",127.0754936,37.25179551,
5394,바이두룸가죽공예학원,부산 수영구,(48255) 부산광역시 수영구 광안동 장대골로7번길 27(금성상가주택) B동 202호,129.1123581,35.15774875,
5395,아이비알뷰티미용학원,경기 수원시 팔달구,(16461) 경기도 수원시 팔달구 덕영대로 923-10 (매산로1가 비젼포에버) 413~423호,127.0018899,37.26607206,
5396,주식회사청주드론교육원,충북 청주시 청원구,(28354) 충청북도 청주시 청원구 2순환로 466 (사천동) 2층/이론:내수읍 덕암길10/실기:내수읍 세교리 385-1,127.469418,36.66928669,
5397,공생재활원,전남 목포시,(58618) 전라남도 목포시 대양로 14-24 공생재활원,126.379764,34.82099463,
5398,도트커피 바리스타학원,부산 동래구,(47814) 부산광역시 동래구 충렬대로 225 (수안동 엘빌딩) 5층,,,
5399,빛담도예학원,대구 수성구,(42287) 대구광역시 수성구 고산로4길 48 1층,128.7045254,35.83165978,
5400,신고성요양보호사교육원,경남 고성군,(52942) 경상남도 고성군 중앙로43번길 16 3층,128.3252171,34.97459325,
5401,네버랜드아카데미학원,울산 북구,(44244) 울산광역시 북구 상방로 149 (연암동) 4층5층,129.3661867,35.5837062,
5402,신암요양보호사교육원,대구 동구,(41264) 대구광역시 동구 신천동 동부로 40 3층,128.6169157,35.87418534,
5403,엠아이티컴퓨터학원,경기 수원시 팔달구,(16257) 경기도 수원시 팔달구 정조로788번길 18 (팔달로2가) 2층,,,
5404,남서울요양보호사교육원,서울 영등포구,(07404) 서울특별시 영등포구 도림로 291 4층 남서울요양보호사교육원,126.9030318,37.5035994,
5405,상록수요양보호사교육원,서울 성동구,(04721) 서울특별시 성동구 행당로 1 301호,127.0202763,37.55476242,
5406,진주노인통합지원센터,경남 진주시,(52730) 경상남도 진주시 장재새미길53번길 35 ,,,
5407,증산요양보호사교육원,경남 양산시,"(50614) 경상남도 양산시 서들8길 49 더베스트타워 501호,502호",129.0090035,35.30800552,
5408,김포커피바리스타전문학원,경기 김포시,"(10071) 경기도 김포시 김포한강9로 73 604호 (구래동, 센트럴프라자 1동)",126.6252489,37.64329308,
5409,리버커피바리스타학원,인천 동구,(22520) 인천광역시 동구 화도진로 70 (화평동) 4층,126.6317337,37.47823629,
5410,씨제이대한통운(주)건설부문,서울 서초구,(06703) 서울특별시 서초구 남부순환로 2271 CJ방배사옥,127.0004175,37.47498994,
5411,한국제과제빵커피학원,경남 창원시 성산구    ,(51436) 경상남도 창원시 성산구 용지로153번길 10 (용호동 동원빌딩) 402호,128.6804821,35.2292077,
5412,김해한길요양보호사교육원,경남 김해시,(50948) 경상남도 김해시 내외중앙로 44 801 (덕산베스트 코아801호),128.8668532,35.23393351,
5413,새동엔지니어링(주) 드론교육원,서울 관악구,(08710) 서울특별시 관악구 당곡길 36 대성빌딩 503호(이론교장)                       (실습장) 경기도 시흥시 방산동 779-54,126.9287618,37.49090533,
5414,폴인레더 가죽공예학원,경남 진주시,"(52818) 경상남도 진주시 동부로169번길 12 윙스타워 A123, 124호",128.1272321,35.16489704,
5415,주식회사제주도드론,제주 서귀포시,(63522) 제주특별자치도 서귀포시 신화역사로 372-4 104호 (실기교육장:제주특별자치도 서귀포시 안덕면 동광로 107),126.3277244,33.30909315,
5416,휘슬링락컨트리클럽,강원 춘천시,(24465) 강원도 춘천시 동촌로 501 휘슬링락컨트리클럽,127.675059,37.76760161,
5417,제이스키친컬리너리아카데미학원,경기 용인시 기흥구,"(17064) 경기도 용인시 기흥구 중부대로 372 3,4층",127.1083889,37.27135014,
5418,래이컴퓨터아트학원,충남 천안시 동남구,"(31119) 충청남도 천안시 동남구 터미널2로 40 (신부동 우진빌딩) 102호/201~203호/301호(신부동, 우진빌딩)",127.1583075,36.8223231,
5419,목동요양보호사교육원,서울 양천구,(08005) 서울특별시 양천구 오목로 318 세화빌딩4층,126.8727091,37.52448186,
5420,(주)이씨네식품,광주 광산구,(62417) 광주광역시 광산구 평동로913번길 24 (주)이씨네식품,126.7745045,35.12774323,
5421,(주)삼성특장,광주 광산구,(62414) 광주광역시 광산구 평동로803번길 126 (주)삼성특장,126.7610528,35.13551382,
5422,주식회사웰파인,강원 횡성군,(25249) 강원도 횡성군 우천제2농공단지로 77 웰파인,128.0630672,37.4504579,
5423,주식회사오산홈,광주 북구,(61056) 광주광역시 북구 양일로 170 (주)오산홈,126.88349,35.19732137,
5424,더숨99지원센터,전북 군산시,(54172) 전라북도 군산시 할미로 171 ,,,
5425,국제커피제과직업전문학원,경기 수원시 장안구,(16417) 경기도 수원시 장안구 서부로 2136 3층전체 (율전동),126.9723733,37.29882045,
5426,청주요양보호사교육원,충북 청주시 상당구,(28510) 충청북도 청주시 상당구 상당로 150 (북문로2가) 2층(북문로2가),127.4900828,36.64157583,
5427,청운노인복지센터,서울 동작구,(07043) 서울특별시 동작구 국사봉1길 145 청운노인복지센터,126.933088,37.49579135,
5428,주식회사경남창원중장비학원,경남 창원시 성산구    ,(51436) 경상남도 창원시 성산구 용지로 149 (용호동 남강빌딩) 301호,128.6806512,35.22834921,
5429,안동탑요양보호사교육원,경북 안동시,(36658) 경상북도 안동시 경북대로 418 B동303호,128.6999473,36.56618763,
5430,(주)지에스티산업,충북 진천군,(27816) 충청북도 진천군 밤디길 88 (주)지에스티산업,127.4558885,36.92331196,
5431,한빛간호학원,충북 청주시 흥덕구,(28586) 충청북도 청주시 흥덕구 가로수로1351번길 3 201호(복대동),127.4429515,36.6338204,
5432,신촌아바평생교육원(P12),서울 마포구,(04101) 서울특별시 마포구 신촌로 102-1 무송빌딩 5층,126.9373337,37.55453828,
5433,동인간호학원,대구 남구,(42498) 대구광역시 남구 월배로 468 (대명동 한영유니죤빌딩) 2층,128.5557348,35.83457583,
5434,인천목마름목공학원,인천 서구,"(22674) 인천광역시 서구 청마로34번길 32-20 인천목마름목공학원 1층, 2층",126.6670233,37.58808173,
5435,마석요리학원,경기 남양주시,(12176) 경기도 남양주시 마석로 32 3층,127.3066607,37.65380445,
5436,원스플라워디자인학원,경북 포항시 북구,(37753) 경상북도 포항시 북구 새천년대로 550 2층 원스플라워디자인학원,129.351902,36.02337241,
5437,제주신화월드주식회사,제주 서귀포시,(63521) 제주특별자치도 서귀포시 안덕면 녹차분재로 217 제주신화월드주식회사,,,
5438,J*K 웰딩마스터학원 ,경기 평택시,"(17748) 경기도 평택시 칠괴길 56-3 (모곡동) 제1동, 제2동 전부",127.0761425,37.02491111,
5439,파주사랑요양보호사교육원,경기 파주시,(10909) 경기도 파주시 하우고개길 106-3 1층,126.7659885,37.70970929,
5440,윤뷰티아카데미학원,경기 안산시 단원구,(15239) 경기도 안산시 단원구 선부광장1로 82 서림프라자 407호 윤뷰티아카데미,126.8126096,37.33550513,
5441,증산간호학원,경남 양산시,"(50614) 경상남도 양산시 서들8길 49 더베스트타워 503호,504호",129.0090035,35.30800552,
5442,서초해오름요양보호사교육원,서울 서초구,"(06634) 서울특별시 서초구 서초중앙로20길 34-5 2층 (서초동, 명현홈빌딩)       평면도면 참조 202호",127.0160553,37.49220726,
5443,에듀빈 평생교육원,부산 연제구,(47524) 부산광역시 연제구 월드컵대로 160 JH빌딩 301호,129.0792136,35.18722506,
5444,내포요양보호사교육원,충남 홍성군,(32263) 충청남도 홍성군 충남대로 24 (홍북읍 내포제나우스오피스텔) 224호,126.6734203,36.65591254,
5445,증산나누리요양보호사교육원,경남 양산시,(50653) 경상남도 양산시 증산역로 163 7층 703호 일부,129.0079213,35.30959145,
5446,순천생협요양병원,전남 순천시,(57943) 전라남도 순천시 봉화로 62 순천생협요양병원,127.4964876,34.95632692,
5447,우리실버요양보호사교육원,서울 양천구,"(07905) 서울특별시 양천구 가로공원로 123 2층 (신월동, 우진팰리스)",126.8295926,37.53625644,
5448,한가람IT(아이티)전문학원,부산 금정구,(46279) 부산광역시 금정구 중앙대로 1617-12 상가 101동 2층 207호,129.0905864,35.22974868,
5449,명성간호학원,대구 달서구,(42608) 대구광역시 달서구 서당로9길 55 4층 명성간호학원,128.4924834,35.85613001,
5450,(사)대한민국경비협회 서울지방협회,서울 동대문구,(02490) 서울특별시 동대문구 홍릉로 28 (청량리동 성일빌딩) 4층,127.0446347,37.58239847,
5451,진주샘요양보호사교육원,경남 진주시,(52759) 경상남도 진주시 남강로 682 3층 일부,128.0861794,35.19106606,
5452,온아산직업전문학원,충남 아산시,(31480) 충청남도 아산시 배방로14번길 15 2층,127.0527956,36.77516048,
5453,(주)한국열연,경북 영천시,(38808) 경상북도 영천시 장수로 703 ,,,
5454,인천미추홀여성인력개발센터요양보호사교육원,인천 미추홀구,(22186) 인천광역시 미추홀구 아암대로 57 (용현동 항마스타타워) 항마스타타워 401호(용현동),126.6353917,37.45615537,
5455,한국아이티전문학원,충북 청주시 상당구,"(28541) 충청북도 청주시 상당구 사직대로361번길 158-10 (북문로3가) 701호, 801호",127.4874237,36.6437133,
5456,그린아이티아카데미학원,서울 강남구,"(06129) 서울특별시 강남구 강남대로96길 16 (역삼동) 2-4층, 5층 일부(역삼동)",127.0283606,37.49984568,
5457,송파여성인력개발센터 부설 요양보호사교육원,서울 송파구,"(05712) 서울특별시 송파구 중대로9길 34 (가락동 대호빌딩) 2,3,5층 (5층 요양보호사 교육원 해당)",127.118599,37.49618779,
5458,군산메디컬요양보호사교육원,전북 군산시,(54085) 전라북도 군산시 문화로 214 301호(경장동),126.7291748,35.97049659,
5459,에브리독애견미용학원,광주 동구,(61483) 광주광역시 동구 충장로 72 와이즈파크 9층 (일부),126.9151555,35.14865772,
5460,경기조경교육원,경기 성남시 수정구,(13313) 경기도 성남시 수정구 성남대로 1209 (수진동 신진빌딩) 4층 / 야외실습장(경기도 이천시 신둔면 고척리 55-18번지),127.1276498,37.43752363,
5461,양주바리스타학원,경기 양주시,(11473) 경기도 양주시 옥정로 214 POP타워 6층 604호 양주바리스타학원,127.0924249,37.82075741,
5462,대전홍명간호학원,대전 중구,(34899) 대전광역시 중구 계백로 1619 5층 502호,127.3995522,36.31944675,
5463,아임미용학원,서울 은평구,(03344) 서울특별시 은평구 통일로82길 15 B01,126.9202278,37.62124507,
5464,다산간호학원,경기 남양주시,"(12248) 경기도 남양주시 다산중앙로 109 506호 일부, 507-1호(다산동, 한강르네상스)",127.1534001,37.62283583,
5465,한길요리바리스타학원,인천 남동구,"(21653) 인천광역시 남동구 논고개로123번길 17 (논현동) 1001-1호(논현동,아이플렉스)",126.722994,37.40170452,
5466,한국폴리텍대학 제주캠퍼스,제주 제주시,(63243) 제주특별자치도 제주시 산천단동3길 2 ,,,
5467,대구항공여행평생교육원,대구 달서구,(42818) 대구광역시 달서구 월배로 426 7층 일부,128.5527593,35.83180268,
5468,동그라미요양보호사교육원,인천 동구,(22553) 인천광역시 동구 화도진로 2 3층,126.6368439,37.47356707,
5469,시내코스평생교육원,서울 동대문구,"(02490) 서울특별시 동대문구 홍릉로 28 (청량리동 성일빌딩) 3층 우측 일부, 4층 일부",127.0446347,37.58239847,
5470,부산디지털스마트 평생교육원,부산 동래구,(47823) 부산광역시 동래구 미남로132번길 112 8층,129.0754217,35.20521899,
5471,베프반려동물아카데미,경기 고양시 일산서구,(10387) 경기도 고양시 일산서구 중앙로 1444 태원빌딩 5층 일부,126.7601611,37.67093805,
5472,주식회사비앤알월드,인천 강화군,(23035) 인천광역시 강화군 강화읍 강화대로 391(강화농협) 3층,126.487186,37.74508272,
5473,하다뷰티아카데미서면본점미용학원,부산 부산진구,"(47357) 부산광역시 부산진구 범일로 170 (범천동) 3층, 하다뷰티아카데미서면본점미용학원",129.0595932,35.14524714,
5474,종로요양보호사교육원,서울 종로구,(03041) 서울특별시 종로구 사직로 97 3층,126.9695549,37.57622942,
5475,HRD탑평생교육원,경기 수원시 팔달구,(16456) 경기도 수원시 팔달구 고화로14번길 1 (매산로3가 정우빌딩) 4층 전체,127.0078089,37.27084742,
5476,대광고등학교,부산 사하구,(49412) 부산광역시 사하구 동매로 135 (당리동 대광고등학교) 대광고등학교,128.9726534,35.10139013,
5477,사하성산간호학원,부산 사하구,(49340) 부산광역시 사하구 낙동대로216번길 3 3층 일부 (괴정동),128.9926768,35.10050434,
5478,주식회사자유로중장비학원,경기 파주시,(10865) 경기도 파주시 교하로1290번길 120-30 (주)자유로중장비학원,126.7376568,37.74553403,
5479,(주)모두의연구소,서울 강남구,(06252) 서울특별시 강남구 강남대로 324 (역삼동 역삼디오슈페리움) 2층,127.0308344,37.49215964,
5480,건강한미래교육평생교육원,부산 연제구,(47583) 부산광역시 연제구 고분로 118 쿨빌딩 5층,129.0952508,35.1855574,
5481,현대용접기술학원,경남 진주시,(52780) 경상남도 진주시 도동로178번길 13 2층,128.1238155,35.18625317,
5482,푸름인재개발 원격평생교육원,서울 송파구,"(05836) 서울특별시 송파구 법원로9길 26(문정동, 에이치비즈니스파크) 15층 제씨-1503호,1504호,1505호",,,
5483,제주어울림요양보호사교육원,제주 제주시,(63013) 제주특별자치도 제주시 한림중앙로 72 (한림읍) 2층,126.2663405,33.40816233,
5484,(사)충남요양보호사협회부설아산배방요양보호사교육원,충남 아산시,(31491) 충청남도 아산시 북수동로 43 (배방읍 기타제1종근린생활시설) 1층,127.0746828,36.77477082,
5485,한국직업능력평생교육원,인천 미추홀구,(22136) 인천광역시 미추홀구 미추홀대로733번길 7 3층 전부,,,
5486,메이크뷰티아카데미학원,전북 전주시 완산구,(54969) 전북특별자치도 전주시 완산구 효자동2가 홍산1길 14 3층(효자동2가),127.1075015,35.81480395,
5487,좋은교육원,부산 동래구,(47821) 부산광역시 동래구 온천동 미남로 148 9층,129.0697039,35.20704695,
5488,대구농업마이스터고등학교,대구 수성구,(42257) 대구광역시 수성구 달구벌대로 3170 ,,,
5489,모블교육센터평생교육원,충남 천안시 동남구,(31144) 충청남도 천안시 동남구 대흥동 대흥로 255(화일빌딩) 3층 301호,127.1482315,36.81063059,
5490,(주)올댓뷰티아카데미대구,대구 중구,(41937) 대구광역시 중구 중앙대로 390 센트럴엠 9층,128.5938898,35.86771605,
5491,천안요양보호사교육원,충남 천안시 동남구,(31131) 충청남도 천안시 동남구 영성로 30 (영성동 99-1) 2층,127.1508352,36.80090453,
5492,청담고등학교,경기 평택시,(17991) 경기도 평택시 팽성송화로 192 청담고등학교,127.0627316,36.96258256,
5493,참된간호전문학원,광주 광산구,(62355) 광주광역시 광산구 사암로 210 (우산동) 3층 일부,126.8087169,35.16299153,
5494,경기건설기능교육원,경기 성남시 중원구,(13391) 경기도 성남시 중원구 둔촌대로 345-7 단독건물,,,
5495,이룸뷰티미용학원,전북 전주시 덕진구,"(54893) 전라북도 전주시 덕진구 기린대로 479-2 (덕진동1가 춘강빌딩) 4층 일부, 5층",127.1248378,35.84205035,
5496,(주)제이유테크,경남 거제시,(53261) 경상남도 거제시 장평3로 80 삼성중공업 내 귤도복합관 5층,128.6024738,34.89976929,
5497,대전유성지역자활센터,대전 유성구,(34172) 대전광역시 유성구 유성대로730번길 51 (장대동) 2층,127.3354402,36.35802296,
5498,강동해피요양보호사교육원,서울 강동구,(05405) 서울특별시 강동구 양재대로85길 14 501호,127.1338467,37.52449002,
5499,세종제과제빵바리스타학원,세종 세종,"(30128) 세종특별자치시  나성로 133-15 (나성동 애플타워) 607,608호",127.2576157,36.49044968,
5500,(주)사람과환경연구소,경기 부천시,(14558) 경기도 부천시 조마루로385번길 92 (원미동 부천테크노밸리 U1 center) 723호,126.7901275,37.50072902,
5501,(주)대학내일,서울 마포구,"(04156) 서울특별시 마포구 독막로 331 마스터즈타워빌딩 3,4,5,6,7층",126.9491682,37.54301164,
5502,(주)한길전자,부산 금정구,(46257) 부산광역시 금정구 개좌로 282 3층 및 2층 일부 (주)한길전자,129.1277488,35.23260721,
5503,배정미래고등학교,부산 남구,(48477) 부산광역시 남구 장고개로85번길 14-40 ,,,
5504,(주)천재교육,서울 금천구,(08513) 서울특별시 금천구 가산로9길 54 ,,,
5505,코스코리아주식회사,부산 해운대구,(48060) 부산광역시 해운대구 APEC로 17 4004호,129.1323329,35.16591494,
5506,효나눔요양보호사교육원,서울 구로구,(08256) 서울특별시 구로구 오리로 1262 호명빌딩 4층,126.8310463,37.49439858,
5507,부산국제영화고등학교,부산 동구,(48792) 부산광역시 동구 고관로 68 ,,,
5508,(주)일렉콤,경기 이천시,(17385) 경기도 이천시 덕이로202번길 99 ,,,
5509,한국폴리텍대학구미캠퍼스,경북 구미시,(39257) 경상북도 구미시 수출대로3길 84 ,,,
5510,럭키금속(주),광주 광산구,(62412) 광주광역시 광산구 평동산단2번로 198 럭키금속(주),126.7711424,35.13335226,
5511,여주대학교,경기 여주시,(12652) 경기도 여주시 세종로 338 여주대학교 ,127.6326709,37.26974915,
5512,부산기계공업고등학교,부산 해운대구,(48088) 부산광역시 해운대구 해운대로 569 ,,,
5513,우성파워텍주식회사,대구 달성군,(43013) 대구광역시 달성군 달성2차1로 91 우성파워텍(주),128.4276389,35.63165072,
5514,(주)아키아카,서울 서초구,(06651) 서울특별시 서초구 서초중앙로 63-6 (서초동 RM서초빌딩) 8층,,,
5515,주식회사디와이,경북 칠곡군,(39910) 경상북도 칠곡군 2산업단지3길 76 1층,128.4126526,35.94561338,
5516,(주)동희산업,경기 수원시 권선구,(16648) 경기도 수원시 권선구 산업로155번길 8  (주)동희산업,126.9822574,37.24285071,
5517,전북유니텍고등학교,전북 장수군,(55612) 전라북도 장수군 장계7길 3 ,,,
5518,한국폴리텍대학전남캠퍼스,전남 무안군,(58542) 전라남도 무안군 영산로 1854-16 ,,,
5519,세연고등학교 ,부산 남구,(48450) 부산광역시 남구 진남로 82-19 부산세무고등학교,129.0860594,35.14022606,
5520,하남경영고등학교,경기 하남시,(12955) 경기도 하남시 대청로116번길 11 ,,,
5521,대구소프트웨어고등학교,대구 달성군,(43010) 대구광역시 달성군 창리로11길 93 대구소프트웨어고등학교,128.4137251,35.66212141,
5522,(주)탑서브부천지점,경기 부천시,(14519) 경기도 부천시 수도로 90 2F,126.7775238,37.51389614,
5523,분당경영고등학교,경기 성남시 분당구,(13617) 경기도 성남시 분당구 금곡로 289 ,,,
5524,에어프레미아주식회사,서울 강서구,(07805) 서울특별시 강서구 공항대로 248 4층,126.8347588,37.55836507,
5525,경북보건대학교,경북 김천시,(39525) 경상북도 김천시 대학로 168 ,,,
5526,(주)우리피앤에스,서울 성동구,(04798) 서울특별시 성동구 아차산로15길 19 우리W타워 1층,127.0625713,37.54445937,
5527,(주)호야앤피플,서울 강남구,(06172) 서울특별시 강남구 봉은사로114길 30-5 303호 ,127.0650796,37.51276129,
5528,경북대학교산학협력단,대구 북구,"(41566) 대구광역시 북구 대학로 80 703호 (산격동, 글로벌프라자)",128.6097561,35.89081704,
5529,명인중고등학교,경북 성주군,(40047) 경상북도 성주군 도성2길 4 명인중고등학교,128.3634728,35.88562338,
5530,(유)보우산업,전북 전주시 덕진구,(54881) 전라북도 전주시 덕진구 기린대로 787 ,,,
5531,광호정밀,경남 창원시 의창구    ,(51395) 경상남도 창원시 의창구 팔용로371번길 34 ,,,
5532,한국표준협회 캠퍼스 강남,서울 강남구,(06237) 서울특별시 강남구 역삼동 역삼로17길 60(역삼동 738 빌딩) 퓨처밸류캠퍼스 6층 전체,127.0365144,37.49859492,
5533,광주소프트웨어마이스터고등학교,광주 광산구,(62423) 광주광역시 광산구 상무대로 312 ,,,
5534,(주)서울유니에듀원격평생교육원,부산 연제구,"(47598) 부산광역시 연제구 월드컵대로 83 (연산동, 케이티앤지)2층 210호",129.0831673,35.18174653,
5535,한국건설안전기술사회 원격평생교육시설,서울 종로구,(03192) 서울특별시 종로구 수표로 96 (관수동 국일관드림펠리스) 원격 7701호,126.98991,37.56967427,
5536,한국생산성본부(원격),서울 종로구,"(03170) 서울특별시 종로구 새문안로5가길 32 생산성빌딩(6층, 9층, 11층, 12층)일부",126.9732232,37.57495101,
5537,한국열린사이버대학교 평생교육원(원격),서울 중랑구,"(02087) 서울특별시 중랑구 망우로 353 11층(C-1105,1106,1107)",127.0904588,37.59803239,
5538,(사)보험연수원(원격),서울 성북구,"(02851) 서울특별시 성북구 보문로 130 (보문동1가 보험연수원) 보험연수원 빌딩 2층 일부, 7~8층 일부",127.0189137,37.58658531,
5539,주식회사맘스터치앤컴퍼니,서울 중구,"(04553) 서울특별시 중구 삼일대로6길 5(충무로2가, 조양빌딩신관) 5층~8층",,,
5540,(재)한국호텔관광교육재단,경기 안산시 단원구,(15361) 경기도 안산시 단원구 중앙대로 937 ,,,
5541,(사)한국금융연수원(원격),서울 종로구,(03053) 서울특별시 종로구 삼청로 118 한국금융연수원 별관 2층 u-러닝부,126.9826386,37.585972,
5542,고려아카데미(원격),서울 금천구,(08512) 서울특별시 금천구 디지털로9길 32 갑을그레이트밸리 B동 17층 1701호~1704호,126.8874847,37.47940256,
5543,현대경제연구원 인재개발원(원격),서울 종로구,(03127) 서울특별시 종로구 율곡로 194 (연지동 현대그룹빌딩 동관) 6층 원격사무실,127.0004708,37.5749457,
5544,성방산업(주),경북 영주시,(36145) 경상북도 영주시 장수로220번길 42 ,,,
5545,주식회사 데이원컴퍼니,서울 강남구,"(06142) 서울특별시 강남구 테헤란로 231 (역삼동 센터필드) West동 6층, 7층",127.0414353,37.50313076,
5546,주식회사신화금속열처리,대구 달서구,(42719) 대구광역시 달서구 성서로9길 80 ,,,
5547,세방리튬배터리주식회사,경기 안양시 동안구,(14057) 경기도 안양시 동안구 벌말로 148 세방리튬배터리(주),126.9710899,37.4004187,
5548,코스텍기술(주),경기 성남시 중원구,(13202) 경기도 성남시 중원구 사기막골로 159 608호,127.1775366,37.4423619,
5549,광주커피바리스타학원,광주 광산구,(62328) 광주광역시 광산구 사암로 398 (월곡동 손강빌딩) 4층 401호,126.8085785,35.17964817,
5550,제주T.O.P바리스타학원,제주 제주시,(63274) 제주특별자치도 제주시 동광로 81 (일도이동) 4층,126.5366485,33.50459013,
5551,제이에스융합교육주식회사,강원 화천군,"(24137) 강원특별자치도 화천군 간동면 죽엽산길 81-68(베트남참전용사 만남의장) (본사)서울 송파구 111,205동719호(문정동,파크하비오)",127.8341212,38.05493114,
5552,주식회사 일진글로벌,서울 강남구,(06157) 서울특별시 강남구 삼성로 527 3층,127.0549877,37.50881983,
5553,주식회사정원,전남 광양시,(57812) 전라남도 광양시 제철로 1704 금호동,127.7138392,34.93069627,
5554,(주)로얄정공,대구 달서구,(42705) 대구광역시 달서구 성서공단로25길 6 (갈산동) 1층,128.4971274,35.83579651,
5555,(주)위너스오토메이션,경기 수원시 권선구,(16642) 경기도 수원시 권선구 오목천로152번길 24 ,,,
5556,킨메탈,인천 남동구,(21697) 인천광역시 남동구 남동서로84번길 51 킨메탈,126.6881124,37.39768843,
5557,대한상공회의소,서울 중구,(04513) 서울특별시 중구 세종대로 39 17층 대한상공회의소 인력개발사업단,126.9738062,37.56048137,
5558,(주)세경하이테크,경기 수원시 권선구,(16648) 경기도 수원시 권선구 산업로155번길 128 1층,126.9844207,37.24521177,
5559,(주)태원이엔지,인천 서구,(22743) 인천광역시 서구 사렴로43번길 13 C동,126.6372808,37.55322463,
5560,(주)장덕금속,전남 장성군,(57248) 전라남도 장성군 나노산단3로 99 ,,,
5561,(주)포스테크,강원 원주시,"(26335) 강원도 원주시 우산로 278 가동 2층 203호, 204호(우산동, 원주기계공구단지)",127.9391652,37.3833818,
5562,주식회사더나아짐,부산 동래구,(47813) 부산광역시 동래구 명륜로112번길 108 (수안동),129.0886986,35.20233256,
5563,삼일아카데미(원격훈련),서울 중구,(04514) 서울특별시 중구 세종대로 73 (서소문동 태평로빌딩) 3층 태평로빌딩,126.9756954,37.56295052,
5564,클라크지게차직업훈련교육학원,인천 중구,(22340) 인천광역시 중구 축항대로296번길 1 1층,,,
5565,주식회사에이엔에이치스트럭쳐,경남 진주시,(52818) 경상남도 진주시 범골로54번길 2 (주)에이엔에이치스트럭쳐,128.1307027,35.16903774,
5566,(주)파인스,경북 포항시 남구,(37877) 경상북도 포항시 남구 동해안로 6262 (지번)경북 포항시 남구 동촌동5,129.3894242,35.99876435,
5567,김천상공회의소,경북 김천시,(39545) 경상북도 김천시 시청로 137 김천상공회의소,128.1174043,36.14061174,
5568,주식회사에드맥스,경기 안산시 단원구,(15429) 경기도 안산시 단원구 산단로163번길 46 주식회사 에드맥스,126.7893828,37.31305717,
5569,(주)프론텍이엔에스,인천 서구,(22843) 인천광역시 서구 보도진로41번길 26-1 (주)프론텍이엔에스,126.6529488,37.49633886,
5570,(주)창성철강,강원 춘천시,(24399) 강원도 춘천시 고은길 71 (주)창성철강,127.7763552,37.84207247,
5571,크로마흐주식회사,경기 수원시 권선구,(16648) 경기도 수원시 권선구 고색동 산업로156번길 142-10(수원벤처밸리∥) B동 719호,126.9863945,37.23838223,
5572,케어온우이요양보호사교육원,서울 강북구,(01030) 서울특별시 강북구 삼양로123길 1 3층,127.0153797,37.64466261,
5573,(주)닥터소프트,서울 구로구,(08389) 서울특별시 구로구 구로동 디지털로26길 43 대륭포스트타워8차 엘305호,126.8943111,37.48098577,
5574,(주)청우씨엔티,경기 안산시 단원구,(15612) 경기도 안산시 단원구 해안로 290 나동,126.7885851,37.29603543,
5575,(재)전남인력개발원 영암요양보호사교육원,전남 영암군,(58454) 전라남도 영암군 방아제로 74 ,,,
5576,브라코이미징코리아유한회사,서울 강남구,(06225) 서울특별시 강남구 역삼로 233 4층,127.0419073,37.49740029,
5577,마이크로닉시스템(주),대전 유성구,(34127) 대전광역시 유성구 죽동로 65 마이크로닉시스템,127.3347755,36.37201985,
5578,(주)대산이노텍,충남 공주시,(32511) 충청남도 공주시 정안농공단지길 32-32 (사현리 523),127.1277366,36.61809507,
5579,하나중장비학원,경기 양주시,(11415) 경기도 양주시 백은로 485-31 ,,,
5580,(주)이에이엔테크놀로지,서울 강남구,(06159) 서울특별시 강남구 테헤란로77길 11-19 EAN빌딩,127.0529957,37.50662227,
5581,KBS아트비전미용학원,경남 양산시,(50629) 경상남도 양산시 양산역로 75 (중부동) 메디컬센터 3층,129.028787,35.33603435,
5582,영락의료과학고등학교,서울 관악구,(08831) 서울특별시 관악구 청룡16길 25 영락의료과학고등학교,126.9443435,37.47631795,
5583,전북기계공업고등학교,전북 익산시,(54622) 전라북도 익산시 인북로32길 41 ,,,
5584,(주)렛츠,대전 유성구,(34202) 대전광역시 유성구 복용동로 43 (복용동) 639호(도안더리브시그니처),,,
5585,경상북도평생교육원,경북 안동시,(36671) 경상북도 안동시 당북1길 53 다인빌딩 201호,128.7176356,36.56396125,
5586,아이앤테크(주),광주 북구,(61088) 광주광역시 북구 첨단연신로398번길 23 아이앤테크(주),126.86285,35.19528927,
5587,굿모닝간호요양보호사교육원,경남 양산시,(50529) 경상남도 양산시 삼호1길 36-5 (삼호동 웅상클리닉센터) 501호일부,129.1674874,35.41333214,
5588,바론코리아주식회사,울산 울주군,(44919) 울산광역시 울주군 유니스트길 50 (언양읍 울산과학기술원) 114동 301호,,,
5589,도레이배터리세퍼레이터필름유한회사,경북 구미시,(39165) 경상북도 구미시 첨단기업7로 50 도레이BSF,128.4352006,36.14934363,
5590,(주)디티앤씨알오(본사),경기 용인시 처인구,"(17042) 경기도 용인시 처인구 백령로20번길 28 나동 2,3,4 층 (주)디티앤씨알오",127.1961549,37.26459883,
5591,한전씨에스씨주식회사,전남 나주시,(58217) 전라남도 나주시 빛가람동 빛가람로 727 칠설빌딩 7층,126.7913125,35.02153052,
5592,아진산업,경북 칠곡군,(39864) 경상북도 칠곡군 신동로2길 50-11 아진산업,128.4807872,35.9605906,
5593,주식회사엠제이컴,경기 고양시 일산서구,(10231) 경기도 고양시 일산서구 하이파크로 145 명장텐,126.7568455,37.70360008,
5594,(주)명신하이텍,광주 광산구,(62463) 광주광역시 광산구 진곡산단중앙로 281 (주)명신하이텍,126.7774098,35.21200637,
5595,주식회사신영이노텍,전남 장성군,(57247) 전라남도 장성군 나노산단2로 12 (주)신영이노텍,126.8369098,35.24614605,
5596,경북과학대학교산학협력단,경북 칠곡군,(39913) 경상북도 칠곡군 지산로 634 ,,,
5597,아신정밀,경기 평택시,(17817) 경기도 평택시 용성길 174-50 아신정밀,126.9510688,37.01723631,
5598,(주)으뜸농산,충남 청양군,(33317) 충청남도 청양군 작은한술길 48-22 ,,,
5599,(주)케이엠텍,경북 구미시,(39170) 경상북도 구미시 첨단기업4로 8 (주)케이엠텍,128.4487878,36.14262024,
5600,(주)씨에스켐텍아산공장,충남 아산시,(31441) 충청남도 아산시 아산로671번길 5-35 주식회사 씨에스켐텍 아산공장,126.964074,36.83195192,
5601,도로교통안전관리(주),울산 중구,(44428) 울산광역시 중구 종가로 370 4층 도로교통안전관리(주),129.3171414,35.56473616,
5602,향(香)틔움커피 아카데미학원,인천 연수구,(21954) 인천광역시 연수구 비류대로 184 301호 향틔움커피아카데미학원,126.6549514,37.4277971,
5603,엔자힘요양보호사교육원,경기 화성시,(18593) 경기도 화성시 삼천병마로 173-3 e동 304호  에이스존상가내 ,126.9082641,37.12872488,
5604,(주)운일,경남 거제시,(53261) 경상남도 거제시 장평3로 80 삼성중공업 내  의장관 1층,128.6024738,34.89976929,
5605,이랑산업(주),경북 칠곡군,(39910) 경상북도 칠곡군 왜관읍 2산업단지1길 107 (낙산리),,,
5606,고강철뷰티아카데미 대전미용취업창업지원센터학원,대전 서구,(35300) 대전광역시 서구 계룡로 638 2층 일부 고강철뷰티아카데미학원,127.3925749,36.3383311,
5607,오남요양보호사교육원,경기 남양주시,(12036) 경기도 남양주시 진건오남로808번길 10 2층,127.203332,37.69901943,
5608,CS모터스,경기 고양시 일산동구,(10252) 경기도 고양시 일산동구 은마길63번길 75 2층,126.8032306,37.71406679,
5609,옥수금속주식회사,충남 당진시,(31721) 충청남도 당진시 부곡공단로 307 옥수금속(주),126.780087,36.9639655,
5610,(주)진양산업,광주 광산구,(62414) 광주광역시 광산구 평동산단2번로 132 (주)진양산업,126.7640558,35.13290586,
5611,나이스디앤알주식회사,서울 서대문구,"(03741) 서울특별시 서대문구 충정로 36 NPS 국민연금공단 6,7층 ",126.9643888,37.56219956,
5612,주식회사멋쟁이사자처럼,서울 종로구,"(03155) 서울특별시 종로구 종로3길 17 (청진동 D타워) 16, 17층",126.9788846,37.57097897,
5613,구미도시공사(운수부대서비스업),경북 구미시,(39305) 경상북도 구미시 산책길 63 구미시설공단,128.3286318,36.12328479,
5614,(주)한국가죽공예학원,경기 양평군,(12561) 경기도 양평군 양평읍 도토리길 8 1층,127.4956142,37.48938761,
5615,거제옥포 요양보호사교육원,경남 거제시,(53219) 경상남도 거제시 옥포중앙로 55-1 2층,128.691964,34.89635939,
5616,대일몰드텍(주),경기 화성시,(18581) 경기도 화성시 3.1만세로322번길 39 ,,,
5617,유한회사아이케이일렉트릭,경기 화성시,(18585) 경기도 화성시 화곡로 195 유한회사 일광모타,126.8120331,37.05401071,
5618,평택상공회의소,경기 평택시,(18014) 경기도 평택시 고덕여염9길 37 ,,,
5619,품에;담다,서울 강서구,(07770) 서울특별시 강서구 강서로17길 25 호용빌딩 2층,126.8445693,37.53248431,
5620,화빈기계(주),충남 당진시,(31721) 충청남도 당진시 부곡공단4길 27-38 화빈기계(주),126.7728147,36.96260003,
5621,(사회복지법인)함께하는마음재단대구남구시니어클럽,대구 남구,(42431) 대구광역시 남구 이천로28길 42-43  ,,,
5622,희망찾기사회적협동조합,대전 서구,(35240) 대전광역시 서구 둔산로 133 424호(둔산동 현대아이텔),127.3886078,36.35151898,
5623,(주)자코모,경기 남양주시,(12036) 경기도 남양주시 진건오남로929번길 8 주식회사 자코모,127.1924164,37.70496581,
5624,재경가구산업(주),경기 남양주시,(12036) 경기도 남양주시 양지로290번길 6-19 재경가구산업(주),127.1941083,37.70144032,
5625,보성포리테크(주),전남 보성군,(59418) 전라남도 보성군 농공단지길 32 보성포리테크(주),127.3428418,34.86394881,
5626,새롬실버요양원,광주 북구,(61053) 광주광역시 북구 우치로311번길 7 새롬실버요양원,126.903569,35.19206664,
5627,고창요양보호사교육원,전북 고창군,(56433) 전라북도 고창군 보릿골로 124 (고창읍 고창농협) 3층 고창요양보호사교육원,126.695698,35.43634535,
5628,(주)씨앤에스에프에이,경기 양주시,(11448) 경기도 양주시 칠봉산로228번길 40 씨앤에스에프에이,127.0777859,37.85539079,
5629,탑앤뷰티아카데미미용학원,광주 광산구,(62225) 광주광역시 광산구 장신로 72 601 602호탑앤뷰티아카데미미용학원,,,
5630,더 드론 비행교육원,충남 공주시,(32542) 충청남도 공주시 봉황로 139 201호 (교동),127.1212666,36.45850081,
5631,라온구조안전기술(주),서울 송파구,"(05842) 서울특별시 송파구 송파대로 55 A동 604-1호(장지동, 서울복합물류)",127.123484,37.47501853,
5632,삼운실업,경기 양주시,(11426) 경기도 양주시 은현로457번길 20 삼운실업,127.0084306,37.9030469,
5633,자은쿡요리전문학원,울산 북구,(44236) 울산광역시 북구 송정11길 14 1층,129.3604968,35.5999282,
5634,(주)넷비즈월드,충북 청주시 청원구,(28309) 충청북도 청주시 청원구 2순환로160번길 94-10 (주성동) 2층,127.5063861,36.6742094,
5635,(주)리얼커머스,대전 서구,"(35230) 대전광역시 서구 대덕대로195번길 64 (둔산동) 2층,3층, 5층",127.3746624,36.35199574,
5636,주식회사국제스틸,강원 홍천군,(25115) 강원도 홍천군 송학정로 36-31 ,,,
5637,(주)케이비덴탈,대전 동구,(34712) 대전광역시 동구 하소남로 47 (하소동900),127.4366072,36.21995469,
5638,(주)성연테크,경기 시흥시,(15115) 경기도 시흥시 마유로32번길 101 정왕동,126.7235835,37.31886689,
5639,재단법인한국승강기안전진흥원,경기 수원시 영통구,(16681) 경기도 수원시 영통구 신동 신원로 88(디지털엠파이어2) 102동 704호,127.0514371,37.24730266,
5640,더에스제이메디코스메틱,경기 김포시,(10126) 경기도 김포시 장차로5번길 30 1층,126.7686809,37.60358073,
5641,세종효사랑요양보호사교육원,세종 세종,(30150) 세종특별자치시  한누리대로 2149 301호,127.2878023,36.47772934,
5642,(주)오리온햄프로,인천 서구,(22653) 인천광역시 서구 검단로 39 오류동,126.6135014,37.60160309,
5643,주식회사고센이엔지,충남 당진시,(31726) 충청남도 당진시 대섬길 4-15 현대빌딩 2층,126.7227928,36.98032477,
5644,정읍시북부노인복지관,전북 정읍시,(56106) 전라북도 정읍시 신태인중앙로 40 정읍시북부노인복지관,126.8895016,35.68842146,
5645,(주)파스텍,경기 부천시,(14502) 경기도 부천시 평천로 655 부천테크노파크 4단지 1201호,126.7641339,37.51676201,
5646,(주)호텔캐피탈,서울 용산구,(04392) 서울특별시 용산구 장문로 23 ,,,
5647,한국예총평생교육원,서울 양천구,(07995) 서울특별시 양천구 목동서로 225 (목동 대한민국예술인센터) 20층,126.8702381,37.52722713,
5648,경기인요양보호사교육원,경기 수원시 팔달구,"(16435) 경기도 수원시 팔달구 덕영대로 693 (화서동 풍성프라자) 1001호, 1002호",126.9901395,37.2848488,
5649,(주)서경이엔지,전남 영암군,(58462) 전라남도 영암군 대불로 93 (주)서경이엔지,126.3729089,34.740754,
5650,한솔커피바리스타제과제빵학원,경기 성남시 분당구,"(13591) 경기도 성남시 분당구 분당로53번길 11 5층  1호(서현동, 서원프라자) ",127.1213286,37.38417253,
5651,(주)에스엠경금속,인천 남동구,"(21687) 인천광역시 남동구 호구포로120번길 92 (고잔동, 남동공단110블럭16롯트)",126.7087778,37.39229956,
5652,유한환경산업주식회사,충남 당진시,(31770) 충청남도 당진시 당진중앙1로 108 3층,126.6300802,36.89455793,
5653,(주)우림엠앤티,경기 양주시,(11413) 경기도 양주시 현석로733번길 158-22 (주)우림엠앤티,126.9759303,37.85244743,
5654,대한평생교육원,대구 달서구,(42678) 대구광역시 달서구 대명천로 100 2층,128.5489816,35.83957413,
5655,동원테크,경남 창원시 성산구    ,(51570) 경상남도 창원시 성산구 완암로 3 제4 표준공장 4동 2호 동원테크,128.6600444,35.20393088,
5656,정읍시가족센터,전북 정읍시,(56163) 전라북도 정읍시 중앙2길 22 정읍시건강가정다문화가족지원센터,126.8530605,35.56763752,
5657,광주센트럴병원,광주 광산구,(62305) 광주광역시 광산구 수완로 6 (신가동) 광주센트럴병원,,,
5658,김해애견미용학원,경남 김해시,(50926) 경상남도 김해시 가락로 11 4층,128.8822993,35.2274044,
5659,재단법인원전현장인력양성원,경북 경주시,"(38123) 경상북도 경주시 동해안로 1819-24 (감포읍) 1동, 2동",129.4928113,35.77241021,
5660,(주)현대엔지니어링,대전 유성구,"(34026) 대전광역시 유성구 테크노2로 235 (탑립동, 제1동호,3동호)",127.409995,36.4216211,
5661,(주)유명,충북 옥천군,(29043) 충청북도 옥천군 옥천동이로 387-57 ,,,
5662,(주)한미하이텍,대전 대덕구,(34358) 대전광역시 대덕구 아리랑로55번길 191 (신대동),127.41357,36.39326759,
5663,두영산업주식회사,전북 익산시,(54528) 전라북도 익산시 삼기농공단지길 68 전라북도 익산시 삼기면 삼기농공단지길 68 ,126.9817381,36.01838243,
5664,신우산업(주),전북 완주군,(55314) 전라북도 완주군 테크노밸리2로 123 ,,,
5665,(유)자윤산업,전북 전주시 덕진구,(54881) 전라북도 전주시 덕진구 기린대로 787 (유)자윤산업,127.096981,35.85424219,
5666,(유)서현,전북 전주시 덕진구,(54881) 전라북도 전주시 덕진구 기린대로 787 (유)서현,127.096981,35.85424219,
5667,주식회사청진,전남 영암군,(58453) 전라남도 영암군 나불로 201 주식회사 청진,126.4394629,34.76505712,
5668,아뜰리에뷰티아카데미 파주미용학원,경기 파주시,"(10915) 경기도 파주시 금빛로 22 (금촌동 금촌프라자) 802,803호",126.7670695,37.75147976,
5669,(주)비에프앤씨,서울 구로구,(08380) 서울특별시 구로구 구로동 디지털로31길 12(태평양물산) 2층,126.8950062,37.48504088,
5670,가라뫼요양보호사교육원,경기 고양시 덕양구,(10486) 경기도 고양시 덕양구 행신동 중앙로 442(아성프라자) 402호,126.8459697,37.6182725,
5671,(주)중앙전기,전북 익산시,(54679) 전라북도 익산시 옛둑길 53 (동산동),126.9608014,35.92070198,
5672,주식회사티엔에스(TNSCorp.),울산 남구,(44629) 울산광역시 남구 굴화4길 1 시그마빌딩 4층,129.2654172,35.55437406,
5673,두영기전주식회사,전북 익산시,(54524) 전라북도 익산시 미륵사지로 903-16 두영기전(주),126.9879345,36.04402299,
5674,(주)도영건설,강원 철원군,(24054) 강원도 철원군 김화로 626-1 1층,127.4199351,38.24746062,
5675,참빛요양보호사교육원,전남 고흥군,(59542) 전라남도 고흥군 고흥읍 백련장전길 21 향군회관 2층,,,
5676,세영정보통신(주),경북 구미시,(39382) 경상북도 구미시 산호대로 56-1 ,,,
5677,생거진천중장비학원,충북 진천군,(27830) 충청북도 진천군 문화6길 41-1 3층 진천중장비학원 ,127.4337808,36.86370673,
5678,(주)대광지앤엠,경북 구미시,(39263) 경상북도 구미시 수출대로9길 50-79 ,,,
5679,초월요양보호사교육원,경기 광주시,(12736) 경기도 광주시 경충대로 1065 상가동 3층,127.2993901,37.37186774,
5680,더원요양보호사교육원,경기 오산시,"(18143) 경기도 오산시 오산로 164(원동, 양우프라자) 7층 701호",127.0690858,37.14146078,
5681,정다운간호조무사전문학원,경남 창원시 성산구    ,"(51526) 경상남도 창원시 성산구 내동 삼동로128번길 85(엑스포상가) 401호, 402호(내동)",128.6639553,35.22073897,
5682,(주)삼호산업,전남 영암군,(58462) 전라남도 영암군 대불로 93 생산관537 (주)삼호산업,126.3729089,34.740754,
5683,가평중앙재가노인복지센터,경기 가평군,(12412) 경기도 가평군 가화로 228-6 가평중앙 재가노인복지센터,127.5077769,37.83856599,
5684,지앤지병원,서울 강남구,"(06081) 서울특별시 강남구 영동대로 626 2층~10층 (삼성동, 지앤지빌딩)",127.0597435,37.51609765,
5685,(주)엘에스비,경북 구미시,(39376) 경상북도 구미시 1공단로 212 한라시그마밸리 1013호,128.3859049,36.10137968,
5686,남도금형제2공장(주),광주 광산구,(62417) 광주광역시 광산구 평동산단3번로 166 남도금형제2공장(주),126.7688583,35.13018414,
5687,썬하이드로릭스코리아(주),인천 서구,"(22856) 인천광역시 서구 북항로193번길 51 1,2층",126.6270589,37.50192655,
5688,원강금속(주),충남 홍성군,(32200) 충청남도 홍성군 내포로 1607-56 원강금속(주),126.5395704,36.63149745,
5689,푸디스트주식회사,서울 용산구,(04303) 서울특별시 용산구 청파로 363 한화빌딩,126.9689999,37.55186668,
5690,인천플랜트 배관 용접학원,인천 남동구,(21540) 인천광역시 남동구 하촌로 58 (만수동 창호빌딩) 2층,126.733529,37.45279777,
5691,(주)벡스,대전 대덕구,(34324) 대전광역시 대덕구 신일동로 71 (주)벡스,127.4102937,36.44037301,
5692,북광주동아간호학원,광주 북구,(61024) 광주광역시 북구 양산로 49 3층 북광주동아간호학원,126.8797917,35.21048626,
5693,(주)동해식품,충북 청주시 서원구,(28803) 충청북도 청주시 서원구 궁뜰로38번길 109-14 (주)동해식품,127.476118,36.59790983,
5694,밀양장애인활동지원제공기관,경남 밀양시,(50419) 경상남도 밀양시 시청서길 43 1층,128.7408928,35.50234089,
5695,주식회사금성침대,경기 양주시,(11482) 경기도 양주시 어하고개로 109-14 금성침대,127.107284,37.81514131,
5696,주식회사삼영정보,대전 유성구,(34013) 대전광역시 유성구 테크노4로 17 대덕비즈센터C동 522호,127.3949623,36.432314,
5697,대동테크,경북 경산시,(38408) 경상북도 경산시 지식산업1로 95 ,,,
5698,실버간호주간보호센터(주간보호),경남 거창군,(50141) 경상남도 거창군 샛단길 21-14 실버간호주간보호센터,127.8935182,35.68325195,
5699,울산북구알비제과제빵바리스타학원,울산 북구,"(44236) 울산광역시 북구 박상진12로 11 지오타워 605,606호 알비제과제빵바리스타학원",129.3652745,35.60145645,
5700,참사랑어머니회,경기 평택시,(17897) 경기도 평택시 중앙로 119-1 (비전동) 2층 참사랑어머니회,127.0964218,36.99316124,
5701,(주)엘리스그룹,서울 강남구,(06212) 서울특별시 강남구 선릉로 433 6층 신관,127.0489676,37.50371371,
5702,농업회사법인하늘농가(주),경기 남양주시,(12128) 경기도 남양주시 독정로273번길 9 농업회사법인하늘농가,127.1940321,37.67615942,
5703,이성씨엔아이(주)[본사],부산 기장군,(46038) 부산광역시 기장군 장안읍 의과학2로 78 이성씨엔아이(주),129.2526346,35.32323477,
5704,(주)라임,대구 달서구,(42702) 대구광역시 달서구 달구벌대로 1158 3층,,,
5705,성원스틸레이져(주),서울 금천구,(08641) 서울특별시 금천구 시흥대로 39 ,,,
5706,상계요양보호사교육원,서울 노원구,(01644) 서울특별시 노원구 덕릉로 814 재원빌딩 5f ,127.0806475,37.66929717,
5707,소라스플라워학원,광주 광산구,(62216) 광주광역시 광산구 하남산단6번로 57 KBI지식센터 지식동 21호,,,
5708,(주)명강엔지니어링,경북 포항시 남구,(37918) 경상북도 포항시 남구 청림동 신항로 110((주)포스코퓨처엠) 내 (주)명강엔지니어링,129.416688,36.00204123,
5709,주식회사 씨티씨,경북 포항시 남구,(37867) 경상북도 포항시 남구 대송면 철강로 212-6 2층,129.3643706,35.98516,
5710,(유)보미,전북 익산시,(54532) 전라북도 익산시 화강암로 142-11 ,,,
5711,주식회사한국기업인증원,경기 부천시,(14534) 경기도 부천시 신흥로 266 601호(중동),126.7754403,37.50720681,
5712,북경외국어학원,제주 제주시,(63200) 제주특별자치도 제주시 서광로 270 2-3층,126.525343,33.49970558,
5713,(주)에스앤디이엔지,경기 시흥시,"(15118) 경기도 시흥시 엠티브이북로193번길 8 (정왕동,시화MTV단지 2사 809호)",126.7003671,37.32142277,
5714,(유) 기흥모터스 용인점,경기 용인시 기흥구,(17093) 경기도 용인시 기흥구 신정로 105-4 ,,,
5715,주식회사유니텍,전남 장성군,(57248) 전라남도 장성군 나노산단로 98 ,,,
5716,풍성산업,전북 전주시 덕진구,(54881) 전라북도 전주시 덕진구 기린대로 787 풍성산업,127.096981,35.85424219,
5717,주식회사코드스테이츠,서울 강남구,(06160) 서울특별시 강남구 테헤란로 415 (삼성동 L7 HOTELS 강남타워) 8층,127.0515247,37.50562279,
5718,진주무인항공교육원,경남 진주시,(52833) 경상남도 진주시 동부로 965 한국국제대학교 대운동장(실습장),128.2034794,35.17315113,
5719,신당요양보호사교육원,서울 중구,(04611) 서울특별시 중구 다산로 227 3층,127.0153548,37.56344853,
5720,이우헤어살롱,제주 제주시,"(63229) 제주특별자치도 제주시 신설로11길 37 102호(이도이동, 예원하우스) 이우헤어살롱",126.5466189,33.49341155,
5721,금오효요양보호사교육원,경기 의정부시,(11757) 경기도 의정부시 청사로47번길 12 9층902호,127.0690128,37.75239986,
5722,(주)대야엠티,경남 창원시 마산합포구,(51787) 경상남도 창원시 마산합포구 산단2길 46-56 ,,,
5723,드론테크,전북 전주시 덕진구,(54852) 전라북도 전주시 덕진구 유상로 67 전주혁신창업허브 3층 301-4호,127.0804825,35.86199565,
5724,다온인포텍주식회사,울산 동구,(44032) 울산광역시 동구 방어진순환도로 1000 문화관 3층,129.4392116,35.51544065,
5725,(주)기장물산,부산 기장군,(46040) 부산광역시 기장군 신평길 30-16 ,,,
5726,거제드림요양보호사교육원,경남 거제시,(53290) 경상남도 거제시 계룡로 39 2층,128.6277553,34.87480239,
5727,가온뷰티아카데미,경기 광명시,(14314) 경기도 광명시 금하로 531 (소하동) 4층,126.8909861,37.45134884,
5728,조은중장비운전학원,전남 순천시,(58005) 전라남도 순천시 상성길 236-5 (해룡면) 조은중장비운전학원,127.5381513,34.94035853,
5729,(주)코노텍,부산 기장군,(46034) 부산광역시 기장군 반룡산단1로 56 (주)코노텍,129.2577089,35.33412449,
5730,쎄븐헤어월드,서울 송파구,"(05770) 서울특별시 송파구 오금로46길 15 1,B1층",127.1355947,37.4958816,
5731,쎄븐헤어월드2호점,서울 송파구,(05769) 서울특별시 송파구 동남로 238 2층,127.133517,37.49760482,
5732,오목천요양보호사교육원,경기 수원시 권선구,(16634) 경기도 수원시 권선구 삼천병마로1597번길 8 2층,126.9631193,37.24504434,
5733,퍼스트바리스타제과제빵학원,대전 서구,(35263) 대전광역시 서구 계룡로553번안길 45 3층 일부 (탄방동),127.3877127,36.34618698,
5734,아이케미칼(주),울산 울주군,(44905) 울산광역시 울주군 길천산업2길 24-13 아이케미칼(주),129.0785507,35.59667332,
5735,(주)명진기업,경남 사천시,(52504) 경상남도 사천시 곤양공단길 50 .,127.951637,35.05737662,
5736,뷰티인미용학원,경북 포항시 북구,(37737) 경상북도 포항시 북구 칠성로 19 2층 ,129.3639515,36.03615483,
5737,주식회사이투지,제주 제주시,(63243) 제주특별자치도 제주시 첨단로8길 34 (아라일동) 주식회사 이투지,126.5670858,33.44822546,
5738,(주)한신단자공업,인천 남동구,(21694) 인천광역시 남동구 남동동로33번길 28-17 남동공단 144블럭4롯트,126.6913379,37.39057903,
5739,(주)세종이엠에스,인천 부평구,(21329) 인천광역시 부평구 평천로 294-5 301호(갈산동),126.723335,37.51651032,
5740,금정직업전문학교,부산 금정구,"(46249) 부산광역시 금정구 중앙대로 1942 (구서동 우남타워) 7층,8층",129.0916962,35.25760161,
5741,양양재활재가노인복지센터,강원 양양군,(25042) 강원도 양양군 하양혈길 25 양양재활재가노인복지센터,128.6755943,38.03992399,
5742,한국정보네트웍스(주),대구 수성구,"(42218) 대구광역시 수성구 용학로 182 (지산동, 진성빌딩 3층) 한국정보네트웍스(주)",128.6284748,35.82213337,
5743,주식회사은서테크,경기 화성시,(18528) 경기도 화성시 원골길 21-3 (주)은서테크,126.89496,37.17021572,
5744,(주)화인,전남 광양시,(57807) 전라남도 광양시 폭포사랑길 20-26 (주)화인,127.7359946,34.93230424,
5745,(주)매그나에너지,경남 창원시 마산합포구,(51734) 경상남도 창원시 마산합포구 3·15대로 298 506호,128.5705283,35.20242843,
5746,성남인재개발평생교육원,경기 성남시 중원구,(13426) 경기도 성남시 중원구 도촌남로 37 303호(도촌프라자),127.1516947,37.41456526,
5747,주식회사성원하이텍,세종 세종,(30058) 세종특별자치시  공단로 167 12동,127.2698011,36.55499872,
5748,김기진카빙데코레이션학원,대구 동구,(41176) 대구광역시 동구 효동로1길 12 2층 일부,128.6482807,35.8789322,
5749,오무선뷰티살롱,대구 동구,"(41229) 대구광역시 동구 동부로 149 (신천동, 신세계동대구복합환승센터 4층 21호, 22호)",128.6289477,35.8778258,
5750,(주)쓰리지테크놀러지,충북 음성군,(27733) 충청북도 음성군 덕금로310번길 14 (주)쓰리지테크놀러지,127.5536542,36.92367384,
5751,한솔요리커피바리스타제과제빵학원,경기 고양시 일산동구,"(10402) 경기도 고양시 일산동구 정발산로 43-20 (장항동 센트럴프라자) 803,804,812호",126.7733823,37.65826991,
5752,탑테크(주),경북 포항시 남구,(37839) 경상북도 포항시 남구 형산강남로418번길 51-3 탑테크(주),129.3599002,35.99623997,
5753,주식회사태청하이테크,인천 미추홀구,(22108) 인천광역시 미추홀구 염전로187번길 49 주식회사 태청하이테크,126.6641102,37.47875702,
5754,거제제일해양(주),경남 거제시,(53302) 경상남도 거제시 거제대로 3370 _ 용접분원 4층,128.69569,34.87216299,
5755,신성테크,경기 시흥시,"(15078) 경기도 시흥시 산기대학로 312 정왕동, 시화공단 3나401",126.7391071,37.33497666,
5756,연천청산버섯영농조합법인,경기 연천군,(11023) 경기도 연천군 청신로 324 연천청산버섯영농조합법인(열두개울버섯마을),127.0907839,37.98817859,
5757,주식회사케이엔아이씨((주)KNIC),경남 창원시 마산회원구,(51342) 경상남도 창원시 마산회원구 봉암공단13길 15-13 나래관 2층,128.6010165,35.21628716,
5758,인베스트세라믹주식회사,강원 강릉시,(25451) 강원도 강릉시 과학단지로 106-81 ,,,
5759,주식회사기원테크,서울 구로구,"(08376) 서울특별시 구로구 구로동 디지털로31길 62(아티스포럼) 1001호,1002호,1003호,1004호",126.8923971,37.48634998,
5760,주식회사우성테크원,충남 천안시 서북구,(31050) 충청남도 천안시 서북구 신월소우길 97-15 ,,,
5761,광양중장비학원,전남 광양시,(57749) 전라남도 광양시 제철로26번길 15-5 광양 중장비 학원,127.6035661,34.96152318,
5762,포천건설중장비운전학원,경기 포천시,(11156) 경기도 포천시 포천로1160번길 87-72 ,,,
5763,대린전자(주),경기 안산시 단원구,(15420) 경기도 안산시 단원구 당쟁이로 8 (신길동) 대린전자(주),126.7721637,37.32570219,
5764,가인요양보호사교육원,경기 부천시,(14543) 경기도 부천시 길주로77번길 19-27 703호,126.7494632,37.50670344,
5765,신원하이테크주식회사,강원 원주시,(26355) 강원도 원주시 조엄로 347 신원하이테크,127.8660531,37.3702701,
5766,(주)케이씨티엘,경기 수원시 영통구,(16677) 경기도 수원시 영통구 신원로 65 (주)케이씨티엘,127.0486989,37.24834895,
5767,성모간호학원,서울 송파구,(05621) 서울특별시 송파구 백제고분로 395 3층(송파동),127.1091265,37.50684642,
5768,한국디비케이(주),경기 화성시,(18576) 경기도 화성시 노하길 383 ,,,
5769,경기북부간호학원,경기 의정부시,(11688) 경기도 의정부시 태평로 128 (의정부동) 3.4.5.6층,127.0514647,37.74398447,
5770,양주타일학원,경기 양주시,"(11445) 경기도 양주시 평화로 1345 B동 102,103호(덕계동)",127.0457055,37.81070208,
5771,아이앤티(INT),경북 구미시,"(39253) 경상북도 구미시 구미대로 350-27(신평동, 금오공과대학교 신평동캠퍼스) 경북산학융합원 409,410호",,,
5772,동산공업(주),경북 칠곡군,(39912) 경상북도 칠곡군 3산업단지3길 36 ,,,
5773,(주)부뜰정보시스템,서울 영등포구,"(07292) 서울특별시 영등포구 영등포로 144 3층, 4층, 5층, 6층, 9층 (주)부뜰정보시스템",126.897285,37.52081234,
5774,솔므 홈케어 아카데미,경기 고양시 일산동구,(10253) 경기도 고양시 일산동구 문원길 91-4 1동 솔므,126.8161454,37.71520514,
5775,한국건설직업전문학원,경기 성남시 수정구,"(13292) 경기도 성남시 수정구 태평동 수정로171번길 7(재경빌딩) 3층 일부, 4층",127.1386208,37.44335904,
5776,자연베이커리,경기 안양시 동안구,(13923) 경기도 안양시 동안구 관악대로 103 108호,126.9352333,37.39894399,
5777,푸른누리요양보호사교육원,경기 의정부시,(11703) 경기도 의정부시 평화로 402 (호원동) 5층 우측,127.0482893,37.72767842,
5778,(주)케디엠,경북 칠곡군,(39912) 경상북도 칠곡군 3산업단지1길 120 ,,,
5779,유성생명과학고등학교,대전 유성구,(34197) 대전광역시 유성구 월드컵대로 270 ,,,
5780,에듀컴퓨터교육학원,경기 시흥시,"(15011) 경기도 시흥시 서울대학로278번길 19-8 608호 (배곧동, 새롬프라자)",126.7283058,37.36974921,
5781,MBC아카데미시흥요양보호사교육원,경기 시흥시,(15011) 경기도 시흥시 배곧동 서울대학로278번길 19-8(새롬프라자) 6층 604호,126.7283058,37.36974921,
5782,온요양보호사교육원,경남 창원시 의창구    ,"(51376) 경상남도 창원시 의창구 의창대로62번길 2 601호(팔용동,동영오피스)",128.6072993,35.25650651,
5783,새로나요양보호사교육원,서울 구로구,(08306) 서울특별시 구로구 구로중앙로 51 5층502~505호,126.8892374,37.49412651,
5784,진응종합건설(주),전남 여수시,(59631) 전라남도 여수시 여수산단로 86-24 (주삼동) 1층 진응종합건설,127.6657041,34.79159822,
5785,비너세움아카데미학원,서울 서초구,(06735) 서울특별시 서초구 강남대로 243 3층 전체(서초동),127.0332175,37.48515832,
5786,건영요양보호사교육원,경기 고양시 덕양구,"(10583) 경기도 고양시 덕양구 삼송로221번길 16 1층, 102호",126.8991478,37.65396973,
5787,시애틀 바리스타 학원,경기 남양주시,"(12248) 경기도 남양주시 다산중앙로 117 (다산동 다산진건지구 업무1-2) 801호, 802호, 803호",127.1530955,37.62344888,
5788,에스이피(SEP),경남 창원시 마산회원구,(51220) 경상남도 창원시 마산회원구 숲속로 73 ,,,
5789,경비보안교육원,서울 강서구,"(07788) 서울특별시 강서구 마곡서로 168 (마곡동 마곡럭스나인오피스텔엘동) 106호,201호,204호,206호,207호",126.82551,37.56889303,
5790,씨앤씨뱅크,경기 안양시 만안구,(14086) 경기도 안양시 만안구 전파로24번길 35-19 1층,126.9365969,37.38944813,
5791,주식회사네오테크,경남 김해시,(50875) 경상남도 김해시 고모로324번길 174-1 주식회사네오테크,128.7812234,35.24646003,
5792,유한회사와이지엠에스전자,광주 광산구,(62215) 광주광역시 광산구 하남산단천변좌로 25 501호,126.8125184,35.20845229,
5793,한국메이커융합협동조합,부산 해운대구,(48056) 부산광역시 해운대구 재반로 71 2층,129.1258579,35.18488941,
5794,경성시험기(주),경기 안산시 단원구,(15423) 경기도 안산시 단원구 별망로269번길 57 ,,,
5795,위례요양보호사교육원,경기 성남시 수정구,"(13640) 경기도 성남시 수정구 위례광장로 320 (창곡동 아이에스센트럴타워) 아이에스센트럴타워 913호, 514호",127.1426295,37.47218633,
5796,플랜비식음료학원,서울 송파구,(05621) 서울특별시 송파구 백제고분로 397 PSP제2빌딩 3층,127.1092624,37.50696342,
5797,국제유니버시티평생교육원,서울 관악구,(08747) 서울특별시 관악구 양녕로2가길 41 3층,126.9471971,37.48523919,
5798,타나헤어,강원 춘천시,(24431) 강원특별자치도 춘천시 온의동 스포츠타운길 494 103호,127.7112756,37.86637434,
5799,(주)포웰-본사,경북 포항시 남구,(37882) 경상북도 포항시 남구 하원로 29 ,,,
5800,강북에이스애견미용학원,서울 강북구,(01081) 서울특별시 강북구 수유로 50 4층,127.0195812,37.63511179,
5801,루쳇플라워학원,부산 부산진구,(47236) 부산광역시 부산진구 전포대로 294 서면한신하이텔 403호,129.0664547,35.16280201,
5802,(주)제일방화문,충남 천안시 동남구,(31225) 충청남도 천안시 동남구 도장로 193-10 (주)제일방화문,127.1909197,36.75194508,
5803,(주)코이즈,충북 충주시,(27466) 충청북도 충주시 첨단산업로 146 (대소원면),127.8322702,36.98445309,
5804,대화제약(주),강원 횡성군,(25228) 강원도 횡성군 한우로 495 대화제약(주),128.0057039,37.48936657,
5805,사회적협동조합성동돌봄,서울 성동구,(04715) 서울특별시 성동구 왕십리로 309 206,127.0345724,37.56114743,
5806,권선이레요양보호사교육원,경기 수원시 권선구,(16584) 경기도 수원시 권선구 덕영대로 1205 (권선동 미래타운빌딩) 503호,127.0225052,37.24918513,
5807,차오름요양보호사교육원,경기 부천시,"(14676) 경기도 부천시 경인로 519 (괴안동) 역곡프라자 3층, 9층",126.8126834,37.48500912,
5808,탑석요양보호사교육원,경기 의정부시,(11789) 경기도 의정부시 충의로 43 301-1호,127.0874782,37.73565731,
5809,더모션아카데미망원점학원,서울 마포구,(04012) 서울특별시 마포구 망원동 월드컵로 91 3층,126.9089251,37.55678056,
5810,웰컴미용직업전문학교,울산 중구,(44532) 울산광역시 중구 젊음의2거리 29 11층 일부 (성남동),129.3199209,35.55326647,
5811,에센티아커피학원,경남 김해시,(50926) 경상남도 김해시 김해대로 2323 2층,128.8808602,35.22643545,
5812,지청직업교육학원,대구 동구,(41072) 대구광역시 동구 메디밸리로 5-25 대림빌딩202호,128.7488232,35.87413349,
5813,개봉현대요양보호사교육원,서울 구로구,(08337) 서울특별시 구로구 개봉로 67 3층,126.8556012,37.49168371,
5814,보은사랑재활주야간보호센터,경기 남양주시,(12183) 경기도 남양주시 창현로 51 달성빌딩401호,127.3053264,37.64611362,
5815,(주)링크프라이스,서울 금천구,(08503) 서울특별시 금천구 가산디지털1로 171 11층 1112호,126.880654,37.48068411,
5816,신안재가노인돌봄센터,대구 동구,(41142) 대구광역시 동구 동촌로5길 29 3층,128.6478882,35.89006869,
5817,한서대학교,충남 태안군,(32158) 충청남도 태안군 곰섬로 236-49 (남면) 한서대학교 항공기술교육원,126.293458,36.59461133,
5818,부곡왕송요양보호사교육원,경기 군포시,(15880) 경기도 군포시 송부로291번안길 17 부일빌딩 302호,126.9448477,37.32103837,
5819,엄마케어 요양보호사교육원,경기 성남시 분당구,(13595) 경기도 성남시 분당구 황새울로258번길 10-7 (수내동 가나프라자) 401호,127.1161851,37.3802852,
5820,에덴학원,광주 광산구,"(62317) 광주광역시 광산구 목련로219번길 102-24 (운남동) 1층,2층(운남동)",126.8238263,35.17509284,
5821,(IT)메가존아이티평생교육원,서울 강남구,(06235) 서울특별시 강남구 테헤란로20길 16 (역삼동 금정빌딩) 4층,127.0343311,37.49857384,
5822,월드요양보호사교육원,경기 안산시 단원구,"(15240) 경기도 안산시 단원구 선부광장1로 32 4층 403, 404호",126.8088053,37.33613867,
5823,진주혁신요양보호사교육원,경남 진주시,(52853) 경상남도 진주시 충의로 119 아슬란스포츠몰 D동 402호,128.1531481,35.1744507,
5824,동인천미용학원,인천 중구,"(22324) 인천광역시 중구 우현로 20 (신생동) 1층 일부, 2층 전부, 3층 전부",126.6268946,37.46929216,
5825,코리아아이티(IT)아카데미학원,부산 부산진구,(47296) 부산광역시 부산진구 중앙대로 668 411호~414호(부전동),129.0597072,35.15239135,
5826,비.엔플라워디자인학원,경남 김해시,(50940) 경상남도 김해시 김해대로2324번길 40-11 월드빌딩 2층,128.8787417,35.22457584,
5827,제이엠씨(JMC)커피학원,경남 통영시,"(53043) 경상남도 통영시 무전8길 14-7 1층, 좌측 JMC 커피학원",128.4271021,34.85919366,
5828,새원요양보호사교육원,부산 동래구,(47772) 부산광역시 동래구 명안로85번길 52 8층,129.1018334,35.20505224,
5829,가뜬요양보호사교육원,경기 광주시,(12745) 경기도 광주시 송정로 59-17 파라다이스 상가 2층,127.2539221,37.41772612,
5830,뷰클래스미용학원,서울 서대문구,(03777) 서울특별시 서대문구 명물길 62 오시리스타워 4층,126.9396387,37.55883723,
5831,현풍간호학원,대구 달성군,(43018) 대구광역시 달성군 테크노상업로 82 해피타워 9층 906호,128.4586924,35.69319942,
5832,영천제일중장비학원,경북 영천시,(38896) 경상북도 영천시 주남1길 37 (실습장) 경북 영천시 영천고1길 75 유성상가 203호(사무실),128.9362494,35.95779263,
5833,한국열린평생교육원,인천 부평구,(21407) 인천광역시 부평구 동수북로 172 (부평동) 3/5층,126.7253271,37.4886474,
5834,주식회사민테크,대전 유성구,(34002) 대전광역시 유성구 국제과학21로 62 (구룡동),127.3501369,36.4434685,
5835,동구노인장기요양센터,대구 동구,(41111) 대구광역시 동구 경안로109길 22-7 동호동,128.7117441,35.87154893,
5836,부천탑요양보호사교육원,경기 부천시,"(14711) 경기도 부천시 경인로 210 7층 부천탑요양보호사교육원(부곡빌딩,심곡본동)",126.7784413,37.48321012,
5837,복현양재학원,경기 군포시,(15802) 경기도 군포시 고산로 679 산본동 미성프라자 601호,126.9338697,37.37113801,
5838,대전커피아카데미학원,대전 서구,(35241) 대전광역시 서구 둔산중로 38 7층706호,127.387185,36.34988345,
5839,장안요양보호사교육원,서울 동대문구,(02629) 서울특별시 동대문구 장한로 33 2층,127.0661524,37.56431521,
5840,코코넛사일로주식회사,서울 성동구,(04779) 서울특별시 성동구 성수동1가 성수일로 19(UHAN TOWER(유한타워)) 9층,127.0486309,37.5423815,
5841,고려요양보호사교육원,강원 횡성군,(25234) 강원도 횡성군 중앙로 12 2층,127.9845431,37.48892263,
5842,한국반려동물평생교육원,경기 수원시 영통구,"(16226) 경기도 수원시 영통구 대학로 10 (이의동) 202,203,301,303호",127.0419955,37.29748441,
5843,주얼리아카데미학원,대구 중구,(41910) 대구광역시 중구 태평로 178-1 2층 주얼리아카데미학원,128.5971099,35.87426964,
5844,박호순소방학원,서울 영등포구,(07369) 서울특별시 영등포구 도신로 115 3층 일부 (도림동),126.9044847,37.50817766,
5845,퀸애견미용학원,경기 수원시 장안구,"(16270) 경기도 수원시 장안구 정조로 917-1(영화동, LG전자프라자) 2층전체3층전체",127.0133011,37.28960335,
5846,제주애견미용학원,제주 제주시,(63172) 제주특별자치도 제주시 삼도일동 서사로 28(삼성리빙프라자 제주삼도점) 3층 일부 제주애견미용학원,126.5195402,33.50981686,
5847,원주여성인력개발센터,강원 원주시,(26387) 강원도 원주시 시청로 22 리젠트프라자 7층 ,127.9221067,37.34005218,
5848,이천제빵커피학원,경기 이천시,"(17363) 경기도 이천시 애련정로125번길 47 창전동, 2층",127.4473479,37.28149226,
5849,정인요양보호사교육원,경기 평택시,(17783) 경기도 평택시 송탄로 89 303.304호,127.0552255,37.05312547,
5850,아라평생교육원,서울 강남구,(06163) 서울특별시 강남구 삼성동 봉은사로 504(진양빌딩) 진양빌딩 4층,127.0541083,37.51284765,
5851,강릉C&B제과제빵학원,강원 강릉시,(25604) 강원도 강릉시 남부로17번길 35 2층,128.8819737,37.74277143,
5852,안단테꽃예술홍대학원,서울 마포구,(04023) 서울특별시 마포구 월드컵로 33 (합정동) 2층,126.9120654,37.55231413,
5853,서울게임아카데미성남학원,경기 성남시 분당구,(13558) 경기도 성남시 분당구 정자일로198번길 15 503호,127.1076316,37.36758882,
5854,수원점벤자민애견미용학원,경기 수원시 영통구,"(16705) 경기도 수원시 영통구 청명남로28번길 2(영통동, 아이텐텐빌딩) 402호 전체, 405호 전체, 406호 전체",127.0752527,37.25185366,
5855,테레사요양보호사교육원,경기 수원시 권선구,(16618) 경기도 수원시 권선구 서호동로26번길 19 202호(서둔동),126.9913374,37.26776544,
5856,디미가,경기 안산시 상록구,"(15523) 경기도 안산시 상록구 사사동 사사안골길 106 2,3층",126.9261439,37.30682227,
5857,리소가죽공예학원,경기 김포시,"(10078) 경기도 김포시 김포한강1로 240 3층 308,309호(운양동, 라비드퐁네프)",126.6841946,37.652765,
5858,한려간호학원,전남 여수시,(59701) 전라남도 여수시 문수3길 6 한려간호학원,127.7040929,34.75471489,
5859,강남메트로요양보호사교육원,서울 강남구,(06134) 서울특별시 강남구 강남대로94길 34 2층( 204호),127.0300569,37.49962906,
5860,목원대학교 미래창의평생교육원,대전 서구,(35349) 대전광역시 서구 도안북로 88 캠퍼스타운 308호,127.3384975,36.32532913,
5861,휴멘인재개발평생교육원,경기 화성시,(18412) 경기도 화성시 병점3로 12 신성빌딩2층,127.0348634,37.2076087,
5862,광주 데이터사이언스 아카데미(SES),광주 광산구,(62364) 광주광역시 광산구 무진대로 282 7층 일부(우산동),126.8109392,35.16082283,
5863,한국아파트경리회계학원,경기 고양시 일산서구,(10387) 경기도 고양시 일산서구 주화로 88 주엽동 효림빌딩 601호(일부),126.7582927,37.6703756,
5864,한솔요리커피바리스타제과제빵학원,서울 관악구,(08700) 서울특별시 관악구 시흥대로 572 5층,126.9028433,37.48376837,
5865,베스트요양보호사교육원,인천 서구,(22783) 인천광역시 서구 가정로 364 3층 베스트요양보호사교육원,126.6731442,37.51714671,
5866,올댓뷰티아카데미학원,경기 수원시 팔달구,"(16491) 경기도 수원시 팔달구 효원로 288 1002호 일부 (인계동, 대원콤비프라자)",127.0329469,37.26074317,
5867,순천스카이드론교육원(미래진로직업체험센터),전남 순천시,(58030) 전라남도 순천시 대곡길 130 순천스카이드론교육원,127.4646592,34.86414219,
5868,원종요양보호사교육원,경기 부천시 오정구,(14465) 경기도 부천시 오정구 원종동 소사로 701(성산빌딩) 4층,126.8044877,37.51862064,
5869,한선생 커피바리스타 학원,경남 김해시,(50966) 경상남도 김해시 선지로58번길 13 성준빌딩 4층,128.8435824,35.22971172,
5870,기장간호학원,부산 기장군,(46055) 부산광역시 기장군 차성로 434 203호. 204호 (기장군),129.2175701,35.25418205,
5871,미래인재개발원,부산 해운대구,(48056) 부산광역시 해운대구 재송동 재반로 71 2층,129.1258579,35.18488941,
5872,전주기전대학 부설요양보호사교육원,전북 전주시 완산구,(54999) 전라북도 전주시 완산구 전주천동로 264 3층 307호,127.1382255,35.81927954,
5873,온양요양보호사교육원,울산 울주군,(44978) 울산광역시 울주군 남창강변로 76 2층,129.2833434,35.41356016,
5874,에듀플러스원격평생교육원,서울 영등포구,(07281) 서울특별시 영등포구 선유로9길 10 510호,126.8871428,37.51782056,
5875,청화목공예아카데미학원,대전 유성구,"(34174) 대전광역시 유성구 박산로 152 1,2층",127.3263701,36.35221422,
5876,명성협동조합1호요양보호사교육원,강원 춘천시,(24295) 강원도 춘천시 백령로 153 3층,127.7432537,37.87533994,
5877,SBS아카데미컴퓨터아트학원,경기 고양시 일산동구,(10402) 경기도 고양시 일산동구 정발산로 23 402호 (장항동),126.7710981,37.65666172,
5878,산업설비기술학원,충남 천안시 동남구,"(31177) 충청남도 천안시 동남구 신촌로 24(신방동, 천안산업기자재유통단지) 3036호, 3037호, 3038호, 3039호, 3156-1호",,,
5879,으뜸요양보호사교육원,경기 시흥시,"(14912) 경기도 시흥시 비둘기공원6길 25 501호,502호(대야동)",126.790849,37.44151686,
5880,에스엠(sm)바리스타학원,경북 경산시,(38615) 경상북도 경산시 남매공원로1길 7 201호(계양동),128.7415435,35.83332858,
5881,광주인재개발평생교육원,경기 광주시,(12778) 경기도 광주시 역동로 84 2층,127.2549741,37.40130757,
5882,서일대학교산학협력단,서울 중랑구,"(02192) 서울특별시 중랑구 용마산로90길 28 201호 (면목동, 호천관)",127.0974644,37.5861701,
5883,세종애견미용학원,세종 세종,(30150) 세종특별자치시  남세종로 446 304호,127.2904683,36.47750667,
5884,디엠씨,경남 양산시,"(50652) 경상남도 양산시 부산대학로 150 대한빌딩 201호, 202호 / 경상남도 양산시 상북면 대석리 1170, 대석리 산197",129.0114269,35.31576014,
5885,월드요양보호사교육원,울산 울주군,(44933) 울산광역시 울주군 울밀로 2852 2층,129.2600009,35.55704364,
5886,안경사평생직업교육학원,서울 용산구,(04320) 서울특별시 용산구 한강대로 329 8층(갈월동 예안빌딩),126.971582,37.54747959,
5887,주식회사하이브파트너스,대전 유성구,"(34145) 대전광역시 유성구 왕가봉로2번길 68 4층(노은동, 덕청빌딩)",127.3174195,36.36504675,
5888,창원한마음요양보호사교육원,경남 창원시 성산구    ,"(51436) 경상남도 창원시 성산구 용지로153번길 12 (용호동 한마음프라자) 6층,602호",128.680211,35.22937368,
5889,탑애견미용학원,서울 강서구,(07773) 서울특별시 강서구 곰달래로 107 광영빌딩 2층 201호,126.8447659,37.53048438,
5890,(사단법인)한국수상레저안전연합회,인천 남동구,"(21589) 인천광역시 남동구 인주대로 826(구월동, 양지빌딩) 3층 (사단법인)한국수상레저안전연합회",126.7289569,37.4483138,
5891,올댓뷰티아카데미학원,대전 서구,(35233) 대전광역시 서구 대덕대로 216 5층 501호 일부,127.3793848,36.35177369,
5892,경남간호학원 부설 요양보호사 교육원 ,경남 창원시 마산합포구,(51719) 경상남도 창원시 마산합포구 해안대로 289 6층 일부 ,128.5729939,35.19932329,
5893,(주)엔피케이,경북 구미시,(39417) 경상북도 구미시 옥계2공단로5길 7 (주)엔피케이,128.4150159,36.12970473,
5894,(주)엔피케이/금전,경북 구미시,(39424) 경상북도 구미시 4공단로10길 23-24 (주)엔피테이,128.4458389,36.12901295,
5895,국제인재개발평생교육원,경기 고양시 일산동구,"(10401) 경기도 고양시 일산동구 호수로 646-24 308호(장항동, 위너스21 빌딩 3층)",126.7677901,37.65990767,
5896,(사단법인)한국수상레저안전연합서울지부,서울 마포구,"(03900) 서울특별시 마포구 마포나루길 256 (상암동,  한강공원난지지구) 서울 마포 일반 면제교육장",126.8825693,37.56236977,
5897,제주바리스타학원,제주 제주시,(63138) 제주특별자치도 제주시 과원북4길 71 3층,126.4891221,33.48118646,
5898,옥포사랑요양보호사교육원,경남 거제시,(53228) 경상남도 거제시 옥포동 옥포대첩로 20 알파빌1동201호(옥포동),128.6897448,34.89321781,
5899,동탄요양보호사교육원,경기 화성시,"(18434) 경기도 화성시 동탄지성로 92 (반송동 센트럴프라자) 504호,505호",127.0649972,37.20744355,
5900,노인사랑요양보호사교육원,경남 김해시,(50817) 경상남도 김해시 활천로285번길 40 2층 201호(삼방동),128.9089065,35.24648957,
5901,(주)핵심원격평생교육원,전북 전주시 완산구,"(55054) 전라북도 전주시 완산구 용머리로 73 2층 124-1호(효자동 1가, 효자프라자)",127.1181458,35.80694433,
5902,SBS아카데미게임학원,인천 부평구,(21394) 인천광역시 부평구 시장로 7 15층,126.7238334,37.49201359,
5903,하이펫스쿨반려동물수제간식학원,서울 마포구,"(03986) 서울특별시 마포구 연남동 성미산로 98 대원빌딩 2층, 5층",126.9182795,37.56122948,
5904,복덩이요양보호사교육원,서울 강동구,(05211) 서울특별시 강동구 아리수로 427 (강일동 중앙프라자) 703호,127.1743926,37.56487432,
5905,에듀몽원격평생교육원,서울 서초구,(06642) 서울특별시 서초구 서리풀2길 30 301호 일부(302호) (서초동),127.0224995,37.48760229,
5906,한결요양보호사교육원,인천 연수구,(21911) 인천광역시 연수구 학나래로6번길 41 5층,126.6975563,37.42487845,
5907,한국직장인교육센터평생교육원,서울 구로구,(08344) 서울특별시 구로구 오류로8길 60 (오류동 우성빌딩) 2층,126.843682,37.49218182,
5908,미래혁신간호학원,충북 음성군,"(27738) 충청북도 음성군 장성로 67 (맹동면) 4층 402호, 403호",127.54141,36.90612304,
5909,빛가람제과제빵요리학원,전남 나주시,(58325) 전라남도 나주시 그린로 351 (빛가람동) 아주드림타워2층 205호 빛가람제과제빵요리학원,126.7936994,35.01792018,
5910,한국건설직업전문학원,인천 남동구,(21633) 인천광역시 남동구 고잔동 은청로 26-18 2층 일부호(고잔동),126.6951724,37.40557279,
5911,동그라미미용전문학원,경남 양산시,(50653) 경상남도 양산시 야리2길 43 골든프라자 I 403호.503호,129.0087904,35.31050521,
5912,웨이바리스타아카데미학원,인천 서구,(22762) 인천광역시 서구 청라커낼로260번길 27 (청라동 청라한신더휴커낼웨이) 2층 227호 웨이바리스타아카데미,126.6474185,37.53222666,
5913,스카이관광평생교육원,울산 남구,"(44705) 울산광역시 남구 삼산로267번길 6-13 6층(삼산동, 청우빌딩)",129.3368901,35.53996398,
5914,SN 간호학원,인천 부평구,(21344) 인천광역시 부평구 체육관로 14 삼성메디플러스 402호,126.7329112,37.50831558,
5915,한국교원직업전문학교부설요양보호사교육원,경기 부천시,(14750) 경기도 부천시 성주로 242 4층,126.7817192,37.47971143,
5916,퍼스트바리스타제과제빵화성학원,경기 화성시,"(18478) 경기도 화성시 동탄오산로 86-7 304호, 305호 (오산동, 광장프리미엄빌 II)",127.0977211,37.19771769,
5917,주안요양보호사교육원,인천 미추홀구,(22151) 인천광역시 미추홀구 미추홀대로614번길 3 (주안동 씨티프라자) 5층,126.6800862,37.45217735,
5918,행복요양보호사교육원,서울 노원구,(01673) 서울특별시 노원구 한글비석로 530 12단지 상가 4층 행복요양보호사 교육원,127.059291,37.66607484,
5919,와이제이 캐드캠 디자인 학원,광주 광산구,(62312) 광주광역시 광산구 하남대로261번길 14 4층 (전체 )  401호 와이제이 캐드캠 디자인학원,126.8224423,35.18042674,
5920,살롱에이제주아라점,제주 제주시,(63237) 제주특별자치도 제주시 아란5길 19-3 (아라일동),126.5441976,33.47508239,
5921,양산유캔애견미용학원,경남 양산시,"(50603) 경상남도 양산시 황산로 505 (물금읍) 4층, 5층 일부분",128.9945952,35.31937287,
5922,조치원요양보호사교육원,세종 세종,"(30027) 세종특별자치시  조치원8길 6 2층, 조치원요양보호사교육원",127.3004157,36.60129845,
5923,센텀디지털캠프 평생교육원,부산 해운대구,(48060) 부산광역시 해운대구 센텀2로 20 13층 1302호,129.1320304,35.16736207,
5924,주식회사구름,경기 성남시 분당구,(13487) 경기도 성남시 분당구 판교로 242 (삼평동) PDC A동 902호,,,
5925,예일직업능력교육원,인천 서구,"(22682) 인천광역시 서구 원당대로 876 (당하동 희림타워) 703호, 704호 (당하동, 희림타워)",126.69875,37.59307805,
5926,더케이평생교육원,대구 달서구,(42628) 대구광역시 달서구 용산서로 4-22 (용산동) 3층,128.5295962,35.85826841,
5927,(주)코코아소프트,서울 강남구,"(06037) 서울특별시 강남구 도산대로 171(신사동, 피에스그룹빌딩) 402호",127.0269986,37.51956867,
5928,베스트 요양보호사 교육원,경기 부천시,(14697) 경기도 부천시 범안로 50 은하빌딩3층,126.807412,37.47732404,
5929,서울기술직업전문학교,서울 구로구,(08216) 서울특별시 구로구 구로중앙로 217-1 미성빌딩4층,126.8765428,37.50506969,
5930,고색요양보호사교육원,경기 수원시 권선구,(16649) 경기도 수원시 권선구 매송고색로 716 301호(고색동),126.9827286,37.25101414,
5931,비젼평생교육원,서울 은평구,"(03484) 서울특별시 은평구 가좌로 233(응암동, 연희타워) 3층",126.916367,37.59036583,
5932,구리남양주 평생교육원,경기 구리시,"(11928) 경기도 구리시 검배로 36 (수택동 현주Ifriend빌딩) 802호, 1103호, 1104호",127.1430341,37.59789158,
5933,양재요양보호사교육원,서울 서초구,"(06729) 서울특별시 서초구 강남대로45길 20(서초동, 서주빌딩) 202호",,,
5934,이지아카데미 원격평생교육원,서울 구로구,"(08212) 서울특별시 구로구 신도림동 경인로 579(안성빌딩) A동 3층 310,311호(신도림동)",126.8814862,37.50439913,
5935,(주)코리아드론 전문교육원,경남 창원시 성산구    ,(51410) 경상남도 창원시 성산구 충혼로 91 (두대동 창원문성대학) 5층 31호(이론학과)/창원시 양곡동 451-1 웅남주민운동장(실기),128.6617934,35.23484554,
5936,조셉플라워스쿨학원,서울 강남구,(06092) 서울특별시 강남구 선릉로122길 10 2층전체,127.042742,37.51470807,
5937,어썸네일학원,울산 중구,(44529) 울산광역시 중구 중앙길 79-2 3층 어썸네일학원,129.3177465,35.55548879,
5938,이투커피앤요리학원,대구 달서구,(42640) 대구광역시 달서구 달구벌대로 1607 2층,128.5421998,35.85229522,
5939,신언양요양보호사교육원,울산 울주군,(44942) 울산광역시 울주군 동문길 58 송강빌딩 5층,129.1245228,35.56614572,
5940,엘뷰티이용미용학원,서울 노원구,"(01834) 서울특별시 노원구 공릉로 187 4층 일부(공릉동, 건설빌딩)",127.0788243,37.62635811,
5941,대한3D프린팅융합연구소교육센터학원,서울 송파구,(05672) 서울특별시 송파구 송이로 31 (송파동) 4층 402호,,,
5942,한국직업능력HRD교육원,서울 성동구,(04785) 서울특별시 성동구 뚝섬로17가길 48 (성수동2가 성수에이원 지식산업센터) 201호,127.0594905,37.54062268,
5943,하이미디어아카데미학원,경기 남양주시,(12150) 경기도 남양주시 늘을2로 26 (호평동 메인시네마타워) 705호,,,
5944,꽃단지플로리스트학원,서울 중랑구,(02154) 서울특별시 중랑구 면목로88길 5 2층(상봉동),127.0864345,37.59403496,
5945,k뷰티미용학원,경남 김해시,"(51014) 경상남도 김해시 율하3로 65 4층 (401호,402호)",,,
5946,커피엠비에이학원,세종 세종,(30123) 세종특별자치시  한누리대로 321 320호,127.2557823,36.49292271,
5947,백제요리제과제빵전문학원,충남 공주시,(32575) 충청남도 공주시 관골1길 63 (2층),127.1352594,36.47372457,
5948,퍼스트바리스타제과제빵학원 ,울산 남구,"(44707) 울산광역시 남구 왕생로66번길 30 (달동) 2,3층",129.3344457,35.53968691,
5949,SBS아카데미컴퓨터아트학원,인천 남동구,"(21570) 인천광역시 남동구 인주대로 582 (구월동 신현프라자) 302호일부, 303호, 304호, 305호일부, 705호",126.7015577,37.44971125,
5950,주식회사대현인더시스,인천 미추홀구,(22112) 인천광역시 미추홀구 장고개로92번길 64 (도화동) (주)대현인더시스,,,
5951,미르직업학원,서울 성동구,(04794) 서울특별시 성동구 아차산로7길 4 3층,127.0543569,37.54548135,
5952,전주재활주야간보호센터,전북 전주시 완산구,"(54966) 전라북도 전주시 완산구 홍산남로 11-8 정수빌딩 4, 5층",127.1032541,35.81597019,
5953,가비스쿨커피아카데미학원,부산 금정구,"(46233) 부산광역시 금정구 중앙대로 1879 4층, 가비스쿨커피아카데미학원",129.0909487,35.25201848,
5954,에듀스카이항공승무원학원,대구 중구,(41938) 대구광역시 중구 동성로6길 71 2 층,128.5992515,35.86843791,
5955,마창제과제빵전문학원,경남 창원시 마산합포구,"(51329) 경상남도 창원시 마산합포구 삼호로 49 (산호동) 이건빌딩 6층, 601호",128.5851103,35.22170519,
5956,(주)스프레틱스,서울 마포구,(04138) 서울특별시 마포구 숭문4길 6 1층,126.9456458,37.54750591,
5957,사단법인항공우주산학융합원,인천 연수구,(21999) 인천광역시 연수구 갯벌로 36 (송도동 인천자동차부품기술센타) 3층 354호(인천산학융합원 기업연구관),126.6563955,37.38410268,
5958,블랙탑바리스타학원,서울 마포구,(04150) 서울특별시 마포구 대흥로 60 2층,126.9401479,37.54551193,
5959,송파CS평생교육원(경매·법률·부동산·정리수납 등),서울 송파구,(05665) 서울특별시 송파구 백제고분로 420 2층 일부(송파동),127.1112887,37.50824099,
5960,서면에이스간호학원,부산 부산진구,(47297) 부산광역시 부산진구 동천로 62 3층 일부,129.0625952,35.15422568,
5961,씨앤비커피제빵학원,광주 북구,(61071) 광주광역시 북구 양산로 2 5층일부,126.874827,35.21086869,
5962,주은간호학원,경기 고양시 일산서구,(10381) 경기도 고양시 일산서구 중앙로 1576 (대화동 태진프라자) 905호.906호,126.7472424,37.67674,
5963,한솔커피바리스타제과제빵학원,인천 남동구,"(21570) 인천광역시 남동구 인주대로 582 1001호(구월동, 신현프라자 주1동)",126.7015577,37.44971125,
5964,메이지유 뷰티직업전문학교,서울 강남구,(06129) 서울특별시 강남구 테헤란로1길 28-11 (역삼동) 조이빌딩2층,127.0282138,37.5003773,
5965,언양요양보호사교육원,울산 울주군,(44946) 울산광역시 울주군 반구대로 815 (언양읍) .4층,129.1267089,35.56289935,
5966,양주에이스원드론교육원,경기 양주시,"(11501) 경기도 양주시 외미로 115 (남방동) 경기 양주시 외미로 115 1층(이론교육장),경기 양주시 남면 한산리 301-1(실기교육장)",127.0430409,37.77631384,
5967,진천요양보호사교육원,충북 진천군,"(27834) 충청북도 진천군 중앙동9길 14 대양빌딩 301, 302호",127.4458382,36.85823789,
5968,고려요양보호사교육원 원주점,강원 원주시,"(26316) 강원도 원주시 흥양로51번길 9 3층,301호",127.952774,37.38454365,
5969,퍼스트바리스타제과제빵학원,경기 고양시 일산동구,(10401) 경기도 고양시 일산동구 중앙로1275번길 38-15 삼희포시즌프라자 3층 302호,126.7702946,37.65993966,
5970,대구공예학원,대구 북구,(41596) 대구광역시 북구 고성북로 21 2층 대구공예학원,128.5826112,35.88179642,
5971,넥스트아카데미학원,부산 부산진구,(47296) 부산광역시 부산진구 신천대로50번길 79 부전빌딩 3층 넥스트아카데미학원,129.0597848,35.1541653,
5972,수원탑요양보호사교육원,경기 수원시 영통구,(16545) 경기도 수원시 영통구 효원로 393 5층 503-2호,127.0445007,37.25904574,
5973,황성요양보호사교육원,경북 경주시,(38084) 경상북도 경주시 용담로92번길 8 2층 ,129.2120591,35.8644783,
5974,배움아카데미컴퓨터학원,전남 나주시,(58217) 전라남도 나주시 우정로 56 리치타워 A동 402호,126.7864975,35.02338786,
5975,(주)아이디알시스템,서울 성동구,"(04715) 서울특별시 성동구 무학봉28길 7(하왕십리동, 설악빌딩) 5층",,,
5976,삼천요양보호사교육원,전북 전주시 완산구,(55090) 전라북도 전주시 완산구 거마중앙로 60 2층,127.122421,35.79525093,
5977,비타민요양보호사교육원,경기 부천시,(14696) 경기도 부천시 안곡로 11 기풍빌딩 404호,126.8035411,37.47898442,
5978,한국교육콘텐츠협회,서울 금천구,(08584) 서울특별시 금천구 두산로 70 B동 1609호,126.8955381,37.46893155,
5979,메가스터디게임아카데미학원,서울 서초구,(06612) 서울특별시 서초구 서초대로77길 41 (서초동 대동Ⅱ) 7층,,,
5980,애드인에듀 아카데미 구로가산센터,서울 금천구,"(08506) 서울특별시 금천구 가산디지털2로 108 (가산동 뉴티캐슬) 212,213호",126.8804892,37.47774669,
5981,다산마음요양보호사교육원,경기 남양주시,(12285) 경기도 남양주시 다산중앙로146번길 22 다산진건지구 상업 2-6-1 11층 1104호 (다산동),127.154754,37.62572622,
5982,지니펫애견미용학원,경기 파주시,(10929) 경기도 파주시 금정28길 13-15 2층,126.7731001,37.76442033,
5983,배화여자대학교,서울 종로구,"(03039) 서울특별시 종로구 필운대로1길 34(필운동, 배화여자대학교,배화여자중,고등학교) 배화여자대학교",126.9668031,37.57825582,
5984,한국오토바이정비전문학원,울산 동구,(44108) 울산광역시 동구 화잠로 110 1층,129.4139404,35.47891608,
5985,SBS아카데미게임학원,경기 고양시 일산동구,"(10402) 경기도 고양시 일산동구 정발산로 23 401호 (장항동, 호수빌딩)",126.7710981,37.65666172,
5986,(주)텔레컨스,서울 금천구,(08507) 서울특별시 금천구 가산디지털1로 168 우림라이온스밸리 C동 1006호,126.882895,37.47915472,
5987,에스비에스(SBS)아카데미게임학원,광주 동구,(61482) 광주광역시 동구 금남로 238 5층 일부(금남로2가),126.9176031,35.14824485,
5988,퍼스트바리스타제과제빵학원,충남 천안시 동남구,(31124) 충청남도 천안시 동남구 만남로 58 2층 일부,127.1587259,36.81862806,
5989,예빛어린이집,대전 동구,(34702) 대전광역시 동구 산내로 1352-25 ,,,
5990,오박사요양보호사교육원,경기 군포시,"(15856) 경기도 군포시 고산로264번길 13 (당동), 그린프라자 301호",126.9438678,37.34786121,
5991,큰손길요양보호사교육원,경기 수원시 권선구,"(16397) 경기도 수원시 권선구 금곡로212번길 14 5층 503호, 504호",126.9536223,37.27337817,
5992,무실 요양보호사 교육원,강원 원주시,(26392) 강원도 원주시 능라동길 48-1 601호 무실 요양보호사 교육원,127.9296612,37.33405573,
5993,제물포간호조무사학원,인천 미추홀구,(22164) 인천광역시 미추홀구 경인로 154 3층,126.6595561,37.46595878,
5994,에스제이기술학원,전남 순천시,(57939) 전라남도 순천시 도서관길 5 301호/302호 ,127.4851085,34.95752638,
5995,에이치알디이능력개발원,경기 수원시 영통구,"(16227) 경기도 수원시 영통구 대학3로 7(이의동, 광교 나보나 스퀘어) 2층 216호",127.0419177,37.29976403,
5996,하이미디어컴퓨터학원 동탄점,경기 화성시,(18453) 경기도 화성시 동탄중심상가2길 26-21 (반송동 로드프라자) 4층,127.0739746,37.20663658,
5997,명지요리제과제빵아카데미,부산 강서구,"(46726) 부산광역시 강서구 명지국제2로28번길 34 707호, 708호",128.9088526,35.09278552,
5998,타일인기술학원(영등포점),서울 영등포구,(07385) 서울특별시 영등포구 도신로 166 2층 타일인기술학원,126.9099563,37.51015526,
5999,부산미래중장비학원,부산 금정구,"(46229) 부산광역시 금정구 금강로 578 3층/실습장-부산 정관읍 매학리 407 , 정관읍 매학리 410-5",129.0878338,35.25907401,
6000,더베스트요양보호사교육원,경기 안산시 상록구,(15580) 경기도 안산시 상록구 사동 석호로 93 2층,126.8473753,37.30292099,
6001,두담요양보호사교육원,경기 화성시,"(18258) 경기도 화성시 남양성지로 191 (남양읍 에스테반 빌딩) 3층 302호, 4층 402호",,,
6002,남울산요양보호사교육원,울산 울주군,(44979) 울산광역시 울주군 연안1길 3 상가 203호,129.2821166,35.40947442,
6003,인천요양보호사교육원,인천 미추홀구,(22228) 인천광역시 미추홀구 인주대로 468 형석 빌딩 2층 (주안동) ,126.6885581,37.45048829,
6004,행복드림요양보호사 교육원,경남 창원시 성산구    ,(51440) 경상남도 창원시 성산구 상남로 224 (신월동) 창원고용센터,128.6897297,35.23131415,
6005,강서간호학원,서울 강서구,(07781) 서울특별시 강서구 곰달래로 136 3층,126.8479904,37.53039856,
6006,그린컴퓨터아트학원,광주 광산구,(62276) 광주광역시 광산구 임방울대로 782 (월계동) 2층 전체(월계동),126.8438007,35.21700608,
6007,블랭크유정자역본점,경기 성남시 분당구,"(13558) 경기도 성남시 분당구 성남대로 349 2층 201호 (정자동, 시그마타워)",127.1075184,37.36736366,
6008,엠나인아카데미학원,서울 마포구,(04012) 서울특별시 마포구 월드컵로 91 3층 일부(망원동),,,
6009,강북요양보호사교육원,서울 강북구,"(01189) 서울특별시 강북구 솔샘로 251 (미아동) 2,3 층",,,
6010,케이탑컴퓨터디자인회계학원,경기 화성시,(18390) 경기도 화성시 진안동 떡전골로 109 2층,127.0330611,37.20794255,
6011,더베스트에듀원격평생교육원,경기 부천시,(14786) 경기도 부천시 양지로 208 507호,126.8239306,37.467214,
6012,백세시대복지요양보호사교육원,경기 광명시,"(14314) 경기도 광명시 금하로 529 비엔팰리스 402호, 403호",126.8906808,37.45146568,
6013,주식회사스파크펫,서울 강남구,"(06068) 서울특별시 강남구 삼성로133길 7(청담동, 베디베로스퀘어) B2, 1, 5층",127.0490383,37.51946301,
6014,동아전장(주)음성공장,충북 음성군,(27651) 충청북도 음성군 대성로547번길 97-15 ,,,
6015,근명고등학교,경기 안양시 만안구,(14028) 경기도 안양시 만안구 삼덕로 49 ,,,
6016,(주)편강,서울 서초구,(06733) 서울특별시 서초구 서운로1길 21 4층 ,127.0283327,37.48424046,
6017,계성여자고등학교(직장),부산 연제구,(47531) 부산광역시 연제구 해맞이로109번길 47 계성여자고등학교,129.0674532,35.183196,
6018,대구일마이스터고등학교,대구 동구,(41171) 대구광역시 동구 효동로 48 대구일마이스터고등학교,128.6463059,35.88249164,
6019,부산디지털고등학교,부산 중구,(48918) 부산광역시 중구 망양로 356 부산디지털고등학교,129.032151,35.10887052,
6020,(학교법인)극동대학교,충북 음성군,(27601) 충청북도 음성군 대학길 76-32 극동대학교 항공정비학과(행정실) ,127.6418691,37.12926625,
6021,리챠드프로헤어둔산점,대전 서구,(35230) 대전광역시 서구 둔산로 34 2층,127.3773328,36.35130252,
6022,리챠드프로헤어야우리점,충남 천안시 동남구,(31123) 충청남도 천안시 동남구 만남로 32 2층,127.1555314,36.81848803,
6023,리챠드프로헤어(평택역점),경기 평택시,(17912) 경기도 평택시 중앙2로 2 2층,127.087175,36.99154624,
6024,리챠드프로헤어와이몰점,충남 아산시,(31471) 충청남도 아산시 광장로 210 2층 A201~204호,127.1084952,36.79589448,
6025,리챠드프로헤어천안리쓰리점,충남 천안시 서북구,(31109) 충청남도 천안시 서북구 성정공원5로 31 2층,127.14062,36.8281029,
6026,리챠드프로헤어펜타포트점,충남 천안시 서북구,(31168) 충청남도 천안시 서북구 공원로 196 (불당동 펜타포트) 6층,127.102092,36.80035143,
6027,리챠드프로헤어청주지웰시티점,충북 청주시 흥덕구,(28427) 충청북도 청주시 흥덕구 대농로 52 2층,127.4281456,36.64151564,
6028,리챠드프로헤어삼부점(44호),대전 중구,"(34885) 대전광역시 중구 태평로 71 2층 240,241호",127.3933038,36.32366676,
6029,리챠드프로헤어평택소사벌점,경기 평택시,(17854) 경기도 평택시 비전5로 22 미투빌딩 204호,127.1139446,37.00007537,
6030,리챠드프로헤어아산터미널점,충남 아산시,(31525) 충청남도 아산시 모종로 5 201~206호,127.0176248,36.78421711,
6031,리챠드프로헤어백석포레점,충남 천안시 서북구,(31091) 충청남도 천안시 서북구 한들4로 105-14 1층,127.1263654,36.83026317,
6032,리챠드프로헤어신불당점,충남 천안시 서북구,(31156) 충청남도 천안시 서북구 불당33길 32 ,,,
6033,리챠드프로헤어세종첫마을점,세종 세종,"(30130) 세종특별자치시  한누리대로 201 1동 2층 4,5,6,7호",127.2600894,36.48253231,
6034,리챠드프로헤어압구정점,서울 강남구,(06017) 서울특별시 강남구 압구정로 312 2층,127.0354638,37.52867564,
6035,리챠드프로헤어화정로데오점,경기 고양시 덕양구,(10500) 경기도 고양시 덕양구 화신로260번길 47 201호,126.8325635,37.63274662,
6036,(주)삼의공영,경기 성남시 중원구,(13210) 경기도 성남시 중원구 사기막골로 52 408호,127.1706259,37.43447012,
6037,세정고등학교,부산 부산진구,(47227) 부산광역시 부산진구 양정로 88-12 천호관 2층,129.0786764,35.17002761,
6038,영산고등학교,부산 해운대구,(48015) 부산광역시 해운대구 반송순환로 142-1 영산고등학교,129.155826,35.22532542,
6039,마창여객주식회사,경남 창원시 마산합포구,(51755) 경상남도 창원시 마산합포구 가포로 265 마창여객 사무실,128.5719434,35.16810026,
6040,(주)엘엔,대전 유성구,(34014) 대전광역시 유성구 테크노2로 94-9 엘엔,127.397104,36.42800846,
6041,(주)현대금속,광주 광산구,(62213) 광주광역시 광산구 하남산단천변좌로 63-7 (주)현대금속,126.8121924,35.21165153,
6042,(주)나루테크,대전 중구,(34989) 대전광역시 중구 대둔산로 419-4 304호,127.3864956,36.30697213,
6043,씨엔비산업주식회사,충남 금산군,(32710) 충청남도 금산군 신평공단1로 69 1층 씨엔비산업,127.5056484,36.21964851,
6044,중부드론교육원,충북 음성군,(27647) 충청북도 음성군 덕호로 567-9 실기비행장: 충북 음성군 삼성면 능산리 284-2,127.5322132,37.04777537,
6045,소화아람일터,광주 남구,(61682) 광주광역시 남구 용대로74번길 27 소화아람일터,126.9197927,35.12102554,
6046,(주)삼광특수기계,전남 영암군,(58451) 전라남도 영암군 산단서부로 32 (대불공장),126.4187956,34.76213838,
6047,하이케어솔루션,서울 강서구,"(07788) 서울특별시 강서구 마곡중앙5로 18 (마곡동 메이플레이스 빌딩) 9층, 10층",126.8257972,37.56711852,
6048,주식회사엔공구,광주 남구,(61761) 광주광역시 남구 에너지밸리산업4로 53 엔공구,,,
6049,(주)선화이엔지,경북 포항시 남구,"(37862) 경상북도 포항시 남구 괴동로 114 ,1층(호동)",129.3765424,35.98884798,
6050,아이두 평생교육원,서울 종로구,"(03142) 서울특별시 종로구 율곡로 6(중학동, 트윈 트리 빌딩) A동 17층 B호",,,
6051,신명하이텍,대구 달성군,(43011) 대구광역시 달성군 국가산단대로49길 173 신명하이텍,128.4026675,35.65937568,
6052,(영농조합법인)완주봉상생강조합,전북 완주군,(55312) 전라북도 완주군 제비실길 38 영농조합법인완주봉상생강조합,127.1986078,35.95322844,
6053,도야단청문양연구소학원,서울 서대문구,(03708) 서울특별시 서대문구 연희맛로 38 4층 402호,,,
6054,정혜재활원,제주 서귀포시,(63580) 제주특별자치도 서귀포시 인정오름로85번길 41 정혜재활원,126.5811154,33.2846057,
6055,부산소프트웨어마이스터고등학교,부산 강서구,(46708) 부산광역시 강서구 가락대로 1393 부산소프트웨어마이스터고등학교,128.9033503,35.18865862,
6056,카라이프서비스주식회사,서울 금천구,"(08505) 서울특별시 금천구 가산동 가산디지털2로 95(KM TOWER) 18층, 19층",126.8803442,37.47653921,
6057,(주)뉴아틀란,서울 은평구,(03414) 서울특별시 은평구 연서로13길 33 2층,126.9123688,37.61022038,
6058,기승공업(주)/경산지점,경북 경산시,(38408) 경상북도 경산시 지식산업로 36 ,,,
6059,케이엔에스솔루션,충남 아산시,(31457) 충청남도 아산시 탕정면로 223 116호,127.0755889,36.80904817,
6060,미림마이스터고등학교,서울 관악구,(08821) 서울특별시 관악구 호암로 546 ,,,
6061,(주)커커,서울 강남구,(06054) 서울특별시 강남구 언주로148길 19 8층,127.0359921,37.52098105,
6062,(주)듀얼에스디,강원 원주시,"(26464) 강원특별자치도 원주시 반곡동 세계로 9(강원혁신지식산업센터) 801,810,811호",127.9889827,37.32497066,
6063,펫플러스아카데미애견미용학원,경기 성남시 중원구,"(13176) 경기도 성남시 중원구 광명로 355 미성빌딩 5,6층 ",127.1651264,37.44638903,
6064,(주)유안사료,전남 화순군,(58165) 전라남도 화순군 이양농공길 47 (주)유안사료,126.9940964,34.90276876,
6065,협승산업,전북 김제시,(54328) 전라북도 김제시 백구공단길 28 협승산업,126.9616904,35.89423299,
6066,엘림요양보호사교육원,서울 중랑구,(02163) 서울특별시 중랑구 용마산로115길 106 3층,127.0943769,37.59811951,
6067,주식회사동성정밀,경남 창원시 성산구    ,(51571) 경상남도 창원시 성산구 연덕로15번길 46 (웅남동)(주)동성정밀,128.6516005,35.20934531,
6068,팀스파르타주식회사,서울 강남구,(06210) 서울특별시 강남구 테헤란로44길 8 (역삼동) 12층,,,
6069,(주)플랜아이,대전 유성구,(34050) 대전광역시 유성구 문지로 282-10 문지동,127.4072082,36.3916582,
6070,(주)진영R&S,대구 달서구,(42709) 대구광역시 달서구 성서공단북로 161 ,,,
6071,대한건축기술학원,부산 동래구,(47733) 부산광역시 동래구 충렬대로137번길 27 3층,129.0759215,35.20674237,
6072,(사회복지법인)우봉복지재단민제의집,경북 경주시,(38129) 경상북도 경주시 시래둑길 65 민제의 집,129.3039704,35.77840803,
6073,(주)셀메이트,서울 마포구,"(04209) 서울특별시 마포구 만리재로 47 3, 5층",126.9558312,37.54572645,
6074,유한회사가우피아,경기 동두천시,(11303) 경기도 동두천시 강변로702번길 13-39 가우피아,127.04987,37.93115564,
6075,건축도장방수기능사F4비자YJ건축학원,인천 서구,(22789) 인천광역시 서구 가정로261번길 7 3층 일부,126.6714204,37.50792479,
6076,(복지법인)대구달서시니어클럽,대구 달서구,(42664) 대구광역시 달서구 성당로47안길 49 1층,128.5730304,35.85585223,
6077,재단법인 서울현대교육재단 부설 요양보호사교육원,서울 영등포구,(07222) 서울특별시 영등포구 양평로12길 13 (당산동6가) 2층,126.9006242,37.53581674,
6078,라쏘네일전문학원,부산 금정구,(46293) 부산광역시 금정구 금정로 55 5층,129.0859796,35.22954872,
6079,(주)세영,인천 서구,"(22865) 인천광역시 서구 이음1로 383(원당동, 세중시그니쳐) 801호",,,
6080,삼금공업(주),경북 김천시,(39537) 경상북도 김천시 공단4길 69 (응명동),128.1255363,36.15772966,
6081,(주)라코스시스템,서울 중구,(04586) 서울특별시 중구 청구로6길 32 에덴빌딩2층,127.0152413,37.56123212,
6082,주식회사 테크존,광주 광산구,"(62215) 광주광역시 광산구 하남산단천변좌로 25 301호, 테크존",126.8125184,35.20845229,
6083,(주)동양전자,광주 광산구,(62370) 광주광역시 광산구 사암로118번길 79 (주)동양전자,126.8120508,35.15479457,
6084,주식회사유한건강생활,서울 영등포구,(07335) 서울특별시 영등포구 여의대로 108 (여의도동 파크원) 34층,126.9282519,37.52598062,
6085,신라공업고등학교,경북 경주시,(38041) 경상북도 경주시 천북로 41-21 신라공업고등학교,129.2425532,35.89233173,
6086,(주)건융아이비씨,서울 금천구,(08595) 서울특별시 금천구 범안로 1130 1311호,126.8874499,37.46531994,
6087,(주)가온칩스,경기 성남시 분당구,"(13486) 경기도 성남시 분당구 판교로255번길 35 603호(삼평동, 판교실리콘파크)",127.0994387,37.40502376,
6088,오브젠(주),서울 영등포구,(07320) 서울특별시 영등포구 여의대로 14 12층,126.919003,37.52164966,
6089,(주)삼인공간정보,경기 용인시 기흥구,"(16954) 경기도 용인시 기흥구 흥덕2로87번길 18 1층 (영덕동, 이씨티 씨동 408호)",127.0721906,37.27590904,
6090,주식회사강원파이프산업,강원 춘천시,(24232) 강원도 춘천시 후석로440번길 51 ,,,
6091,에스끌리에뷰티아카데미학원,경북 구미시,(39221) 경상북도 구미시 구미중앙로 75 3층,128.3309086,36.12920702,
6092,주식회사매직북스,경기 양주시,(11494) 경기도 양주시 만송로 347 주식회사  매직북스,127.0930374,37.79206182,
6093,주식회사브레스,경기 김포시,(10016) 경기도 김포시 대서명로 62 2층,126.6120862,37.69670427,
6094,주식회사골드테크,경남 창원시 진해구    ,(51616) 경상남도 창원시 진해구 웅천서로41번길 28 (주)골드테크,128.7441545,35.10630307,
6095,자광원,제주 서귀포시,(63543) 제주특별자치도 서귀포시 이어도로343번길 101 자광원,126.4485499,33.24732651,
6096,크리드.에이치(CREED.H)(오산점),경기 오산시,(18137) 경기도 오산시 오산로 209 혜민타워 2층 201호 202호,127.0681092,37.14533301,
6097,제이케이엔지니어링(주),경기 파주시,(10948) 경기도 파주시 혜음로 1302 제이케이엔지니어링(주),126.8480605,37.79669752,
6098,주식회사창돈엔지니어링,경기 김포시,(10028) 경기도 김포시 대곶북로305번길 125 ,,,
6099,한국폴리텍VI대학영주캠퍼스 교학처,경북 영주시,(36142) 경상북도 영주시 가흥로 2 대학본부 1층 한국폴리텍대학 영주캠퍼스 교학처,128.6016659,36.80081958,
6100,(주)뉴텍,전북 완주군,(55314) 전라북도 완주군 테크노밸리4로 42 (주)뉴텍,127.1173921,35.97528728,
6101,(주)유에스케이,경기 화성시,(18516) 경기도 화성시 괘랑1길 42-20 (주)유에스케이,126.9849315,37.1822744,
6102,큐디엠테크,경기 화성시,(18530) 경기도 화성시 서해로987번길 19 (지월리),126.8898216,37.15025278,
6103,다옴컴퓨터그래픽학원,경북 포항시 북구,(37758) 경상북도 포항시 북구 중흥로 123 3층 일부 (죽도동),129.352124,36.01590792,
6104,안동시중증장애인자립지원센터,경북 안동시,(36691) 경상북도 안동시 단원로 214-3 1층,128.7272992,36.56957934,
6105,지에스테크코리아,인천 남동구,(21635) 인천광역시 남동구 함박뫼로377번길 109 ,,,
6106,(주)위너,강원 원주시,(26496) 강원도 원주시 비두먹골길 13 비두리800,127.8358463,37.25803335,
6107,주식회사불칸,부산 강서구,"(46747) 부산광역시 강서구 미음국제5로다길 31(미음동, (주)다원씨엔피) (미음동,(주)다원씨엔피)",128.8644979,35.15241275,
6108,코코스소프트웨어협동조합,부산 금정구,"(46249) 부산광역시 금정구 중앙대로 1942(구서동, 우남타워) 11층",129.091724,35.25765506,
6109,주식회사씨브이파트너스,서울 금천구,(08531) 서울특별시 금천구 시흥대로 479 5층 (독산동),126.8980599,37.47626793,
6110,주식회사에이앤비,충남 아산시,(31470) 충청남도 아산시 희망로 32 1334호,127.1039233,36.78702261,
6111,(주)한소닉,경기 김포시,(10049) 경기도 김포시 황금로291번길 11 ,,,
6112,주식회사정후산업,전남 영암군,(58462) 전라남도 영암군 대불로 93 외업 3관 B동 101호,126.3729089,34.740754,
6113,(주)원컨덕터,경기 시흥시,(15117) 경기도 시흥시 엠티브이25로58번길 16 (MTV3사210호),126.7121203,37.31917266,
6114,송정인더스트리,전남 여수시,(59656) 전라남도 여수시 화양로 1951 송정인더스트리,127.6272949,34.75202307,
6115,주식회사지에이치,충남 논산시,(33004) 충청남도 논산시 매죽헌로 359 (주)지에이치,127.1282227,36.14915628,
6116,경북경산지역자활센터,경북 경산시,(38501) 경상북도 경산시 장림길 19 경산지역자활센터,128.7414092,35.84441423,
6117,(주)탑이엔지,경기 파주시,(10857) 경기도 파주시 오금로 102 ,,,
6118,(주)엠비씨플러스,경기 고양시 일산동구,(10403) 경기도 고양시 일산동구 호수로 596 ,,,
6119,한라대학교산학협력단,강원 원주시,(26404) 강원도 원주시 한라대길 28 한라대학교 산학협력단,127.9037796,37.30119827,
6120,크라우드웍스 원격평생교육원,서울 강남구,(06151) 서울특별시 강남구 테헤란로 309 삼성제일빌딩 5층,127.0442741,37.50357129,
6121,조훈테크,광주 광산구,(62415) 광주광역시 광산구 평동로803번안길 93-22 조훈테크,126.7531107,35.13132446,
6122,유)은진하이테크,광주 광산구,(62463) 광주광역시 광산구 진곡산단6번로 30 유)은진하이테크,126.780221,35.21214678,
6123,(주)플레이그라운드,경북 칠곡군,(39817) 경상북도 칠곡군 약목면 교8길 80-7 (주)플레이그라운드,,,
6124,주식회사엠클라우독,서울 강남구,(06248) 서울특별시 강남구 역삼로 170 101호,127.0376881,37.49501397,
6125,(주)에이엔피,인천 남동구,(21642) 인천광역시 남동구 남동대로 248 ,,,
6126,주식회사 이케이산업,경기 파주시,(10941) 경기도 파주시 명봉산로 104 이케이산업,126.8453379,37.73676263,
6127,배움인테리어기술학원,경남 창원시 마산회원구,(51362) 경상남도 창원시 마산회원구 3·15대로 740 4층(합성동),128.5825238,35.23784382,
6128,(주)에스디이엔지,경기 성남시 중원구,"(13355) 경기도 성남시 중원구 광명로 31(성남동, 휴먼팰리스) 5층",,,
6129,이-솔테크,광주 광산구,(62272) 광주광역시 광산구 월봉반월길 232 이-솔테크,126.8492418,35.20300628,
6130,주식회사세라젬씨앤에스,서울 강남구,(06142) 서울특별시 강남구 테헤란로 231 (역삼동 센터필드) WEST동 10층,127.0414353,37.50313076,
6131,농업회사법인주식회사제주천지,제주 제주시,(63101) 제주특별자치도 제주시 수덕로 44 208동 203호,126.4715824,33.48864072,
6132,동국대학교산학협력단,서울 중구,"(04620) 서울특별시 중구 필동로1길 30 2층(필동3가, 동국대학교)",126.998502,37.5592325,
6133,(주)아이티엠건축사사무소,서울 강남구,(06056) 서울특별시 강남구 선릉로 747 4층,127.0392952,37.52112424,
6134,강릉원주대학교산학협력단,강원 강릉시,(25457) 강원도 강릉시 죽헌길 7 (지변동 강릉원주대학교) 강릉원주대학교,128.8691454,37.76993723,
6135,(주)엠플러스,충북 청주시 흥덕구,(28101) 충청북도 청주시 흥덕구 옥산산단로 27 엠플러스,127.3659059,36.69612187,
6136,진영커피제과제빵학원,경남 김해시,"(50867) 경상남도 김해시 진영읍 진영로 129 2층 201,202,203호",128.7271831,35.30368428,
6137,한국로봇융합연구원 로봇직업혁신센터,경북 구미시,"(39171) 경상북도 구미시 산동읍 첨단기업1로 51(URI-Lab구미센터(로봇직업혁신센터)) 로봇직업혁신센터 1, 3층",128.4428148,36.14278402,
6138,(주)티지에프,전남 순천시,(57910) 전라남도 순천시 주석로 290-9 주식회사 티지에프,127.2466474,35.10024908,
6139,천안한국바리스타커피학원,충남 천안시 서북구,(31156) 충청남도 천안시 서북구 불당34길 10 어반메디피아 304호,127.1062004,36.80585365,
6140,(주)인포빌,충북 청주시 청원구,(28501) 충청북도 청주시 청원구 상당로 314 364호 (주)인포빌,127.4901954,36.65590308,
6141,(주)제이테크,인천 부평구,(21310) 인천광역시 부평구 부평북로 143 (청천동),126.7088893,37.52259295,
6142,에이바헤어춘천퇴계점,강원 춘천시,(24414) 강원도 춘천시 퇴계농공로 16 1층 105호,127.744245,37.85176568,
6143,유비온디지털교육센터,서울 구로구,(08391) 서울특별시 구로구 디지털로32나길 22 5층 유비온디지털교육센터,126.9006723,37.48392869,
6144,(주)동하엠앤비,경기 파주시,(10818) 경기도 파주시 사목로 182-98 ,,,
6145,(주)서울엔지니어링,인천 미추홀구,(22121) 인천광역시 미추홀구 방축로 332 (주)서울엔지니어링,126.6801195,37.47334182,
6146,새김해사랑요양보호사교육원,경남 김해시,(50926) 경상남도 김해시 부원동 가락로 1 4층,128.8825242,35.22667997,
6147,남양노아요양보호사교육원,경기 화성시,(18270) 경기도 화성시 시청로160번길 10 302호,126.8282984,37.19707737,
6148,농업회사법인토마스푸드주식회사,충남 천안시 동남구,(31251) 충청남도 천안시 동남구 신풍2길 47 토마스푸드(주),127.2744654,36.74161026,
6149,대명엔지니어링,경기 광명시,"(14335) 경기도 광명시 아방리1길 8 ,  1층 (노온사동)",126.8459872,37.44424284,
6150,건솔루션(주),경기 안양시 만안구,"(13901) 경기도 안양시 만안구 일직로94번길 28 6층 (석수동, (주)프로텍이노션 알앤디센터)",126.8908984,37.41921901,
6151,주식회사코드프레소,서울 강남구,"(06141) 서울특별시 강남구 테헤란로27길 8 (역삼동) 2층 (역삼동, 다온빌딩)",127.0383021,37.50201451,
6152,부산 데이터사이언스아카데미,부산 중구,"(48939) 부산광역시 중구 중앙동4가 충장대로 11(부산무역회관) 2층일부,3층 일부",129.0378418,35.1057562,
6153,주식회사구름,경기 성남시 분당구,(13487) 경기도 성남시 분당구 판교로 242 (삼평동) PDC A동 9층,127.1001916,37.40203179,
6154,"인천YWCA요양원,재가복지센터",인천 남동구,(21557) 인천광역시 남동구 정각로 8 인천ywca회관 5층,126.7026902,37.45476873,
6155,카라파운데이션,경기 용인시 기흥구,(16918) 경기도 용인시 기흥구 구성로 103 멀티프라자 3층 308호,127.120488,37.29412569,
6156,사카타코리아(주),서울 서초구,(06730) 서울특별시 서초구 강남대로 273 611호 사카타코리아(주),127.0319407,37.48746519,
6157,메이커척 3D프린터 자격증 전문학원,경기 수원시 권선구,(16392) 경기도 수원시 권선구 서수원로 603 2층 메이커척,126.9545886,37.27856849,
6158,(주)메인텍(대구사업장),대구 달서구,(42703) 대구광역시 달서구 성서공단북로59길 18 ,,,
6159,중랑요양보호사교육원,서울 중랑구,(02210) 서울특별시 중랑구 면목로 352 3층  일부 중랑요양보호사교육원,127.0886302,37.58333876,
6160,서대문요양보호사교육원,서울 서대문구,"(03630) 서울특별시 서대문구 통일로 426 3층, 서대문요양보호사교육원",126.9461927,37.58725753,
6161,(유)승후산업,전남 영암군,(58462) 전라남도 영암군 대불로 93 생산관 551호 (유)승후산업,126.3729089,34.740754,
6162,에스엘에스인터내셔널(주),경기 동두천시,(11303) 경기도 동두천시 강변로730번길 43-13 2층,127.0510881,37.9326597,
6163,대한변리사회부설평생교육원,서울 서초구,(06660) 서울특별시 서초구 명달로 107 2층,127.0039109,37.48682004,
6164,주식회사이지스아이티,서울 성동구,(04790) 서울특별시 성동구 성수일로 77 704호,127.0498545,37.54740232,
6165,비에이치에스(BHS)간호아카데미학원,부산 부산진구,(47353) 부산광역시 부산진구 황령대로 9 4층,129.0605916,35.14786155,
6166,하나로재활실버케어센터,울산 울주군,(44933) 울산광역시 울주군 장검길 3 4층,129.2552804,35.55778973,
6167,농업회사법인현대에프엔비(주),광주 북구,"(61200) 광주광역시 북구 동문대로 50  101호 (풍향동, 동강대학교산학협력관 203호)",126.9246824,35.17009831,
6168,수글로벌주식회사,광주 북구,(61043) 광주광역시 북구 하서로 1144 (태령동),126.9293398,35.25178072,
6169,주식회사호성,대구 달서구,(42697) 대구광역시 달서구 성서동로53안길 51 갈산동,128.5128693,35.84890966,
6170,고운누리평생교육원,경기 용인시 기흥구,(16978) 경기도 용인시 기흥구 강남동로 6 그랜드프라자705호,127.1278033,37.27116006,
6171,주식회사안성제이케이중장비학원,경기 안성시,(17600) 경기도 안성시 미양면 안성맞춤대로 564-5 가동 1층 및 대지,127.2516563,36.97116252,
6172,아뜰리에뷰티미용학원,경기 용인시 기흥구,"(16978) 경기도 용인시 기흥구 강남동로 6 그랜드프라자 402호,403호,404호",127.1278033,37.27116006,
6173,시민미용실,충북 청주시 상당구,(28545) 충청북도 청주시 상당구 교서로 4-2 3층  301호,127.4865542,36.63698551,
6174,태영화학주식회사,경기 화성시,(18631) 경기도 화성시 은행나무로 561-24 ,,,
6175,(학교법인)동서대학교산학협력단,부산 사상구,"(47011) 부산광역시 사상구 주례로 47 , 8층",129.0069846,35.14608389,
6176,사단법인지역과소셜비즈,경북 구미시,(39393) 경상북도 구미시 이계북로 7 6층 소셜캠퍼스 온 경북,128.4029039,36.10631865,
6177,유한회사정읍드론항공교육원,전북 정읍시,"(56155) 전라북도 정읍시 소정3길 38-13 실습장:  전북 정읍시 농소동 1309-1, 1310",126.8374592,35.59085223,
6178,경북소프트웨어고등학교,경북 의성군,(37362) 경상북도 의성군 봉호로 14 경북소프트웨어고등학교,128.5849096,36.3025177,
6179,안동시시설관리공단,경북 안동시,(36709) 경상북도 안동시 육사로 203 안동시시설관리공단,128.7284114,36.55982326,
6180,(주)떡과풍경,충북 청주시 상당구,(28207) 충청북도 청주시 상당구 남계3길 22 (주)떡과풍경,127.4997602,36.54299815,
6181,레이크커피바리스타학원,경기 화성시,(18501) 경기도 화성시 동탄대로 182 404호 레이크커피바리스타학원,127.1072241,37.17064243,
6182,시립기흥효성어린이집,경기 용인시 기흥구,(17095) 경기도 용인시 기흥구 덕영대로2077번길 33 단지내 어린이집,127.0958568,37.26640499,
6183,리네아아카데미학원,서울 강남구,(06300) 서울특별시 강남구 논현로26길 42-12 2층 리네아아카데미학원,127.0458231,37.48304609,
6184,MBC아카데미별내요양보호사교육원,경기 남양주시,(12113) 경기도 남양주시 별내중앙로 24 이레타워 701호,127.126229,37.64536463,
6185,큐디엠테크,경기 평택시,(17715) 경기도 평택시 신리길 65-23 큐디엠테크,127.0708354,37.0975127,
6186,근대기획,강원 원주시,(26446) 강원도 원주시 단구로 213 ,,,
6187,코리아케어요양보호사교육원,서울 광진구,(04964) 서울특별시 광진구 아차산로 633 3층,127.1075456,37.54912221,
6188,케빈영상컴퓨터학원,전남 나주시,(58329) 전라남도 나주시 그린로 204 골드프라자 501호,126.7887479,35.00916827,
6189,옥정탑요양보호사교육원,경기 양주시,(11473) 경기도 양주시 옥정로 204 606호,127.0921171,37.81978462,
6190,하모니요양보호사교육원 미사점,경기 하남시,"(12912) 경기도 하남시 미사강변동로84번길 39 (망월동 에코타워) 504호, 505호",127.1952035,37.5633196,
6191,다원운정요양보호사교육원,경기 파주시,(10892) 경기도 파주시 청암로17번길 29 (목동동) 스타타워 8층 801호,126.7355961,37.7285644,
6192,동해커피문화학원,강원 동해시,(25761) 강원도 동해시 천곡로 46-1 4층 동해커피문화원학원,129.1102922,37.52385735,
6193,도시농업융복합아카데미,경북 포항시 북구,(37643) 경상북도 포항시 북구 아치로 37 ,,,
6194,(주)길반경영정보학원,부산 부산진구,"(47229) 부산광역시 부산진구 양지로5번길 6 3층,4층 일부 5층",,,
6195,효청원재가노인돌봄센터,대구 동구,(41227) 대구광역시 동구 송라로16길 81-13 1층,128.6212342,35.87692889,
6196,그린디지털정보,서울 은평구,(03320) 서울특별시 은평구 갈현로37길 1-7 201호,126.9163648,37.6216117,
6197,"이케이주식회사(EKCo.,Ltd.)",경기 용인시 기흥구,(16976) 경기도 용인시 기흥구 기흥로 58 비동 2901호 ,127.1174113,37.28065838,
6198,수완우리뷰티미용학원,광주 광산구,(62234) 광주광역시 광산구 풍영로101번안길 19-14 소망빌딩 4층 일부,126.8088287,35.18062202,
6199,한국에너지마이스터고등학교,강원 삼척시,(25933) 강원도 삼척시 삼척로 3700 삼척마이스터고등학교,129.2251486,37.3852947,
6200,(주)파이낸셜데이타시스템,서울 종로구,(03058) 서울특별시 종로구 계동 율곡로 75(현대빌딩) 11층,126.9873274,37.5783414,
6201,따사로운평생교육원,경기 김포시,(10110) 경기도 김포시 김포대로 839 704호,126.7203006,37.61916075,
6202,중소벤처기업진흥공단 충청연수원,충남 천안시 서북구,(31048) 충청남도 천안시 서북구 남산2길 41 중소벤처기업진흥공단 충청연수원,127.1728559,36.88311784,
6203,순창미용학원,전북 순창군,(56040) 전라북도 순창군 장류로 372 5층 501호,127.1427638,35.37610503,
6204,박은정펫푸드아카데미학원,전북 전주시 덕진구,(55017) 전라북도 전주시 덕진구 석소로 64 (우아동2가) A동 302호,127.1679757,35.83282416,
6205,(주)파인하이텍,광주 광산구,(62210) 광주광역시 광산구 하남산단9번로 59 ,,,
6206,서우산업(주),경북 구미시,(39133) 경상북도 구미시 북산6길 26 서우산업(주),128.2671133,36.21282826,
6207,한일후드(주),충북 옥천군,(29015) 충청북도 옥천군 남부로 1917-12 ,,,
6208,이븐아이원격평생교육원,서울 서초구,(06762) 서울특별시 서초구 바우뫼로 31 2층 201호 일부,127.0258301,37.47146484,
6209,(주)우창,충남 서산시,(31914) 충청남도 서산시 빗돌머리길 2-24 (주)우창,126.4455107,36.90671186,
6210,태종호닝,경기 시흥시,(15102) 경기도 시흥시 군자천로9번길 2 1층,126.7119455,37.32353315,
6211,강샘간호학원요양보호사교육원,경기 파주시,"(10894) 경기도 파주시 금바위로 42(와동동, 운정법조타운) 503호전부, 502호일부",,,
6212,(주)크린앤사이언스,서울 강남구,(06164) 서울특별시 강남구 영동대로 511 903-1호,127.0611303,37.51032162,
6213,라라보떼미용학원,경남 창원시 마산합포구,(51769) 경상남도 창원시 마산합포구 3·15대로 1 3층 라라보떼 미용학원,128.5580561,35.18001343,
6214,김해원선요리제빵바리스타학원,경남 김해시,"(50948) 경상남도 김해시 경원로73번길 1 301호 302호 일부(내동, 성하빌딩)",128.8680466,35.23712331,
6215,상무무인항공교육원,전남 보성군,(59422) 전라남도 보성군 조정래길 208  상무무인항공교육원       실기: 전라남도 보성군 벌교읍 봉림리 10-1    ,127.3389547,34.85739751,
6216,케이(K)뷰티아카데미월드학원,경남 통영시,(53036) 경상남도 통영시 무전5길 6 2층. 좌측,128.42641,34.86027431,
6217,주식회사 에이플어스(APLEARTHCo.Ltd),경기 수원시 권선구,(16643) 경기도 수원시 권선구 산업로92번길 76 2동 4층,126.9784492,37.23926387,
6218,진JIN커피학원,경기 고양시 일산서구,(10381) 경기도 고양시 일산서구 중앙로 1564 3층 305-1호,126.7481284,37.67618332,
6219,(주)에스앤에스,경기 여주시,(12655) 경기도 여주시 경충대로 1473-23 에스앤에스,127.5355686,37.21233517,
6220,정읍직업전문학교,전북 정읍시,(56153) 전라북도 정읍시 영원로 16 ,,,
6221,주식회사서원,경기 평택시,(17800) 경기도 평택시 청북중앙로 164 (주)서원,126.9168805,37.04229309,
6222,씨앤엠패션아카데미학원,울산 남구,(44676) 울산광역시 남구 삼산로 37 4층 C&M패션아카데미 학원,129.3115522,35.533658,
6223,주식회사에스씨비에이치,서울 서초구,(06643) 서울특별시 서초구 효령로61길 8 1~4층,127.0195028,37.48626927,
6224,국립순천대학교산학협력단,전남 순천시,(57922) 전라남도 순천시 중앙로 255 B7 산학협력관,127.4817482,34.968969,
6225,부모사랑장례지도사교육원,경기 의정부시,(11697) 경기도 의정부시 평화로484번길 7 (의정부동) 4층401호 B101호,127.0483733,37.73529148,
6226,수원국제요양보호사교육원,경기 수원시 팔달구,(16463) 경기도 수원시 팔달구 매산로 123 (교동) 경화빌딩2층 수원국제요양보호사교육원,127.0140551,37.2718201,
6227,참사랑평생교육원,충북 청주시 청원구,(28479) 충청북도 청주시 청원구 우암로 99 4층,127.4877972,36.65677596,
6228,주식회사엔투하이텍,강원 원주시,(26492) 강원도 원주시 대안로 411 주식회사 엔투하이텍,127.8695612,37.2599808,
6229,(사)우리가족평생교육원,충남 아산시,(31511) 충청남도 아산시 번영로 113-19 (온천동) 2층,127.003487,36.78696639,
6230,(주)와이투아이,충남 계룡시,(32842) 충청남도 계룡시 입암길 76-42 ,,,
6231,넥스트러너스 원격 평생교육원,경기 김포시,(10097) 경기도 김포시 사우중로 87 2층 201호,126.7208549,37.62235152,
6232,태창공업(주),대구 달서구,(42718) 대구광역시 달서구 성서공단로 130 ,,,
6233,클라크중장비운전학원,경기 양주시,(11502) 경기도 양주시 연곡로124번길 23-42 ,,,
6234,임가이헤어,경기 성남시 분당구,(13497) 경기도 성남시 분당구 야탑로81번길 10 1층 135호 임가이헤어,127.1281586,37.41055603,
6235,동탄바리스타커피학원,경기 화성시,"(18469) 경기도 화성시 영천동 동탄기흥로 590(동탄센트럴에이스타워) 116호, 117호",127.0942969,37.21282066,
6236,큰빛요양보호사교육원,서울 성동구,(04756) 서울특별시 성동구 마장로 283 3층,127.0414108,37.56561428,
6237,한국건설직업학원,경기 남양주시,(12218) 경기도 남양주시 경춘로1308번길 16 302호,127.2394182,37.65080504,
6238,주식회사대봉이엔지,경기 포천시,(11190) 경기도 포천시 내진로 181 대봉,127.2129439,37.79815263,
6239,에스비에스(SBS)아카데미게임학원,경기 수원시 팔달구,"(16491) 경기도 수원시 팔달구 효원로 288 (인계동 대원콤비프라자) 6층 603호, 7층 705호 SBS아카데미게임학원",127.0329469,37.26074317,
6240,경원건설(주),경북 안동시,(36741) 경상북도 안동시 새절길 1 경원건설(주),128.757131,36.52594035,
6241,(주)니코,경남 김해시,(50800) 경상남도 김해시 생림대로 898 (주)니코,128.8474709,35.33825289,
6242,(주)에스아이테크,경기 시흥시,(15075) 경기도 시흥시 공단1대로379번안길 45 시화공단 4나303호,126.746329,37.32827997,
6243,경기평생기술학원,경기 수원시 팔달구,"(16455) 경기도 수원시 팔달구 갓매산로 91 (매산로1가 터미널타워빌딩) 2층 일부(202~212, 215~221)",127.0005595,37.27007261,
6244,성장나무요양보호사교육원,경기 의정부시,(11631) 경기도 의정부시 호동로 78 3층,127.0431049,37.72673429,
6245,주식회사제이앤에스솔루션,충남 천안시 동남구,(31066) 충청남도 천안시 동남구 각원사길 119 803호,127.1840258,36.8298469,
6246,상주지역자활센터,경북 상주시,(37199) 경상북도 상주시 중앙로 146 1층,128.154029,36.4154418,
6247,선율노무법인,광주 남구,(61754) 광주광역시 남구 효천중앙로 64 블루타워 601호,126.8755787,35.1020497,
6248,(유)현대하이테크,전북 익산시,(54678) 전라북도 익산시 나룻가신천길 39 (인화동2가),126.9511608,35.92261784,
6249,정화이엠에스(주),대구 달서구,(42719) 대구광역시 달서구 성서로5길 99 정화이엠에스(주) ,128.5018204,35.82818643,
6250,경산용접학원,경북 경산시,(38488) 경상북도 경산시 선항1길 17 SM타워 501호,128.805262,35.87591295,
6251,영천드론자격시험교육센터,대구 동구,(41100) 대구광역시 동구 율하동로 76 206호  / 실기 - 경상북도 영천시 화룡동 817,128.7032441,35.86546087,
6252,위즈펫애견미용학원,서울 노원구,(01695) 서울특별시 노원구 상계동 상계로 90 마블러스2 3층,127.0645758,37.65618857,
6253,정인정밀,경남 창녕군,(50307) 경상남도 창녕군 대합면 대합산업단지로 38-45 제7동,,,
6254,동신부로아(주),인천 계양구,(21072) 인천광역시 계양구 서운산단로1길 35 ,,,
6255,경북무인항공,경북 포항시 북구,"(37757) 경상북도 포항시 북구 새천년대로 502 대호빌딩 3층(경북무인항공) / 조종연습장 : 경상북도 포항시 북구 초곡리 17, 23, 24-1, 24-2",129.3487664,36.01973978,
6256,다올요양보호사교육원,서울 양천구,(08023) 서울특별시 양천구 목동로 163 305호,126.8645896,37.52292294,
6257,박종숙뷰티아카데미학원,세종 세종,(30150) 세종특별자치시  호려울로 29  세종시드니상가 2층 204-1호(보람동),127.2901906,36.47784076,
6258,주식회사명륜철강,충남 당진시,(31711) 충청남도 당진시 유두골길 35 주식회사 명륜철강,126.6966257,36.95460666,
6259,주식회사센추리산업,충남 천안시 서북구,"(31075) 충청남도 천안시 서북구 2공단5로 52(차암동, 룩소르 비즈타워) B121",,,
6260,송은요양보호사교육원,경기 용인시 수지구,(16875) 경기도 용인시 수지구 현암로 105 4층,127.1207163,37.33201341,
6261,사회적협동조합사나래,경남 진주시,(52711) 경상남도 진주시 망경남길44번길 21 2층,128.0847632,35.18278685,
6262,넥스트바이오(주),강원 횡성군,(25249) 강원도 횡성군 우천제2농공단지로 65-10 ,,,
6263,교문요양보호사교육원,경기 구리시,(11923) 경기도 구리시 동구릉로 22-1 3층,127.1320129,37.60253517,
6264,나은주야간보호센터,경기 남양주시,(12198) 경기도 남양주시 수레로961번길 31 ,,,
6265,(주)대동씨엠씨,울산 남구,(44703) 울산광역시 남구 왕생로100번길 3 4층 501호(달동),129.3303557,35.54235196,
6266,(주)클릭온스페이스,경남 창원시 마산회원구,(51347) 경상남도 창원시 마산회원구 봉암북7길 21 6동 702-2호,128.5983835,35.22539719,
6267,김천생명과학고등학교 ,경북 김천시,(39522) 경상북도 김천시 부거리길 310 김천생명과학고등학교 ,128.0999346,36.13547427,
6268,자미한뷰티청주미용학원,충북 청주시 상당구,(28516) 충청북도 청주시 상당구 상당로 54-1 (문화동) 2층 일부,127.4909452,36.6329306,
6269,경기라온요양보호사교육원,경기 오산시,(18123) 경기도 오산시 궐동 대호로 99(신도프라자) 2층,127.0540826,37.15919799,
6270,대한전기협회 실증연구센터,충북 제천시,(27116) 충청북도 제천시 제2바이오밸리로2길 34 대한전기협회 실증연구센터,128.1577571,37.1488251,
6271,(주)필텍에어졸,경기 안성시,(17563) 경기도 안성시 승진길 152 ,,,
6272,경인플랜트용접학원,인천 계양구,(21120) 인천광역시 계양구 효서로 266 5층전체 (작전동),126.7256351,37.52766996,
6273,주식회사행복의날개,경기 남양주시,(12129) 경기도 남양주시 진건오남로374번길 9 (주)행복의날개,127.1988614,37.67199805,
6274,하늘누리협동조합 장례지도사교육원,부산 부산진구,(47256) 부산광역시 부산진구 새싹로 39-1 2층 (부전동),129.0561712,35.16100328,
6275,(주)카이테크,전북 완주군,(55350) 전라북도 완주군 신지송광로 25-9 (주)카이테크,127.1720023,35.92045508,
6276,(주)일진공조,전남 순천시,(58022) 전라남도 순천시 해룡산단5로 87 (주)일진공조,127.5700689,34.90678196,
6277,종로창신요양보호사교육원,서울 종로구,(03095) 서울특별시 종로구 지봉로 77-3 3층,127.0151872,37.57683715,
6278,경기청소전문직업학원,경기 광명시,"(14303) 경기도 광명시 범안로 998 504호,505호",126.8767102,37.45932633,
6279,다산요리제과제빵학원,경기 남양주시,(12217) 경기도 남양주시 경춘로 1299 가남빌딩4층401호,127.2366391,37.64991862,
6280,영통베스트간호학원,경기 수원시 영통구,"(16698) 경기도 수원시 영통구 덕영대로 1535(영통동, 현대프라자) 601, 602호",,,
6281,주식회사송원스틸,충남 당진시,(31758) 충청남도 당진시 틀모시로 211 ,,,
6282,어부바요양보호사교육원,경기 남양주시,(12020) 경기도 남양주시 광릉내로 17 cu 편의점2층,127.1978096,37.74218458,
6283,주식회사대림제지골판지사업부,경기 파주시,(10802) 경기도 파주시 적성산단1로 24 ,,,
6284,2동탄요양보호사교육원,경기 화성시,(18471) 경기도 화성시 동탄대로 599 401호,,,
6285,(주)마이크로티에스,충남 천안시 서북구,(31027) 충청남도 천안시 서북구 섶머리2길 12-18 ,,,
6286,유진주간활동센터,제주 제주시,(63077) 제주특별자치도 제주시 해안마을2길 7-10 유진주간활동센터,126.4513235,33.46113511,
6287,거제공업고등학교,경남 거제시,(53257) 경상남도 거제시 계룡로11길 63 거제공업고등학교,128.6144226,34.88200073,
6288,오티씨(주),서울 강남구,(06083) 서울특별시 강남구 영동대로112길 36 OTC빌딩 6층,127.063272,37.51540213,
6289,익산제일커피바리스타학원,전북 익산시,(54546) 전라북도 익산시 하나로 457 이리평화새마을금고 영등지점 2층 익산제일커피바리스타학원,126.9807114,35.96114554,
6290,미사강변요양보호사교육원,경기 하남시,"(12913) 경기도 하남시 미사강변중앙로198번길 35 2층 8호(망월동, 우성르보아리버)",127.1916424,37.56498315,
6291,미래드론아카데미,경북 경주시,"(38003) 경상북도 경주시 단구안계길 88-6  실기 : 경상북도 경주시 강동면 단구리 1135-5, 1135-7",129.2449084,36.04973037,
6292,(주)덕성,충남 아산시,(31420) 충청남도 아산시 장영실로 860 주식회사 덕성,127.0032972,36.90545115,
6293,의창요양보호사교육원,경남 창원시 의창구    ,(51166) 경상남도 창원시 의창구 도계로4번길 46 301호,128.6359635,35.2558977,
6294,티에스,대전 대덕구,"(34364) 대전광역시 대덕구 대화로32번길 79 9동 1층 (좌측 마지막건물) (대화동, 대원종합물산) ",127.4142975,36.37057395,
6295,농업회사법인플랜티팜주식회사,경기 평택시,(17706) 경기도 평택시 서탄로 43-19 ,,,
6296,코리아애견미용학원,경남 창원시 성산구    ,"(51513) 경상남도 창원시 성산구 용지로113번길 24 2층, 3층",128.6774806,35.22745586,
6297,THE참좋은요양보호사교육원,경기 구리시,(11945) 경기도 구리시 벌말로 186 SM빌딩302호,127.1505883,37.59286392,
6298,케어파트너명강요양보호사교육원,서울 영등포구,(07410) 서울특별시 영등포구 대림로 178 201호,126.8992301,37.4966765,
6299,(주)더원,제주 제주시,(63346) 제주특별자치도 제주시 번영로 1278-169 에코랜드,126.670412,33.46166374,
6300,(주)파버나인,광주 광산구,(62418) 광주광역시 광산구 평동산단로 170-16 (월전동) (주)파버나인,126.7709132,35.1213278,
6301,에스비에스(SBS)아카데미게임학원,경기 성남시 분당구,"(13591) 경기도 성남시 분당구 서현로210번길 20(서현동, 코코프라자) 502-2호",127.1241116,37.38594752,
6302,재단법인이노베이션아카데미,서울 강남구,(06324) 서울특별시 강남구 개포로 416 이노베이션아카데미,127.0652741,37.4881821,
6303,에스비에스(SBS)아카데미컴퓨터아트학원,경기 성남시 분당구,"(13591) 경기도 성남시 분당구 서현로210번길 20 501-1호 (서현동,코코프라자)",127.1240751,37.38586365,
6304,동방정밀금형,대구 달서구,(42697) 대구광역시 달서구 성서공단북로69길 32 동방정밀,128.512377,35.84629351,
6305,주식회사아트인,경기 파주시,(10863) 경기도 파주시 교하로 1105-23 (주)아트인,126.7197731,37.74020384,
6306,자이씨앤에이(주),서울 강서구,(07789) 서울특별시 강서구 마곡중앙로 150 6층 자이C&A,126.8285141,37.56697841,
6307,주식회사준경,전남 영암군,(58462) 전라남도 영암군 대불로 93 도장2관 203호 (주)준경,126.3729089,34.740754,
6308,보령용접배관기술학원,충남 보령시,(33435) 충청남도 보령시 큰오랏1길 88 1층 보령용접배관기술학원,126.6079897,36.35114655,
6309,더라이징스타헤딩,서울 강남구,(06227) 서울특별시 강남구 역삼동 논현로 340 4층,127.0396673,37.49554496,
6310,(주)동신금속,대구 달성군,(43011) 대구광역시 달성군 국가산단대로39길 203 (주)동신금속,128.3998034,35.65723708,
6311,투윈시스템,부산 강서구,(46721) 부산광역시 강서구 유통단지1로 41 126동 203호,128.95741,35.16512461,
6312,코멘토 원격 평생교육시설,서울 중구,(04512) 서울특별시 중구 칠패로 28 메리츠강북타워 3층,126.9722991,37.55923144,
6313,퍼스트텐(FirstTen),서울 마포구,(03993) 서울특별시 마포구 월드컵북로4길 77 (동교동) 6층,126.9225032,37.55934037,
6314,우신산업(주)수원지점,경기 수원시 권선구,(16642) 경기도 수원시 권선구 오목천로108번길 17 우신산업(주)수원지점,126.9745378,37.24138043,
6315,플로우바리스타학원,경기 구리시,(11923) 경기도 구리시 응달말로 11 2층,127.1353177,37.60145034,
6316,혜성정밀,울산 동구,(44032) 울산광역시 동구 방어진순환도로 1000 엔진사업부내 혜성정밀,129.4396589,35.51565686,
6317,주식회사 로젠탈요양보호사교육원,경기 시흥시,(14916) 경기도 시흥시 은행로 86 경동프라자 403호,126.7972402,37.4390504,
6318,프로테크,울산 동구,(44032) 울산광역시 동구 방어진순환도로 1000 프로테크,129.4392116,35.51544065,
6319,한진전자공업(주),경기 평택시,(17745) 경기도 평택시 산단로 99 한진전자공업(주),127.0813924,37.03754068,
6320,블루밍해플라워디자인학원,서울 동대문구,(02554) 서울특별시 동대문구 왕산로 240 3층 전면부,127.0486879,37.58264023,
6321,(주)두남엔지니어링,서울 강남구,(06227) 서울특별시 강남구 논현로 340 603호,127.0396673,37.49554496,
6322,피앤아이이엔지,울산 동구,(44032) 울산광역시 동구 방어진순환도로 1000 엔진기계사업부 대형엔진조립3부 피앤아이이엔지,129.4396589,35.51565686,
6323,주식회사새롬켐텍,세종 세종,(30003) 세종특별자치시  왕의물로 454 주식회사 새롬켐텍,127.2114961,36.71674952,
6324,(주)젠솔소프트,서울 구로구,"(08381) 서울특별시 구로구 디지털로29길 38 601호(구로동, 에이스테크노타워3차)",126.8932321,37.48434548,
6325,(주)동방플랜텍 경산공장,경북 경산시,(38475) 경상북도 경산시 공단9로 16 ,,,
6326,애플미용학원,대구 달서구,(42785) 대구광역시 달서구 월곡로 267-1 4층,128.5381743,35.81802215,
6327,(주)신광타올,대구 서구,(41755) 대구광역시 서구 와룡로69길 6 신광타올,128.5366736,35.8642159,
6328,더큐브아카데미학원,서울 서초구,(06524) 서울특별시 서초구 강남대로 617 대양빌딩 1층,127.0186613,37.51679503,
6329,이든센터,경남 진주시,(52814) 경상남도 진주시 남강로 1073-1 우연빌딩 2층,128.1094597,35.16872894,
6330,복있는사람들요양보호사교육원,서울 은평구,(03442) 서울특별시 은평구 증산로 393 4층(신사동) ,126.9133428,37.5913096,
6331,순천시장애인종합복지관,전남 순천시,(57906) 전라남도 순천시 청소년수련원길 2 순천시장애인종합복지관,127.4795223,35.00624013,
6332,한국기연,경기 파주시,"(10954) 경기도 파주시 장지산로432번가길 25 1, 2동",126.8633417,37.7670934,
6333,케어링호평요양보호사교육원,경기 남양주시,(12150) 경기도 남양주시 늘을2로 32 호평프라자303호,127.2440229,37.65557986,
6334,진성요양보호사교육원,경기 하남시,"(12919) 경기도 하남시 미사강변대로 76(풍산동, 미사베스트프라자) 3층 301호",127.1876718,37.5567094,
6335,포스트웍스학원,경기 고양시 일산서구,"(10237) 경기도 고양시 일산서구 탄중로 106 1층 일부 (덕이동, B동)",126.7568281,37.69170736,
6336,디엔케이(D.N.K),경북 구미시,(39377) 경상북도 구미시 산호대로 142-19 2동 1층 디엔케이,128.3873731,36.0964606,
6337,경희커피바리스타학원,대구 수성구,"(42029) 대구광역시 수성구 달구벌대로 2491-2 , 3층(범어동)",128.6351672,35.85932241,
6338,포항문덕간호학원,경북 포항시 남구,(37882) 경상북도 포항시 남구 냉천로 254 2층 포항문덕간호학원,129.4091699,35.97171882,
6339,(주)한국에이치알디진흥원,광주 동구,(61401) 광주광역시 동구 계림동 서암대로 324 보성빌딩2층,126.9187439,35.16469329,
6340,뉴김해요양보호사교육원,경남 김해시,(50924) 경상남도 김해시 김해대로 2419 5층 애국빌딩,128.8913594,35.22738051,
6341,(주)석영산업,경북 구미시,(39166) 경상북도 구미시 첨단기업5로 10-42 ,,,
6342,슈가아카데미평생교육원,대구 달서구,"(42728) 대구광역시 달서구 월성로 20(월성동, 건도파라다이스) 5층 슈가아카데미평생교육원",128.5332831,35.83157187,
6343,(주)코리아스타텍,경북 구미시,(39422) 경상북도 구미시 4공단로7길 39 ,,,
6344,주식회사히로코리아,인천 미추홀구,(22158) 인천광역시 미추홀구 인주대로 285 3층(주안동),126.6681166,37.4524594,
6345,(주)효광테크,대구 달서구,(42702) 대구광역시 달서구 성서공단북로43길 21 (주)효광테크 ,128.4957875,35.84638364,
6346,"주식회사그루터기(Gruteogi,inc)",인천 미추홀구,(22102) 인천광역시 미추홀구 석정로202번길 11 1층 그루터기,126.6580016,37.46723367,
6347,고려요양보호사교육원 홍천점,강원 홍천군,(25139) 강원도 홍천군 홍천로 372 4층 402호,127.8866282,37.68917536,
6348,와우쓰리디 평생교육원,경북 구미시,"(39253) 경상북도 구미시 구미대로 350-27 304,309 (3D프린팅제조혁신센터)",128.3651623,36.11936953,
6349,온맘터치원주요양보호사교육원,강원 원주시,(26444) 강원도 원주시 행구로 14-2 나동 3층,127.9573579,37.34085421,
6350,주식회사부경이엔지,전남 영암군,(58460) 전라남도 영암군 대불산단6로 155 현대힘스 내 주식회사 부경이엔지,126.4320963,34.75938911,
6351,(주)알파코,서울 성동구,(04794) 서울특별시 성동구 성수이로 113 7층 ,127.0570498,37.54514678,
6352,이승호세무회계사무소,울산 남구,"(44717) 울산광역시 남구 갈밭로 52 (삼산동, 4층)",129.3461959,35.53584587,
6353,다원갈매요양보호사교육원,경기 구리시,(11901) 경기도 구리시 갈매중앙로 89-10 301호,127.1169527,37.63291353,
6354,마이크로웍스코리아(주),경기 광명시,(14319) 경기도 광명시 하안로 108 에이스광명타워 614호,126.8921891,37.44789014,
6355,(주)마인드스토리,광주 광산구,(62247) 광주광역시 광산구 임방울대로 356 404호,126.8244159,35.19159731,
6356,케어링성수요양보호사교육원,서울 성동구,(04790) 서울특별시 성동구 상원4길 9 2층,127.049628,37.5472042,
6357,선일테크,경기 시흥시,(14982) 경기도 시흥시 수인로2423번길 12-1 선일테크,126.85543,37.3945826,
6358,신일인텍(주),경북 포항시 남구,(37840) 경상북도 포항시 남구 철강로107번길 7 신일인텍(주),129.3540982,35.9901551,
6359,(주)동아이엔지,경기 시흥시,(15117) 경기도 시흥시 엠티브이25로20번길 46 ,,,
6360,주식회사한서정밀,경기 화성시,(18284) 경기도 화성시 화성로1616번길 46-2 주식회사 한서정밀,126.8554599,37.22329841,
6361,주식회사와이앤와이,경북 구미시,(39367) 경상북도 구미시 수출대로 152 308호,128.3809889,36.1104566,
6362,주식회사미광엔텍,경북 포항시 남구,"(37668) 경상북도 포항시 남구 지곡로 394 제1벤처동 106호, 201호",129.316933,36.03631504,
6363,주식회사디마인,인천 서구,"(22829) 인천광역시 서구 가좌로29번길 22 804호 (IBC센터, 가좌동)",126.6787766,37.47804133,
6364,창공드론교육원,경북 칠곡군,(39862) 경상북도 칠곡군 동명팔거천3길 59-22 (동명면) 창공드론교육원,128.5537001,35.96692447,
6365,에이아이씨엔앰주식회사,전남 나주시,(58325) 전라남도 나주시 그린로 317-13 4층 문화콘텐츠 창업보육센터,126.794221,35.01530711,
6366,(주)대한진공성형,부산 강서구,(46707) 부산광역시 강서구 식만로179번가길 45 대한진공성형,128.9074652,35.21162797,
6367,주식회사광원,광주 광산구,(62465) 광주광역시 광산구 진곡산단2번로 46 ,,,
6368,주식회사 광원이엔지,광주 광산구,(62464) 광주광역시 광산구 진곡산단3번로 59-35 (진곡동),126.7873266,35.20389435,
6369,엘에스오토텍주식회사,광주 광산구,(62229) 광주광역시 광산구 하남산단5번로 26 .,126.7970761,35.19597952,
6370,굿케어군자요양보호사교육원,서울 광진구,(05002) 서울특별시 광진구 군자로 75 2층,127.0708253,37.55004102,
6371,(주)케이아이에스,대구 북구,(41566) 대구광역시 북구 경대로17길 47 경북대학교 IT융합산업빌딩 1105호,128.6140851,35.89240809,
6372,(주)진화금속,세종 세종,(30011) 세종특별자치시  노장공단길 36 (주)진화금속,127.268575,36.66000978,
6373,주식회사플로닉스,강원 원주시,(26302) 강원도 원주시 광학로 163-2 플로닉스,127.9364672,37.46258968,
6374,주식회사이글아이컴퍼니,서울 금천구,(08592) 서울특별시 금천구 가산동 가산디지털1로 75-15(가산 하우스디 와이즈타워) 8층 808호,126.8840365,37.47226325,
6375,(주)삼현,경남 창원시 의창구    ,(51398) 경상남도 창원시 의창구 죽전로 45 (주) 삼현,128.6204099,35.24503973,
6376,(주)봉영,경북 경산시,(38479) 경상북도 경산시 다문로61길 61-9 ,,,
6377,주식회사통컴퍼니,서울 송파구,(05807) 서울특별시 송파구 송파대로20길 22 다인빌딩 201호,127.1253214,37.48557631,
6378,케어이룸금나래요양보호사교육원,서울 금천구,(08608) 서울특별시 금천구 벚꽃로 30 금천롯데캐슬상가2차 205동 301호,126.894118,37.45815432,
6379,김포에이스애견미용학원,경기 김포시,(10109) 경기도 김포시 봉화로 9-23 1층 김포에이스애견미용학원,126.7159933,37.61702407,
6380,오룡중앙요양보호사교육원,전남 무안군,(58581) 전라남도 무안군 오남로1길 9-2 3층,126.4837035,34.80471671,
6381,다산에듀평생교육원,세종 세종,"(30121) 세종특별자치시  가름로 232 A동 506호(어진동,세종 sbc)",127.2648648,36.49556149,
6382,이상한요양보호사교육원,경기 성남시 중원구,(13357) 경기도 성남시 중원구 광명로 119 5층 이상한요양보호사교육원,127.1416028,37.43658004,
6383,유디간호학원,서울 서초구,(06746) 서울특별시 서초구 바우뫼로 204 6층 (양재동),127.0415478,37.48004725,
6384,주식회사브랜드뉴,울산 북구,(44222) 울산광역시 북구 매곡산업로 35 207호,129.3648835,35.64966924,
6385,호리커피바리스타학원,경기 화성시,(18405) 경기도 화성시 효행로 1076-8 301호,127.0444764,37.2147149,
6386,주식회사호명,울산 동구,(44032) 울산광역시 동구 방어진순환도로 1000 주식회사 호명,129.4396589,35.51565686,
6387,수정테크,대전 대덕구,(34343) 대전광역시 대덕구 방두말5길 17 (상서동),127.4254896,36.42698318,
6388,프리즘커피바리스타학원,부산 남구,(48500) 부산광역시 남구 용소로 52 2층~6층 ,129.1009484,35.13261575,
6389,한국문화센터 평생교육원,서울 강서구,(07560) 서울특별시 강서구 공항대로65길 12 3층 한국문화센터 평생교육원,126.8677309,37.54994717,
6390,뉴욕바리스타베버리지학원,서울 영등포구,"(7256) 서울특별시 영등포구 당산로31길 16-1 JUM빌딩 401호, 502호",126.8948669,37.52681074,
6391,(주)아르비젼,서울 금천구,"(08591) 서울특별시 금천구 가산디지털1로 2 603,604,605호",126.8877299,37.46701409,
6392,목포미즈아이병원,전남 목포시,(58684) 전라남도 목포시 백년대로 418 미즈아이병원,126.4322913,34.80880417,
6393,국제커피제과제빵아카데미,경남 창원시 진해구    ,"(51605) 경상남도 창원시 진해구 용재로 18 602호 일부 (용원동,뉴타운BD)",128.8119499,35.1018315,
6394,효원요양보호사교육원,경기 의정부시,(11729) 경기도 의정부시 발곡로 6 502호,127.0552904,37.73090094,
6395,에스비에스아카데미컴퓨터아트학원,울산 중구,(44532) 울산광역시 중구 젊음의2거리 33 리버플레이스 7층,129.320468,35.5531208,
6396,우리요양보호사교육원,경기 남양주시,(12179) 경기도 남양주시 마석중앙로 56-5 5층,127.3059071,37.65239187,
6397,그린실버요양보호사교육원,서울 성북구,(02793) 서울특별시 성북구 화랑로 92 2층,127.0424604,37.60261719,
6398,한솔커피바리스타제과제빵요리학원,울산 남구,(44719) 울산광역시 남구 삼산로 274 4층 401호(삼산동),129.3370028,35.53890757,
6399,(주)동양기술,대전 유성구,(34002) 대전광역시 유성구 국제과학11로 18 동양기술,127.362243,36.46142494,
6400,한솔바리스타제과제빵요리학원,대구 중구,"(41943) 대구광역시 중구 달구벌대로 2105 덕산빌딩 3층(덕산동, 대구은행 반월당지점)",128.5939515,35.86582286,
6401,길부철강,경북 안동시,(36742) 경상북도 안동시 앙실3길 21-12 길부철강 ,128.6760337,36.55846153,
6402,크리스챤쇼보미용학원,세종 세종,(30129) 세종특별자치시  나성로 33-6 세종에이스타워 601-2호,127.2627793,36.48267067,
6403,벨라루시(Bellaluci)애견미용학원,경북 구미시,(39429) 경상북도 구미시 인동중앙로10길 21-4 2층,128.425011,36.10865349,
6404,한국공간정보(주),경기 고양시 일산동구,"(10401) 경기도 고양시 일산동구 무궁화로 42-28(장항동, 일산프라자) 701호",126.769767,37.66196579,
6405,이지애견미용학원,전북 전주시 완산구,(54999) 전라북도 전주시 완산구 충경로 25 2층 이지애견미용학원,127.1420064,35.81727445,
6406,(주)혜성금속,경기 안산시 단원구,"(15598) 경기도 안산시 단원구 범지기로 40 (목내동, 반원공단3블럭2-1롯트)",126.7801871,37.30989566,
6407,(주)현대에프엠,충남 천안시 서북구,(31163) 충청남도 천안시 서북구 검은들1길 13 702호,127.1097035,36.81074352,
6408,진주현대요양보호사교육원,경남 진주시,(52676) 경상남도 진주시 진양호로 313 2층,128.0657623,35.18126065,
6409,웨스트민스터포항애견미용학원,경북 포항시 남구,(37761) 경상북도 포항시 남구 중섬로 8 2층,129.345705,36.01448384,
6410,(주)SBS아카데미컴퓨터아트학원노원점,서울 노원구,"(01695) 서울특별시 노원구 노해로83길 21 4층,5층",127.0639296,37.65597268,
6411,대화금속(주),경북 구미시,(39264) 경상북도 구미시 수출대로9길 68-45 대화금속(주),128.3819053,36.11904277,
6412,HR인사노무닷컴,서울 송파구,"(05854) 서울특별시 송파구 송파대로 201(문정동, 송파 테라타워2) B동 321호",,,
6413,원주커피바리스타학원,강원 원주시,(26382) 강원도 원주시 로아노크로 8 우남빌딩2층 좌측,127.9271878,37.34399495,
6414,주식회사 밀양최강요양보호사교육원,경남 밀양시,(50427) 경상남도 밀양시 해천길 4 (내이동) 2층,128.7511357,35.49545219,
6415,성대효요양보호사교육원,경기 수원시 장안구,(16360) 경기도 수원시 장안구 서부로 2139 5007-5008호,126.9714822,37.29920766,
6416,(주)혜성티앤시,전남 광양시,(57814) 전라남도 광양시 김시식지길 4 태인동,127.7579427,34.94822295,
6417,세무회계훈,강원 원주시,(26411) 강원도 원주시 모래내길 29 단계동 101호,127.9336356,37.3534678,
6418,제주웰빙영농조합법인,제주 제주시,(63057) 제주특별자치도 제주시 상귀서길 22 ,,,
6419,CH원격평생교육원 ,서울 강서구,"(07807) 서울특별시 강서구 마곡동 마곡중앙로 59-21(에이스타워Ⅱ) 823,824호",126.8242322,37.5588902,
6420,가온플랫폼주식회사,대전 유성구,(34018) 대전광역시 유성구 테크노중앙로 74 4층,127.3931536,36.42520984,
6421,(주)기성,전남 순천시,(58034) 전라남도 순천시 율촌산단1로 80-7 (율촌제1지방산업단지9블럭),127.5796812,34.89506396,
6422,오마브뷰티아카데미미용학원(본사),부산 부산진구,(47286) 부산광역시 부산진구 부전동 중앙대로 701-6 오마브뷰티아카데미4층,129.0586978,35.15544537,
6423,주식회사 호룡,전북 김제시,(54306) 전라북도 김제시 만경공단2길 73 (만경읍) (주)에이치알이앤아이,126.8133346,35.8585456,
6424,주식회사이레아이맘산후도우미,대구 중구,(41966) 대구광역시 중구 관덕정길 10 정안빌딩 502호,128.5907527,35.86529747,
6425,시흥희망요양보호사교육원,경기 시흥시,(14916) 경기도 시흥시 은행로 154 반도프라자 5층,126.7995191,37.44457747,
6426,주식회사 건설기계평가원,대전 동구,"(34629) 대전광역시 동구 대전로 758 303호(원동, 뜰안채주상복합)",127.4351877,36.32769502,
6427,리본뷰티아카데미학원,경기 이천시,(17373) 경기도 이천시 이섭대천로 1184 3층 리본뷰티아카데미,127.4472133,37.27585238,
6428,굿모닝요양보호사교육원,경기 평택시,(17874) 경기도 평택시 경기대로 218 4층,127.1152784,36.99032454,
6429,(주)탑머티리얼즈,경북 구미시,(39382) 경상북도 구미시 낙동강변로 289-11 주식회사 탑머티리얼즈,128.3919855,36.09040571,
6430,해마루실버케어,경기 용인시 처인구,(17180) 경기도 용인시 처인구 죽양대로801번길 26-64 ,,,
6431,(주)우리이노베이션,대구 달서구,(42641) 대구광역시 달서구 당산로41서길 18 우리빌딩501호,128.5440045,35.85460604,
6432,에스비에스아카데미컴퓨터아트학원,서울 종로구,(03084) 서울특별시 종로구 대학로 146 6층 SBS아카데미컴퓨터아트학원,127.0018064,37.58403662,
6433,커피맛을 조금 아는남자 커피학원,대구 수성구,"(42139) 대구광역시 수성구 청솔로16길 41 1,2층 커피맛을 조금 아는남자 커피학원",128.6231352,35.8517446,
6434,태산테크주식회사,경북 구미시,(39385) 경상북도 구미시 1공단로4길 141-50 공단동,128.3721271,36.08743528,
6435,거목정보산업(주),서울 영등포구,(07371) 서울특별시 영등포구 경인로82길 3-4 센터플러스 지하1층108호,126.8970033,37.51203644,
6436,MBC아카데미마석요양보호사교육원,경기 남양주시,(12173) 경기도 남양주시 비룡로55번길 3-41 4층,127.3002757,37.65536137,
6437,무크코리아원격평생교육원,경기 시흥시,"(15010) 경기도 시흥시 배곧4로 32-33(배곧동, 파크뷰2) 205호",,,
6438,(주)팜캐드,부산 동구,"(48792) 부산광역시 동구 중앙대로 331 12층(초량동, 메리츠화재빌딩)",129.0454558,35.12566991,
6439,닥터맘산후도우미,전북 군산시,(54103) 전북특별자치도 군산시 백토로 233 2층,,,
6440,미용의정서애견미용학원,경기 수원시 팔달구,"(16489) 경기도 수원시 팔달구 인계로138번길 25 302호, 401호",127.0325057,37.26584226,
6441,더에이아이랩 원격평생교육원,서울 강남구,(06177) 서울특별시 강남구 영동대로 324 8층 4호,127.066767,37.50357084,
6442,(주)광양테크,전남 광양시,(57816) 전라남도 광양시 산업로 11 ,,,
6443,뷰티인미용학원,충북 청주시 상당구,(28530) 충청북도 청주시 상당구 상당로59번길 12-1 3층  뷰티인미용학원,127.4896975,36.6336566,
6444,정요양보호사교육원,경남 사천시,"(52566) 경상남도 사천시 남일로 48 제2층 제2에프02호(동금동,가양라끄빌3차)",,,
6445,주식회사  하이테커,서울 성동구,"(04790) 서울특별시 성동구 상원12길 30 1111호 (성수동1가, 동진아이티타워)",127.0505803,37.54997885,
6446,김포골드요양보호사교육원,경기 김포시,(10019) 경기도 김포시 통진읍 조강로 78 2층,126.5981992,37.69203552,
6447,일배움터,제주 제주시,(63305) 제주특별자치도 제주시 기와5길 83 일배움터,126.5582013,33.4905235,
6448,하나테크,충북 청주시 흥덕구,(28456) 충청북도 청주시 흥덕구 무심서로779번길 9 (신봉동),127.4705573,36.6579282,
6449,양산제일요양보호사교육원,경남 양산시,"(50629) 경상남도 양산시 양산역1길 18 701호 일부(중부동,나래프라자)",129.0276207,35.3364504,
6450,닥터맘,대전 유성구,(34168) 대전광역시 유성구 봉명동 대학로 31(한진리조트) 319호,127.3418623,36.35654503,
6451,주식회사원티드랩,서울 송파구,(05551) 서울특별시 송파구 올림픽로 300 35층 원티드랩,127.1033781,37.51301423,
6452,풍무요양보호사교육원,경기 김포시,"(10116) 경기도 김포시 풍무로 107 장호프라자 301,304호",126.7219394,37.60508246,
6453,러닝스푼즈학원,서울 강남구,(06129) 서울특별시 강남구 강남대로94길 15 3층/4층,127.0286658,37.49948522,
6454,기술인양성학원,경기 평택시,(17942) 경기도 평택시 송담3로 66 지하1층,126.9351905,36.9799961,
6455,고모텍(주),경남 김해시,(50875) 경상남도 김해시 고모로324번길 192 ,,,
6456,숭의과학기술고등학교,광주 남구,(61679) 광주광역시 남구 오방로 34-13 숭의과학기술고등학교,126.9237341,35.12913135,
6457,가인장유요양보호사교육원,경남 김해시,(50994) 경상남도 김해시 대청로 117 대청프라자 A동 304호,128.7977307,35.18543998,
6458,브니엘요양보호사교육원,경기 용인시 처인구,(17026) 경기도 용인시 처인구 포곡로61번길 6 2층 206-207,127.2127125,37.26754404,
6459,김포애견미용학원,경기 김포시,"(10113) 경기도 김포시 김포대로679번길 14-2 (풍무동) 2층, 3층",,,
6460,하늘요양보호사교육원,경남 진주시,(52741) 경상남도 진주시 대신로 369 2층,128.1162841,35.19347885,
6461,영남조경학원,울산 중구,(44500) 울산광역시 중구 반구동 염포로 26(유로캐슬) 2층 206호,129.3445527,35.55932297,
6462,에스뜨레아 미용 전문학원,경기 포천시,(11145) 경기도 포천시 중앙로110번길 5 2층  에스뜨레아 미용전문학원,127.2029117,37.89666067,
6463,안나아트아카데미학원,전북 전주시 덕진구,(54838) 전라북도 전주시 덕진구 송천로 42 3층(송천동1가),127.1186389,35.85704417,
6464,(주)아스플로,경기 화성시,(18514) 경기도 화성시 정남산단로 38 (주)아스플로,127.0253145,37.14447481,
6465,다모아요리학원,대구 동구,(41186) 대구광역시 동구 아양로 239 2층,128.6388577,35.88699082,
6466,양산요양보호사교육원,경남 양산시,"(50629) 경상남도 양산시 양산역6길 3 601,602호",129.0265873,35.33778336,
6467,더행복한요양보호사교육원,경기 수원시 팔달구,"(16461) 경기도 수원시 팔달구 매산로20번길 23 4층 401호(매산로2가, 하이라이프)",127.0033667,37.26629732,
6468,꿈을키우는세상,전남 순천시,(57905) 전라남도 순천시 둔대수계길 24 꿈을키우는세상,127.4541111,35.02295833,
6469,전주도배학원,전북 전주시 덕진구,(55010) 전라북도 전주시 덕진구 견훤로 197 2층,127.1592475,35.82922183,
6470,(주)에이아이서비스,경기 성남시 분당구,(13567) 경기도 성남시 분당구 성남대로779번길 19 2층,127.1261288,37.39883606,
6471,사단법인경상북도숲해설가협회,경북 포항시 남구,(37828) 경상북도 포항시 남구 대도동 상공로6번길 57 (대도동),129.3623971,36.01082283,
6472,(주)브릭,경기 성남시 분당구,(13493) 경기도 성남시 분당구 판교역로 230 삼환하이펙스B동 309호,127.1109081,37.40094128,
6473,(주)사임당홈케어,인천 부평구,"(21433) 인천광역시 부평구 마장로 35(십정동, 사임당빌딩) 7층<기관>/ 부평구 마장로 35(십정동 182-79)2층<교육장>",,,
6474,커피바이아카데미아커피학원,서울 송파구,"(05564) 서울특별시 송파구 석촌호수로12길 1-10 2층, 3층",127.0861017,37.50863082,
6475,진천중장비운전학원,충북 진천군,(27816) 충청북도 진천군 산삼로 163-20 케이비건설기계,127.4764993,36.89515408,
6476,자인요양보호사교육원,전남 광양시,(57748) 전라남도 광양시 용강로 39 3층 1호,127.6081408,34.97317308,
6477,단디요양보호사교육원,경남 진주시,(52731) 경상남도 진주시 초북로20번길 6-6 동화빌딩2층,128.1137066,35.21222221,
6478,에이티아이(주),인천 연수구,(21999) 인천광역시 연수구 갯벌로 112 에이티아이(주),126.6477903,37.38674414,
6479,정관간호학원,부산 기장군,(46008) 부산광역시 기장군 모전1길 20-26 5층. 6층 일부,129.1669385,35.33511727,
6480,하늘요양보호사교육원,서울 서대문구,(03712) 서울특별시 서대문구 수색로 28-3 3층,126.9153614,37.56928214,
6481,안양평촌요양보호사교육원,경기 안양시 동안구,(13945) 경기도 안양시 동안구 관악대로 318 부영빌딩 501호,126.9582248,37.40280222,
6482,(주)컴버스테크,서울 금천구,(08513) 서울특별시 금천구 벚꽃로 234 401호 ~ 403호,126.8855905,37.47610304,
6483,진접간호학원,경기 남양주시,(12051) 경기도 남양주시 경복대로 420 2층 일부,127.2115812,37.73343075,
6484,애스톤애견미용학원,경북 구미시,(39398) 경상북도 구미시 인동16길 16 3층,128.4243513,36.09854173,
6485,양주 썬 간호학원,경기 양주시,(11473) 경기도 양주시 회천남로 92 305호 센타프라자,127.0921723,37.81850524,
6486,노원중계요양보호사교육원,서울 노원구,(01762) 서울특별시 노원구 동일로217가길 39 대성빌딩 3층 노원중계요양보호사교육원,127.0581593,37.65311044,
6487,(주)캠퍼스라인,경기 파주시,(10828) 경기도 파주시 법원읍 법원2산단1로 25 (주)캠퍼스라인,126.8578871,37.84231915,
6488,한화푸드테크 주식회사,서울 영등포구,(07345) 서울특별시 영등포구 63로 40 라이프오피스텔 102호 더테이스터블,126.9386762,37.51981496,
6489,(주)메쉬,강원 원주시,(26311) 강원도 원주시 태장공단길 42-10 1-108(태장동),127.9486643,37.40612795,
6490,더프라임평생교육원,광주 북구,(61248) 광주광역시 북구 신안동 무등로 90 4층 402호,126.8937084,35.16787507,
6491,인크로스주식회사,서울 관악구,"(08793) 서울특별시 관악구 남부순환로 1926 5,8층",126.9630533,37.47684832,
6492,SBS아카데미컴퓨터아트학원,경기 안산시 단원구,"(15361) 경기도 안산시 단원구 중앙대로 929 3층 301,302,303호(고잔동)",126.8402163,37.31712047,
6493,고(GO)프로애견미용학원,부산 북구,"(46582) 부산광역시 북구 백양대로 1163 ,4층",129.0042898,35.2062448,
6494,(주)미래로,경기 광명시,(14353) 경기도 광명시 일직동 일직로 43 GIDC광명 A동 14층 14호,126.8868487,37.42277407,
6495,참사랑어머니회교육원,경기 안산시 단원구,(15359) 경기도 안산시 단원구 고잔2길 9 (고잔동 하이베라스) 202호,126.8317192,37.31811763,
6496,피오르플라워디자인학원,서울 은평구,(03459) 서울특별시 은평구 은평로13길 11 3층,126.9252202,37.60224688,
6497,정보종합학원,전북 김제시,(54390) 전라북도 김제시 요촌1길 101-5 ,,,
6498,코리아아이티(IT)아카데미학원,대전 서구,(35234) 대전광역시 서구 둔산로 52 3층 ,127.3798819,36.35087997,
6499,에듀야평생교육원,광주 동구,(61474) 광주광역시 동구 예술길 31-16 4층 (일부),126.9202684,35.14962576,
6500,가원간호학원,경기 파주시,"(10823) 경기도 파주시 문산로26번길 14 205,206호",126.7816998,37.85672045,
6501,예스요양보호사교육원,경기 양주시,(11445) 경기도 양주시 평화로 1395 나라빌딩4층,127.045958,37.81544997,
6502,숭의종합사회복지관,인천 미추홀구,(22173) 인천광역시 미추홀구 독배로 485 숭의종합사회복지관,126.6447621,37.46070713,
6503,인계누리요양보호사교육원,경기 수원시 팔달구,(16485) 경기도 수원시 팔달구 중부대로 194 5층 인계누리요양보호사교육원,127.0374407,37.27640182,
6504,아트비앤비바리스타학원,경남 창원시 성산구    ,(51510) 경상남도 창원시 성산구 가음정로23번길 10-36 502호,128.6892591,35.20962865,
6505,삼계요양보호사교육원,경남 김해시,"(50902) 경상남도 김해시 삼계중앙로 30 4층 401호(삼계동, 김해메디칼센타)",128.8683551,35.2601796,
6506,울산애견미용학원,울산 남구,"(44721) 울산광역시 남구 달동 달삼로 26 2층,4층 울산애견미용학원",129.3319967,35.53543625,
6507,군산미래요양보호사교육원,전북 군산시,(54135) 전라북도 군산시 백토로 108 금천빌딩5층,126.7055415,35.9695842,
6508,지엔소프트(주),대전 유성구,(34050) 대전광역시 유성구 문지로 272-16 (문지동) AI인공지능센터 201.202.203호,127.4078494,36.39062871,
6509,주식회사자버,서울 마포구,(04213) 서울특별시 마포구 마포대로 122 18층,126.9527535,37.54550895,
6510,한국커피머신제과제빵학원,대전 동구,"(34675) 대전광역시 동구 새울로 10 2,3층",127.4621395,36.31925142,
6511,서울커피직업전문학원,서울 관악구,(08753) 서울특별시 관악구 신림동 신림로 366(정림빌딩) 6층,126.9292293,37.48685115,
6512,율하현대요양보호사교육원,경남 김해시,(51019) 경상남도 김해시 율하3로 29 901호,128.8131986,35.17113308,
6513,코리아아이티(IT)아카데미학원,인천 부평구,(21394) 인천광역시 부평구 시장로 7 M.H타워 5층 코리아아이티아카데미 인천,126.7238334,37.49201359,
6514,부천중앙요양보호사교육원,경기 부천시 원미구,"(14538) 경기도 부천시 원미구 길주로 199(중동, 굿모닝프라자) 209호,210호",126.7645486,37.50508152,
6515,씨에스쉐어링주식회사,서울 강서구,(07807) 서울특별시 강서구 마곡중앙1로 10 한일노벨리아타워 517~520호,126.8255123,37.55836956,
6516,맘스피아평생교육원,경기 광명시,(14201) 경기도 광명시 광명로 929 정광빌딩402호,126.8551569,37.48187133,
6517,서영대학교 부설 미래평생교육원(파주분원),경기 파주시,(10843) 경기도 파주시 서영로 170 ,,,
6518,SBS아카데미게임학원,경기 안산시 단원구,"(15361) 경기도 안산시 단원구 중앙대로 929 3층 304,305호",126.8402163,37.31712047,
6519,청담뷰티아카데미학원,충남 아산시,"(31513) 충청남도 아산시 시민로 364-29 (온천동 상우빌딩) 2, 3층",,,
6520,온:피부미용아카데미학원,인천 남동구,"(21565) 인천광역시 남동구 구월남로 172 4층 404호 (구월동, 정락빌딩)",126.7085523,37.4528193,
6521,올댓뷰티아카데미학원,부산 부산진구,"(47289) 부산광역시 부산진구 중앙대로 653 6층(부전동, DR에코시티)",129.0588184,35.15108174,
6522,(학교법인)부산마케팅고등학교,부산 부산진구,(47310) 부산광역시 부산진구 봉수로 13 부산마케팅고등학교,129.0703139,35.15139072,
6523,꽃송이가플로리스트학원,충북 청주시 상당구,(28510) 충청북도 청주시 상당구 상당로158번길 6 103호,127.4902222,36.64240428,
6524,에스비에스(SBS)A&T뷰티미용학원,경기 평택시,(17912) 경기도 평택시 평택로32번길 1 2층 일부·3층 일부,,,
6525,주식회사온샘로지스,충남 아산시,(31456) 충청남도 아산시 탕정면로8번길 14-9 201호,127.0577624,36.79732541,
6526,양주꿈Dream요양보호사교육원,경기 양주시,(11451) 경기도 양주시 회정로 91 403호 양주꿈Dream요양보호사교육원,127.063238,37.83720016,
6527,평화제일요양보호사교육원,전북 전주시 완산구,(55134) 전라북도 전주시 완산구 모악로 4753 3층 평화제일요양보호사교육원,127.1318433,35.79355585,
6528,헤르바플로리스트공예학원,경기 용인시 수지구,(16944) 경기도 용인시 수지구 광교중앙로 319 401호,127.0689179,37.29845457,
6529,엠제이케익아트학원,대전 동구,(34572) 대전광역시 동구 동서대로 1688 빅플러스타워 501호,127.4373541,36.34880142,
6530,강릉시장애인종합복지관,강원 강릉시,(25440) 강원도 강릉시 방동길 68 강릉시장애인종합복지관,128.8562536,37.81945214,
6531,송광행복타운,전남 여수시,(59609) 전라남도 여수시 장전길 84-31 송광행복타운,127.6079302,34.82362781,
6532,참사랑어머니회,경북 포항시 남구,(37769) 경상북도 포항시 남구 중흥로114번길 8 2층(상도동),129.3527022,36.01446402,
6533,예준애견미용학원,대구 중구,(41906) 대구광역시 중구 태평로 298 2~3층,128.6099279,35.87303126,
6534,뉴아산요양보호사교육원,충남 아산시,(31480) 충청남도 아산시 배방읍 모산로 103 7층 702호,,,
6535,네발클로버애견미용학원,경기 평택시,(17854) 경기도 평택시 비전5로 20-25 901,127.1145838,36.99927282,
6536,케이뷰티아카데미학원,전북 군산시,(54022) 전라북도 군산시 대학로 36-1 2층,,,
6537,베스트의정부애견미용학원,경기 의정부시,(11651) 경기도 의정부시 신흥로232번길 5-8 (의정부동) 3층(의정부동),,,
6538,베스트강남애견미용학원,서울 강남구,(06093) 서울특별시 강남구 선릉로 630 3층 전체(삼성동),,,
6539,청담더뷰티미용학원,광주 동구,(61483) 광주광역시 동구 충장로 80-5 5층(충장로2가),126.9158805,35.14796421,
6540,케이제이하이텍주식회사,충남 아산시,(31470) 충청남도 아산시 광장로 177-14 1동 1221호(시그마빌S),,,
6541,인플러스요양보호사교육원,경기 성남시 분당구,(13615) 경기도 성남시 분당구 돌마로 43 (금곡동 메디파크빌딩) 8층801호,127.1067953,37.35050632,
6542,갈매IT컴퓨터아트학원,경기 구리시,(11901) 경기도 구리시 갈매중앙로 89-10 501호,127.1169527,37.63291353,
6543,주식회사유티인프라,서울 양천구,(07938) 서울특별시 양천구 신정중앙로 87 동일빌딩 5층 유티인프라,126.8616753,37.52667661,
6544,해운대관광고등학교,부산 해운대구,(48086) 부산광역시 해운대구 우동2로60번길 38 해운대관광고등학교,129.1573563,35.16977974,
6545,예손네일미용학원,경남 창원시 마산회원구,(51210) 경상남도 창원시 마산회원구 3·15대로 729 2층,128.5813294,35.23742681,
6546,SBS아카데미게임학원,서울 노원구,(01689) 서울특별시 노원구 노해로 459 메가빌딩 6층 ,127.0589081,37.65429937,
6547,케이잡스주식회사,서울 용산구,(04352) 서울특별시 용산구 한강대로80길 11-49 1층  2호,126.973281,37.5433445,
6548,에스케이스페셜티 주식회사,경북 영주시,(36059) 경상북도 영주시 가흥공단로 63 ,,,
6549,밀성제일고등학교,경남 밀양시,(50422) 경상남도 밀양시 석정로 127 (내이동),128.7516607,35.50137421,
6550,고정현헤어부평점,인천 부평구,(21362) 인천광역시 부평구 마장로 296 롯데마트 부평점 2F,126.7040276,37.50492139,
6551,한국국제조리고등학교,경북 영주시,(36167) 경상북도 영주시 영봉로 28 교육연구시설,128.6418001,36.81562615,
6552,(주)디어스세다,경기 안양시 동안구,"(13929) 경기도 안양시 동안구 동편로 54-11 9층 에이호(관양동, 디어스빌딩)",126.9746666,37.40958286,
6553,(주)에이티플러스,경기 화성시,(18513) 경기도 화성시 가장로 335-31 ,,,
6554,퍼스트뷰티아카데미학원,전북 전주시 완산구,(55124) 전라북도 전주시 완산구 평화7길 22 송정써미트아파트 상가동 309호,127.1378923,35.78586152,
6555,화순중앙요양보호사교육원,전남 화순군,"(58115) 전라남도 화순군 광덕로 240 2층 201호,203호",126.992873,35.06606173,
6556,문수요양보호사교육원,서울 구로구,"(08324) 서울특별시 구로구 구일로 110 3층 305호(구로동, 해원리버파크)",126.8718446,37.49484731,
6557,한국문화센터용인평생교육원,경기 용인시 처인구,(17026) 경기도 용인시 처인구 포곡읍 포곡로61번길 6(인정멜로디상가) 208호 209호,127.2127125,37.26754404,
6558,한국생명과학고등학교,경북 안동시,(36663) 경상북도 안동시 하이마로 385 ,,,
6559,함안메트로요양보호사교육원,경남 함안군,(52040) 경상남도 함안군 남경길 32 401호 중 일부 ,128.4095616,35.27880338,
6560,부평아이비알뷰티미용학원,인천 부평구,(21394) 인천광역시 부평구 시장로 7 2층 전체(부평동),126.7238334,37.49201359,
6561,베버릿커피조주제과학원,서울 송파구,(05621) 서울특별시 송파구 송파동 백제고분로41길 8-8(다원빌딩) 3층 301호,127.1087084,37.50709907,
6562,신부산전기기술학원,경남 거제시,(53248) 경상남도 거제시 중곡로2길 68 2~3층(고현동),128.6351404,34.89266561,
6563,해남중앙요양보호사교육원,전남 해남군,(59024) 전라남도 해남군 해남로 45 2층 해남중앙요양보호사교육원,126.6126147,34.57163361,
6564,주식회사복지유니온,서울 광진구,(04993) 서울특별시 광진구 자양로 247 2cmd,127.0888168,37.54867782,
6565,대일관광고등학교,서울 양천구,(08051) 서울특별시 양천구 신정이펜1로 11 대일관광고등학교,126.8350687,37.51100964,
6566,금천씨스템(주),충남 당진시,(31739) 충청남도 당진시 관곡길 2 금천씨스템,126.7436544,36.88608341,
6567,재단법인스마트건설교육원,서울 용산구,(04387) 서울특별시 용산구 서빙고로 17 16층 6~12호,126.967609,37.52581873,
6568,4284부대,서울 용산구,(04383) 서울특별시 용산구 이태원로 22 (용산동3가) 국군  4284부대  교육훈련센터,126.9775276,37.53359681,
6569,세현전기학원,전북 익산시,(54601) 전라북도 익산시 중앙로 48 대명빌딩 3층(갈산동),126.9519929,35.9382005,
6570,강호항공고등학교,전북 고창군,(56448) 전라북도 고창군 중거리당산로 78-22 강호항공고등학교,126.6993295,35.4253406,
6571,블랙소울커피전문바리스타학원,경기 부천시,(14544) 경기도 부천시 길주로 80 305호 블랙소울바리스타아카데미,126.7513804,37.50497764,
6572,참사랑요양보호사교육원,경남 양산시,(50611) 경상남도 양산시 청운로 349 704호,129.0157295,35.32744843,
6573,모트렉스(주),경기 성남시 분당구,"(13595) 경기도 성남시 분당구 황새울로258번길 25 12층(수내동, 수내파이낸스타워0",127.1169628,37.37936542,
6574,내일회계컴퓨터학원,경기 평택시,"(17854) 경기도 평택시 비전2로 196 504호, 505호 전부(비전동)",127.1123392,37.00082475,
6575,풍산건축배관기술학원,경기 고양시 덕양구,(10461) 경기도 고양시 덕양구 주교동 마상로126번길 95 2층,126.833595,37.65651963,
6576,C&Y커피바리스타학원,전남 나주시,(58217) 전라남도 나주시 우정로 106 토담스타타워 B309호,126.7917572,35.02330699,
6577,한국항만물류고등학교,전남 광양시,(57707) 전라남도 광양시 신시길 177 ,,,
6578,비앤디미용학원,경남 하동군,(52329) 경상남도 하동군 중앙로 49 2층 에또식당,127.7470199,35.07065693,
6579,마이스터기술학원,전북 정읍시,(56165) 전라북도 정읍시 씨교1길 44 2층(장명동),126.8604234,35.56463615,
6580,남양주탑요양보호사교육원,경기 남양주시,(12122) 경기도 남양주시 퇴계원읍 퇴계원로6번길 13 향산빌딩 201호,127.1420013,37.64814207,
6581,정보와기술(주),서울 금천구,"(08512) 서울특별시 금천구 디지털로9길 68 대륭포스트타워5차 1806,1807,1808,1809,1810호",126.8862273,37.48104113,
6582,온맘터치안산요양보호사교육원,경기 안산시 단원구,(15359) 경기도 안산시 단원구 고잔로 54 에이스타워 3층 310/311호,126.8320783,37.31897412,
6583,우리컴퓨터아카데미학원,경기 구리시,"(11921) 경기도 구리시 건원대로 36(인창동, 화성골드프라자) 406호",127.140493,37.60443087,
6584,통영애견미용학원,경남 통영시,(53034) 경상남도 통영시 원문로 148 청화빌딩 102호(2층),128.4199323,34.86574874,
6585,kbs아트비전뷰티미용학원,경남 창원시 마산회원구,(51210) 경상남도 창원시 마산회원구 3·15대로 727 1201호,128.5811932,35.23720328,
6586,한국식품공예연구원 디저트 케이크 떡학원,서울 영등포구,(07306) 서울특별시 영등포구 영등포동1가 경인로 882(여의도씨티아이) 2층 한국식품공예연구원 디저트케이크떡학원,126.9106712,37.51742682,
6587,우리마더요양보호사교육원,강원 원주시,(26471) 강원도 원주시 치악로 1535 4층,127.9640999,37.32088785,
6588,엘림요양보호사교육원,부산 기장군,(46004) 부산광역시 기장군 용수1길 28 엘림요양보호사교육원,129.1736036,35.32981637,
6589,동명공업고등학교,부산 남구,(48520) 부산광역시 남구 신선로 410 ,,,
6590,클래스클라우드 TCK평생교육원,서울 중구,(04534) 서울특별시 중구 남대문로 78 3층 ,126.9829954,37.56411424,
6591,참사랑평생교육원,울산 남구,(44691) 울산광역시 남구 달동 삼산로 79 2층,129.3161705,35.53479489,
6592,전남인력개발교육원,전남 여수시,(59674) 전라남도 여수시 시청서3길 25-5 2층 (학동),127.657818,34.75737925,
6593,한마음요양보호사교육원,충남 태안군,(32143) 충청남도 태안군 태안읍 환동로 82(태안프라자) 4층,,,
6594,(주)에스앤아이코퍼레이션,서울 강서구,(07789) 서울특별시 강서구 마곡중앙로 150 7-8층 에스앤아이 엣스퍼트,126.8285141,37.56697841,
6595,효양요양보호사교육원,경기 평택시,(17761) 경기도 평택시 탄현로 289 4층,127.0548717,37.07834629,
6596,봄빛베스트 산후도우미 평생교육원,경기 안양시 동안구,(13938) 경기도 안양시 동안구 관악대로 343 3층 전체(관양동),126.960946,37.40405561,
6597,대교뉴이프 요양보호사교육원,서울 관악구,(08708) 서울특별시 관악구 보라매로3길 23 3층 ,126.9257878,37.49103858,
6598,한결요양보호사교육원,서울 성북구,"(02718) 서울특별시 성북구 정릉로 251 , (201호)",127.0120775,37.6047768,
6599,다옴커피바리스타제과제빵학원,광주 북구,(61116) 광주광역시 북구 북문대로 42 5층 일부,126.8814362,35.17551582,
6600,이룸뷰티미용학원,광주 북구,(61116) 광주광역시 북구 북문대로 42 운암동  현대빌딩A동  5층일부,126.8814362,35.17551582,
6601,마포요양보호사교육원,서울 마포구,(04047) 서울특별시 마포구 양화로6길 65 3층 마포요양보호사교육원,126.9177054,37.54861529,
6602,참좋은요양보호사교육원,경기 하남시,(12970) 경기도 하남시 신장로 172 (덕풍동) 4층,127.2004522,37.54075931,
6603,월드클래스커피바리스타학원,서울 광진구,(05008) 서울특별시 광진구 군자로 43 아스하임 201호,127.0699852,37.54704122,
6604,아름다운사람들 뷰티아카데미인천서구캠퍼스학원,인천 서구,(22675) 인천광역시 서구 청마로19번길 13 디자인빌딩 402호,126.6717488,37.59224857,
6605,주식회사대구드론자격전문교육원,대구 동구,(41029) 대구광역시 동구 팔공로 193 (주)대구드론자격전문교육원,128.640773,35.91598981,
6606,바른요양보호사교육원,서울 성북구,(02800) 서울특별시 성북구 종암로 78 2층,127.035437,37.59716842,
6607,삼송간호학원,경기 고양시 덕양구,(10585) 경기도 고양시 덕양구 지축1로 39 지축프라자 707호 708호,126.917891,37.65406581,
6608,더행복요양보호사교육원,전북 전주시 완산구,(55060) 전라북도 전주시 완산구 서원로 64 2층,127.1013696,35.81324997,
6609,김시언미주아뷰티아카데미미용학원,경북 영천시,(38838) 경상북도 영천시 중앙동3길 50 2층,,,
6610,누리요양보호사교육원,경기 의정부시,(11738) 경기도 의정부시 동일로 462 5층(신곡동),127.0596227,37.72951146,
6611,경남도립남해대학,경남 남해군,(52422) 경상남도 남해군 화전로78번길 30 ,,,
6612,지성요양보호사교육원,서울 마포구,(04158) 서울특별시 마포구 큰우물로 75 704호,126.9462503,37.54119929,
6613,룰루양천구로요양보호사교육원,서울 양천구,(08101) 서울특별시 양천구 목동남로 48 (신정동) 3층,126.8649324,37.5087868,
6614,동대문요양보호사교육원,서울 동대문구,(02554) 서울특별시 동대문구 왕산로 238 4층 동대문요양보호사교육원,127.0484953,37.58239704,
6615,떡과디저트학원,경남 거제시,(53269) 경상남도 거제시 장평3로3길 8 2층 203호,128.6082224,34.89049158,
6616,한국직업훈련평생교육원,서울 송파구,(05626) 서울특별시 송파구 백제고분로41길 7-23 5층,127.1072933,37.50610023,
6617,한빛전기기술학원,경북 구미시,"(39220) 경상북도 구미시 역전로 20 3,4층 일부",128.3321264,36.13028387,
6618,주식회사킹고바이오,서울 구로구,(08390) 서울특별시 구로구 디지털로32길 30 코오롱디지털타워빌란트 1차 312호,126.8964558,37.48340239,
6619,울산 우리컴퓨터아카데미,울산 남구,"(44678) 울산광역시 남구 삼산로 15 6층(신정동, 서관.동관)",129.309596,35.53307287,
6620,루이아카데미학원,제주 제주시,(63197) 제주특별자치도 제주시 중앙로 195 3층,126.5284517,33.5019264,
6621,비아이티(BIT)살롱,대구 동구,(41229) 대구광역시 동구 동부로 149 7층,128.6289693,35.87779847,
6622,화성재원요양보호사교육원,경기 화성시,(18313) 경기도 화성시 진등1길 62 2층,126.9495665,37.22090932,
6623,세종다옴요리학원,세종 세종,(30123) 세종특별자치시  한누리대로 321 201호 세종다옴요리학원,127.2557823,36.49292271,
6624,리오베평생교육원,서울 서초구,(06542) 서울특별시 서초구 사평대로55길 29 2층,127.0220856,37.50515371,
6625,덕계요양보호사교육원,경기 양주시,(11438) 경기도 양주시 평화로1570번길 13 2층,127.0543149,37.8293662,
6626,신마산제일요양보호사교육원,경남 창원시 마산합포구,(51745) 경상남도 창원시 마산합포구 해안대로 41 402호,128.5629725,35.18109476,
6627,정왕요양보호사교육원,경기 시흥시,(15040) 경기도 시흥시 옥구상가2길 3 4층 407호 ,126.724358,37.35355781,
6628,케이드림간호학원,서울 동대문구,(02581) 서울특별시 동대문구 보문로 6 3층(신설동),127.0235188,37.57606114,
6629,미래교육지원연구소 원격평생교육원,서울 마포구,(04072) 서울특별시 마포구 합정동 독막로8길 6 3층,126.9178989,37.54756127,
6630,안산YWCA요양보호사교육원,경기 안산시 단원구,(15471) 경기도 안산시 단원구 광덕서로 66 413-416호,126.8276302,37.31058812,
6631,해드림요양보호사교육원,경기 부천시,(14724) 경기도 부천시 경인로 133 2층 ,126.7702413,37.48417634,
6632,영구크린아카데미학원,경기 성남시 수정구,(13113) 경기도 성남시 수정구 성남대로 1540 6층,127.1268176,37.46732958,
6633,미라인뷰티아카데미당진미용학원,충남 당진시,(31772) 충청남도 당진시 시청1로 84 3층,126.638353,36.89124959,
6634,바이도로시평생교육원,경기 군포시,(15862) 경기도 군포시 번영로 492 6층 602호,126.9322573,37.35694609,
6635,서울게임아카데미일산학원,경기 고양시 일산동구,"(10417) 경기도 고양시 일산동구 일산로 232 4층 일부(마두동, 코만빌딩)",126.7888778,37.65699263,
6636,온캠퍼스원격평생교육원,서울 서초구,"(06755) 서울특별시 서초구 바우뫼로20길 8 다산빌딩 2층 204호,205호(양재동)",,,
6637,(주)연무기술,대전 유성구,(34121) 대전광역시 유성구 대덕대로590번길 11-14 연무기술,127.3795176,36.38626968,
6638,라인인테리어학원,경기 화성시,"(18412) 경기도 화성시 경기대로 1025-5(병점동, 병점제일타운) 202-1호, 208호, 501호, 605호",127.0353762,37.20690406,
6639,장현온누리요양보호사교육원,경기 시흥시,(14995) 경기도 시흥시 승지로59번길 3 502호,126.8096346,37.36919825,
6640,KH영상아카데미,서울 강남구,(06052) 서울특별시 강남구 논현동 논현로132길 9(마루빌딩) 3층,127.0311596,37.51507181,
6641,이너지컨설팅,서울 마포구,(04175) 서울특별시 마포구 마포대로 12 한신빌딩 1007호,126.9447253,37.53792797,
6642,영종바리스타제빵학원,인천 중구,(22397) 인천광역시 중구 하늘별빛로65번길 7-12 JS타워 901호 902호,126.5638529,37.48840099,
6643,울산에스비에스아카데미뷰티스쿨학원,울산 중구,(44532) 울산광역시 중구 젊음의2거리 29 (성남동) 4층 일부,129.3199209,35.55326647,
6644,서울게임아카데미 수원학원,경기 수원시 영통구,"(16509) 경기도 수원시 영통구 도청로89번길 43 203, 203-1호, 204호",127.0470882,37.28873367,
6645,제이케이플라워디자인학원,경기 화성시,"(18316) 경기도 화성시 상봉길 51-12 301호 (봉담읍 ,현재타운2동)",126.9534322,37.21929815,
6646,은석요양보호사교육원,경남 김해시,(50822) 경상남도 김해시 활천로 294 4층(삼방동 194-3),128.9112974,35.24304546,
6647,주식회사 엔켐(풍세지점),충남 천안시 동남구,(31214) 충청남도 천안시 동남구 풍세산단5로 17 주식회사 엔켐(천안공장),127.102599,36.73329978,
6648,"퍼스트아카데미(바리스타,제과제빵)학원노원",서울 노원구,(01695) 서울특별시 노원구 노해로85길 14 4층,127.0652329,37.65599902,
6649,비앤피랩평생교육원,서울 서초구,(06651) 서울특별시 서초구 사임당로 32 재우빌딩 4층,127.0133861,37.4877386,
6650,주식회사지란지교데이터,대전 유성구,(34016) 대전광역시 유성구 테크노3로 65 6층 603호 (관평동),127.3907091,36.42920991,
6651,공도요양보호사교육원,경기 안성시,(17561) 경기도 안성시 공도4로 47 402호,127.1695517,37.00391195,
6652,장성군장애인종합복지관,전남 장성군,(57221) 전라남도 장성군 강변안길 90 장성군장애인종합복지관,126.7763571,35.30227277,
6653,사단법인제주산학융합원,제주 제주시,(63243) 제주특별자치도 제주시 첨단로8길 40 303호 제주산학융합지구 제2동 기업연구관,126.56751,33.44728028,
6654,김재용애견미용학원,경기 수원시 영통구,(16525) 경기도 수원시 영통구 매여울로40번길 37 영광빌딩 4층,127.0470337,37.27254223,
6655,비하이평생교육원,대구 중구,(41967) 대구광역시 중구 달구벌대로 2094 메디스퀘어빌딩3층 303호,128.5927012,35.86529873,
6656,맘보바리스타제과제빵학원 안산점,경기 안산시 단원구,(15360) 경기도 안산시 단원구 고잔2길 41 205호,126.8356006,37.31787089,
6657,맘보바리스타제과제빵학원 대구지점,대구 중구,(41958) 대구광역시 중구 명륜로23길 106 5층 504호,128.5948377,35.86473877,
6658,아리아케어종로요양보호사교육원,서울 종로구,(03139) 서울특별시 종로구 종로 123 7층,126.9912229,37.57059341,
6659,성남베이킹 제과제빵학원,경기 성남시 수정구,(13316) 경기도 성남시 수정구 수정로88번길 5 2층 성남베이킹제과제빵학원,127.1305126,37.4398812,
6660,올바른요양보호사교육원,경기 용인시 기흥구,(16897) 경기도 용인시 기흥구 죽전로 3 702호,127.1090783,37.3206806,
6661,동탄역요양보호사교육원,경기 화성시,"(18478) 경기도 화성시 동탄대로19길 10 신유메디프라자 706,707호",127.0977203,37.19710499,
6662,맘보바리스타제과제빵학원 청주지점,충북 청주시 서원구,(28575) 충청북도 청주시 서원구 1순환로648번길 2 ,,,
6663,맘보바리스타제과제빵학원 일산지점,경기 고양시 일산동구,(10403) 경기도 고양시 일산동구 정발산로 38 404호,126.7731153,37.65664765,
6664,맘보바리스타제과제빵학원 분당지점,경기 성남시 분당구,(13590) 경기도 성남시 분당구 황새울로 315 501호,127.1203245,37.38475018,
6665,화순동행요양보호사교육원,전남 화순군,"(58107) 전라남도 화순군 오성로 460 오성2차아파트 상가동 2층, 201호, 202호",126.9593997,35.05138916,
6666,함께하는요양보호사교육원,경기 고양시 덕양구,(10285) 경기도 고양시 덕양구 통일로 760 (관산동 더퍼스트프라임) 325호 326호,126.866064,37.68776728,
6667,맘보바리스타제과제빵학원,경기 부천시,(14544) 경기도 부천시 상동로 87 808호,126.7523864,37.50512393,
6668,경기케이요양보호사교육원,경기 수원시 장안구,(16267) 경기도 수원시 장안구 영화동 경수대로 789(라이온스빌딩) 2층,127.0187271,37.29231793,
6669,안산탑애견미용학원,경기 안산시 상록구,"(15494) 경기도 안산시 상록구 양지편로 28(이동, 진성프라자) 503호, 504호",,,
6670,강샘간호학원,경기 파주시,"(10894) 경기도 파주시 금바위로 42(와동동, 운정법조타운) 501호전부, 502호일부",,,
6671,라인전기학원,경기 화성시,"(18411) 경기도 화성시 경기대로 1014(병점동, 병점프라자) 201호, 202호일부, 301호, 402호",127.0366421,37.20648162,
6672,특허법인씨엔에스,서울 강남구,(06292) 서울특별시 강남구 언주로30길 13 대림아크로텔 C동 7층 특허법인씨엔에스,127.0512532,37.48786431,
6673,경동대학교 양주캠퍼스 부설 평생교육원,경기 양주시,(11458) 경기도 양주시 경동대학로 27 ,,,
6674,고운요양보호사교육원,경기 용인시 기흥구,(16972) 경기도 용인시 기흥구 구갈로60번길 1 4층 401호 ,127.1116029,37.2797358,
6675,천호화이트애견미용학원,서울 강동구,(05245) 서울특별시 강동구 올림픽로 697 B동 2층,127.1248731,37.54365462,
6676,토브중구요양보호사교육원,서울 중구,(04598) 서울특별시 중구 동호로 201 제성빌딩3층,127.009412,37.55575461,
6677,에이치바리스타학원,경기 광주시,(12758) 경기도 광주시 광주대로 9 3층 에이치바리스타학원,127.2605631,37.40747642,
6678,예원평생교육원,경기 부천시,(14670) 경기도 부천시 부일로 753 (역곡동 로하스타워) 10층 1001호 예원평생교육원,,,
6679,별관 서울인테리어기술교육원,서울 은평구,"(03307) 서울특별시 은평구 대서문길 19 (진관동) 1,2,3층",126.9476131,37.65680441,
6680,코리아IT아카데미학원,서울 노원구,(01693) 서울특별시 노원구 상계동 상계로1길 34(세일학원) 5층,127.0616304,37.65752351,
6681,삼천포희망요양보호사교육원,경남 사천시,(52559) 경상남도 사천시 벌리로 7 2층,128.0806843,34.93878488,
6682,스마일요양보호사교육원,경기 성남시 수정구,(13144) 경기도 성남시 수정구 산성대로 423 연우빌딩 4층,127.1586014,37.44965943,
6683,제이더블유중외제약(주)당진공장,충남 당진시,(31720) 충청남도 당진시 한진1길 56 ,,,
6684,디자인더아카데미 학원,전북 전주시 덕진구,(54806) 전라북도 전주시 덕진구 삼례로 83 1층 일부,127.0765404,35.88516002,
6685,미리요양보호사교육원,경기 부천시,(14598) 경기도 부천시 상일로 82 906-907호,126.7516643,37.491121,
6686,삼척상공회의소,강원 삼척시,"(25921) 강원도 삼척시 진주로 54 2층, 삼척상공회의소",129.1640097,37.4455592,
6687,토브요양보호사교육원,서울 송파구,(05568) 서울특별시 송파구 백제고분로 175 2층 토브요양보호사교육원,127.0863012,37.50501771,
6688,북부권노인종합복지관,전북 익산시,(54511) 전라북도 익산시 함열중앙로 83 익산시북부노인종합복지관,126.9664572,36.07827348,
6689,강릉제빵커피학원,강원 강릉시,(25528) 강원도 강릉시 임영로179번길 1 7.8층,128.8912749,37.75701802,
6690,탑전기학원,경북 구미시,(39367) 경상북도 구미시 수출대로 152 201호,128.3809889,36.1104566,
6691,예닮요양보호사교육원,대전 대덕구,(34418) 대전광역시 대덕구 비래서로 43 비래프라자3층 예닮요양보호사교육원,127.4496285,36.35432534,
6692,토브서초요양보호사교육원,서울 서초구,(06664) 서울특별시 서초구 방배로 142 3층 토브서초요양보호사교육원,126.9946619,37.48651342,
6693,거제미용학원,경남 거제시,(53223) 경상남도 거제시 거제대로 3802 403호 (옥포동),128.6864351,34.89504818,
6694,토브광진요양보호사교육원,서울 광진구,"(04932) 서울특별시 광진구 능동로 426 , (201호)",127.0849891,37.56672725,
6695,장곡요양보호사교육원,경기 시흥시,(15002) 경기도 시흥시 장곡로 17 204호,126.786859,37.37897086,
6696,로렌트리공예학원,경기 안산시 단원구,(15338) 경기도 안산시 단원구 당곡2로 23 바동상가 205-1,126.8377179,37.32464053,
6697,김포직업상담사학원,경기 김포시,(10071) 경기도 김포시 김포한강9로76번길 37 경서프라자 601호,126.6272508,37.64399321,
6698,효사랑요양보호사교육원,경남 김해시,(50960) 경상남도 김해시 분성로 62 3층 301호(외동),128.8539675,35.23142777,
6699,중랑신내요양보호사교육원,서울 중랑구,(02067) 서울특별시 중랑구 봉화산로 236 4층 402호(신내동),127.0989299,37.60766625,
6700,인천참사랑평생교육원,인천 남동구,(21510) 인천광역시 남동구 백범로 376 802호 ( 간석동 도시타워),126.709606,37.46659815,
6701,도봉요양보호사교육원,서울 도봉구,(01327) 서울특별시 도봉구 마들로 703 6층,127.0462723,37.67296374,
6702,대동이앤티(주),경기 평택시,(17704) 경기도 평택시 수월암길 40 ,,,
6703,올가드림뷰티아카데미학원,경기 화성시,(18472) 경기도 화성시 동탄순환대로25길 24 303호(영청동),127.1095011,37.20455557,
6704,뉴컴퓨터전산회계학원,대구 달서구,(42654) 대구광역시 달서구 당산로30길 6 3층 뉴컴퓨터전산회계학원,128.5474005,35.84935383,
6705,파주건설평생교육원,경기 파주시,(10830) 경기도 파주시 말구리길 82-10 1층,126.8985041,37.79786118,
6706,충남직업능력개발센터,충남 논산시,(32998) 충청남도 논산시 대학로 118 3층,127.1108535,36.18048077,
6707,무궁화요양보호사교육원,경남 창원시 성산구    ,(51449) 경상남도 창원시 성산구 동산로 166 206호,128.693595,35.22226618,
6708,실버건강요양보호사교육원,경남 창원시 성산구    ,(51514) 경상남도 창원시 성산구 용지로113번길 12 4층,128.6780658,35.22653754,
6709,실버요양보호사교육원,경남 창원시 성산구    ,(51445) 경상남도 창원시 성산구 신사로 4 28동 301호,128.6873744,35.22523678,
6710,SBS아카데미뷰티학원,경기 의정부시,(11670) 경기도 의정부시 시민로 83 광장타워 403호,127.044575,37.7389868,
6711,하라커피아카데미학원,경남 양산시,(50653) 경상남도 양산시 증산역로 167 GT프라자 303호,129.0081454,35.3093174,
6712,"HRD대구탑(경매,법률,관광등)평생교육원",대구 서구,(41727) 대구광역시 서구 달서로 284 (원대동3가) 3층,128.5754545,35.88665734,
6713,다원인창요양보호사교육원,경기 구리시,(11921) 경기도 구리시 건원대로76번길 42 두레빌딩 4층,127.1416817,37.60747957,
6714,CETI신불당캠퍼스컴퓨터학원,충남 천안시 서북구,"(31156) 충청남도 천안시 서북구 불당22대로 92 316호, 317호",127.1087571,36.81524085,
6715,실버사랑요양보호사교육원,경남 창원시 성산구    ,(51513) 경상남도 창원시 성산구 용지로117번길 21 3층(중앙동),128.6775923,35.22754444,
6716,청춘더하기어르신요양보호사교육원,서울 영등포구,"(07445) 서울특별시 영등포구 시흥대로 589-8(대림동, 신대림자이) 207호",126.9022572,37.4859922,
6717,에스비컴퓨터회계아카데미,서울 강서구,(07702) 서울특별시 강서구 강서로 188 삼화빌딩 3층,126.8391834,37.54314465,
6718,베이직패션학원,대전 중구,(34983) 대전광역시 중구 문화로 91-2 3~4층,127.3958511,36.31199731,
6719,파우제직업전문학원,서울 영등포구,"(07256) 서울특별시 영등포구 당산동3가 당산로33길 17 포제이빌딩 201,202호",126.8949376,37.52746177,
6720,한솔요리커피바리스타제과제빵학원,인천 부평구,(21395) 인천광역시 부평구 경원대로 1395 14층,126.724467,37.49189796,
6721,쇼위플라워컬러디자인학원,경기 수원시 팔달구,"(16488) 경기도 수원시 팔달구 권광로196번길 24 904호 ,905호",127.0344139,37.26443701,
6722,(주)케이티엔티,대전 유성구,(34164) 대전광역시 유성구 장대로 95 ,,,
6723,수석요양보호사교육원,경기 고양시 일산동구,"(10401) 경기도 고양시 일산동구 무궁화로 32-34 라페스타 C 2층 7,8,9호(장항동)",126.7685446,37.66145883,
6724,맘보바리스타제과제빵학원 홍대지점,서울 마포구,(04039) 서울특별시 마포구 홍익로5길 13 3층 (서교동),126.921728,37.5540871,
6725,현대직업기술학원,대구 달서구,(42656) 대구광역시 달서구 장기로 88-2 2층,128.5509751,35.84363064,
6726,(사)경상북도장애인부모회안동지부,경북 안동시,"(36691) 경상북도 안동시 단원로 214-3 2층, 안동시장애인부모회 ",128.7272992,36.56957934,
6727,MBC아카데미 요양보호사교육원,서울 은평구,(03336) 서울특별시 은평구 갈현동 연서로17길 24 2층 202호,126.9152533,37.6132228,
6728,안중참사랑요양보호사교육원,경기 평택시,(17932) 경기도 평택시 안현로서6길 46 3층 안중참사랑요양보호사교육원,126.9243809,36.98485524,
6729,BM아트미용예술학원,경기 이천시,(17370) 경기도 이천시 애련정로103번길 31-12 2층,127.448327,37.27924504,
6730,비트캠퍼스(BITcampus),서울 서초구,(06621) 서울특별시 서초구 서초대로74길 33 비트빌 3층 일부,127.0273524,37.49445795,
6731,명심요양보호사교육원,경기 안양시 만안구,(13968) 경기도 안양시 만안구 안양로 493 2층,126.9088448,37.41333306,
6732,가좌요양보호사교육원,경남 진주시,(52820) 경상남도 진주시 가좌동 진주대로 620-4 2층,128.1070162,35.16173018,
6733,에스케이비아카데미서경미용학원,서울 은평구,"(03375) 서울특별시 은평구 통일로 697 2층(녹번동, 남영빌딩)",126.9316921,37.60802623,
6734,씨엔원에듀 원격평생교육원,경기 고양시 일산동구,(10449) 경기도 고양시 일산동구 백석동 호수로 358-39(동문타워I) 504호,126.7865635,37.6404624,
6735,연세요양보호사교육원,대전 중구,(34973) 대전광역시 중구 계백로 1592 3층301호,127.3974068,36.31799396,
6736,주식회사광성기공,대전 대덕구,(34326) 대전광역시 대덕구 신일서로18번길 20 ,,,
6737,남부요양보호사교육원,서울 금천구,(08568) 서울특별시 금천구 독산로 142 3층 302호,126.9049546,37.46010094,
6738,진천군가족센터,충북 진천군,(27831) 충청북도 진천군 중앙북1길 11-10 2층 진천군가족센터,127.4394513,36.86104587,
6739,서부경남중장비학원,경남 진주시,(52842) 경상남도 진주시 정자천로15번길 15-1 서부경남중장비학원,128.1728953,35.13842647,
6740,한국반려견연합학원,전남 순천시,(58012) 전라남도 순천시 해룡면 신대2길 6-55 5층,127.5481775,34.93532938,
6741,신혜경커피아카데미학원,서울 송파구,(05679) 서울특별시 송파구 삼학사로 34 3층,127.0970958,37.50023433,
6742,세이뷰티아카데미학원,전남 나주시,"(58217) 전라남도 나주시 상야4길 10 (빛가람동) 213호, 218호",126.7932491,35.02264257,
6743,(주)이노그리드,서울 중구,(04551) 서울특별시 중구 을지로 100 B동 10층 (파인에비뉴),126.9887562,37.5657909,
6744,참사랑요양보호사교육원,경기 부천시,(14721) 경기도 부천시 경인로53번길 8 302호 일부,126.7614341,37.48404154,
6745,한빛교육진흥원 원격평생교육시설,서울 강서구,(07766) 서울특별시 강서구 강서로17길 137 501호 ,126.8382919,37.53172791,
6746,올패스아카데미컴퓨터회계학원,대구 중구,(41968) 대구광역시 중구 중앙대로 283 엠투엠빌딩 6층,128.5908089,35.85868241,
6747,강현주바리스타학원,제주 서귀포시,"(63620) 제주특별자치도 서귀포시 태위로 507 1층, 102호",126.7013036,33.275299,
6748,브릴리 쥬얼리 앤 공예학원,서울 영등포구,"(07291) 서울특별시 영등포구 영등포로 106 102동 210호 (당산동2가, 대우아파트)",126.8929742,37.52145712,
6749,도로시뷰티아카데미 학원,경북 김천시,"(39583) 경상북도 김천시 자산로 200 , 2층 도로시뷰티아카데미 학원",128.1184268,36.12808526,
6750,퍼스트바리스타제과제빵학원,경기 김포시,(10071) 경기도 김포시 김포한강8로 382 고은메디타워 206~207호,,,
6751,불꽃IN요양보호사교육원,경기 안산시 단원구,(15251) 경기도 안산시 단원구 화정천동로 420 3층,126.8185522,37.34181265,
6752,연세요양보호사교육원,서울 성북구,(02865) 서울특별시 성북구 삼선교로 12 5층,127.0070824,37.58747829,
6753,한경 e-아카데미 원격평생교육시설,서울 중구,"(04505) 서울특별시 중구 청파로 463 3층 일부 (중림동, 한국경제신문사빌딩)",126.9671627,37.5600651,
6754,엔젤요양보호사교육원,충북 청주시 상당구,(28712) 충청북도 청주시 상당구 영운로 57 2층,127.4952489,36.6204955,
6755,천안YWCA여성인력개발센터부설 요양보호사 교육원,충남 천안시 동남구,(31182) 충청남도 천안시 동남구 다가말2길 39 ,,,
6756,주식회사비엠코퍼레이션,서울 영등포구,(07228) 서울특별시 영등포구 영신로 220 1705호,126.9041209,37.52672874,
6757,여성인력교육센터,대전 서구,(35261) 대전광역시 서구 문정로 12 402호,127.3814365,36.34524278,
6758,MPT(엠피티),강원 강릉시,(25451) 강원도 강릉시 과학단지로 24-3 (단독건물),128.8528877,37.79606552,
6759,사단법인미래자동차인재개발원,경기 광주시,(12735) 경기도 광주시 무들로 3-3 미래자동차인재개발원,127.2893618,37.3858671,
6760,새빛요양보호사교육원,경기 용인시 수지구,"(16860) 경기도 용인시 수지구 성복2로 17 109호(성복동, 골드프라자1)",127.0813261,37.31098023,
6761,평생직업개발원커피학원,경남 창원시 성산구    ,(51495) 경상남도 창원시 성산구 마디미서로 3 601호,128.6844531,35.22417793,
6762,뷰티정네일미용직업전문학원,경기 고양시 덕양구,"(10477) 경기도 고양시 덕양구 은빛로 43(화정동, 은하수빌딩) 802호, 801호 일부",,,
6763,퍼스트바리스타제과제빵아카데미학원,서울 마포구,(04056) 서울특별시 마포구 신촌로 20 4층(동교동),126.92839,37.55773147,
6764,사회적협동조합희망나래,제주 제주시,(63236) 제주특별자치도 제주시 구산동길 15 1층,126.542644,33.48201885,
6765,서울사회복지대학원대학교 부설 요양보호사교육원,서울 영등포구,(07301) 서울특별시 영등포구 영신로34길 18 ,,,
6766,(주)커리어스타,대구 북구,(41524) 대구광역시 북구 공항로 3 5층,128.6156391,35.8980463,
6767,수원경희간호학원,경기 수원시 영통구,(16525) 경기도 수원시 영통구 중부대로 300 3층,127.0484997,37.27301922,
6768,대주기업(주),전남 광양시,"(57812) 전라남도 광양시 제철로 1655-294 (금호동),대주기업(주)",127.711663,34.91180746,
6769,동남회계세무학원,대전 중구,(34832) 대전광역시 중구 대종로 498 동남빌딩 5층,127.425739,36.32891836,
6770,울산탑전기소방학원,울산 남구,(44648) 울산광역시 남구 거마로5번길 7 2층,129.2943882,35.53479643,
6771,아이핑거에듀(i-Finger Edu) 원격평생교육원,서울 구로구,(08390) 서울특별시 구로구 디지털로30길 31 808-1호 (구로동),126.8959817,37.48281631,
6772,종로간호학원,서울 강동구,"(05378) 서울특별시 강동구 올림픽로 630(성내동, 양서빌딩) 3층 일부",127.1234796,37.53782751,
6773,국제인지문화협회 분당교육원,경기 성남시 분당구,(13612) 경기도 성남시 분당구 정자로76번길 11 305호,127.1134604,37.36239367,
6774,국제인지문화협회울주교육원,울산 울주군,(44922) 울산광역시 울주군 대리1길 23-4 2층,129.244506,35.56962333,
6775,느티나무요양보호사교육원,경기 안양시 만안구,(13999) 경기도 안양시 만안구 삼덕로6번길 3 1층,126.9242838,37.39385553,
6776,그로스평생교육원,대전 중구,(34925) 대전광역시 중구 대종로 456 5층,127.427992,36.32541385,
6777,백세요양보호사교육원,충남 아산시,(31492) 충청남도 아산시 북수로 104 4층,127.0722398,36.7734927,
6778,하라커피아카데미학원,부산 강서구,(46726) 부산광역시 강서구 명지국제6로 21 606호 하라커피아카데미학원,128.9017223,35.09216746,
6779,빈포유플라워커피학원,대구 북구,(41581) 대구광역시 북구 칠성남로 172 2층,128.5988645,35.87674246,
6780,가수원요양보호사교육원,대전 서구,(35368) 대전광역시 서구 계백로 1145 501호 가수원요양보호사교육원,127.3504118,36.30482954,
6781,강남미래간호학원,서울 송파구,"(05806) 서울특별시 송파구 문정로 9 602, 702호",,,
6782,(주)다산교육센터,경기 남양주시,(12276) 경기도 남양주시 덕소로 274 상가에이동 211호,127.2229751,37.57747957,
6783,인천미래자동차관리학원,인천 남동구,(21603) 인천광역시 남동구 무네미로 28-22 (만수동) 1층~3층,126.7431054,37.44188108,
6784,양주호수간호학원,경기 양주시,(11473) 경기도 양주시 옥정동로7가길 30 폴리프라자 5층 507호 양주호수간호학원,127.0940596,37.82014351,
6785,코리아무인항공부설남원드론교육원,전북 남원시,(55734) 전라북도 남원시 요천로 1814 2층 코리아무인항공부설남원드론교육원,127.4097713,35.42424357,
6786,오테르뷰티아카데미학원,서울 성북구,(02741) 서울특별시 성북구 오패산로 98-8 2층 전체(하월곡동),127.0357148,37.61102537,
6787,엔젤스맘,대구 북구,(41596) 대구광역시 북구 원대로 80 고성동3가,128.5820567,35.88454315,
6788,제이디 바리스타 학원,광주 북구,(61218) 광주광역시 북구 우치로 15 2층 일부,126.9104356,35.16898863,
6789,사단법인대한안전연합,광주 광산구,"(62421) 광주광역시 광산구 상무대로 305 4층, 대한안전연합",126.7990293,35.14371382,
6790,선린대학부설요양보호사교육원,경북 포항시 북구,(37560) 경상북도 포항시 북구 초곡길36번길 30 믿음관 1층 요양보호사교육원,129.3331737,36.09087015,
6791,포스코포항제철소파트너사협회,경북 포항시 남구,(37820) 경상북도 포항시 남구 포스코대로 437 협력회관 4층 포스코포항제철소파트너사협회,129.3700739,36.0134361,
6792,한성아이디디자인스쿨학원,서울 강남구,"(06097) 서울특별시 강남구 선릉로 614(삼성동, 종원빌딩) 2층",127.043647,37.5117145,
6793,CS요양보호사교육원,경남 창원시 마산회원구,(51209) 경상남도 창원시 마산회원구 3·15대로 807 3층,128.5859354,35.24326063,
6794,부천상동요양보호사교육원,경기 부천시,(14542) 경기도 부천시 송내대로265번길 23 예성프라자 6층 601호,126.7574931,37.5067294,
6795,케이비에스(KBS)아트비전미용학원,경남 김해시,"(50948) 경상남도 김해시 내외중앙로 60 신한프라자 601호,602호",128.8671106,35.23510107,
6796,부천실버요양보호사교육원,경기 부천시,(14407) 경기도 부천시 역곡로490번길 53 401호,126.819124,37.52823084,
6797,누리드론교육원,경남 김해시,"(50926) 경상남도 김해시 봉황동 가락로7번길 32 101호, 102호, 201호",128.8790744,35.22708595,
6798,F4대림직업교육원,서울 구로구,(08371) 서울특별시 구로구 도림로20길 18 3층 일부(구로동),126.8923663,37.48876856,
6799,주군이앤씨주식회사,경기 성남시 수정구,(13640) 경기도 성남시 수정구 위례광장로 328 705호,127.1427407,37.47121313,
6800,늘한결요양보호사교육원,경기 성남시 수정구,(13262) 경기도 성남시 수정구 수정로 284 2층,127.1466787,37.44971959,
6801,사회복지법인성보재활원,대구 북구,(41528) 대구광역시 북구 동북로71길 9-29 성보재활원,128.6299986,35.89293244,
6802,경민간호학원,경기 의정부시,(11653) 경기도 의정부시 신흥로 195 경민빌딩3층,127.0431539,37.73354552,
6803,유스마트에듀평생교육원,부산 동래구,(47879) 부산광역시 동래구 충렬대로 276 청암빌딩 6층,129.0891463,35.20052257,
6804,그린컴퓨터아카데미천안학원,충남 천안시 동남구,"(31123) 충청남도 천안시 동남구 신부동 만남로 6(CARAT21) 캐럿상가 3층 303호, 305호",127.1525611,36.81834763,
6805,성훈CS,울산 동구,(44032) 울산광역시 동구 방어진순환도로 1000 엔진기계사업부 크랑크생산부 성훈CS,129.4392116,35.51544065,
6806,이원다이애그노믹스(주),인천 연수구,(22014) 인천광역시 연수구 하모니로 291 4층,126.6354048,37.37255149,
6807,주식회사나무교육,부산 동래구,(47837) 부산광역시 동래구 아시아드대로 258-1 4층 주식회사 나무교육,129.069031,35.20649072,
6808,나무원격평생교육원,부산 동래구,(47837) 부산광역시 동래구 아시아드대로 258-1 4층 나무원격평생교육원,129.069031,35.20649072,
6809,에듀나라원격평생교육원,부산 남구,(48475) 부산광역시 남구 자성로 152 한일오피스텔 301호 에듀나라평생교육원,129.0670653,35.13658613,
6810,에듀메카원격평생교육원,경기 수원시 영통구,"(16705) 경기도 수원시 영통구 반달로 110 302호 (영통동, 남일빌딩)",127.0766897,37.25310127,
6811,CMS스피치학원,경남 창원시 의창구    ,(51165) 경상남도 창원시 의창구 도계로4번길 23 2층 202호 ,128.6346522,35.25789806,
6812,편안한 간호학원,경기 부천시,(14711) 경기도 부천시 경인로 190 부천라비앙로제 304호 일부 (심곡본동),126.7766318,37.48340488,
6813,(주)신세계아이앤씨,서울 강남구,"(06142) 서울특별시 강남구 테헤란로 231(역삼동, 센터필드) EAST, 24층",127.0414986,37.50323323,
6814,(주)바인드소프트,대전 동구,"(34520) 대전광역시 동구 대학로 62 산학협력관 206호(용운동, 대전대학교)",127.4605142,36.33549494,
6815,북서울요양보호사교육원,서울 노원구,"(01791) 서울특별시 노원구 한글비석로 89(하계동, 하계1차청구아파트 201) 306~308호",127.0715438,37.63947848,
6816,주식회사비에스씨,충남 천안시 서북구,(31090) 충청남도 천안시 서북구 노태산로 98 301호,,,
6817,로하12제과제빵학원,경기 부천시,(14786) 경기도 부천시 양지로 208 301호(옥길동),126.8239306,37.467214,
6818,퍼스트아카데미,서울 서초구,(06611) 서울특별시 서초구 서초대로77길 61 지하1층,127.0236116,37.5023784,
6819,뷰미용학원,전북 군산시,(54140) 전라북도 군산시 나운안1길 7 203호(나운동) 뷰미용학원,126.7025126,35.96433154,
6820,(주)쿠바,대전 유성구,"(34025) 대전광역시 유성구 테크노2로 187(용산동, 미건테크노월드) B동 316호",,,
6821,피움요양보호사교육원,경북 상주시,(37116) 경상북도 상주시 가야로 27-1 (함창읍) 2층,128.1774667,36.56786745,
6822,(주)경향섬유,경기 포천시,(11128) 경기도 포천시 양문공단로2길 11 경향섬유,127.2590714,38.00687869,
6823,해솔정보통신주식회사,대전 서구,(35388) 대전광역시 서구 벌곡로1328번안길 143 해솔정보통신,127.3593035,36.29658468,
6824,더이음평생교육원,서울 영등포구,(07239) 서울특별시 영등포구 국회대로76가길 14 2층 일부 한국노인종합복지관협회,126.9243442,37.53061817,
6825,파인 사이버 평생교육원,서울 영등포구,(07275) 서울특별시 영등포구 영등포로5길 19 동아프라임밸리 제11층 제1104호,126.8844299,37.52381846,
6826,kbs아트비전뷰티미용학원,전남 순천시,(57967) 전라남도 순천시 연향중앙상가길 13 BYC 3층,127.5196842,34.95240865,
6827,스카이팜에듀교육원,제주 제주시,(63358) 제주특별자치도 제주시 행원로7길 18-12 1층 스카이팜에듀 교육원,126.807955,33.55445055,
6828,미래요양보호사교육원,경기 부천시 원미구,"(14548) 경기도 부천시 원미구 소향로 197(중동, 메트로팰리스1 에이동) 202호",,,
6829,피움요양보호사교육원,충북 청주시 상당구,(28715) 충청북도 청주시 상당구 상당로 16 2층,127.4913601,36.62957674,
6830,(주)대한세라믹스,전남 영암군,(58452) 전라남도 영암군 대불산단2로 128 ,,,
6831,베스핀글로벌주식회사,서울 서초구,(06627) 서울특별시 서초구 강남대로 327 15층 베스핀글로벌 주식회사,127.0301106,37.49198862,
6832,라움뷰티미용학원,경남 창원시 의창구    ,"(51164) 경상남도 창원시 의창구 도계로 23 2층, 3층",128.6346513,35.26059269,
6833,담양요양보호사교육원,전남 담양군,(57343) 전라남도 담양군 추성로 1300 2층,,,
6834,아이엠디컴퓨터학원,서울 영등포구,(07301) 서울특별시 영등포구 영등포동4가 영등포로 208 6층 일부,126.904317,37.51973301,
6835,알에프코어(주),경기 성남시 분당구,(13510) 경기도 성남시 분당구 판교로 744 분당테크노파크 C동 708호,127.1551084,37.40455974,
6836,뉴로핏주식회사,서울 강남구,(06234) 서울특별시 강남구 테헤란로 124 삼원타워 12층 ,127.0315266,37.49862861,
6837,가나안평생교육원,서울 영등포구,(07413) 서울특별시 영등포구 대림동 도림로 153 4층 일부(대림동 710-4) 401호,126.8983401,37.49428808,
6838,사단법인한마음장애인복지회,충남 천안시 동남구,(31247) 충청남도 천안시 동남구 석곡3길 60 ,,,
6839,(주)금강콘트롤,경기 화성시,(18624) 경기도 화성시 서봉로 684-8 ,,,
6840,피아스페이스원격평생교육시설,서울 서초구,"(06740) 서울특별시 서초구 바우뫼로41길 8 302호, 303호(양재동)",127.0413787,37.48107444,
6841,디어에듀평생교육원,경기 용인시 처인구,(16884) 경기도 용인시 처인구 포은대로1263번길 9 2층,127.1830434,37.34008914,
6842,글로벌사이언스,강원 강릉시,(25465) 강원도 강릉시 경포로15번길 9-3 1층 글로벌사이언스,128.8757278,37.77265237,
6843,쓰리에프,서울 강남구,(06106) 서울특별시 강남구 학동로38길 47 (논현동) 3층,127.0348569,37.51176423,
6844,주식회사신성랩메디컬,강원 강릉시,(25451) 강원도 강릉시 사임당로 641-22 해양바이오 벤처 2공장 F3-2,128.8541748,37.79623447,
6845,에듀박사평생교육원,부산 동래구,(47733) 부산광역시 동래구 온천동 중앙대로1335번길 77 7층,129.0737557,35.20749135,
6846,HRDE평생교육원,경기 용인시 기흥구,"(16954) 경기도 용인시 기흥구 흥덕1로 13 (영덕동 흥덕IT밸리) 타워동 104, 105호",,,
6847,탑에듀 원격평생교육시설,서울 금천구,"(08502) 서울특별시 금천구 가산디지털1로 196 8층 801호 일부 (가산동, 에이스테크노타워 10차)",126.8812496,37.48289216,
6848,네이버클라우드주식회사,경기 성남시 분당구,"(13561) 경기도 성남시 분당구 불정로 6(정자동, 네이버 그린팩토리) .",127.1051596,37.35941878,
6849,한울생약(주),경기 파주시,(10832) 경기도 파주시 돈유2로 170 한울생약(주),,,
6850,선우테크,울산 동구,(44032) 울산광역시 동구 방어진순환도로 1000 엔진기계가공1-2,129.4392116,35.51544065,
6851,주식회사블루로봇,세종 세종,(30033) 세종특별자치시  군청로 93 (조치원읍 조치원청사) 세종창조경제혁신센터 인큐베이팅룸 i-8,127.2924936,36.59282032,
6852,(복)석촌재단성모신나는일터,충남 아산시,(31424) 충청남도 아산시 신정리길 189 ,,,
6853,프로펫그루밍인터내셔널평생교육원,경기 안산시 상록구,(15533) 경기도 안산시 상록구 상록수안길 7 1층,126.8676797,37.3019548,
6854,에이블런원격학원,서울 금천구,"(08505) 서울특별시 금천구 가산디지털2로 123(가산동, 월드메르디앙2차) 613호 일부",126.8787165,37.47875537,
6855,백석대학교산학협력단,충남 천안시 동남구,(31065) 충청남도 천안시 동남구 백석대학로 1-11 본부동 916호,127.1857198,36.83984644,
6856,주식회사아이웍스,전남 순천시,(57956) 전라남도 순천시 강남로 51 2층(장천동),127.4906046,34.95013124,
6857,주식회사에이티에스,제주 제주시,(63115) 제주특별자치도 제주시 서해안로 410 ,,,
6858,주식회사에이티에스제주,제주 제주시,"(63138) 제주특별자치도 제주시 국기로 6 5층(연동, 덕용빌딩)",,,
6859,우리들센터,경남 진주시,(52632) 경상남도 진주시 금산로283번길 12-13 1층 우리들센터,,,
6860,한국자동차산업협동조합,서울 서초구,(06631) 서울특별시 서초구 서초대로62길 9-22 ,,,
6861,은행나무재가복지센터,전북 전주시 완산구,(54992) 전라북도 전주시 완산구 팔달로 291 굿모닝정형외과 2층 은행나무재가복지센터,127.1423672,35.82741307,
6862,성지수출포장(주),경북 영천시,(38882) 경상북도 영천시 금창로 271 성지수출포장 (주),128.8885607,35.91120894,
6863,에이펙셀(주),경북 포항시 북구,(37510) 경상북도 포항시 북구 대전길 97-87 에이펙셀(주),129.3573594,36.24895774,
6864,티에이케이텍스타일주식회사,경북 구미시,(39373) 경상북도 구미시 1공단로4길 141-11 티에이케이텍스타일(주),,,
6865,사단법인 수난구조교육협회,울산 동구,(44046) 울산광역시 동구 봉수로 250 401동(전하푸르지오2단지상가) 109호,129.4229315,35.50874047,
6866,SK에너지주식회사 울산CLX,울산 남구,(44782) 울산광역시 남구 신여천로 2 ,,,
6867,지구환경측정(주),경북 포항시 북구,(37596) 경상북도 포항시 북구 양덕남로 103 ,,,
6868,울산남구가정폭력성폭력통합상담소,울산 남구,(44645) 울산광역시 남구 문수로 313 505호,,,
6869,그린산업(주),경북 포항시 북구,"(37751) 경상북도 포항시 북구 중흥로 231 9층 901호 (죽도동, 동양빌딩)",,,
6870,주식회사팀프레시,서울 송파구,(05637) 서울특별시 송파구 위례성대로12길 15-1 2층 (방이동),127.1222658,37.51221279,
6871,대일CST,경기 부천시,(14450) 경기도 부천시 신흥로437번길 94 대일CST 사옥,126.7704051,37.52253184,
6872,(주)에스앤엠메디칼,광주 북구,(61003) 광주광역시 북구 추암로 249 생체의료소재부품센터 212호,126.8682919,35.23781161,
6873,(사회복지법인)앞산베네스트,대구 남구,(42453) 대구광역시 남구 큰골길 146 앞산베네스트,128.5836437,35.83566276,
6874,무지개요양보호사교육원,경북 안동시,(36759) 경상북도 안동시 풍요5길 30-5 2층 202호,128.500326,36.57640425,
6875,주식회사클린엔텍,전남 광양시,"(57814) 전라남도 광양시 용지길 27 2,3층 (주)클린엔텍",,,
6876,인공지능빅데이터학원,광주 동구,(61475) 광주광역시 동구 중앙로 196 광주빌딩 1~3층,126.9161691,35.15049918,
6877,주식회사대호이엔지,광주 광산구,(62453) 광주광역시 광산구 평동산단로 73 (주)대호이엔지,,,
6878,케이제이테크,대전 대덕구,(34326) 대전광역시 대덕구 대덕대로 1324 케이제이테크,,,
6879,(주)득금티앤씨,경기 안산시 단원구,(15423) 경기도 안산시 단원구 별망로269번길 56 ,,,
6880,(주)태성푸드,충북 음성군,(27681) 충청북도 음성군 금왕테크노5길 8 ,,,
6881,레고랜드코리아유한회사(LEGOLANDKoreaLLC),강원 춘천시,"(24270) 강원도 춘천시 중앙로 16 8층(요선동, 무림빌딩)",127.7285797,37.88336838,
6882,남원용성고등학교,전북 남원시,(55737) 전라북도 남원시 농고길 41 남원용성고등학교,,,
6883,(주)윈텍,충북 음성군,(27617) 충청북도 음성군 신덕로 35-32 ,,,
6884,청주대학교산학협력단,충북 청주시 청원구,"(28503) 충청북도 청주시 청원구 대성로 298 1층(내덕동, 청주대학교)",127.4937517,36.6523471,
6885,고정현헤어스퀘어원점,인천 연수구,"(21975) 인천광역시 연수구 청능대로 210 (동춘동, 고정현헤어 스퀘어원점)  3F 3002호",,,
6886,(주)인젠트,서울 영등포구,"(07325) 서울특별시 영등포구 국제금융로2길 36 유화증권빌딩 8,9층",,,
6887,롯데관광개발(주),제주 제주시,(63082) 제주특별자치도 제주시 노연로 12 제주드림타워복합리조트,126.4814802,33.48527478,
6888,미쌤라이스아카데미요리학원,부산 해운대구,(48055) 부산광역시 해운대구 재송1로26번길 27 (재송동) 재송동 대박나루 2층 203호,129.1223359,35.18663624,
6889,경기IT프로그래밍직업교육학원,경기 화성시,"(18411) 경기도 화성시 경기대로 1014 303호 일부(우측)(병점동, 병점프라자)",127.0369243,37.20638271,
6890,삼정원,전북 익산시,(54573) 전라북도 익산시 쌍능길 145 ,,,
6891,네파(주),서울 강남구,"(06349) 서울특별시 강남구 광평로 281 (수서동, 수서오피스빌딩 5,6층)",,,
6892,(주)서연탑메탈,인천 남동구,(21691) 인천광역시 남동구 청능대로410번길 40 서연탑메탈,126.703054,37.39757409,
6893,(주)에이블,경기 평택시,(18014) 경기도 평택시 고덕여염9길 26 624호,127.0498994,37.0393865,
6894,새한테크주식회사,울산 동구,(44032) 울산광역시 동구 방어진순환도로 1000 새한테크주식회사,,,
6895,(주)디케이비엠시,서울 강남구,(06153) 서울특별시 강남구 봉은사로 434 3층,127.0474903,37.51090419,
6896,주식회사두광디앤피,경기 양주시,(11429) 경기도 양주시 화합로1080번길 256 두광,127.0241851,37.8477547,
6897,주식회사드림테크,전남 목포시,(58656) 전라남도 목포시 석현로 46 문화산업지원센터 205호,126.4260981,34.81615731,
6898,크리스챤쇼보뷰티아카데미학원,대전 서구,(35229) 대전광역시 서구 둔산로31번길 38 5층,127.3776098,36.35332927,
6899,부산외국어대학교산학협력단,부산 금정구,(46234) 부산광역시 금정구 금샘로485번길 65 부산외국어대학교 H503,129.0787233,35.26715167,
6900,주식회사시야인사이트,강원 원주시,(26464) 강원도 원주시 세계로 9 강원혁신지식산업센터 708호~711호,,,
6901,크로바식품,경기 포천시,(11154) 경기도 포천시 용정경제로1길 93-20 1~2층,127.2071087,37.87672484,
6902,대성여자고등학교,대전 동구,(34601) 대전광역시 동구 대성2길 20 대전대성여자고등학교,127.4406555,36.33757891,
6903,주식회사제이에프켐,경기 안산시 단원구,(15601) 경기도 안산시 단원구 신원로 257 (성곡동) 주식회사 제이에프켐,126.7653063,37.31058754,
6904,(주)단정바이오,강원 원주시,(26303) 강원도 원주시 호매곡1길 85 주식회사 단정바이오,127.927998,37.39529053,
6905,(주)알킨스,경기 평택시,(17794) 경기도 평택시 청북중앙로 578-19 ,,,
6906,주식회사에이치티솔루션,경기 평택시,(18014) 경기도 평택시 고덕여염9길 26 7층 723호(고덕 헤리움 비즈타워 4차),,,
6907,원대간호학원,대구 서구,(41730) 대구광역시 서구 달서로 282 3층,,,
6908,주식회사에스켐,충북 제천시,(27116) 충청북도 제천시 제2바이오밸리로5길 15 ,,,
6909,얀마농기코리아(주),전북 익산시,(54576) 전라북도 익산시 왕궁농공단지길 38 ,,,
6910,유한회사인선산업,전남 영암군,(58462) 전라남도 영암군 대불로 93 ,,,
6911,주식회사포휴먼테크,대전 유성구,(34025) 대전광역시 유성구 테크노2로 199 미건테크노월드 1차 514호,127.4064664,36.42279556,
6912,주식회사라이피스,경기 부천시,(14548) 경기도 부천시 중동로254번길 90 7층,126.7736597,37.50142802,
6913,주식회사휘스커,대전 유성구,(34183) 대전광역시 유성구 대학로 90 6층 601호,,,
6914,(주)바이올푸드글로벌,서울 금천구,"(08504) 서울특별시 금천구 서부샛길 606 제12층 제비 1204,1205,1206,1207호 (가산동, 대성디폴리스지식산업센터)",126.8769813,37.47968015,
6915,에스비엠,경남 창원시 성산구    ,(51571) 경상남도 창원시 성산구 연덕로9번길 15 (웅남동 마이어코리아) 에스비엠,128.6534029,35.20670723,
6916,현대에너지,강원 춘천시,(24431) 강원도 춘천시 춘주로 56 ,,,
6917,"주식회사페달링(Pe.darling.Co.,Ltd)",서울 광진구,(04987) 서울특별시 광진구 천호대로 602 지하 1층,127.084263,37.55481675,
6918,에스오토닉스,대구 달서구,(42705) 대구광역시 달서구 성서공단북로42길 33 (갈산동) 2층 에스오토닉스,128.4980097,35.84330112,
6919,청송중기,경남 거제시,(53261) 경상남도 거제시 장평3로 80 내 청송중기,128.6024738,34.89976929,
6920,주식회사에스씨티,부산 해운대구,(48059) 부산광역시 해운대구 센텀북대로 60 1809,129.1251356,35.17653052,
6921,(주)피켐코리아,대전 유성구,(34036) 대전광역시 유성구 테크노11로 12 피켐코리아,127.4100779,36.41615083,
6922,국제기술교육원,경기 광주시,(12767) 경기도 광주시 순암로492번길 18 ,,,
6923,(주)아남아이티,대구 수성구,"(42250) 대구광역시 수성구 알파시티1로42길 11 923,924호(대흥동, 태왕알파시티수성)",128.6833318,35.83835602,
6924,에이치앤케이(H&K)노동법률사무소,경기 안양시 동안구,(14058) 경기도 안양시 동안구 흥안대로 457-27 에이스하이테크시티 1116호,126.9735316,37.3945808,
6925,주식회사엠넥스,경기 수원시 권선구,(16648) 경기도 수원시 권선구 산업로156번길 194 ,,,
6926,주식회사인튜브,서울 강남구,"(06052) 서울특별시 강남구 학동로33길 17(논현동, 수산 빌딩) 2층",127.0321666,37.51584641,
6927,주식회사스위코진광,전남 나주시,(58296) 전라남도 나주시 혁신산단7길 69 ,,,
6928,(주)보광산업,대구 군위군,(39038) 경상북도 군위군 용매로 878-60 (주)보광산업,128.5971071,36.09401568,
6929,금곡요양보호사교육원,경기 남양주시,(12237) 경기도 남양주시 금곡로 56 201호,127.2093084,37.63383324,
6930,신기술주식회사논산지점,충남 논산시,(32907) 충청남도 논산시 상월로 82-36 신기술주식회사 논산지점,127.150737,36.28616527,
6931,한국국토정보공사,전북 전주시 덕진구,(54870) 전라북도 전주시 덕진구 기지로 120 한국국토정보공사,,,
6932,태건이앤씨(주),울산 동구,(44032) 울산광역시 동구 고늘로 77 현대건설기계(주) 내 태건이앤씨(주),129.4389599,35.50310164,
6933,주식회사새온,대전 유성구,(34013) 대전광역시 유성구 테크노4로 17 D동 4층 404호,127.3949623,36.432314,
6934,주식회사조영엠텍,울산 동구,(44032) 울산광역시 동구 방어진순환도로 1000 (회전기공장) 주식회사 조영엠텍,129.4392116,35.51544065,
6935,주식회사경신전선,인천 연수구,(21988) 인천광역시 연수구 첨단대로30번길 25 경신전선,126.6492074,37.36871923,
6936,모던설비주식회사,울산 동구,(44032) 울산광역시 동구 방어진순환도로 1000 모던설비,129.4392116,35.51544065,
6937,(주)대화정공,인천 남동구,(21696) 인천광역시 남동구 남동서로114번길 58 ,,,
6938,(주)쓰리젯,경기 시흥시,(15118) 경기도 시흥시 정왕동 시화벤처로 254((주)쓰리젯) (주)쓰리젯 3층 강당,126.7065087,37.32033907,
6939,비엔씨(BnC)네트워크,대구 달서구,"(42679) 대구광역시 달서구 대명천로 12 파크뷰 B동 1,2층",128.5578454,35.83952283,
6940,주식회사휴먼컴퍼지트,전북 군산시,(54002) 전라북도 군산시 자유무역로 152 (주)휴먼컴퍼지트,126.5507192,35.95788956,
6941,태권도원운영관리주식회사,전북 무주군,(55547) 전라북도 무주군 무설로 1482 태권도원 관리동,127.7766094,36.00985073,
6942,(주)엘제이항공,경남 사천시,(52535) 경상남도 사천시 공단5로 47 ,,,
6943,트리니티커피전문학원,광주 동구,(61506) 광주광역시 동구 천변좌로 606 4층,,,
6944,JS전장시스템,대구 달성군,(43020) 대구광역시 달성군 테크노대로2길 7-30 js전장시스템,128.4520803,35.68798029,
6945,주식회사글로벌탑넷,부산 금정구,"(46311) 부산광역시 금정구 시실로 11-3 3층(부곡동, 순흥빌딩)",129.085809,35.21771972,
6946,리챠드프로헤어신불당50호점,충남 천안시 서북구,"(31156) 충청남도 천안시 서북구 불당26로 100-12 1층,2층(불당동)",127.1073357,36.81665683,
6947,(유)빛가람항공,전남 나주시,"(58214) 전라남도 나주시 재성길 53 2층, 201호 / 실습장 소재지 전라남도 나주시 산포면 매성리 1071-1, 1071-5, 1072, 1073, 1074-2",126.7916698,35.03597103,
6948,(사회복지법인)보람동산,충북 청주시 청원구,(28139) 충청북도 청주시 청원구 충청대로 1205 사회복지법인보람동산,127.5461286,36.74842074,
6949,(주)아이디모드,서울 금천구,"(08512) 서울특별시 금천구 디지털로9길 68 501~505호, 601~605호,610호,1106호,1107호(가산동, 대륭포스트타워5차)",126.8862273,37.48104113,
6950,송우요양보호사교육원,경기 포천시,(11174) 경기도 포천시 솔모루로 124-32 2층,127.1505882,37.8328075,
6951,주식회사도레미파라솔,경기 포천시,(11168) 경기도 포천시 가산로147번길 24 도레미파라솔,127.1696898,37.84070127,
6952,렉터스원격평생교육원,서울 마포구,(04011) 서울특별시 마포구 포은로8길 28-6 (망원동) 2층 전체,126.9063454,37.55625591,
6953,이피아이(주),강원 강릉시,(25440) 강원도 강릉시 과학단지로 202-19 이피아이(주),128.8566465,37.80973505,
6954,전주문화방송(주),전북 전주시 완산구,(54986) 전라북도 전주시 완산구 선너머1길 50 ,,,
6955,(주)디와이비,경북 구미시,(39268) 경상북도 구미시 수출대로7길 40 ,,,
6956,한울테크주식회사,울산 동구,(44032) 울산광역시 동구 고늘로 77 현대건설기계(주) 사내협력사 한울테크(주),129.4389599,35.50310164,
6957,(주)파이버폭스,대전 유성구,(34159) 대전광역시 유성구 동서대로179번길 80 광이빌딩 2층,127.2984464,36.34796405,
6958,(주)메이팜소프트,서울 송파구,(05719) 서울특별시 송파구 가락동 중대로 105(가락 ID TOWER) 1203호,127.1200191,37.49358505,
6959,부산갈매기,부산 영도구,"(49037) 부산광역시 영도구 봉래나루로 33 3층(대교동1가, 부산관광기업지원센터)",129.0375649,35.09417189,
6960,주식회사강인,경기 화성시,(18284) 경기도 화성시 화성로1616번길 19-19 ,,,
6961,영광요양보호사교육원,부산 수영구,(48228) 부산광역시 수영구 연수로 419 3층,129.114812,35.16778074,
6962,주식회사엔유테크,충남 아산시,(31546) 충청남도 아산시 삼봉로 104 ,,,
6963,에스엔시스(주),경기 화성시,(18468) 경기도 화성시 동탄순환대로 830 SK V1 센터 7층,127.0968577,37.2099725,
6964,사단법인한국산림엔지니어링협회,대전 유성구,"(34091) 대전광역시 유성구 노은동로79번길 71 3층 (노은동, 로얄빌딩)",127.3193906,36.36751974,
6965,케어믹스사회적협동조합,대전 유성구,(34014) 대전광역시 유성구 테크노중앙로 65 305호,127.3929265,36.42600472,
6966,(주)애인테크놀로지,경북 포항시 남구,(37668) 경상북도 포항시 남구 지곡로 394 제4벤처동 105호,129.316933,36.03631504,
6967,(주)엔터인,대구 수성구,"(42251) 대구광역시 수성구 알파시티1로 115 4층,5층",128.6873035,35.83411018,
6968,무림에스피(주)대구공장,대구 북구,(41550) 대구광역시 북구 침산로 205 무림SP 대구공장,128.5890082,35.89551742,
6969,(주)테크앤,대전 중구,(34946) 대전광역시 중구 계룡로955번길 63 202호,127.417935,36.32110557,
6970,케어믹스사회적협동조합,세종 세종,(30150) 세종특별자치시  한누리대로 2129 309호,127.289691,36.47853585,
6971,주식회사태영엔지니어링,경남 창원시 의창구    ,(51398) 경상남도 창원시 의창구 평산로8번길 38 (팔용동),128.616908,35.24295061,
6972,광주광역시장애인종합복지관,광주 북구,(61266) 광주광역시 북구 북문대로 219 광주광역시장애인종합복지관,126.8675769,35.18539789,
6973,주식회사제일전기,충남 천안시 동남구,(31069) 충청남도 천안시 동남구 유량로 24 제일전기,127.1671398,36.80140577,
6974,(주)우리들에이치알디,경기 성남시 수정구,(13112) 경기도 성남시 수정구 성남대로1480번길 13 1층,127.1276227,37.46199482,
6975,범성정밀,경남 창원시 의창구    ,(51390) 경상남도 창원시 의창구 죽전로68번길 7 범성정밀,,,
6976,(주)동백,전북 군산시,(54004) 전라북도 군산시 산단동서로 102-21 (오식도동),126.5708339,35.95255633,
6977,아토리서치(주),서울 서초구,(06729) 서울특별시 서초구 강남대로43길 6 강남메인타워2 6층,127.0318051,37.48776255,
6978,(주)네오티시스,대구 수성구,"(42250) 대구광역시 수성구 알파시티1로42길 11 1020호(대흥동, 태왕알파시티수성)",,,
6979,세미솔테크,충북 청주시 흥덕구,(28359) 충청북도 청주시 흥덕구 지동로 38 세미솔테크,127.4119578,36.64432073,
6980,(주)명일씨엔비,인천 계양구,(21129) 인천광역시 계양구 아나지로396번길 5 ,,,
6981,기업진단전문법인(주),경기 안산시 상록구,(15521) 경기도 안산시 상록구 건건로 131 현대월드프라자 414호,126.9051469,37.31209213,
6982,(주)지앤피파렛트,경기 화성시,(18581) 경기도 화성시 수정로 385-61 (장안면) (주)지앤피파렛트,126.8582796,37.09766926,
6983,쿠프(qoop),충북 청주시 상당구,(28529) 충청북도 청주시 상당구 성안로 34 2층 쿠프,127.4887038,36.63387692,
6984,주식회사에너넷,대전 유성구,"(34121) 대전광역시 유성구 대덕대로 582 2층, 201호(도룡동,옥토빌딩)",127.379165,36.38479289,
6985,효성화학(주)용연3공장,울산 남구,(44784) 울산광역시 남구 용연로 130 용연 3공장,129.3582785,35.48005186,
6986,대성,경기 화성시,(18578) 경기도 화성시 버들로1362번길 53-44 대성,126.8559966,37.12075141,
6987,주식회사인큐버스,대전 유성구,(34121) 대전광역시 유성구 대덕대로 582 3층 303호,127.379165,36.38479289,
6988,와이케이에프,경기 안산시 상록구,(15206) 경기도 안산시 상록구 안산벌말길 36-6 와이케이에프,126.8679003,37.36150335,
6989,공하나협동조합,광주 남구,(61743) 광주광역시 남구 행암길 9 관리사무소동 1층,126.8962963,35.1025474,
6990,그린간호학원,대전 동구,"(34608) 대전광역시 동구 동대전로 167 2층4층,그린간호학원",127.4472676,36.33686062,
6991,프로픽아카데미게임그래픽학원,서울 강남구,(06134) 서울특별시 강남구 테헤란로 109 8층 프로픽아카데미 게임그래픽학원,127.0291405,37.49860214,
6992,(주)디엔티,경기 시흥시,(15105) 경기도 시흥시 경기과기대로 182 시화공단3다601호,126.7309739,37.33113794,
6993,덕산정밀(주),경북 경산시,(38551) 경상북도 경산시 자인공단2로 48 덕산정밀,128.81957,35.82755155,
6994,제이엘(JL),대구 달성군,(42922) 대구광역시 달성군 세천북로18길 48 제이엘,128.4725177,35.88031942,
6995,(주)가온데이터,서울 영등포구,"(07333) 서울특별시 영등포구 여의대방로69길 7 607호, 충무빌딩",126.9313124,37.51962152,
6996,뽀너스(bbonus),부산 연제구,(47521) 부산광역시 연제구 거제대로 270 지하1층 B101~103호,,,
6997,(주)대신테크,충남 천안시 동남구,(31247) 충청남도 천안시 동남구 석곡3길 102 ,,,
6998,주식회사웰니스컴퍼니올리브,경기 고양시 일산동구,(10326) 경기도 고양시 일산동구 동국로 32 동국대학교 BMC 산학협력관 509호,126.8068989,37.67765607,
6999,(주)창비,경기 파주시,(10881) 경기도 파주시 회동길 184 ,,,
7000,주식회사세화로지텍,경기 평택시,(17928) 경기도 평택시 서동대로 1968-32 ,,,
7001,빅스데이터주식회사,서울 강남구,"(06174) 서울특별시 강남구 테헤란로 616(대치동, 미레에셋벤처타워) 5층",,,
7002,(주)은혜기업,광주 광산구,(62415) 광주광역시 광산구 평동산단1번로 14 (주)은혜기업,126.757805,35.13548927,
7003,다산굿모닝요양보호사교육원,경기 남양주시,(12248) 경기도 남양주시 다산순환로 166 신화타워 6층 601호 602호,127.1472305,37.62480766,
7004,(주)세지,광주 광산구,(62464) 광주광역시 광산구 진곡산단4번로 63 진곡동 568  1층 사무실 현장 :B동전체와 A동일부 :전시실 측정실 사용(교육장-구분되어있음),126.7878356,35.20659026,
7005,(주)애니토이,경남 창원시 마산회원구,(51233) 경상남도 창원시 마산회원구 광려천남로 59 609호,128.5108098,35.24703195,
7006,주식회사송마,경남 창원시 성산구    ,(51572) 경상남도 창원시 성산구 창곡로 120 (주)송마,128.6509097,35.20667811,
7007,이윤꽃예술원(EYUN),울산 남구,(44762) 울산광역시 남구 산업로517번길 20 (여천동) 이윤꽃예술원,129.3450205,35.52840805,
7008,(주)신진기업,전남 광양시,(57812) 전라남도 광양시 제철로 2148-33 신진기업,127.7652733,34.92888819,
7009,야곰아카데미원격평생교육원,충북 청주시 흥덕구,(28475) 충청북도 청주시 흥덕구 1순환로 503 3층 1호(봉명동),127.4659758,36.64740307,
7010,주식회사까사홀딩스(casaholdings),경기 포천시,(11183) 경기도 포천시 거친봉이1길 27-22 주식회사 까사홀딩스,127.1325613,37.79408812,
7011,(주)에스에이치(SH),경북 성주군,(40039) 경상북도 성주군 유월공단길 60 ,,,
7012,유호E&C,울산 동구,(44032) 울산광역시 동구 방어진순환도로 1000 현대일렉트릭 내 사내협력사 (유호이앤씨),129.4392116,35.51544065,
7013,고강참사랑요양보호사교육원,경기 부천시,(14422) 경기도 부천시 원종로 136 (고강동) 3층,126.8151866,37.52387288,
7014,서정요양보호사교육원,경기 고양시 덕양구,"(10495) 경기도 고양시 덕양구 중앙로558번길 13 능곡삼성프라자 6층 602,603호 (행신동)",126.8359246,37.62421921,
7015,광남공업(주),대구 달서구,(42711) 대구광역시 달서구 성서공단북로2길 23 (파호동),128.473796,35.84223924,
7016,주식회사패스온,서울 종로구,(03169) 서울특별시 종로구 사직로 102 304호,126.9700532,37.57584214,
7017,세종제일요양보호사교육원,세종 세종,(30064) 세종특별자치시  달빛로 41 백두산빌딩 3층 302호,127.2500536,36.50241475,
7018,주식회사제뉴원사이언스,서울 중구,(04513) 서울특별시 중구 세종대로 39 5층,126.9738062,37.56048137,
7019,윤메디케어요양보호사교육원,경북 포항시 북구,(37747) 경상북도 포항시 북구 죽파로 30 2층,129.3596231,36.02826635,
7020,(주)비엔에스메디븐스,경기 용인시 처인구,(17139) 경기도 용인시 처인구 경기동로1089번길 42-1 (주)비엔에스메디븐스,127.2219006,37.11539602,
7021,안녕협동조합,서울 도봉구,(01390) 서울특별시 도봉구 도봉로143길 18 2층(방학동),127.0412452,37.66191061,
7022,한솔요리커피바리스타제과제빵학원,경기 수원시 팔달구,"(16455) 경기도 수원시 팔달구 덕영대로 899 2층 212,213호, 4층 412~415호",127.0002551,37.26807232,
7023,동신금속,경기 안산시 단원구,(15619) 경기도 안산시 단원구 진흥로10번길 73 시화공단5바624호,126.7435342,37.30758649,
7024,미래교육평생교육원,경남 김해시,(50926) 경상남도 김해시 가락로7번길 32 3층,,,
7025,주식회사디큐브,경기 안성시,(17505) 경기도 안성시 안성맞춤대로 2156 (주)디큐브,127.2562379,37.10134332,
7026,밀알꿈씨,경기 김포시,(10053) 경기도 김포시 누산로6번길 45 밀알꿈씨,126.6597523,37.66495857,
7027,(주)아이지아이에스,대구 수성구,(42250) 대구광역시 수성구 알파시티1로 232 3층(대흥동),128.6838834,35.83879886,
7028,사회복지법인수성베네스트,대구 수성구,(42135) 대구광역시 수성구 수성로 285 수성베네스트 3층,128.6130031,35.8509887,
7029,리챠드프로헤어신논현역점,서울 강남구,(06119) 서울특별시 강남구 강남대로 502 3층,127.0236922,37.50735186,
7030,(주)원주문화방송,강원 원주시,(26412) 강원도 원주시 학성길 67 ,,,
7031,미우라인미용직업전문학교,경남 창원시 마산합포구,(51720) 경상남도 창원시 마산합포구 동서동1길 24 1층일부(신포동2가),128.5729456,35.20251426,
7032,주식회사엔에이치엔씨에스,경기 용인시 기흥구,(16950) 경기도 용인시 기흥구 흥덕중앙로 120 2306호,127.0807812,37.27482246,
7033,유한회사대한물산,전남 완도군,(59108) 전라남도 완도군 농공단지4길 2 대한물산,126.7351094,34.33816365,
7034,(주)정현자색감,경북 영천시,(38821) 경상북도 영천시 대전강변길 55 대전동,128.9147476,35.97981693,
7035,양평용문요양보호사교육원,경기 양평군,(12521) 경기도 양평군 다문북길 49 그린아파트 상가동 301호,127.5895769,37.48516525,
7036,(합명)인사랑노무컨설팅,충남 천안시 서북구,(31094) 충청남도 천안시 서북구 백석공단1로 10 A동 811호,127.1110105,36.82373616,
7037,디온리오토모티브주식회사,경기 포천시,(11160) 경기도 포천시 해룡로 109-136 1층 디온리오토모티브주식회사 ,127.1405903,37.85025281,
7038,주식회사삼양건설.환경연구소,대전 서구,(35390) 대전광역시 서구 가수원로 39 5층,127.3532254,36.29913494,
7039,서광펌프산업,경기 시흥시,(14926) 경기도 시흥시 범안로 463 서광펌프산업,126.8256796,37.44457454,
7040,미래원격평생교육원,서울 용산구,"(04373) 서울특별시 용산구 청파로 40 1214호, 1408호, 1409호(한강로3가, 삼구빌딩)",126.9561681,37.53176129,
7041,알파드론무인항공교육원,전북 남원시,(55771) 전라북도 남원시 남문로 469 실기시험장주소 :전북 남원시 송동면 흑송리 산57-4 일대,127.3829087,35.40649428,
7042,한국폴리텍Ⅳ대학산학협력단청주지소,충북 청주시 흥덕구,(28590) 충청북도 청주시 흥덕구 산단로 54 ,한국폴리텍Ⅳ대학 청주캠퍼스 산학협력처,127.4487619,36.63901627
7043,비즈큐브솔루션,서울 강남구,"(06192) 서울특별시 강남구 테헤란로 410 11층 A15호(대치동, 금강타워)",127.0508229,37.50454188,
7044,가나이엔지주식회사,전남 나주시,(58329) 전라남도 나주시 그린로 230 2층 (빛가람동),126.7915306,35.00914611,
7045,주식회사옵트바이오,강원 강릉시,(25440) 강원도 강릉시 과학단지로 137-162 ,,,
7046,주식회사유피소프트,서울 성동구,(04784) 서울특별시 성동구 성수이로10길 14 11층 1106-1108호,127.0565481,37.53981317,
7047,(주)가온하이텍,대구 달성군,(42976) 대구광역시 달성군 비슬로262길 113 상리,128.4196656,35.75075458,
7048,대서정밀,경기 화성시,(18580) 경기도 화성시 수정고개길202번길 122-28 B동,126.8354462,37.10211745,
7049,T.F텍스츄어,대구 서구,(41708) 대구광역시 서구 염색공단중앙로12길 16 T.F텍스츄어,128.5503631,35.8844601,
7050,하남종합사회복지관,광주 광산구,(62358) 광주광역시 광산구 월곡산정로 12 하남종합사회복지관,126.803663,35.16503839,
7051,(주)테크빌,서울 영등포구,(07254) 서울특별시 영등포구 버드나루로12가길 51 에이동,126.9130647,37.52120381,
7052,스카이라인루지부산주식회사,부산 기장군,(46083) 부산광역시 기장군 기장해안로 205 스카이라인루지 부산 주식회사,129.214765,35.19457974,
7053,이천역요양보호사교육원,경기 이천시,(17391) 경기도 이천시 이섭대천로 1061-7 301호,127.4449043,37.26468836,
7054,(주)씨뱅크,부산 영도구,(49108) 부산광역시 영도구 절영로 523 KT동삼빌딩 4층 씨뱅크(동삼동),129.0725104,35.07343033,
7055,동행요양보호사교육원,강원 화천군,(24125) 강원도 화천군 산수화로1길 22-9 2층,127.7070223,38.10665229,
7056,세종미용예술직업전문학원,전남 순천시,"(57942) 전라남도 순천시 황금2길 11-5 2층, 3층",127.485211,34.95447033,
7057,비앤디앵글,부산 해운대구,(48058) 부산광역시 해운대구 수영강변대로 140 903호,129.1257468,35.17302339,
7058,채명신헤어박스,광주 동구,(61484) 광주광역시 동구 천변우로 405-8 ,,,
7059,노마드랩(nomadlab),부산 연제구,(47605) 부산광역시 연제구 연제로 24 203호,129.0772796,35.1772517,
7060,삼목기업,경남 거제시,(53302) 경상남도 거제시 거제대로 3370 대우조선해양 內 삼목기업,128.69569,34.87216299,
7061,미르기계,전북 전주시 덕진구,(54852) 전라북도 전주시 덕진구 여산로 88-22 3동(여의동),127.0775695,35.8606907,
7062,남부정공,전북 익산시,(54615) 전라북도 익산시 약촌로 14 남부정공,126.9798542,35.93545131,
7063,대도ENG,울산 동구,(44032) 울산광역시 동구 방어진순환도로 700 현대일렉트릭 내 ,129.4389599,35.50310164,
7064,주식회사대로이엔지,경남 거제시,(53261) 경상남도 거제시 장평동 장평3로 80(삼성중공업(주)거제조선소) ,,,
7065,주식회사 파라타항공,강원 양양군,(25015) 강원도 양양군 일출로 166-20 ,,,
7066,사단법인효경(효경재가노인돌봄센터),대구 달성군,(43000) 대구광역시 달성군 현풍중앙로 87-2 1층,128.4436658,35.6967326,
7067,주식회사태광,경남 창원시 마산회원구,(51340) 경상남도 창원시 마산회원구 봉암공단9길 46 ,,,
7068,(주)동방,서울 중구,(04511) 서울특별시 중구 통일로2길 16 3층,126.9711916,37.56078703,
7069,제이엔티(주),대전 유성구,(34036) 대전광역시 유성구 테크노11로 55-12 ,,,
7070,주)마이카운슬러,서울 마포구,(03929) 서울특별시 마포구 성암로 189 10층,126.8978175,37.57664687,
7071,주식회사모리스,경기 의왕시,(16071) 경기도 의왕시 고래들길 15 1층,126.96228,37.3596993,
7072,(주)삼광,경북 경산시,(38471) 경상북도 경산시 공단4로 40 (주)삼광,128.8231471,35.86255025,
7073,주식회사서랩,대전 동구,"(34640) 대전광역시 동구 계족로 151 4층 401호(대동, 대전지식산업센터)",127.4434857,36.32786298,
7074,(주)신시웨이,서울 송파구,(05836) 서울특별시 송파구 법원로9길 26 D동 4층 405호,127.1170765,37.48404387,
7075,뉴스마일요양보호사교육원,서울 금천구,(08616) 서울특별시 금천구 시흥대로 368 용구빌딩 5층 ,126.8980062,37.46621276,
7076,(주)아이씨텍,인천 연수구,(21999) 인천광역시 연수구 갯벌로 124 1~3층,126.6482279,37.38494344,
7077,남부요양보호사교육원,부산 남구,(48512) 부산광역시 남구 용소로 13-1 3층 (대연동),129.1009483,35.1360311,
7078,웰라이프요양보호사교육원,경기 용인시 기흥구,(16978) 경기도 용인시 기흥구 중부대로 579 507호,127.1269676,37.27032298,
7079,선진로지스틱스주식회사,서울 강동구,(05314) 서울특별시 강동구 양재대로 1553 5층,127.1419832,37.54429343,
7080,강원특수산업,경기 김포시,(10026) 경기도 김포시 대곶로321번길 251 강원특수산업,126.5460659,37.67017705,
7081,그로발스타로지스틱스(주),부산 서구,(49269) 부산광역시 서구 충무대로 12 501,129.0160941,35.07667823,
7082,(주)한빛이노텍,부산 금정구,"(46257) 부산광역시 금정구 개좌로 263 에이동 301-1호 (회동동, 비젼테크)",129.1259413,35.23152153,
7083,주식회사유피체인,부산 연제구,(47596) 부산광역시 연제구 중앙대로1056번길 2 4층,129.0790654,35.18230355,
7084,평촌이레요양보호사교육원,경기 안양시 동안구,(14066) 경기도 안양시 동안구 관평로182번길 48 신세대상가 504호,126.9627586,37.39361355,
7085,주식회사제이엔비,경기 평택시,(17708) 경기도 평택시 진위2산단로 31-21 제이엔비2005040,127.0686188,37.12278848,
7086,두그루요양보호사교육원,경기 수원시 장안구,(16311) 경기도 수원시 장안구 영화로 66 인우빌딩 2층,127.0070547,37.29259823,
7087,주식회사루카스,인천 미추홀구,"(22212) 인천광역시 미추홀구 인하로 100 인하드림센터 1관 206,214호",126.6533913,37.44987597,
7088,주식회사신한중공업,울산 울주군,(45011) 울산광역시 울주군 우봉강양로 35 신한중공업 ,129.3497767,35.40392512,
7089,주식회사디노스튜디오,서울 서초구,(06683) 서울특별시 서초구 방배로15길 7 2층,126.9954197,37.48415287,
7090,뉴럴웍스랩주식회사,서울 강남구,(06241) 서울특별시 강남구 테헤란로2길 27 9층,127.0296034,37.4964847,
7091,헬로장애인활동지원센터,경남 진주시,(52693) 경상남도 진주시 신안로 104 3층 302호,128.0711215,35.18728821,
7092,그린요양보호사교육원,대전 동구,(34608) 대전광역시 동구 동대전로 167 3층(자양동),127.4472676,36.33686062,
7093,효가요양보호사교육원,경기 광명시,(14267) 경기도 광명시 광명로 872 2층,126.8534034,37.47673345,
7094,(주)메가콤,대구 동구,(41059) 대구광역시 동구 율암로 74 (주)메가콤,128.7017452,35.88288263,
7095,(주)위드아이티,대구 수성구,(42198) 대구광역시 수성구 범물동 용학로 316(범물영남보성아파트) 203-703,128.6434176,35.82240792,
7096,몰드컴퍼니,경북 구미시,(39372) 경상북도 구미시 1공단로7길 47 몰드컴퍼니    (안쪽동),128.3769618,36.10623152,
7097,(주)판도플랫폼,경기 성남시 분당구,(13558) 경기도 성남시 분당구 정자일로 162 801호,127.1060809,37.3645898,
7098,지로스터 전문 바리스타 학원,충남 천안시 서북구,(31166) 충청남도 천안시 서북구 쌍용1길 27 401호,127.1193723,36.80171445,
7099,선보피스(주),경남 김해시,(50875) 경상남도 김해시 고모로180번길 97-3 선보피스(주),128.7769766,35.24061957,
7100,주식회사지니소프트,광주 남구,(61740) 광주광역시 남구 송암로24번가길 46 411호,126.877822,35.11255283,
7101,(주)유환,부산 기장군,(46059) 부산광역시 기장군 차성서로 147 (주) 유환,129.2102979,35.24649334,
7102,창조산업(주),경기 안산시 단원구,(15616) 경기도 안산시 단원구 정왕천동로30번길 12 (성곡동),126.7272503,37.3156949,
7103,비에이텍(주),강원 춘천시,(24427) 강원도 춘천시 퇴계공단길 49-7 ,,,
7104,휘성금속,경남 김해시,(50802) 경상남도 김해시 나전로249번길 13-11 휘성금속,128.8757474,35.30589881,
7105,주식회사에이치엔티,경북 경산시,(38453) 경상북도 경산시 대구대로 201 1114호 (산학협력단R&DB센터),128.8428349,35.90252013,
7106,(주)영남테크놀로지,경북 경산시,(38478) 경상북도 경산시 공단12로 161 영남테크놀로지,128.8425403,35.86824708,
7107,대우침장,대구 달성군,(42976) 대구광역시 달성군 비슬로262길 35-5 ,,,
7108,용인엔지니어링(주),경기 화성시,(18255) 경기도 화성시 현대기아로 720-15 용인엔지니어링,126.85796,37.21218272,
7109,주식회사더광성물류,광주 광산구,(62466) 광주광역시 광산구 평동산단7번로 21 광성물류,126.7513379,35.11196878,
7110,패밀리재가복지센터,강원 원주시,(26441) 강원도 원주시 치악로 1803 남부시장 2층 내 14~16. 82호 일부,127.9547162,37.34255132,
7111,(주)영남하이닉스,경북 경산시,(38460) 경상북도 경산시 공단4로40길 3 영남하이닉스,128.8289781,35.87496897,
7112,다인컴즈,부산 해운대구,(48058) 부산광역시 해운대구 센텀중앙로 97 A동 308호,129.1248339,35.17505794,
7113,넥스트러너스평생교육시설,서울 서초구,(06527) 서울특별시 서초구 강남대로99길 45 6층,127.0170546,37.51446167,
7114,흥국금속,경남 김해시,(50848) 경상남도 김해시 한림로515번길 228 ,,,
7115,(주)태광글로벌,충남 천안시 동남구,(31115) 충청남도 천안시 동남구 단대로 123-17 1층,127.1652538,36.8315951,
7116,스타케어평생교육원,경기 파주시,(10930) 경기도 파주시 금촌동 새꽃로 197 3층,126.7743225,37.76550385,
7117,정석컴퓨터학원,경북 경산시,(38527) 경상북도 경산시 대학로 325 4층,,,
7118,주식회사해든앰앤씨,서울 동작구,(06978) 서울특별시 동작구 상도로 369 벤처중소기업센터 203호,126.9571741,37.49626264,
7119,휴보닉,강원 원주시,(26300) 강원도 원주시 매호로 251 휴보닉,127.8930845,37.41848843,
7120,세원금속,경기 안산시 상록구,(15528) 경기도 안산시 상록구 도금단지2길 31-1 세원금속,126.8859031,37.28964821,
7121,삼일금속(주),경기 안산시 상록구,(15528) 경기도 안산시 상록구 도금단지2길 39 3층,126.8857897,37.2900896,
7122,에스제이하이테크,충남 천안시 서북구,(31009) 충청남도 천안시 서북구 율금3길 67-23 ,,,
7123,도창인산업(주),세종 세종,(30071) 세종특별자치시  부강행산로 245 도창인산업(주),127.3672106,36.55024425,
7124,엘빈커피바리스타학원,서울 동대문구,(02637) 서울특별시 동대문구 답십리로 304 302호,127.0739917,37.57148257,
7125,대안일레콤(주),경기 광명시,(14319) 경기도 광명시 하안로 108 903~907호,126.8923469,37.44821464,
7126,온누리무인항공,전북 김제시,(54413) 전라북도 김제시 남북5길 11 1층 온누리무인항공,126.8944191,35.79335977,
7127,(주)디디에스,서울 금천구,(08591) 서울특별시 금천구 가산디지털1로 2 우림라이온스벨리 2차 909호,126.8882616,37.4667353,
7128,주식회사 케미폴리오,부산 남구,"(48548) 부산광역시 남구 신선로 365 창업보육센터 101호, 102호, 108호",129.0912803,35.1165621,
7129,안산한국문화센터,경기 안산시 단원구,(15361) 경기도 안산시 단원구 고잔로 102 407호,126.8374599,37.3188376,
7130,(주)자비스,경기 성남시 중원구,(13202) 경기도 성남시 중원구 사기막골로 177 619호,127.1779594,37.44438852,
7131,효진전기,부산 사하구,(49473) 부산광역시 사하구 장평로195번길 6 효진전기,128.9722951,35.08375993,
7132,(주)정인아이엔디,인천 미추홀구,(22117) 인천광역시 미추홀구 염전로 272-39 정인아이엔디,126.6698411,37.47134913,
7133,태호전기,부산 사하구,(49458) 부산광역시 사하구 두송로 35 태호전기,128.9800685,35.07878507,
7134,제일금속,부산 사하구,(49437) 부산광역시 사하구 을숙도대로569번길 11 제일금속,128.96724,35.08645536,
7135,원진전자,경기 화성시,(18583) 경기도 화성시 장안로 440-42 원진전자,126.8617185,37.075147,
7136,주식회사유니드론,전남 나주시,(58326) 전라남도 나주시 교육길 13 학과 : 전라남도 나주시 교육길 13 D2동 410호 / 실기 : 전라남도 나주시 남평읍 광천리 산 1번지,126.7799208,35.02019414,
7137,대하종합식품,경기 부천시,(14445) 경기도 부천시 오정로39번길 24-20 1층,126.7656075,37.52650466,
7138,선진엔코바(주),경기 화성시,(18541) 경기도 화성시 청원로231번길 42-12 선진엔코바,126.7762802,37.17946408,
7139,경기효요양보호사교육원,경기 의정부시,(11610) 경기도 의정부시 체육로 306-28  굿모닝프라자 601호 (녹양동),127.0414206,37.75999814,
7140,주식회사케이솔루션즈,서울 금천구,"(08501) 서울특별시 금천구 가산디지털1로 225 418호, 419호(가산동, 에이스 가산포휴)",126.8786455,37.48512392,
7141,(주)한국전산,대구 동구,(41219) 대구광역시 동구 신암남로 160 2층,128.631696,35.8833485,
7142,(주)선일기공,인천 서구,(22840) 인천광역시 서구 염곡로15번길 3 ,,,
7143,온정요양보호사교육원,부산 사상구,(46974) 부산광역시 사상구 사상로163번길 20 2층,128.9853771,35.16036246,
7144,(주)나담코스,경기 파주시,(10860) 경기도 파주시 국화향길 93 (주)나담코스,126.711108,37.77997768,
7145,농업회사법인주식회사정푸드코리아,충북 충주시,(27496) 충청북도 충주시 큰갓골길 11 정푸드코리아,127.9948091,36.88269503,
7146,스마일간호학원,경기 성남시 수정구,"(13646) 경기도 성남시 수정구 위례광장로 9-10 301, 302호",127.1405925,37.46482758,
7147,(주)에네이,서울 금천구,(08513) 서울특별시 금천구 디지털로 178 퍼블릭가산 에이동 1523호,,,
7148,주식회사코스앤리빙,경기 화성시,(18511) 경기도 화성시 금곡로 185-32 가동,127.0781127,37.17647621,
7149,(주)알텍,대구 달성군,(42902) 대구광역시 달성군 하빈로87길 24 알텍,128.44343,35.90359704,
7150,케이즈이노텍,인천 부평구,(21448) 인천광역시 부평구 백범로578번길 31 c동 1층,126.6907239,37.47592913,
7151,(주)사운드리더,부산 해운대구,"(48059) 부산광역시 해운대구 센텀북대로 60 910호(재송동, 센텀아이에스타워)",129.1251356,35.17653052,
7152,(주)드제이,서울 마포구,(04043) 서울특별시 마포구 양화로12길 8-6 2층 ,126.9176116,37.55148035,
7153,준타워,서울 서초구,(06735) 서울특별시 서초구 강남대로 253 힐튼가든인 서울강남,127.0327202,37.48585222,
7154,(주)중원산업,경북 경산시,(38494) 경상북도 경산시 일연로 653-28 (주)중원산업,128.8015081,35.86707536,
7155,(주)씨앤투스,부산 강서구,(46753) 부산광역시 강서구 녹산산업중로192번길 24 (주)씨앤투스성진,128.8402554,35.09119514,
7156,(주)파운더,부산 해운대구,"(48058) 부산광역시 해운대구 수영강변대로 140 810호(우동, 부산문화콘텐츠컴플렉스)",129.1257468,35.17302339,
7157,주식회사태진시스템,경남 양산시,(50568) 경상남도 양산시 산막공단남4길 23-1 ,,,
7158,대전세종중장비학원,대전 유성구,(34003) 대전광역시 유성구 금남구즉로1465번길 147  대전세종중장비학원,127.3862374,36.44509359,
7159,(주)케이비개발,광주 광산구,(62279) 광주광역시 광산구 월계로 223-22 2층 201호 202호,126.8501851,35.21531076,
7160,주식회사일레븐코퍼레이션,서울 중구,(04534) 서울특별시 중구 남대문로 78 5층,126.9829954,37.56411424,
7161,신한정밀,대구 달서구,(42710) 대구광역시 달서구 성서공단북로3길 17-9 1층,128.4736298,35.84582785,
7162,주식회사금하산업,서울 구로구,(08376) 서울특별시 구로구 디지털로33길 55 903호(구로동),126.8930928,37.48685012,
7163,주식회사진성정밀,경남 진주시,(52781) 경상남도 진주시 남강로1385번길 27 ,,,
7164,대구목공아카데미학원,대구 달서구,"(42760) 대구광역시 달서구 조암남로27길 26-1 1층, 대구목공아카데미학원",128.5198404,35.81683113,
7165,세무법인세방,인천 남동구,(21577) 인천광역시 남동구 인하로 545 인텍스빌딩 312~313호,126.7073013,37.44331966,
7166,(주)우남기공,전북 군산시,(54158) 전라북도 군산시 동장산로 126 ,,,
7167,주식회사팔피엠(8PMCorp.),대구 수성구,(42250) 대구광역시 수성구 대흥동 알파시티1로42길 11 5층 509호,128.6833318,35.83835602,
7168,한솔요양보호사교육원,경기 부천시,"(14701) 경기도 부천시 소사로 220 202호 (소사본동, 대양프라자)",126.7958801,37.47745757,
7169,시나브로 플라워 디자인 학원,경기 하남시,(12913) 경기도 하남시 미사강변동로 79 미사역타워 1006호,127.1927553,37.56195407,
7170,창비교육평생교육원,서울 마포구,(04004) 서울특별시 마포구 월드컵로12길 7 2층,126.9114733,37.55531396,
7171,(주)케이에스전자,대전 유성구,"(34025) 대전광역시 유성구 용산동 테크노2로 167-6 1,2층 (용산동,공장1동)",127.4042365,36.4250109,
7172,(주)비엠시스,대전 유성구,(34029) 대전광역시 유성구 테크노7로 32-10 (주)비엠시스,127.3999018,36.42559311,
7173,동행재활요양병원,광주 북구,(61251) 광주광역시 북구 무등로 226 동행재활요양병원,126.9077408,35.16423645,
7174,김천효캐슬요양원,경북 김천시,(39596) 경상북도 김천시 남산공원3길 19 김천효캐슬요양원,128.1203163,36.11875876,
7175,주식회사공구우먼,경기 양주시,(11440) 경기도 양주시 평화로 1525  공구우먼,,,
7176,한성특수장비(주),경기 시흥시,(15116) 경기도 시흥시 마유로20번길 11 한성특수장비,126.7150845,37.32286507,
7177,서청주새마을금고요양원,충북 청주시 흥덕구,"(28365) 충청북도 청주시 흥덕구 가로수로 1175 ,외 12필지(비하동)",127.4266721,36.62767971,
7178,사단법인고령군관광협의회,경북 고령군,(40140) 경상북도 고령군 대가야로 1216 사단법인고령군관광협의회,128.2608763,35.71886052,
7179,(주)히즈시스템,경기 화성시,(18545) 경기도 화성시 송산산단길 105 (주)히즈시스템,126.6958711,37.21454058,
7180,디엘이앤씨주식회사,서울 종로구,(03181) 서울특별시 종로구 통일로 134 15층,126.9663108,37.56639875,
7181,에이스공조(주),경기 안양시 동안구,(14055) 경기도 안양시 동안구 시민대로327번길 12-30 (관양동),126.9669456,37.39911105,
7182,(주)진성솔루션,광주 광산구,(62217) 광주광역시 광산구 하남산단6번로 46 (주)진성솔루션,126.8005752,35.20189821,
7183,관악문화센터평생교육원,서울 관악구,(08737) 서울특별시 관악구 봉천동 관악로 222 2층 201호,126.9555079,37.48440489,
7184,삼우전자정밀(주),경기 시흥시,(15098) 경기도 시흥시 공단1대로196번길 148 시화공단 2마 608호 ( 정왕동),126.7131454,37.32836555,
7185,너랑나랑사회적협동조합너랑나랑지역아동센터,전남 목포시,(58604) 전라남도 목포시 산양로 63 너랑나랑지역아동센터,126.429568,34.83749141,
7186,코스모평생교육원,서울 종로구,(03114) 서울특별시 종로구 종로 350 영창빌딩 5층 1호,127.0163525,37.57283666,
7187,(주)페어그린,경기 용인시 기흥구,(17015) 경기도 용인시 기흥구 동백중앙로16번길 16-4 1동 809호,127.165598,37.25671571,
7188,(주)클릭천사,서울 광진구,(04998) 서울특별시 광진구 군자로 150 202호 군자동 류신빌딩,127.0758202,37.5544799,
7189,(주)에이스인스트루먼트,경기 군포시,(15845) 경기도 군포시 농심로 54 ,,,
7190,열두달장독대아카데미,대전 동구,(34668) 대전광역시 동구 계족로 88 2층 201호,127.4450677,36.32205364,
7191,주식회사동광테크,경남 창원시 성산구    ,(51542) 경상남도 창원시 성산구 곰절길17번길 10 기업부설연구소2CMD,128.7082306,35.18585036,
7192,(주)정성테크,경기 광주시,(12717) 경기도 광주시 열미길 99-125 정성테크,127.3587704,37.35462084,
7193,(주)세미콤,경기 화성시,(18583) 경기도 화성시 수정로 80-39 세미콤,126.8586965,37.07353948,
7194,뷰티에듀-메이저뷰티아카데미학원,강원 원주시,(26392) 강원특별자치도 원주시 능라동길 61 902호(무실동),,,
7195,유한회사부경산업,전남 영암군,(58462) 전라남도 영암군 대불로 93 유한회사 부경산업,126.3729089,34.740754,
7196,(주)승산팩,전남 여수시,(59602) 전라남도 여수시 율촌산단2로 241-70 ,,,
7197,시흥제일요양보호사교육원,경기 시흥시,(15020) 경기도 시흥시 함송로 18 대림하이츠프라자 303호,126.7297287,37.36339137,
7198,(주)나노아이티,대구 수성구,(42250) 대구광역시 수성구 알파시티1로31길 26 5층,128.6807791,35.83432762,
7199,(주)유투,광주 광산구,(62466) 광주광역시 광산구 평동공단산정로 108 (주)유투,126.7496076,35.11105481,
7200,(주)자동기,인천 남동구,"(21643) 인천광역시 남동구 남동동로197번길 31 고잔동, 남동공단73B3L",126.7003135,37.40224333,
7201,주식회사에스엔디산업,경기 남양주시,(12017) 경기도 남양주시 팔야산단로41번길 53 ,,,
7202,현대아이티씨주식회사,충남 당진시,(31710) 충청남도 당진시 유곡2길 9 현대프라자 5층,126.6892427,36.96438205,
7203,엑스티지주식회사,부산 기장군,(46028) 부산광역시 기장군 명례산단4로 65-17 엑스티지주식회사,129.2520673,35.36781319,
7204,(주)메디톡스,충북 청주시 청원구,(28126) 충청북도 청주시 청원구 각리1길 78 메디톡스 오창 1공장,127.4328661,36.70817199,
7205,(주)창환단자공업,경기 용인시 처인구,(17130) 경기도 용인시 처인구 덕성산단2로6번길 19-1 ,,,
7206,1동탄요양보호사교육원,경기 화성시,"(18455) 경기도 화성시 메타폴리스로 38 802호, 803호",127.0715595,37.2017724,
7207,(주)케이무브,서울 강서구,"(07553) 서울특별시 강서구 등촌동 양천로 620(등촌 지와인 아파트, 비즈니스센터) 1302호",126.8662099,37.55390159,
7208,무실간호학원,강원 원주시,(26392) 강원특별자치도 원주시 무실동 능라동길 51(시네시티타워) 804호,127.9301614,37.33484074,
7209,스킨하트피부미용학원,대구 달서구,(42646) 대구광역시 달서구 달구벌대로 1738 4층 일부(두류동),128.5553151,35.85676733,
7210,배곧타워요양보호사교육원,경기 시흥시,(15010) 경기도 시흥시 배곧4로 32-13 2층 204호,126.7268122,37.3768547,
7211,명인교육센터,서울 강북구,(01226) 서울특별시 강북구 한천로109가길 37 3층,127.0436627,37.62686203,
7212,코드잇 평생교육원,서울 강남구,(06187) 서울특별시 강남구 역삼로 552 (대치동 KM 빌딩) 7층 703호 중 일부(대치동),127.063546,37.50457207,
7213,(주)대명화학,경북 문경시,(36937) 경상북도 문경시 산양공단2길 9-13 1층,128.2296556,36.61300816,
7214,소망요양보호사교육원,부산 기장군,(46073) 부산광역시 기장군 대청로 42 2층소망요양보호사교육원,129.2147122,35.23754579,
7215,합명회사노무법인두웰,대구 수성구,(42250) 대구광역시 수성구 알파시티1로42길 17 이니셜타운 402호,128.6836935,35.8376661,
7216,(주)귀뚜라미,충남 아산시,(31458) 충청남도 아산시 음봉로 850 귀뚜라미 아산공장,127.0993667,36.82523299,
7217,안산애견미용학원,경기 안산시 단원구,(15361) 경기도 안산시 단원구 고잔2길 65 301호,126.8383766,37.31750537,
7218,주식회사구구팔팔,경기 시흥시,(15070) 경기도 시흥시 도일로 119 502호,126.7834694,37.34103197,
7219,느티나무요양보호사교육원,부산 수영구,(48228) 부산광역시 수영구 수영로725번길 67 4층,129.115174,35.16819796,
7220,한돌요양보호사교육원,경기 안산시 단원구,"(15402) 경기도 안산시 단원구 신길동 신길로1길 86 702호~703호(신길동,신우프라자)",126.7869243,37.33056964,
7221,의료법인광주정원의료재단,광주 광산구,(62316) 광주광역시 광산구 목련로 330-19 참자연요양병원,126.8314376,35.17848389,
7222,(주)스마트항공,부산 사상구,(46973) 부산광역시 사상구 새벽로 218 201호,128.9846768,35.16044601,
7223,광주컴퓨터기술학원,광주 광산구,(62328) 광주광역시 광산구 월곡동 사암로340번길 31(부광빌딩) 5층,126.8106636,35.17531603,
7224,티오피커피학원,경남 양산시,"(50653) 경상남도 양산시 야리로 118 301,302호",129.0083987,35.31111548,
7225,슈퍼러닝원격평생교육시설,서울 강남구,"(06253) 서울특별시 강남구 도곡로1길 10 9층 전체 (역삼동, 프린스타워)",127.0324168,37.49049242,
7226,(주)뷰파트너스,서울 강남구,(06120) 서울특별시 강남구 봉은사로 107 지하3층 뷰파트너스 ,127.025354,37.50492789,
7227,지오지오플로리스트학원,서울 마포구,(04057) 서울특별시 마포구 신촌로12나길 8 2층(노고산동),126.9329533,37.55522952,
7228,에프랩원격평생교육원,서울 종로구,"(03134) 서울특별시 종로구 돈화문로 88-1(와룡동, UD빌딩) 3층 301호",,,
7229,스타셰프실용전문학교,경기 동두천시,(11346) 경기도 동두천시 지행로 63 7층,127.0541769,37.89257604,
7230,나우코딩랩스 원격평생교육원,서울 중구,(04520) 서울특별시 중구 세종대로 136 3층,126.9776969,37.56833884,
7231,한성대학교산학협력단,서울 성북구,(02876) 서울특별시 성북구 삼선교로16길 116 우촌관 610호,127.0101955,37.58267592,
7232,농업회사법인주식회사청도원감,경북 청도군,(38348) 경상북도 청도군 새마을로 574 청도원감,128.760274,35.59211217,
7233,(주)보령바이오파마,충북 진천군,(27809) 충청북도 진천군 사동길 2 (주)보령바이오파마,127.4212742,36.94747953,
7234,쑴스레더 가죽학원,경북 경주시,(38104) 경상북도 경주시 백률로 18 큰길가쪽 2층,129.2211643,35.85636338,
7235,아이티피이 원격평생교육시설,서울 영등포구,(07264) 서울특별시 영등포구 영등포로 103 704-705,126.8931205,37.5219528,
7236,해오름요양보호사교육원,경북 의성군,(37337) 경상북도 의성군 후죽1길 11 2층 해오름요양보호사교육원,128.6955045,36.35387671,
7237,퍼스트바리스타제과제빵학원,경기 의정부시,"(11695) 경기도 의정부시 태평로73번길 53 2,3층 퍼스트아카데",127.0485457,37.73887722,
7238,정성요양보호사교육원,전북 군산시,(54026) 전라북도 군산시 동령길 1 3층(장미동),126.713851,35.9862771,
7239,해피맘평생직업교육학원,전남 영암군,(58420) 전라남도 영암군 기찬랜드로 41 ,,,
7240,경북바이오마이스터고등학교,경북 영천시,(38804) 경상북도 영천시 찰방길 8 (신녕면 경북바이오마이스터고등학교) 경북바이오마이스터고등학교,128.7804793,36.04336285,
7241,고정현헤어서창점,인천 남동구,"(21614) 인천광역시 남동구 서창남순환로 223 A동 210,211호(서창동)",126.7486666,37.42471108,
7242,커피아카데미세움학원,경기 고양시 일산동구,(10447) 경기도 고양시 일산동구 장백로 70 501호 커피아카데미세움,126.7857096,37.64366152,
7243,청주토목건축학원,충북 청주시 청원구,(28153) 충청북도 청주시 청원구 내수로 162 1층,127.5005292,36.68886802,
7244,(주)엔키아,경기 성남시 분당구,"(13494) 경기도 성남시 분당구 대왕판교로 660 비동 1002호(삼평동, 유스페이스1 제10층)",127.1069322,37.40061147,
7245,위데이터랩컴퓨터학원,서울 종로구,"(03147) 서울특별시 종로구 삼일대로 457 1303호 (경운동,수운회관)",126.985913,37.57514272,
7246,공감웹툰아카데미학원,광주 남구,(61664) 광주광역시 남구 백양로 77 2~3층,126.9102662,35.13437669,
7247,효성화학(주)용연2공장,울산 남구,(44784) 울산광역시 남구 처용로487번길 65 2공장 ,129.3534393,35.48296655,
7248,대도요양보호사교육원,경남 통영시,(53035) 경상남도 통영시 무전대로 23 (3층),128.4233526,34.86052637,
7249,MBC아카데미 일산 요양보호사교육원,경기 고양시 일산동구,(10422) 경기도 고양시 일산동구 중앙로 1129 동관 2층 208호,126.7793263,37.64883017,
7250,MBC아카데미다산요양보호사교육원,경기 남양주시,(12248) 경기도 남양주시 다산동 다산순환로 20 C동 1층 44~45호,127.1521293,37.61322799,
7251,문경시니어클럽,경북 문경시,(36976) 경상북도 문경시 모전3길 6 1층,128.1875511,36.59108756,
7252,효경요양보호사교육원,경북 경주시,(38154) 경상북도 경주시 화랑로 114 3층 ,129.2131358,35.84425736,
7253,명장김덕규제과제빵바리스타학원,경남 김해시,(50948) 경상남도 김해시 구지로 20 5층 일부(내동),,,
7254,청주한국바리스타커피학원,충북 청주시 상당구,"(28516) 충청북도 청주시 상당구 용담로 7 센트럴칸타빌 상가2층 220호, 221호",127.491783,36.63281903,
7255,에스케이씨이러닝교육원,광주 서구,"(61949) 광주광역시 서구 치평동 상무중앙로 70(교보증권) 5층, 501호",126.8489406,35.15309844,
7256,세종한국바리스타커피학원,세종 세종,(30152) 세종특별자치시  대평로 71 4층 405호,,,
7257,늘편한집,서울 노원구,(01736) 서울특별시 노원구 중계로 163 늘편한집,127.0801284,37.64958432,
7258,누구나주식회사,대전 유성구,"(34047) 대전광역시 유성구 전민동 유성대로1689번길 70(KT대덕2연구센타) 연구3동 5층 506호(전민동, KT대덕2연구센타)",127.3997222,36.40237354,
7259,에스비에스(SBS)아카데미컴퓨터아트학원,경기 안양시 동안구,"(14072) 경기도 안양시 동안구 평촌대로217번길 15(호계동, 파크애비뉴엘) 7층",,,
7260,세한대학교당진산학협력단,충남 당진시,(31746) 충청남도 당진시 세한대길 33 본관,126.780735,36.8761114,
7261,주식회사온새미로,충북 청주시 흥덕구,(28358) 충청북도 청주시 흥덕구 직지대로49번길 173 (주)온새미로,127.3997327,36.65251719,
7262,부천도배학원,경기 부천시,(14771) 경기도 부천시 소사로102번길 13  동우프라자   209-1호,,,
7263,단우미용학원,충북 옥천군,(29038) 충청북도 옥천군 삼금로 53 3층,,,
7264,울산동구알비제과제빵바리스타학원,울산 동구,(44016) 울산광역시 동구 방어진순환도로 1133 2층 202호,129.4246321,35.5392963,
7265,굿휴먼즈주식회사,충남 아산시,(31460) 충청남도 아산시 갈산교로 272 101호,,,
7266,SBS아카데미컴퓨터아트학원,충남 천안시 서북구,(31156) 충청남도 천안시 서북구 불당22대로 92 708호-712호,,,
7267,사회복지법인다사랑,충남 금산군,(32709) 충청남도 금산군 마수로 208 다사랑,,,
7268,안양이룸요양보호사교육원,경기 안양시 동안구,(13938) 경기도 안양시 동안구 관악대로 361 진주빌딩 3층,,,
7269,한세요양보호사교육원,경기 군포시,(15840) 경기도 군포시 군포로 578 2층(당동),126.9477546,37.35722464,
7270,전주한국건축학원,전북 전주시 덕진구,(54923) 전라북도 전주시 덕진구 조경단로 16 2층,127.1368701,35.83580092,
7271,유한회사진영엔지니어링,전남 영암군,(58462) 전라남도 영암군 대불로 93 본관 4층,126.3729089,34.740754,
7272,소잉종합공예학원,대구 달성군,(42914) 대구광역시 달성군 대실역북로1길 29-4 3층301호,,,
7273,MS컴퓨터코딩학원,경기 부천시,(14786) 경기도 부천시 옥길로 124 722호 MS컴퓨터코딩학원,,,
7274,더그린직업전문기술학원,인천 계양구,(21049) 인천광역시 계양구 경명대로 1058 2층2호,126.7245488,37.54297514,
7275,슈리트제과제빵학원,경기 파주시,(10908) 경기도 파주시 소리천로 25 유은타워7차 a동 7층 718호 ,,,
7276,창일기술평생교육원,경기 수원시 팔달구,(16460) 경기도 수원시 팔달구 매산로 56 대성빌딩 5층 창일기술평생교육원,127.0073127,37.26865794,
7277,SBS아카데미게임학원,충남 천안시 서북구,(31156) 충청남도 천안시 서북구 불당22대로 92 7층 707호,127.1087571,36.81524085,
7278,제주바리스타아카데미학원,제주 제주시,"(63139) 제주특별자치도 제주시 연북로 82 201호, 신성빌딩",,,
7279,가람평생교육원,경기 시흥시,(14950) 경기도 시흥시 수인로3325번길 10 우명프라자 204호(신천동),126.7880215,37.43843934,
7280,주식회사 티맥스티베로,경기 성남시 분당구,(13595) 경기도 성남시 분당구 황새울로258번길 29 (수내동),127.1167141,37.37916744,
7281,전남제일평생교육원,전남 목포시,(58746) 전라남도 목포시 미항로 197-1 3층,126.4379894,34.80015942,
7282,리챠드프로헤어청수점,충남 천안시 동남구,(31190) 충청남도 천안시 동남구 청수로 71 2층(청수동),,,
7283,내일배움평생교육원,부산 연제구,(47594) 부산광역시 연제구 연수로 219 신양빌딩7층 부산바리스타외식음료학원,129.0946965,35.17378005,
7284,신현중장비부산학원,부산 기장군,(46013) 부산광역시 기장군 가동2길 19 1층,129.1808754,35.32790134,
7285,동현건축기술학원,전북 전주시 덕진구,(54801) 전북특별자치도 전주시 덕진구 성덕동 번영로 223 202호,127.0313966,35.87662645,
7286,케어에듀연희요양보호사교육원,서울 서대문구,(03723) 서울특별시 서대문구 연희로 178 3층 케어에듀연희요양보호사교육원,126.9355858,37.57275518,
7287,시사쿡요리아카데미학원,서울 강남구,(06241) 서울특별시 강남구 테헤란로4길 28 14층 (역삼동) 시사쿡요리아카데미학원,,,
7288,사단법인중소기업기술혁신협회충북지회,충북 청주시 청원구,(28119) 충청북도 청주시 청원구 중심상업2로 48 충북지방중소벤처기업청 2층(208호) (사)이노비즈협회 충북지회,127.4329006,36.71437148,
7289,차이안양인테리어필름학원,경기 안양시 만안구,(13996) 경기도 안양시 만안구 관악대로 9 2층일부,126.9260671,37.39482979,
7290,미용의정서애견미용학원,인천 남동구,(21558) 인천광역시 남동구 인주대로591번길 32 501호,126.70311,37.45154422,
7291,아주편한요양보호사교육원,경기 수원시 장안구,(16282) 경기도 수원시 장안구 조원로 96 평안빌딩 201호,,,
7292,아티스틱미용학원,경남 거제시,(53252) 경상남도 거제시 서문로3길 24 2층,128.6183896,34.89022168,
7293,사천요리학원,경남 사천시,(52518) 경상남도 사천시 사천읍성로 28 2층,128.0873525,35.08504502,
7294,컨트롤에프주식회사,대전 유성구,(34121) 대전광역시 유성구 도룡동 대덕대로 620 2층,127.3788808,36.38826324,
7295,창의경영고등학교,경기 광명시,(14326) 경기도 광명시 기아로13번안길 9-9 1층,,,
7296,남양주가죽공예학원,경기 남양주시,(12163) 경기도 남양주시 마석로26번길 51-4 3층,,,
7297,탑요양보호사교육원,전북 군산시,(54076) 전라북도 군산시 조촌안3길 2 정우빌딩 302호,126.7373389,35.97249763,
7298,인천도배기술교육학원,인천 남동구,"(21542) 인천광역시 남동구 백범로 221 (만수동) 301호, 302-2호",126.7245292,37.4599038,
7299,부산문화여자고등학교,부산 해운대구,(48064) 부산광역시 해운대구 해운대로469번길 50 부산문화여자고등학교,129.1437229,35.16588533,
7300,주식회사루뻬,서울 마포구,(04030) 서울특별시 마포구 동교로 128 진영빌딩 B동 2층,126.9163969,37.55473203,
7301,주식회사올댓뷰티아카데미광주,광주 동구,(61482) 광주광역시 동구 금남로 238 무등빌딩4층 올댓뷰티아카데미 광주지점,,,
7302,메가스터디교육(주),서울 서초구,(06643) 서울특별시 서초구 효령로 321 ,,,
7303,해든어린이집,대전 유성구,(34189) 대전광역시 유성구 도안동로 523 단지내 해든어린이집,127.3461342,36.35001742,
7304,A1법률 평생교육원,서울 광진구,(04985) 서울특별시 광진구 천호대로 562 402호,,,
7305,정다운TOP요양보호사교육원,경남 창원시 성산구    ,"(51526) 경상남도 창원시 성산구 내동 삼동로128번길 85(엑스포상가) 201호, 202호(내동)",128.6639553,35.22073897,
7306,"프레스티지바이오파마아이디씨주식회사 (Prestige BioPharma IDC Co., Ltd)",부산 강서구,"(46772) 부산광역시 강서구 명지국제6로 164(명지동, 프레스티지바이오파마) 프레스티지바이오파마아이디씨",,,
7307,삼성전자(주) DS부문 협력사 환경안전 아카데미,경기 평택시,"(18021) 경기도 평택시 도시지원1길 16 7층~10층, 1층 120호, 5층 507~510호",127.0170423,37.02721257,
7308,하나태릉요양보호사교육원,서울 노원구,(01858) 서울특별시 노원구 동일로 1027 2층 하나태릉요양보호사교육원,,,
7309,한국미래인재평생교육원,서울 강남구,"(06145) 서울특별시 강남구 선릉로 565(역삼동, 한국빌딩) 6층",127.0440735,37.50890523,
7310,유비즈정보기술(주),대전 유성구,(34013) 대전광역시 유성구 테크노4로 17  D616,127.3949623,36.432314,
7311,새솔요양보호사교육원,경기 화성시,(18244) 경기도 화성시 수노을2로 7 701호,,,
7312,YS뷰티아카데미학원,경북 영주시,(36135) 경상북도 영주시 대학로 150-1 대학로 빌딩 2층 YS뷰티아카데미학원,128.6090599,36.80991013,
7313,라로즈스쿨학원,서울 강남구,(06114) 서울특별시 강남구 강남대로124길 19 광성빌딩 2층 라로즈스쿨,,,
7314,충남금산지역자활센터,충남 금산군,(32721) 충청남도 금산군 일흔이재로 112 충남금산지역자활센터 ,127.5036571,36.13746884,
7315,창원참사랑평생교육원,경남 창원시 성산구    ,"(51515) 경상남도 창원시 성산구 용지로 102(중앙동, 개나리종합상가) 3층4호",128.6785648,35.22409737,
7316,더효드림요양보호사교육원,서울 강동구,(05251) 서울특별시 강동구 암사동 올림픽로 814(남영빌딩) 501호,127.1290618,37.55353374,
7317,케이워터기술주식회사,대전 서구,(35233) 대전광역시 서구 대덕대로 226 명동프라자 7층,127.3798236,36.35266445,
7318,채움요리학원,경기 평택시,(17902) 경기도 평택시 평택5로20번길 28 씨엠타워4층402호,127.1141418,36.98888389,
7319,대전광역시청소년상담복지센터,대전 동구,(34630) 대전광역시 동구 대전천동로 508 6층 청소년상담복지센터,127.433214,36.32725156,
7320,대한오토바이정비학원,서울 동작구,"(07040) 서울특별시 동작구 상도로62길 1 01F,02F",126.9545063,37.4946578,
7321,화성카네이션너싱홈,경기 화성시,(18556) 경기도 화성시 안벼슬길 11 ,,,
7322,대교뉴이프 분당 요양보호사 교육원,경기 성남시 분당구,(13566) 경기도 성남시 분당구 성남대로779번길 20 301호,127.1261526,37.39955684,
7323,주식회사 에듀포인트,광주 서구,"(61947) 광주광역시 서구 상무중앙로 114(치평동, 랜드피아) 313호",,,
7324,김해리프온공예학원,경남 김해시,(50988) 경상남도 김해시 대청로210번길 20 5층 502호,128.7969423,35.19351735,
7325,다온이미용학원,경기 화성시,(18412) 경기도 화성시 경기대로 1025-5 302호 병점제일타운,127.0356403,37.20674349,
7326,강원조경아카데미학원,강원 춘천시,(24368) 강원도 춘천시 우묵길52번길 24 동명빌딩 2층,127.7240066,37.86434207,
7327,피우바리스타학원,경기 하남시,"(12913) 경기도 하남시 미사강변동로 79 미사역타워, 406호",127.1927553,37.56195407,
7328,조선이공대학산학협력단,광주 동구,(61453) 광주광역시 동구 조선이공대길 11 본부동 1층 융합교육혁신센터,126.9309326,35.14024049,
7329,구리애견미용학원,경기 구리시,"(11930) 경기도 구리시 경춘로276번길 5 3층, 구리에이스애견미용학원",127.1458739,37.60256424,
7330,주식회사미래엠텍,경기 용인시 처인구,(17118) 경기도 용인시 처인구 당하로 135-11 (주)미래엠텍,127.1551349,37.14330692,
7331,나빌레라,대전 유성구,(34211) 대전광역시 유성구 학하중앙로160번길 7-18 1층,127.3095292,36.33907767,
7332,(주)광주글로벌모터스,광주 광산구,(62405) 광주광역시 광산구 빛그린산단로 333 광주글로벌모터스,126.6723651,35.17051092,
7333,김해리더스요양보호사교육원,경남 김해시,(50948) 경상남도 김해시 내외중앙로 89 302.303호,128.8670476,35.23762534,
7334,동천일리하우스,서울 노원구,(01747) 서울특별시 노원구 노원로18길 41 동천일리하우스,127.0732906,37.64433594,
7335,라움가죽공예학원,경기 용인시 기흥구,(17006) 경기도 용인시 기흥구 동백5로 22 동백문월드 1층 159호,127.1513536,37.27585425,
7336,브레인힐 시니어콘텐츠랩 평생교육원,경기 김포시,(10090) 경기도 김포시 태장로 741 경동미르웰시티 540호,126.6841645,37.64124155,
7337,동양대학교,경북 영주시,(36040) 경상북도 영주시 동양대로 145 ,,,
7338,애견학당펫푸드전문학원,경기 용인시 수지구,(16874) 경기도 용인시 수지구 푸른솔로 87 401호,127.1182472,37.32595199,
7339,(주)귀뚜라미,경북 청도군,(38347) 경상북도 청도군 월곡2길 34 (주)귀뚜라미,128.7572992,35.63019279,
7340,(주)나노켐,경북 청도군,(38347) 경상북도 청도군 월곡2길 49 (주)나노켐,128.7549934,35.63024438,
7341,벨라루시애견미용학원,경남 창원시 마산회원구,(51363) 경상남도 창원시 마산회원구 양덕로 167 2층 일부,128.5821061,35.23273033,
7342,완도수산고등학교,전남 완도군,(59116) 전라남도 완도군 장보고대로 141 완도수산고등학교,126.7451645,34.32303153,
7343,더드림요양보호사교육원,경기 구리시,(11924) 경기도 구리시 안골로 1 3층,127.1311772,37.59725635,
7344,리스타트연구소,울산 중구,(44429) 울산광역시 중구 종가로 406-21 (복산동) 울산비즈파크 429호,129.3223294,35.5637624,
7345,이컴회계정보처리학원,인천 미추홀구,(22102) 인천광역시 미추홀구 석정로202번길 12-17 B/D 3층,126.6573357,37.46701548,
7346,충주간호학원,충북 충주시,(27428) 충청북도 충주시 탄금대로 39 세일빌딩 2층,127.9239839,36.97479356,
7347,봄봄요리학원,강원 춘천시,(24297) 강원도 춘천시 후석로 348-1 2층,127.7486614,37.88187349,
7348,(주)지에스네트웍스,경기 용인시 처인구,(17027) 경기도 용인시 처인구 포곡읍 포곡로 100(GS유통) ,,,
7349,수빈ENT,강원 원주시,"(26406) 강원특별자치도 원주시 모란1길 86(우산동, 한라비발디) 108동 1101호",127.9336943,37.36370251,
7350,제이케이엠티알,경기 하남시,(12918) 경기도 하남시 조정대로 45 미사센텀비즈 F815,127.1840579,37.55051624,
7351,주식회사지디에이경기드론교육원,서울 구로구,"(08295) 서울특별시 구로구 공원로 63 (구로동 희훈타워빌) 302호, 304호",,,
7352,주식회사고운빛깔에스테틱,경남 창원시 성산구    ,(51523) 경상남도 창원시 성산구 중앙대로 37 621호,128.6751817,35.21925961,
7353,케어에듀번동요양보호사교육원,서울 강북구,(01224) 서울특별시 강북구 오현로 190 2층 201호 케어에듀번동요양보호사교육원,127.0393475,37.62838608,
7354,아리아케어광명요양보호사교육원,경기 광명시,(14303) 경기도 광명시 범안로 1008 602호,126.8756807,37.45990187,
7355,모리스애견미용학원,경기 용인시 기흥구,(16975) 경기도 용인시 기흥구 기흥로14번길 10-4 2층,127.1168873,37.27712686,
7356,군포해피케어,경기 군포시,"(15862) 경기도 군포시 번영로 492(금정동, 명산빌딩) 703호",126.9322573,37.35694609,
7357,아름다운사람들미용학원,대전 중구,(34921) 대전광역시 중구 중앙로 154 6층,127.4266285,36.32863585,
7358,대교뉴이프 창원 요양보호사교육원,경남 창원시 마산회원구,(51304) 경상남도 창원시 마산회원구 3·15대로 645 5층 대교뉴이프,128.5764146,35.23092992,
7359,세영복지센터,전북 익산시,(54598) 전라북도 익산시 서동로 89 3층 세영복지센터,126.9612932,35.9336799,
7360,KDA 한국드론교육원,경기 화성시,(18584) 경기도 화성시 장안면 덕다길 260-24 주식회사 한국드론교육원,126.8324201,37.0468603,
7361,액션에어 에어컨기술 창업학원,세종 세종,(30001) 세종특별자치시  소정구길 228 ,,,
7362,유성온천요양보호사교육원,대전 유성구,(34187) 대전광역시 유성구 계룡로 129 3층 302호,127.3450772,36.35288615,
7363,제이에스뷰티아카데미학원,경기 부천시 원미구,"(14542) 경기도 부천시 원미구 상동로 112(상동, 썬프라자) 601호",126.7538506,37.50695604,
7364,로얄커피학원,경기 김포시,(10073) 경기도 김포시 김포한강11로 288-31 701호,126.6839934,37.6547646,
7365,원광간호조무사학원 요양보호사교육원,전북 익산시,(54645) 전라북도 익산시 무왕로 864 2층,126.9546033,35.96448143,
7366,삼금산업(주),경북 김천시,(39537) 경상북도 김천시 공단4길 69 삼금산업(주),128.1255363,36.15772966,
7367,애드인에듀풀스택자바학원,서울 금천구,(08505) 서울특별시 금천구 가산디지털2로 115 308호,126.8789513,37.47796133,
7368,한국전력공사 대전세종충남본부,대전 동구,(34537) 대전광역시 동구 송촌남로11번길 170 ,,,
7369,주식회사 비아이티코퍼레이션,전북 전주시 덕진구,"(54823) 전라북도 전주시 덕진구 오송로 9 2층 201, 202, 303호",127.1273117,35.85980232,
7370,대산요양보호사교육원,경기 양주시,(11479) 경기도 양주시 옥정로 147 3층,127.0900899,37.81502916,
7371,하늘간호학원,경남 진주시,(52741) 경상남도 진주시 대신로 369 3층,128.1162841,35.19347885,
7372,댄포스코리아주식회사,서울 중구,(04637) 서울특별시 중구 퇴계로 10 15층 댄포스코리아,126.9746112,37.55653526,
7373,SK파워텍(주)부산FAB,부산 기장군,(46038) 부산광역시 기장군 의과학4로 2 파워반도체상용화센터,129.2498781,35.32453857,
7374,의왕해내리요양보호사교육원,경기 의왕시,"(16026) 경기도 의왕시 내손로 76 2층 5호,6호(내손동, 보우상가) ",126.9794515,37.38675234,
7375,공주정보고등학교,충남 공주시,(32589) 충청남도 공주시 마근동길 29 공주정보고등학교,127.1570724,36.48466536,
7376,하이독(Hidog)애견미용학원,강원 원주시,(26401) 강원도 원주시 내남송길 135 (판부면) 1층,127.9462756,37.30739033,
7377,퀸덤 커피 학원,경남 김해시,(50858) 경상남도 김해시 진영읍 장등1로 51 2층 202호 퀸덤 커피 학원,128.7403117,35.31428328,
7378,호리바에스텍코리아주식회사,경기 용인시 수지구,(16878) 경기도 용인시 수지구 디지털벨리로 98 호리바에스텍코리아,127.1363211,37.33181664,
7379,주식회사 이지러닝아카데미,서울 영등포구,"(07280) 서울특별시 영등포구 문래북로 8(문래동6가, 에이스엔에스타워) 606호",126.8857655,37.52133109,
7380,맘보바리스타제과제빵학원수원지점,경기 수원시 팔달구,(16490) 경기도 수원시 팔달구 권광로 159 3층(수원프라자),127.0315608,37.26210407,
7381,해담직업훈련학원,경기 용인시 기흥구,"(16978) 경기도 용인시 기흥구 강남동로 6(구갈동, 그랜드프라자) 306,307,308호(실습장:처인구 모현읍 능원리 526-5)",,,
7382,지족요양보호사교육원,대전 유성구,(34077) 대전광역시 유성구 지족로 374 옥타브빌딩 B동 308호 지족요양보호사교육원,127.3178294,36.3865744,
7383,한국폴리텍대학석유화학공정기술교육원(비정규직외),울산 남구,(44776) 울산광역시 남구 테크노산업로81번길 4 ,,,
7384,온코딩컴퓨터학원,부산 강서구,(46772) 부산광역시 강서구 명지국제8로 234 정우빌딩2차 3층 305호,128.9183583,35.09791664,
7385,브리앙뜨미용학원,광주 서구,"(61949) 광주광역시 서구 시청로 67 21,24,25,26,27호 브리앙뜨미용학원",126.8509907,35.15423672,
7386,금호건설(주),서울 종로구,(03161) 서울특별시 종로구 우정국로 26 센트로폴리스빌딩 A동 28층,126.9836613,37.57147538,
7387,광진드림요양보호사교육원,서울 광진구,(04954) 서울특별시 광진구 자양로 277 4층(구의동),127.0910485,37.55073042,
7388,더블유씨피(주),충북 충주시,(27461) 충청북도 충주시 메가폴리스로 195 더블유씨피(주),127.8171872,36.98667496,
7389,고창드론항공교육원,전북 고창군,(56417) 전라북도 고창군 복분자로 370 (고창드론항공교육원),126.6332575,35.50077526,
7390,주식회사우성조선,울산 동구,(44032) 울산광역시 동구 방어진순환도로 1000 조선별관 4층,129.4392116,35.51544065,
7391,연세맘스닥터아동발달센터,대전 유성구,(34210) 대전광역시 유성구 학하중앙로128번길 22-10 2층,127.3053127,36.34038609,
7392, 한샘아카데미 평생교육원,서울 강서구,"(07728) 서울특별시 강서구 화곡동 강서로 134(엘제이빌딩) 1층일부,2층 일부,4층,5층 일부",126.842485,37.53897761,
7393,프라시아플로리스트학원,서울 중구,(04537) 서울특별시 중구 명동8가길 61 금성빌딩 5층,126.9884173,37.56195267,
7394,수원건설기술교육학원,경기 수원시 팔달구,(16257) 경기도 수원시 팔달구 정조로788번길 18 선영빌딩 3층,127.017777,37.27828907,
7395,(주)위드맘케어 평생교육원,경기 안양시 동안구,(14067) 경기도 안양시 동안구 시민대로 230 A동 401호,126.9564807,37.39219667,
7396,엘케이삼양주식회사,경남 창원시 마산회원구,(51343) 경상남도 창원시 마산회원구 자유무역6길 123 인사팀,128.6114312,35.21426566,
7397,진접요양보호사교육원,경기 남양주시,(12009) 경기도 남양주시 금강로 1509-5 2층,127.1913337,37.72523911,
7398,대원공업(주),경남 김해시,(50870) 경상남도 김해시 진례면 서부로 406 (주)대원공업,128.7523367,35.26612161,
7399,(주)레드스톤시스템,서울 용산구,(04349) 서울특별시 용산구 이태원로 223-5 B101호,126.9983902,37.53559063,
7400,로얄맘,충남 아산시,(31520) 충청남도 아산시 삼동로 27 2층,127.0105781,36.78243359,
7401,맘스웰양산점,경남 양산시,(50614) 경상남도 양산시 증산역로 162 3층 301호,129.0073732,35.30876248,
7402,루빈커피바리스타학원,경기 성남시 중원구,(13355) 경기도 성남시 중원구 광명로 5 메디컬센터 5층 502호,127.1296537,37.43310658,
7403,옥천직업교육학원,충북 옥천군,(29047) 충청북도 옥천군 옥천읍 중앙로 32-1(상점) 2층,127.568404,36.30017542,
7404,센트럴바리스타제과제빵학원,충남 천안시 서북구,"(31105) 충청남도 천안시 서북구 두정상가8길 62 701호,702호,703호",127.1449535,36.83176526,
7405,명장청소기술인학원,충북 청주시 서원구,"(28185) 충청북도 청주시 서원구 남이외천길 12 1층 일부, 2층",127.4303444,36.55163867,
7406,아이티(IT)평생교육시설,서울 강남구,(06192) 서울특별시 강남구 선릉로86길 17 선릉엠티빌딩 7층 701호,127.0510483,37.50340654,
7407,이웃자동차유통서비스협동조합,경기 수원시 팔달구,(16262) 경기도 수원시 팔달구 수원천로255번길 6 3층 21호 (사회적경제지원센터),127.0185547,37.27709962,
7408,대구중구시니어클럽,대구 중구,"(41940) 대구광역시 중구 공평로4길 24-7(삼덕동2가, 어르신도서관) 1층",,,
7409,더블유오티(WOT)펫푸드학원,인천 부평구,(21344) 인천광역시 부평구 체육관로 14 403-1호 WOT펫푸드학원,126.7329111,37.50834261,
7410,성남탑간호학원,경기 성남시 수정구,(13353) 경기도 성남시 수정구 산성대로 257-1 4층 성남탑간호학원,127.1455087,37.44057584,
7411,에듀윌원격국비교육원,서울 구로구,(08391) 서울특별시 구로구 디지털로32길 79 5층 일부(502호),126.899678,37.48345931,
7412,레코더즈아카데미인물촬영보정사진학원,서울 마포구,"(04043) 서울특별시 마포구 서교동 잔다리로 49 1,2,3층",126.918369,37.55220169,
7413,핸디로집수리전문학원,경기 수원시 권선구,(16579) 경기도 수원시 권선구 세지로42번길 49-1 3층,127.0187869,37.25524062,
7414,주식회사유현,경남 거제시,(53261) 경상남도 거제시 장평3로 80 삼성중공업(주)거제조선소 삼성중공업 내 주식회사 유현,128.6024738,34.89976929,
7415,(A)알파원격평생교육원,서울 중랑구,(02138) 서울특별시 중랑구 봉우재로 113 세림빌딩6층,127.0855384,37.59264809,
7416,원 요양보호사교육원,경기 김포시,(10059) 경기도 김포시 양곡1로 54 ,,,
7417,(주)마이크로닉,충남 계룡시,(32827) 충청남도 계룡시 계룡대로 245 503호,127.2592856,36.26847194,
7418,좋은요양보호사교육원,경기 부천시,(14421) 경기도 부천시 성지로 66 4층,126.8114624,37.52483997,
7419,남양주애견미용학원,경기 남양주시,(12248) 경기도 남양주시 다산중앙로19번길 9 세움305호 남양주애견미용학원,127.1543459,37.61444655,
7420,참좋은재가노인돌봄센터,대구 남구,(42445) 대구광역시 남구 중앙대로 132 2층,128.5906986,35.84482441,
7421,서산탑애견미용학원,충남 서산시,(31987) 충청남도 서산시 안견로 341 2층(읍내동),126.4455418,36.77728962,
7422,합덕제철고등학교,충남 당진시,(31809) 충청남도 당진시 면천로 1601 창의관,126.7627364,36.81411736,
7423,더펫애견미용학원,경남 양산시,"(50629) 경상남도 양산시 양산역6길 17(중부동, 청림타워) 702호 일부",,,
7424,주식회사의식주컴퍼니,서울 강서구,(07566) 서울특별시 강서구 양천로60길 40 1층,126.858098,37.55719768,
7425,약수메트로간호학원,서울 중구,(04598) 서울특별시 중구 동호로 189 5층,127.0101588,37.55475447,
7426,윈캠퍼스 원격평생교육원,서울 용산구,"(04378) 서울특별시 용산구 한강대로 95(한강로2가, 래미안용산 더 센트럴) B동 413호",,,
7427,구름무인항공교육원,경기 평택시,(17717) 경기도 평택시 은산4길 63-33 구름무인항공,127.1130315,37.08346059,
7428,주식회사양지요양보호사교육원,부산 해운대구,(48070) 부산광역시 해운대구 송정중앙로 19 301호,129.2031073,35.18319479,
7429,고흥윤호21병원,전남 고흥군,(59543) 전라남도 고흥군 터미널길 16 고흥윤호21병원,127.2816094,34.60661729,
7430,중앙전산직업전문학교,경북 영주시,(36087) 경상북도 영주시 번영로102번길 25-9 2층,128.6296335,36.82159564,
7431,경기수원해피케어,경기 수원시 권선구,(16569) 경기도 수원시 권선구 장다리로 147 2층,127.0231175,37.26315101,
7432,컬티바리스타학원,부산 해운대구,(48095) 부산광역시 해운대구 해운대로 634 3층 컬티 바리스타 학원,129.1600014,35.16397442,
7433,에이플러스요양보호사교육원,경기 수원시 장안구,(16305) 경기도 수원시 장안구 송죽동 경수대로927번길 9 2층,127.0084538,37.30125702,
7434,평택바리스타학원,경기 평택시,(17848) 경기도 평택시 동삭동 평남로 1022 3층,127.0978693,37.00991097,
7435,제이블룸플라워학원,경남 진주시,(52795) 경상남도 진주시 동진로 166 2층,128.1092087,35.17936644,
7436,동탄신리요양보호사교육원,경기 화성시,"(18486) 경기도 화성시 동탄신리천로 278 동탄 리더스뷰프라자 504,505호(오산동)",,,
7437,주식회사인텍,대구 북구,(41415) 대구광역시 북구 학정동 학정로106길 15 명보빌딩 4층,,,
7438,양평황토집짓기학원,경기 양평군,(12509) 경기도 양평군 학골길 192-1 연수리704-2,,,
7439,(주)화성개발 ,대구 북구,(41590) 대구광역시 북구 원대로 130 7층 화성개발,,,
7440,(주)페퍼저축은행,경기 성남시 분당구,"(13591) 경기도 성남시 분당구 황새울로 340 (서현동, 페퍼존빌딩) ",127.1227991,37.38583792,
7441,복덩이하남요양보호사교육원,경기 하남시,(12957) 경기도 하남시 신평로 84 3층 301호~303호,127.2067319,37.54070359,
7442,부산보건고등학교,부산 영도구,(49079) 부산광역시 영도구 절영로 163 부산보건고등학교,129.0419314,35.08150925,
7443,퍼스트바리스타제과제빵학원,경기 안산시 단원구,"(15465) 경기도 안산시 단원구 이삭로 34 1, 2층(고잔동)",126.8403813,37.31381395,
7444,한국웰스윈원격평생교육원,강원 강릉시,(25510) 강원도 강릉시 솔올로 76 3층,128.8791123,37.76871594,
7445,주식회사포유디지탈,경기 고양시 일산동구,(10320) 경기도 고양시 일산동구 동국로 81-11 포유디지탈,126.8021781,37.6795762,
7446,에스케이아이이테크놀로지주식회사,서울 종로구,(03188) 서울특별시 종로구 종로 26 14층,126.9802999,37.56953767,
7447,"주식회사밸류업텍(ValueUpTechCo.,Ltd.)",인천 연수구,(21984) 인천광역시 연수구 송도국제대로 123 지하1층(송도동),126.6585039,37.38229782,
7448,레벨업에듀,서울 마포구,"(04072) 서울특별시 마포구 성지1길 35(합정동, 세인트펄(saint pearl)) 3층",,,
7449,춘천바리스타학원,강원 춘천시,(24402) 강원도 춘천시 거두택지길 55-7 2층,127.7574143,37.8551776,
7450,다소니케어용산요양보호사교육원,서울 용산구,(04317) 서울특별시 용산구 효창동 효창원로 140(자산빌딩) 6층,126.9619787,37.54023272,
7451,연수봄날간호학원,인천 연수구,(21931) 인천광역시 연수구 원인재로 180 상가동 302호,126.6849809,37.41182582,
7452,노동법률사무소해우,울산 남구,(44761) 울산광역시 남구 수암로 255 101동 202호,129.3334673,35.52339685,
7453,전라남도아이돌보미교육기관,전남 영광군,(57041) 전라남도 영광군 옥당로 149 3층,126.5009417,35.27527811,
7454,(주)더마펌,강원 원주시,(26347) 강원도 원주시 청정로 84 더마펌,127.88867,37.38510425,
7455,마스터마인드협회 평생교육원,서울 종로구,(03190) 서울특별시 종로구 삼일대로15길 1 4층,126.9873294,37.5687009,
7456,주식회사유응연,경기 시흥시,(15079) 경기도 시흥시 마유로238번길 43 주식회사 유응연,126.7328602,37.33689074,
7457,대전세종목공기술학원,세종 세종,"(30055) 세종특별자치시  장군면 봉안산소골길 3 1층, 2층",127.2206449,36.49955234,
7458,이제이커피학원,인천 계양구,(21050) 인천광역시 계양구 경명대로 1090 306호 이제이커피학원,126.7279663,37.54289305,
7459,주식회사유에이아이,경기 성남시 분당구,(13516) 경기도 성남시 분당구 판교로 700 407호,127.1507929,37.40406066,
7460,(주)라온비엔피,인천 연수구,"(21984) 인천광역시 연수구 송도동 송도과학로 70(송도 AT센터) 오피스동 1210,1211호",126.6651515,37.38041586,
7461,충북재활원마리아의집,충북 청주시 흥덕구,"(28459) 충청북도 청주시 흥덕구 1순환로438번길 39-17 4동,8동,9동 충북재활원마리아의집",127.4665023,36.65315013,
7462,한미타올(주),대전 대덕구,(34363) 대전광역시 대덕구 읍내동 대전로1331번길 50(한미타올) (읍내동),127.4174885,36.37343761,
7463,주식회사쓰리디프라임,경기 김포시,(10009) 경기도 김포시 월하로 352-12 2층,126.5941399,37.71068032,
7464,주식회사포에버아이씨티,서울 구로구,(08380) 서울특별시 구로구 구로동 디지털로31길 20(에이스테크노타워5차) 1007호,126.8941463,37.48546356,
7465,현대중장비운전학원 주식회사,인천 서구,(22653) 인천광역시 서구 검단로 145 현대중장비운전학원 주식회사,126.6229823,37.59663359,
7466,주식회사여주탑요양보호사교육원,경기 여주시,(12618) 경기도 여주시 청심로 14 2층 여주탑요양보호사교육원,127.6226711,37.30004889,
7467,남해시니어클럽,경남 남해군,(52427) 경상남도 남해군 화전로43번길 11-15 남해시니어클럽,127.8951487,34.83365936,
7468,고집코리아직업전문학원,경기 평택시,"(17719) 경기도 평택시 삼봉로 54 1층, 4층",127.0690288,37.08967454,
7469,코나바리스타아카데미학원,부산 연제구,(47561) 부산광역시 연제구 연산동 신금로5번길 10 2층,129.0934803,35.18971521,
7470,도와세움 제2평생교육센터,서울 성동구,"(04707) 서울특별시 성동구 무학로2길 16 3층, 4층",127.031744,37.5638421,
7471,(주)화인에프티,충남 공주시,(32511) 충청남도 공주시 차령로 3524 화인에프티,127.124369,36.60206747,
7472,강명주애견미용학원,부산 사상구,(47003) 부산광역시 사상구 가야대로 295 일성빌딩 6층,129.0047866,35.15086035,
7473,(주)건사엔지니어링,충북 청주시 상당구,(28187) 충청북도 청주시 상당구 효촌송암1길 51-3 1층 (주)건사엔지니어링,127.5131388,36.58879994,
7474,주식회사항공보안아카데미,서울 강서구,(07614) 서울특별시 강서구 방화동 금낭화로 5(부자빌딩) 4층 항공보안아카데미,126.8114825,37.56567263,
7475,스텔라애견미용학원,인천 중구,(22318) 인천광역시 중구 우현로90번길 7 혜성빌딩 3층,126.6309852,37.47415245,
7476,대성히트에너시스(주),충북 음성군,(27658) 충청북도 음성군 상곡로 55-72 대성히트에너시스,127.4526319,37.00316794,
7477,가산요양보호사교육원,서울 금천구,(08520) 서울특별시 금천구 가산로 119 3층,126.8923963,37.47604654,
7478,사회복지법인수림어린이집,대전 동구,(34537) 대전광역시 동구 한밭대로1237번길 72 용전동,127.4364659,36.35938427,
7479,국가임상시험지원재단,서울 마포구,"(04143) 서울특별시 마포구 마포대로 137 6층(강의실), 15층(사무실)",126.9525829,37.54676125,
7480,한국jj인재개발진흥원,경북 구미시,(39315) 경상북도 구미시 형곡로41길 11 2층,128.340742,36.10973234,
7481,주식회사베리네이처,대전 유성구,(34213) 대전광역시 유성구 학하남로91번길 6-11 (주)베리네이처,127.3084757,36.33741321,
7482,한국항공대학교 항공기술교육원,경기 고양시 덕양구,(10540) 경기도 고양시 덕양구 화전동 항공대학로 76-9(한국항공대학교) 항공우주센터 205호,126.8651734,37.59913778,
7483,대전위드맘케어,대전 유성구,(34068) 대전광역시 유성구 반석로 7 애니빌프라자 401호,127.3138027,36.39135208,
7484,이아이실용전문학원,경기 시흥시,(15049) 경기도 시흥시 오동마을로 41 4층,126.7462488,37.35185936,
7485,대경대학교 평생교육원,경북 경산시,(38547) 경상북도 경산시 단북1길 65 본관 404호 평생교육원,128.8225655,35.8351656,
7486,케어에듀은평요양보호사교육원,서울 은평구,(03306) 서울특별시 은평구 통일로 1034 222~223호,126.9179469,37.63488419,
7487,예건(KBS아트비전미용학원),강원 춘천시,"(24364) 강원도 춘천시 방송길 106 5, 온의동 온의빌딩 5층",127.7208884,37.86739722,
7488,이지스케이주식회사,서울 강남구,(06267) 서울특별시 강남구 도곡동 강남대로42길 16-2 7층,127.0352187,37.48504066,
7489,바른법률HR원격평생교육원,서울 강남구,"(06180) 서울특별시 강남구 영동대로85길 30(대치동, 은탑타워Ⅱ) 10층",127.0610482,37.50662759,
7490,유디간호학원,경기 성남시 분당구,(13506) 경기도 성남시 분당구 야탑로 95 9층 901-1호,127.1292422,37.41011338,
7491,한국건축인테리어기술학원,경기 고양시 일산동구,(10246) 경기도 고양시 일산동구 감내길 106-22 단독,126.7851257,37.71551232,
7492,국제실버인지문화협회북구교육원,광주 북구,(61194) 광주광역시 북구 서방로 77-1 3층,126.9211791,35.17173645,
7493,제이이유(JEU)바리스타학원,경북 포항시 남구,(37881) 경상북도 포항시 남구 오천읍 남원로 76 2층,,,
7494,국제실버인지문화협회광주교육원,광주 남구,(61612) 광주광역시 남구 금화로422번길 1 5층,126.891217,35.1435454,
7495,진경여자고등학교,전북 익산시,(54534) 전라북도 익산시 황등서로 40-92 진경여자고등학교,126.9411585,36.00433641,
7496,강남대학교 평생교육원,경기 용인시 기흥구,(16979) 경기도 용인시 기흥구 강남로 40 (구갈동 강남대학교) 강남대학교 평생교육원,127.1319933,37.27538138,
7497,(주)청춘목공소,대전 대덕구,(34432) 대전광역시 대덕구 한남로67번길 9 청춘목공소,127.4203462,36.35141233,
7498,수성뷰티학원,대구 수성구,(42275) 대구광역시 수성구 신매로 84 4층,128.7088552,35.83696906,
7499,퍼스트존 아카데미 학원,서울 마포구,(03993) 서울특별시 마포구 월드컵북로4길 77 ANT빌딩 1층 퍼스트존 아카데미 학원,126.9225371,37.55936742,
7500,주식회사바이엔코리아,대전 유성구,"(34134) 대전광역시 유성구 대학로 99 코워킹스페이스(궁동, 충남대학교)",127.3442476,36.36955102,
7501,봄도예학원,경남 진주시,(52854) 경상남도 진주시 사들로 20 105호,128.1463157,35.17018021,
7502,성모컴퓨터학원,전남 화순군,(58119) 전라남도 화순군 대교로 66 3층 성모컴퓨터,126.9864821,35.06324878,
7503,아이리스피부미용학원,경기 하남시,(12949) 경기도 하남시 신장동 하남대로 788(보문빌딩) 5층502호,127.210016,37.5404349,
7504,푸른누리간호학원,경기 의정부시,(11703) 경기도 의정부시 평화로 402 대영빌딩 3층,127.0482893,37.72767842,
7505,두드림간호학원,경기 안산시 단원구,(15471) 경기도 안산시 단원구 광덕대로 151 407~408호,126.8287477,37.31025639,
7506,니트아카데미 손뜨개학원,서울 동대문구,(02554) 서울특별시 동대문구 왕산로 224 3층 니트아카데미,127.0473853,37.58158658,
7507,청춘더하기광명요양보호사교육원,경기 광명시,(14316) 경기도 광명시 소하로 77 402호,126.8840073,37.44785516,
7508,도담도담산후도우미,대전 서구,(35368) 대전광역시 서구 계백로 1161 유니온빌딩 402호,127.3521952,36.30527492,
7509,(주)쏨니아,서울 종로구,(03121) 서울특별시 종로구 지봉로 19 시즌빌딩 4층,127.0151637,37.57167453,
7510,바른간호학원,강원 원주시,(26444) 강원도 원주시 행구로 34 2층 (전부),127.9593811,37.34110817,
7511,광교사과나무요양보호사교육원,경기 용인시 수지구,(16938) 경기도 용인시 수지구 상현로 7 3층 광교사과나무요양보호사교육원,127.0749674,37.30284803,
7512,주식회사 한국스마트러닝,서울 송파구,"(05854) 서울특별시 송파구 법원로 114(문정동, 엠스테이트) C동 311호",127.1206595,37.48580208,
7513,케어링도봉요양보호사교육원,서울 도봉구,(01370) 서울특별시 도봉구 노해로 137 4층,127.0251021,37.64708479,
7514,베테랑홈케어전문학원,인천 남동구,(21532) 인천광역시 남동구 장자로5번길 23 2층,126.7501133,37.45137478,
7515,(주)플로시스,경기 화성시,(18530) 경기도 화성시 온천로 528-8 B동,126.8901315,37.15377617,
7516,새론요양보호사교육원,전북 전주시 완산구,(55000) 전라북도 전주시 완산구 팔달로 212-8 2층,127.146694,35.82113529,
7517,다산전기학원,울산 남구,"(44705) 울산광역시 남구 삼산동 돋질로 286 차오름빌딩 3층, 다산전기학원(삼산동)",129.3360594,35.54401675,
7518,원흥요양보호사교육원,경기 고양시 덕양구,(10564) 경기도 고양시 덕양구 삼송로 12 반도유스퀘어 705,126.8752899,37.64957664,
7519,(유)태신산업,전남 영암군,(58462) 전라남도 영암군 대불로 93 유한회사 태신산업,126.3729089,34.740754,
7520,한화시스템(주)ICT부문,서울 중구,"(04551) 서울특별시 중구 을지로2가 을지로 100(파인에비뉴) 에이동 5,12,13층 한화시스템",,,
7521,한빛전기학원,부산 동래구,(47866) 부산광역시 동래구 석사로 18 6층7층,,,
7522,이문원아카데미평생교육원,서울 양천구,(08007) 서울특별시 양천구 목동동로12길 55 3층,126.8773395,37.52231549,
7523,주식회사부성기업,전북 군산시,(54001) 전라북도 군산시 서해로 625 군산조선소내,126.5360347,35.96116785,
7524,가온원격평생교육원,서울 강서구,"(07788) 서울특별시 강서구 마곡중앙로 171(마곡동, 마곡나루역프라이빗타워Ⅱ) 6층 617호 618호",126.8277777,37.56904958,
7525,주식회사미더,서울 종로구,(03039) 서울특별시 종로구 필운대로 13-4 1층,126.9689996,37.57756272,
7526,대전요양보호사교육원,대전 서구,(35223) 대전광역시 서구 월평로 65 702호(월평동),127.3643885,36.35629877,
7527,여수커피직업전문학원,전남 여수시,(59672) 전라남도 여수시 무선로 26 2층 여수커피직업전문학원,127.6562576,34.76310243,
7528,청주회계학원,충북 청주시 상당구,(28510) 충청북도 청주시 상당구 상당로 156 (북문로2가 청주요양보호사교육원) 3층.,127.4900075,36.64204472,
7529,샤인아트,대전 서구,(35250) 대전광역시 서구 둔산동 둔산남로203번길 16 102호,127.4002424,36.35012011,
7530,거제음료교육학원,경남 거제시,(53249) 경상남도 거제시 중곡2로6길 15 301호,128.6291881,34.8942415,
7531,영욱기업,경남 거제시,(53261) 경상남도 거제시 장평3로 80 영욱기업,128.6024733,34.89974226,
7532,우리이러닝평생교육원,대구 수성구,(42109) 대구광역시 수성구 범어동 동대구로42길 7 3층,128.6256661,35.84938552,
7533,그룸빌 애견미용전문학원,경기 고양시 일산동구,"(10402) 경기도 고양시 일산동구 정발산로 43-20 센트럴프라자 302호,  306호",126.7733823,37.65826991,
7534,룰루시흥요양보호사교육원,경기 시흥시,"(14907) 경기도 시흥시 은계로 341 3층, 305호 (대야역전프라자)",126.7953803,37.44968796,
7535,KBS비즈니스 영상원 평생교육원,서울 금천구,(08512) 서울특별시 금천구 벚꽃로56길 190 에스키스가산 20층 일부,126.8887057,37.47943077,
7536,주식회사승민,전북 군산시,(54001) 전라북도 군산시 서해로 625 ,,,
7537,진주혁신평생교육아카데미,경남 진주시,(52853) 경상남도 진주시 충의로 119 D동402호(아슬란스포츠몰),128.1531479,35.17450887,
7538,(사)서귀포YWCA,제주 서귀포시,(63596) 제주특별자치도 서귀포시 부두로 3 (사)서귀포YWCA회관 2층,126.5656738,33.24463769,
7539,중화직업전문학원,서울 중랑구,"(02014) 서울특별시 중랑구 동일로 823-1 3층, 4층",127.0786542,37.60389691,
7540,덕성인더스트리(주),충남 아산시,(31409) 충청남도 아산시 아산밸리로 303 덕성인더스트리(주),127.064814,36.91328345,
7541,(주)나성아이디,경기 고양시 덕양구,(10594) 경기도 고양시 덕양구 통일로 140 삼송테크노벨리 A동 460호 ,126.9019989,37.64899885,
7542,나누리노인통합지원센터,경남 진주시,(52638) 경상남도 진주시 신당길 300-50 나누리노인통합지원센터,128.1229264,35.21825697,
7543,제이디프린텍(Jdprintec),서울 금천구,"(08592) 서울특별시 금천구 가산디지털2로 14 (가산동, 대륭테크노타운12차 B121, 122호)",126.8841533,37.46987572,
7544,미원스페셜티케미칼주식회사-부설연구소,경기 용인시 수지구,(16864) 경기도 용인시 수지구 포은대로59번길 20 광교센터,127.0660558,37.30156466,
7545,오디오아트아카데미학원,서울 종로구,(03190) 서울특별시 종로구 종로 80-2 5층,126.9863557,37.56986303,
7546,강북이용학원의정부점,경기 의정부시,(11706) 경기도 의정부시 평화로322번길 20 2층,127.0484553,37.72098423,
7547,주식회사백산에이치디,전북 군산시,(54001) 전라북도 군산시 서해로 625 현대중공업 군산조선소,126.5360347,35.96116785,
7548,(주)우제산업,경기 안산시 상록구,(15559) 경기도 안산시 상록구 오목로 180 가동,126.8776331,37.29198241,
7549,경상남도가족센터,경남 창원시 의창구    ,(51117) 경상남도 창원시 의창구 동읍 동읍로457번길 48 2층,128.6511569,35.30950262,
7550,레몬아카데미교육원,경기 화성시,(18303) 경기도 화성시 봉담읍 동화길 7 2층,126.9519321,37.22157713,
7551,연건축기술학원,전북 전주시 덕진구,(54833) 전북특별자치도 전주시 덕진구 송천동1가 시천로 44 201호 301호,127.1147837,35.86313121,
7552,사임당평생교육원,경기 화성시,(18412) 경기도 화성시 떡전골로 96-4 504호,127.0344239,37.20713126,
7553,주식회사화정SM가설산업,경기 양주시,(11488) 경기도 양주시 부흥로1833번길 9 (광사동),127.0690448,37.78825771,
7554,더플랜컴퓨터아트회계학원,경기 평택시,(18033) 경기도 평택시 용죽3로 12 5층 전체,127.1258302,36.99288213,
7555,양주커피마스터학원,경기 양주시,(11442) 경기도 양주시 평화로1429번길 27 정산프라자2층 커피마스터학원,127.0443702,37.81919847,
7556,주식회사스윗솔루션,부산 강서구,(46727) 부산광역시 강서구 범방3로78번길 25 ,,,
7557,더나눔요양보호사교육원,경기 평택시,(17921) 경기도 평택시 평남로 281-1 2층,127.0793914,36.9923805,
7558,월드클래스용접학원,인천 서구,"(22827) 인천광역시 서구 장고개로231번안길 1 어반스타워203호,204호",126.6779748,37.48567954,
7559,서문요양보호사교육원,경기 구리시,(11929) 경기도 구리시 경춘로242번길 21 3층,127.1432319,37.60072942,
7560,하우솔교육센터원격학원,서울 서초구,(06736) 서울특별시 서초구 남부순환로350길 8 3층,127.035354,37.48421171,
7561,사단법인 성남YWCA,경기 성남시 분당구,(13504) 경기도 성남시 분당구 벌말로 33 일심빌딩 401호,127.1377378,37.410996,
7562,충북재활원요셉의집,충북 청주시 흥덕구,"(28459) 충청북도 청주시 흥덕구 1순환로438번길 39-17 충북재활원 요셉의집 2,5,6동",127.4665023,36.65315013,
7563,케어대한평생교육원,인천 남동구,"(21555) 인천광역시 남동구 구월남로 163 501호(구월동, 토성프라자)",126.7076355,37.45315038,
7564,논산시시니어클럽,충남 논산시,(32974) 충청남도 논산시 관촉로235번길 15-10 3층,127.0958044,36.20114873,
7565,T컨설팅학원,전남 순천시,(57967) 전라남도 순천시 연향3로 25 3층 T컨설팅학원,127.5188213,34.95097013,
7566,전기기술학원,전북 전주시 덕진구,(54888) 전라북도 전주시 덕진구 사평로 47 (덕진동 1가) 로펌빌딩 2층,127.1214724,35.84172026,
7567,하우그로우원격평생교육원,서울 강남구,"(06239) 서울특별시 강남구 테헤란로14길 40-4(역삼동, 에이치케이 빌딩) 3층.",,,
7568,빈센트바리스타학원,전북 군산시,"(54144) 전라북도 군산시 하나운로 32 세경프라자 3층 303호, 304호",126.7016505,35.96075152,
7569,학지사에듀원격평생교육원,서울 마포구,(03991) 서울특별시 마포구 동교로23길 58 지하1층,,,
7570,안동YMCA,경북 안동시,(36701) 경상북도 안동시 영가로 19 삼보빌딩 3층,128.7329682,36.56482993,
7571,훈훈한집,전북 익산시,(54507) 전라북도 익산시 현내1로 59 훈훈한집,126.9542671,36.11482213,
7572,인천KCEM보육교사교육원,인천 미추홀구,(22132) 인천광역시 미추홀구 주안로 55 인천KCEM보육교사교육원(1~3층),126.67584,37.46442823,
7573,애리에듀컴퓨터학원,경남 창원시 성산구    ,"(51494) 경상남도 창원시 성산구 상남로 107 311, 312호",128.6818198,35.22323217,
7574,수지경희간호학원,경기 용인시 수지구,(16841) 경기도 용인시 수지구 수지로296번길 47 10층 1001호,127.0940181,37.3216212,
7575,NBM아카데미원격평생교육원,서울 광진구,(05116) 서울특별시 광진구 구의동 광나루로56길 85(테크노-마트21) 8층 D-22~26호 29~33호(구의동),127.0957148,37.53562632,
7576,세종평생교육원,부산 북구,"(46650) 부산광역시 북구 백양대로 1025(구포동, 협진태양아파트) 216호",128.9949576,35.19772059,
7577,주식회사리코,충남 예산군,(32409) 충청남도 예산군 남은들로 167-25 ,,,
7578,서해테크,전북 군산시,(54001) 전라북도 군산시 서해로 625 현대중공업군산조선소 정비샾 2층,126.5360347,35.96116785,
7579,구미직업교육학원,경북 구미시,(39232) 경상북도 구미시 송원서로2길 29 2층 201 구미직업교육학원,128.3462659,36.12304326,
7580,소나무평생교육원,대구 중구,(41934) 대구광역시 중구 국채보상로 532-1 민업빌딩2층,128.5889747,35.86996179,
7581,더퍼스트평생교육원,부산 동래구,(47827) 부산광역시 동래구 충렬대로86번길 76 3층 302호(온천동),129.0700612,35.20338221,
7582,동탄에이스애견미용학원,경기 화성시,"(18390) 경기도 화성시 떡전골로 110 (진안동) 2층 일부, 3층 일부",127.033309,37.20813171,
7583,산모도우미119,세종 세종,(30150) 세종특별자치시  한누리대로 2009 5층,127.3006619,36.48488909,
7584,현대무벡스주식회사,서울 종로구,(03127) 서울특별시 종로구 율곡로 194 ,,,
7585,창원탑중장비학원,경남 창원시 마산합포구,(51791) 경상남도 창원시 마산합포구 해양관광로 283 ,,,
7586,한국교육능력개발원원격평생교육원,서울 마포구,"(04157) 서울특별시 마포구 토정로37길 46 B1, 32호",126.9472789,37.54265037,
7587,로보로보 디지털 아카데미 원격평생교육원,서울 강북구,(01133) 서울특별시 강북구 미아동 도봉로54길 6(로보로보빌딩) 3층,127.0264329,37.62700187,
7588,한국기업평생교육원,대구 달서구,(42809) 대구광역시 달서구 월곡로 260 7층,128.5392322,35.81780136,
7589,신한기업,경남 거제시,(53261) 경상남도 거제시 장평3로 80 ,,,
7590,주식회사매드벤처,제주 제주시,(63345) 제주특별자치도 제주시 남조로 2109-38 ,,,
7591,시흥목감요양보호사교육원,경기 시흥시,(14984) 경기도 시흥시 동서로 1091-4 목감프라자2층,126.8599854,37.38633495,
7592,(주)폼웍스,서울 서초구,(06628) 서울특별시 서초구 강남대로51길 1 17층,127.0299407,37.49124084,
7593,완주군가족센터,전북 완주군,(55352) 전라북도 완주군 완주로 456-39 1층(완주군가족센터),127.158834,35.90629649,
7594,부산요리전문학원,부산 동래구,(47889) 부산광역시 동래구 충렬대로 378 2층,129.0995568,35.19721575,
7595,추건우애견미용학원,인천 부평구,(21404) 인천광역시 부평구 경원대로 1412 타이콘스빌딩 7층 추건우애견미용학원,126.7258612,37.49098222,
7596,중앙특수제지(주),경기 포천시,(11124) 경기도 포천시 문암동길 29 중앙특수제지,127.2630401,37.93449019,
7597,참빛요양보호사교육원,광주 북구,(61267) 광주광역시 북구 북문대로159번길 15 3층,126.8713477,35.18229241,
7598,동성요양보호사교육원,경기 수원시 팔달구,"(16470) 경기도 수원시 팔달구 세지로 271 (인계동) (3층 301호, 303호, 304호)",127.0234252,37.27517968,
7599,포항애견미용학원,경북 포항시 북구,(37593) 경상북도 포항시 북구 양덕남로 57 2층,129.3985083,36.07867957,
7600,미르원격평생교육원,경북 포항시 북구,(37755) 경상북도 포항시 북구 포스코대로 288 4층,129.3552303,36.02004558,
7601,한국중대재해예방평생교육원,인천 부평구,"(21395) 인천광역시 부평구 경원대로 1415 702호(부평동, 파라움)",126.7262776,37.49151478,
7602,케이비에스(KBS)아트비전김해율하미용학원,경남 김해시,(51018) 경상남도 김해시 율하2로115번길 29 2층 ,128.8153682,35.17196577,
7603,울산돌봄요양보호사교육원,울산 울주군,(44984) 울산광역시 울주군 청량읍 덕하로 272 2층,129.3060024,35.49491059,
7604,한마음요양보호사교육원,경기 고양시 덕양구,(10501) 경기도 고양시 덕양구 화신로 284 상가 3층 303호,126.8284868,37.63201989,
7605,경주퍼스트애견미용학원,경북 경주시,(38084) 경상북도 경주시 용담로92번길 8 3층,129.2120591,35.8644783,
7606,대한우리교육센터,경기 화성시,"(18510) 경기도 화성시 장지로 30 2층 202,203호(장지동,태영프라자)",127.1158267,37.15572226,
7607,케이(k)뷰티모드 김포미용학원,경기 김포시,(10071) 경기도 김포시 김포한강4로 531 제이스프라자 5층 506호 507호 전부,126.6247845,37.64548994,
7608,범물노인복지관(범물실버복지센터),대구 수성구,(42200) 대구광역시 수성구 범안로 99 1~3층,128.6484725,35.81911276,
7609,콘쿡원격평생교육원,서울 강서구,"(07807) 서울특별시 강서구 마곡중앙로 59-11 801호, 802호 (마곡동, 엠비즈타워)",126.8252397,37.5587836,
7610,퍼스트바리스타제과제빵학원,강원 춘천시,"(24436) 강원도 춘천시 경춘로 2362 9층, 퍼스트바리스타학원",127.7203578,37.86423823,
7611,늘사랑어린이집,대전 동구,(34598) 대전광역시 동구 동중앙로 93 가양동,127.4459382,36.3400827,
7612,오로라바리스타학원,경기 광주시,(12780) 경기도 광주시 고불로 43-1 오로라바리스타학원 3층,127.2329258,37.39309029,
7613,비긴랩 실무부트캠프학원,대전 유성구,(34171) 대전광역시 유성구 유성대로 782 3층 비긴랩,127.3368594,36.36163266,
7614,명지간호학원,부산 강서구,(46726) 부산광역시 강서구 명지국제8로10번길 12 6층 602호(명지동),128.9021384,35.09214292,
7615,국가안전교육원 평생교육시설,서울 마포구,"(04070) 서울특별시 마포구 양화로 26(합정동, KCC엠파이어리버) 지하1층 일부(B104호)(합정동)",126.9121722,37.54826964,
7616,(유한)인터테크,전남 목포시,(58656) 전라남도 목포시 석현로 46 문화산업지원센터 204호,126.4260983,34.81613027,
7617,(주)피에치에스테크,전남 광양시,(57765) 전라남도 광양시 율촌산단8로 56 포스코hy클린메탈 내 부산물동,127.6077619,34.89622546,
7618,사회복지법인국민복지재단,울산 울주군,(44984) 울산광역시 울주군 덕하로 272 3층,129.3060024,35.49491059,
7619,(주)파루,전남 순천시,(57927) 전라남도 순천시 산단4길 12 ,,,
7620,북천안중장비운전기술학원,충남 천안시 서북구,(31054) 충청남도 천안시 서북구 반월길 30-11 ,,,
7621,용인K뷰티미용학원,경기 용인시 처인구,(17044) 경기도 용인시 처인구 백옥대로 1153 (김량장동 용문빌딩) 2층 201호,,,
7622,아르테미스 반려견학원,경기 김포시,(10099) 경기도 김포시 걸포2로 1 3층 키스더도그/아르테미스아카데미,126.7063279,37.63227163,
7623,모범기계공업(주),강원 동해시,(25744) 강원도 동해시 효자로 246 ,,,
7624,다온기술학원,경북 구미시,"(39232) 경상북도 구미시 송원동로 59 2층일부, 4층일부",128.3501831,36.12217924,
7625,위드펫직업전문학원,부산 부산진구,(47213) 부산광역시 부산진구 중앙대로 901-1 5층,129.0692512,35.1709728,
7626,태명통상(주),서울 중구,(04616) 서울특별시 중구 장충단로7길 35 2층,127.0044099,37.562368,
7627,부광중장비운전학원,충북 청주시 흥덕구,(28372) 충청북도 청주시 흥덕구 동막로175번길 27-1 충청북도 청주시 흥덕구 동막로 175번길 27(실습장),,,
7628,주식회사유토비즈,대전 유성구,(34013) 대전광역시 유성구 테크노4로 17 대덕비즈센터 A동 503호,127.3949623,36.432314,
7629,부곡스텐레스(주),부산 강서구,(46747) 부산광역시 강서구 미음국제7로 5 부곡스텐레스,128.8619956,35.14033019,
7630,태명통상일산점,경기 고양시 일산서구,"(10205) 경기도 고양시 일산서구 덕산로121번길 13-3 1,2 층",126.7162164,37.69457078,
7631,클릭컴퓨터학원,경기 고양시 일산서구,(10371) 경기도 고양시 일산서구 일산동 일산로 593(백암빌딩) 4층 401.404,126.7624567,37.67962805,
7632,SBS아카데미뷰티학원,강원 춘천시,(24440) 강원도 춘천시 영서로 2261 태양빌딩2층,127.7230578,37.86376228,
7633,어몽헤어,서울 강남구,(06128) 서울특별시 강남구 봉은사로18길 76 2층 어몽헤어,127.0275244,37.50171091,
7634,위빙게임학원,강원 원주시,(26486) 강원도 원주시 구곡길 10-17 203~204호 위빙게임학원,127.9489486,37.32216576,
7635,양산인재개발평생교육원,경남 양산시,(50614) 경상남도 양산시 물금읍 증산역로 154(남호빌딩) 5층 503호,129.0064027,35.30909974,
7636,피닉스드론교육원,전남 순천시,(57957) 전라남도 순천시 저전3길 4 2층 피닉스드론교육원,127.4846018,34.94952423,
7637,달서구건강가정·다문화가족지원센터,대구 달서구,(42678) 대구광역시 달서구 야외음악당로13길 60 3층 강당,128.549566,35.84288282,
7638,(주)비트라이스,서울 구로구,(08380) 서울특별시 구로구 디지털로33길 27 1104~1105호,126.8945978,37.48601359,
7639,(주)천사,강원 속초시,(24853) 강원도 속초시 중앙로 25 ,,,
7640,(주)정인시스템,경기 안산시 단원구,(15655) 경기도 안산시 단원구 엠티브이20로12번길 44 (주)정인시스템,126.7287205,37.30536362,
7641,청주중앙요양보호사교육원,충북 청주시 서원구,(28626) 충청북도 청주시 서원구 산남로24번길 3 리치피아빌딩 301호,127.4708926,36.61165454,
7642,한국글로벌셰프고등학교,인천 강화군,(23018) 인천광역시 강화군 강화서로 184 한국글로벌셰프고등학교,126.3917431,37.71214745,
7643,미용인뷰티아카데미학원,서울 강남구,(06061) 서울특별시 강남구 학동로 307 201호,127.0362952,37.51592641,
7644,농업회사법인금산흑삼주식회사,충남 금산군,(32754) 충청남도 금산군 인삼약초공단로 15 1층,127.5198788,36.09697241,
7645,주식회사한축테크,경기 고양시 일산동구,(10256) 경기도 고양시 일산동구 지영로196번길 133 (지영동),126.8325388,37.71298658,
7646,(주)티디엘,광주 북구,(61003) 광주광역시 북구 첨단벤처소로37번길 51 (주)티디엘,126.8625697,35.2369218,
7647,오케이도배학원,경기 광주시,(12739) 경기도 광주시 중앙로319번길 8 모두빌딩 4층,127.257312,37.42805337,
7648,주식회사에듀허브,서울 영등포구,(07299) 서울특별시 영등포구 경인로 775 1동 8층 819호,126.8987532,37.51434453,
7649,성실요양보호사교육원,경기 김포시,"(10066) 경기도 김포시 김포한강3로 432 2층 207호, 208호 일부(마산동 골든하임)",126.6439209,37.64104489,
7650,휴램에듀평생교육원,서울 서초구,"(06640) 서울특별시 서초구 사임당로10길 3(서초동, 원진빌딩) 201호",127.0160773,37.48843209,
7651,주식회사우리에프엔비,충남 청양군,(33366) 충청남도 청양군 막골길 7 (주)우리에프엔비,126.9422561,36.35107172,
7652,(재)지능형자동차부품진흥원,대구 달성군,(43011) 대구광역시 달성군 국가산단서로 201 ,,,
7653,햇님굿맘어린이집,대전 서구,(35243) 대전광역시 서구 둔산북로 175 4동 101호,127.3922397,36.356004,
7654,주식회사코스모앤컴퍼니,서울 서초구,(06671) 서울특별시 서초구 반포대로 43 1층,127.0104686,37.48417989,
7655,영암한국병원,전남 영암군,(58421) 전라남도 영암군 오리정길 8 영암 한국병원,126.7011801,34.79416465,
7656,(주)혜성금속,경기 안산시 단원구,(15598) 경기도 안산시 단원구 목내동 범지기로 40 ,,,
7657,경주여자정보고등학교,경북 경주시,(38200) 경상북도 경주시 시동로 90 경주여자정보고등학교,129.2905821,35.7730682,
7658,성원기업주식회사,경남 거제시,(53302) 경상남도 거제시 거제대로 3370 성원기업(주),128.69569,34.87216299,
7659,에스정보통신(주),대구 북구,"(41566) 대구광역시 북구 경대로17길 47 8층 810(복현동, IT융합산업빌딩)",128.6140851,35.89240809,
7660,지리산처럼영농조합법인,전북 남원시,(55717) 전라북도 남원시 가산화수길 71-13 지리산처럼,127.5602834,35.45621541,
7661,(주)동연에스엔티,부산 동래구,(47709) 부산광역시 동래구 온천장로107번길 10 7층,129.0837013,35.22032422,
7662,디브레인,대전 유성구,(34104) 대전광역시 유성구 유성대로1205번길 6-2 ,,,
7663,홍익아트대덕구지사,대전 대덕구,(34427) 대전광역시 대덕구 홍도로135번길 15 산천캐슬 101호 ,127.4261525,36.35799741,
7664,주식회사지니테크놀러지,서울 금천구,"(08591) 서울특별시 금천구 가산디지털1로 58 B224, B225호(가산동, 에이스 한솔타워 지식산업센터)",126.8863444,37.47115732,
7665,광진,부산 사상구,(47028) 부산광역시 사상구 장인로17번길 54 2층대강당,128.9725421,35.14641451,
7666,주식회사 아시아에스앤에프 (ASIA S&F),전남 영암군,(58452) 전라남도 영암군 대불산단3로 171  아시아에스앤에프,126.4394273,34.77191655,
7667,주식회사 삼광특수기계,전남 무안군,(58558) 전라남도 무안군 삼향공단길 42-34  ,,,
7668,영동치과기공소,강원 강릉시,(25551) 강원도 강릉시 옥가로7번길 2 3층,128.8987536,37.75751949,
7669,대명산업기술(주),경남 김해시,(50875) 경상남도 김해시 테크노밸리길 170-5 2층 대명산업기술(주) 기업부설연구소 (담안리),128.7690063,35.26361739,
7670,계린산업,경남 거제시,(53261) 경상남도 거제시 장평3로 80 계린산업,128.6024738,34.89976929,
7671,세영실업,강원 양양군,(25013) 강원특별자치도 양양군 포월새말길 23-15 세영실업,,,
7672,주식회사비피웍스,충남 아산시,(31492) 충청남도 아산시 북수서로 16 1동 515호,127.0698975,36.77202524,
7673,(주)후레쉬케터링,대구 수성구,(42185) 대구광역시 수성구 동대구로6길 9-18 2층,128.624441,35.83324478,
7674,사단법인한국이용사회중앙회,서울 마포구,(04100) 서울특별시 마포구 서강로 132 12층,126.9353652,37.55378935,
7675,비케이택(BK TECH),전북 군산시,(54158) 전라북도 군산시 자유로 85 2동,126.5935763,35.96155813,
7676,(주)에버코스,충북 청주시 청원구,(28146) 충청북도 청주시 청원구 학평풍정길 13 에버코스,127.5530503,36.71570609,
7677,해사랑,충북 청주시 흥덕구,(28170) 충청북도 청주시 흥덕구 사인2길 22-15 해사랑,127.3752107,36.63001432,
7678,주식회사에이엠알에스,서울 서초구,(06654) 서울특별시 서초구 서초중앙로 51 2층 203호-1호,127.0146635,37.48617975,
7679,대한사료(주),인천 중구,(22300) 인천광역시 중구 북성포길 13 ,,,
7680,드림테크(dreamtech),경기 김포시,(10049) 경기도 김포시 양촌읍 황금로324번길 27 2층,126.5974202,37.61221644,
7681,금오단조주식회사,부산 강서구,(46728) 부산광역시 강서구 낙동남로549번길 12 ,,,
7682,한국스파이렉스사코(주),인천 남동구,(21643) 인천광역시 남동구 청능대로 327 한국스파이렉스사코 인천공장,126.6966668,37.40193661,
7683,진영테크,경기 화성시,(18525) 경기도 화성시 팔탄면 독곡길 24-19 진영테크,,,
7684,제이에스(JS)치과기공소,강원 춘천시,(24394) 강원도 춘천시 새롬공원길5번길 33 1층(석사동),127.7471967,37.85379215,
7685,앙시주식회사,부산 해운대구,(48096) 부산광역시 해운대구 중동2로 16 이경민포레가든 6,,,
7686,교류전기,경기 화성시,(18529) 경기도 화성시 시청로940번길 16 ,,,
7687,대구동구시니어클럽,대구 동구,(41133) 대구광역시 동구 동촌로 325 4층,128.6753062,35.87829758,
7688,대구장례지도사교육원,대구 달서구,"(42801) 대구광역시 달서구 월배로 120 2층 203호(진천동, 서호메디컬타워)",128.5273414,35.81449236,
7689,지원엔지니어링,경북 칠곡군,(39819) 경상북도 칠곡군 약목면 무림4길 29 지원엔지니어링,128.3843811,36.02188142,
7690,서울불교대학원대학교 부설 평생교육원,서울 금천구,(08559) 서울특별시 금천구 독산로70길 8 1층 평생교육원,126.9023466,37.46632465,
7691,유한회사산동산업,전남 해남군,(59000) 전라남도 해남군 조선소길 498 유한회사 산동산업,,,
7692,울산도자공예학원,울산 남구,(44623) 울산광역시 남구 봉월로 167 316t호 ,129.3073118,35.54765139,
7693,비다가죽학원,울산 남구,(44623) 울산광역시 남구 봉월로 167 B동216Q호 비다가죽학원,129.3073118,35.54765139,
7694,지맥스치과기공소,강원 원주시,(26408) 강원도 원주시 원문로 174-1 3층(단계동),127.9303304,37.35635889,
7695,아카데미기공소,강원 원주시,(26428) 강원도 원주시 중앙로 105 4층(중앙동),127.9505816,37.34938695,
7696,공백한우농업회사법인(주),대전 중구,"(35082) 대전광역시 중구 산서로 24 202호(사정동, 1층전체)",127.3836343,36.29555444,
7697,(주)동화T.C.A,경남 양산시,(50539) 경상남도 양산시 그린공단2길 27 ,,,
7698,리얼뷰티아카데미미용학원,부산 남구,(48498) 부산광역시 남구 용소로 18 용소빌딩 7층,129.1002786,35.13558311,
7699,(주)아이피케이,대구 수성구,(42162) 대구광역시 수성구 청수로 62 6층 청솔로9가맹본부,128.6149417,35.84013109,
7700,(주)이앤비정보통신,경기 안양시 동안구,(14059) 경기도 안양시 동안구 흥안대로439번길 55 (관양동),,,
7701,농업회사법인주식회사디딤찬,경기 고양시 일산동구,(10318) 경기도 고양시 일산동구 성석로146번길 37 농업회사법인주식회사디딤찬,126.8014898,37.69099023,
7702,유성알미늄(주)진천공장,충북 진천군,(27850) 충청북도 진천군 신척산단1로 66 ,,,
7703,미래첨단소재주식회사,대구 달성군,(43013) 대구광역시 달성군 달성2차동3로 10 미래첨단소재,,,
7704,"(주)유에스티(USTCO.,Ltd.)",경기 화성시,(18487) 경기도 화성시 동탄산단2길 50 ,,,
7705,엠플러스,강원 강릉시,(25531) 강원도 강릉시 율곡로 2827 7층,128.8981927,37.75643851,
7706,석문노인복지센터,충남 당진시,(31704) 충청남도 당진시 원삼화로 2-25 ,,,
7707,(주)씨에어허브,경기 고양시 덕양구,(10550) 경기도 고양시 덕양구 삼원로 83 1015호,126.8749466,37.63835918,
7708,(주)레오테크코리아,부산 기장군,(46029) 부산광역시 기장군 정관로 1122-1 1층 105호,129.2340663,35.32090273,
7709,(주)디엔에스,인천 강화군,(23044) 인천광역시 강화군 대문고개로 15-6 (주) 디엔에스 ,,,
7710,국성폴리텍(주),울산 울주군,(44971) 울산광역시 울주군 중광2길 38-15 ,,,
7711,홍익아트대전동구지사,대전 동구,(34513) 대전광역시 동구 백룡로11번길 136 203호,127.4507925,36.34165967,
7712,대구과학대학산학협력단,대구 북구,(41453) 대구광역시 북구 영송로 47 ,,,
7713,주식회사스페이스앤빈,서울 노원구,(01811) 서울특별시 노원구 공릉로 232 제2창업보육센터 130호실,127.0798165,37.63288953,
7714,주식회사키담,대전 유성구,(34211) 대전광역시 유성구 학하중앙로167번길 24-7 2층 ,127.3114727,36.34044244,
7715,(주)오르비텍,경남 함안군,(52061) 경상남도 함안군 함안산단7길 64 (주)오르비텍 항공사업본부,,,
7716,"주식회사에스에이치비피(SH-BPCo.,Ltd.)",인천 계양구,(21129) 인천광역시 계양구 아나지로 412 5층,,,
7717,키움요양보호사교육원,경기 의정부시,(11690) 경기도 의정부시 호국로1291번길 10 2층  202호,,,
7718,(주)에스앤에스테크,경남 창원시 의창구    ,(51396) 경상남도 창원시 의창구 팔용로346번길 22 (주)에스앤에스테크,128.6095175,35.24920427,
7719,주식회사디오위드,제주 제주시,(63227) 제주특별자치도 제주시 신설로6길 1-2 1층,126.5428939,33.49376743,
7720,(주)피엔티삼일산업,경기 안산시 단원구,"(15619) 경기도 안산시 단원구 진흥로38번길 86 (성곡동, 시화공단 5바 502호 B동)",,,
7721,중증장애인지역생활지원센터,전북 전주시 덕진구,(55030) 전라북도 전주시 덕진구 아중로 136 효진빌딩 6층,127.1646955,35.82524913,
7722,(주)승진정수산업,경기 김포시,(10038) 경기도 김포시 대곶북로158번길 30-29 (주)승진정수산업    지번) 경기도 김포시 대곶면 초원지리 592-5,,,
7723,(주)태화정공군산지점,전북 군산시,(54158) 전라북도 군산시 소룡동 자유로 57(㈜태화정공)  ,,,
7724,(주)금성하이텍,경기 김포시,(10016) 경기도 김포시 김포대로 2398-28 (주)금성하이텍,,,
7725,주식회사영우산업,부산 사하구,(49498) 부산광역시 사하구 다산로 52 (다대동),128.9597107,35.0576492,
7726,대성금형,부산 사하구,(49479) 부산광역시 사하구 하신중앙로3번길 10-4 대성금형,128.9628553,35.07961428,
7727,(주)대진메탈공업,경남 김해시,(50968) 경상남도 김해시 서부로 1496 대진메탈공업,,,
7728,주식회사유제이,전북 군산시,(54004) 전라북도 군산시 산단동서로 44-26 유제이,,,
7729,책임기공,강원 원주시,(26497) 강원도 원주시 견훤로 527 책임기공,,,
7730,(주)성진테크널러지,경남 창원시 성산구    ,(51711) 경상남도 창원시 성산구 두산볼보로 22 (주)성진테크널러지,128.60066,35.18687592,
7731,유환이앤씨주식회사,서울 양천구,(07903) 서울특별시 양천구 월정로46길 11 2층204호,,,
7732,(주)극동,경남 김해시,(50932) 경상남도 김해시 김해대로2611번길 21-18 ,,,
7733,(주)성광이엔씨,경기 용인시 처인구,(17031) 경기도 용인시 처인구 곡현로 538-26 1층,127.2235051,37.33051489,
7734,(주)트루시스템,경기 안양시 동안구,"(14118) 경기도 안양시 동안구 엘에스로 136 비동 1001호(호계동,금정역2차에스케이브이1타워)",126.9475958,37.37358697,
7735,(주)비디텍,전북 완주군,(55332) 전북특별자치도 완주군 삼례읍 테크노밸리로 112-98 (주)비디텍,127.1189223,35.93762941,
7736,주식회사엔와이티,경남 김해시,(50849) 경상남도 김해시 가동로 9-22 주식회사 엔와이티,128.7633652,35.32178105,
7737,전라북도노인복지관,전북 전주시 완산구,(54950) 전라북도 전주시 완산구 감나무4길 29 전라북도노인복지관,127.1193099,35.831331,
7738,(주)폴리아트,대전 서구,"(35213) 대전광역시 서구 월평북로 85 435-1호(월평동, 학산빌딩)",127.377832,36.36249339,
7739,삼원기업,경남 김해시,(50879) 경상남도 김해시 서부로1701번안길 142-95 ,,,
7740,주식회사삼삼기업,경남 거제시,(53261) 경상남도 거제시 장평3로 80 ,,,
7741,동광기연주식회사,인천 계양구,(21129) 인천광역시 계양구 아나지로 412 3층,126.7383598,37.52514936,
7742,(주)세양,경남 사천시,(52531) 경상남도 사천시 공단1로 59-31 .,,,
7743,주식회사수만테크,경기 오산시,(18105) 경기도 오산시 세남로14번길 14-34 2층,127.036444,37.19002898,
7744,주식회사큰빛산업,충북 청주시 상당구,(28187) 충청북도 청주시 상당구 효촌송암1길 35 102호,,,
7745,대경산전(주),울산 남구,(44776) 울산광역시 남구 테크노산업로29번길 153 두왕동 대경산전(주),,,
7746,명진테크,경남 사천시,(52504) 경상남도 사천시 곤양공단길 20 .,,,
7747,허지스헤어아트테라피,경기 성남시 분당구,(13497) 경기도 성남시 분당구 야탑로81번길 10 2층 207호,,,
7748,에이치씨엠(주),경기 화성시,(18380) 경기도 화성시 삼성1로 332-7 별관3층 에이치씨엠(주),,,
7749,의료법인예당의료재단예산종합병원,충남 예산군,(32432) 충청남도 예산군 금오대로 94 예산종합병원,,,
7750,(주)아트인인터랙션,경기 고양시 덕양구,"(10550) 경기도 고양시 덕양구 삼원로 73 205호(원흥동, 한일윈스타)",,,
7751,성신정공주식회사,부산 사하구,(49469) 부산광역시 사하구 다대로354번길 59 성신정공(주),,,
7752,주식회사경안써머텍,경기 화성시,(18530) 경기도 화성시 온천로 528-8 주식회사경안써머텍(B동일부제외),,,
7753,태성기연,인천 서구,(22829) 인천광역시 서구 가재울로32번길 17 1층 태성기연,,,
7754,주식회사에프엠솔루션,경기 화성시,(18469) 경기도 화성시 동탄첨단산업1로 14 동탄케이티엑스밸리 제2층 220호,,,
7755,제일전공,부산 사하구,(49437) 부산광역시 사하구 을숙도대로569번길 15 제일전공,128.9666585,35.08689735,
7756,주식회사이레이앤씨,충남 예산군,(32432) 충청남도 예산군 벚꽃로 40-6 1층,,,
7757,(주)세일,울산 북구,(44222) 울산광역시 북구 매곡산업5길 30 (주)세일,129.3675251,35.63967004,
7758,농업회사법인주식회사하나푸드,경기 고양시 덕양구,(10264) 경기도 고양시 덕양구 내유길 87 농업회사법인 주식회사 하나푸드,,,
7759,주식회사더젠,대구 달서구,(42824) 대구광역시 달서구 월배로 316 월촌빌딩 3층,,,
7760,(사)여수장애인재활자립장,전남 여수시,(59643) 전라남도 여수시 화산3길 36 여수장애인재활자립장,127.6416515,34.76843501,
7761,신한정밀(주),인천 미추홀구,(22112) 인천광역시 미추홀구 장고개로92번길 12 도화동,,,
7762,고양산업진흥원,경기 고양시 일산동구,(10393) 경기도 고양시 일산동구 태극로 60 14층,,,
7763,기광산업(주),광주 광산구,(62417) 광주광역시 광산구 평동산단3번로 194 2층,,,
7764,(주)엠이더블유,인천 서구,(22843) 인천광역시 서구 중봉대로 208-1 ,,,
7765,모아정밀,경기 화성시,(18543) 경기도 화성시 청원산단6길 7 ,,,
7766,솔뱅크정보(주),서울 금천구,"(08595) 서울특별시 금천구 범안로 1130 1405호(가산동, 디지털엠파이어)",126.8874499,37.46531994,
7767,국립경국대학교 산학협력단,경북 안동시,(36729) 경상북도 안동시 경동로 1375 안동대학교 ,128.7968853,36.54188244,
7768,진생영농조합법인,제주 제주시,(63325) 제주특별자치도 제주시 도련6길 59 (도련일동),126.5798602,33.51073172,
7769,인천정밀,인천 부평구,(21448) 인천광역시 부평구 백범로578번길 31 ,,,
7770,한울로드주식회사,강원 홍천군,(25117) 강원특별자치도 홍천군 농공단지길 23-9 한울로드,,,
7771,인천대학교산학협력단,인천 연수구,(22012) 인천광역시 연수구 송도동 아카데미로 119(인천대학교) /(21999) 인천광역시 연수구 송도동 갯벌로 27 인천대학교 이노베이션센터 2층(인천대학교 산학협력단),126.6322372,37.3750281,
7772,에스엔패션그룹(주),서울 구로구,(08382) 서울특별시 구로구 디지털로 257 에스엔패션그룹  주식회사,,,
7773,(주)피앤엘-G280,경남 고성군,(52932) 경상남도 고성군 사동길 185 한국항공우주산업내 피앤엘G280,128.2913362,34.9779498,
7774,(주)피앤엘-B737,경남 사천시,(52529) 경상남도 사천시 공단1로 78 한국항공우주산업내 피앤엘B737,128.0649397,35.07738399,
7775,주식회사송안기업,경남 거제시,(53261) 경상남도 거제시 장평3로 80 ,,,
7776,젬엔젬스,서울 종로구,(03139) 서울특별시 종로구 돈화문로5가길 1 408호,,,
7777,KBI메탈(주),대구 달성군,(42983) 대구광역시 달성군 논공로87길 88 케이비아이메탈(주),128.4702424,35.7308903,
7778,조은기업,경남 거제시,(53302) 경상남도 거제시 거제대로 3370 조은기업,,,
7779,티엔에이치(주),경기 성남시 분당구,"(13566) 경기도 성남시 분당구 성남대로779번길 18 5층, 티엔에이치",,,
7780,(주)미도아트웍스,부산 사상구,(46924) 부산광역시 사상구 사상로433번길 35 ,,,
7781,꼬망세어린이집,대전 동구,(34692) 대전광역시 동구 대전로 452-1 꼬망세어린이집,127.4521597,36.30622075,
7782,고려산업(주),경북 포항시 남구,(37860) 경상북도 포항시 남구 호동로58번길 52 ,,,
7783,(주)아성온,광주 광산구,(62384) 광주광역시 광산구 소촌로123번길 14-10  ,,,
7784,디엘케미칼 주식회사,서울 종로구,(03181) 서울특별시 종로구 통일로 134 26층 디엘케미칼,,,
7785,㈜코모텍,경기 수원시 권선구,(16648) 경기도 수원시 권선구 산업로 198 수원델타원 지식산업센터 322~324호,,,
7786,팩플주식회사,서울 서초구,(06771) 서울특별시 서초구 매헌로 16 1313호,,,
7787,참사랑어린이집,대전 동구,(34524) 대전광역시 동구 새울로 147-16 3호,,,
7788,파스코이엔지(주),경기 군포시,"(15847) 경기도 군포시 공단로140번길 46  B105호,B106호(당정동)",,,
7789,건축사사무소이레,전북 군산시,(54080) 전북특별자치도 군산시 조촌동 법원로 31-4 2층(조촌동),126.7399029,35.96508338,
7790,주식회사이솔구조건축사사무소,강원 원주시,(26462) 강원특별자치도 원주시 양지로 80 9층 801호,,,
7791,햇살어린이집,대전 동구,(34524) 대전광역시 동구 새울로 147-17 햇살어린이집,,,
7792,동아플레이팅(주),부산 강서구,"(46757) 부산광역시 강서구 녹산산단382로14번가길 20 107, 111호",,,
7793,엘피스주식회사,인천 서구,"(22851) 인천광역시 서구 로봇랜드로 155-11 801호(청라동, 로봇랜드로봇지원센터)",,,
7794,홍지은도예학원,경기 동두천시,(11354) 경기도 동두천시 동두천로 7 102호,127.0538741,37.88197218,
7795,주식회사이앤지테크,강원 춘천시,"(24232) 강원특별자치도 춘천시 후평동 후석로420번길 7 828호, 춘천하이테크타워",127.7450496,37.88781533,
7796,강진효요양병원,전남 강진군,(59243) 전라남도 강진군 해강로 1322 강진효요양병원,,,
7797,주식회사 영광와이케이엠씨,충남 아산시,"(31409) 충청남도 아산시 아산밸리중앙로 161 (주)영광 YKMC 본사, 2층  ",,,
7798,준건축사사무소,전북 전주시 완산구,(55048) 전라북도 전주시 완산구 따박골9길 50-3 1층,,,
7799,새창산업,경북 칠곡군,(39909) 경상북도 칠곡군 공단로13길 77 .,,,
7800,(주)유씨웨어,경기 성남시 수정구,"(13453) 경기도 성남시 수정구 금토로80번길 11 704호(판교이노베이션랩,지식산업센터)",127.0853439,37.40565612,
7801,경농산업,경북 영천시,(38869) 경상북도 영천시 금송로 857-66 (원촌리),,,
7802,두남화학,경남 김해시,(50931) 경상남도 김해시 김해대로2567번길 45 ,,,
7803,주식회사나인랩스,경북 구미시,(39374) 경상북도 구미시 1공단로 144 102호 주식회사 나인랩스,128.3786298,36.10190499,
7804,(주)율그룹건축사사무소,전북 전주시 완산구,(54969) 전라북도 전주시 완산구 홍산남로 82 402호,127.1108662,35.8154679,
7805,(주)대흥유압,인천 남동구,(21696) 인천광역시 남동구 남동서로 108 ,,,
7806,한국방송미용학원,경기 의정부시,(11697) 경기도 의정부시 시민로 118 5층 한국방송미용학원,127.0482617,37.73823765,
7807,(주)이카플러그,경기 성남시 중원구,"(13207) 경기도 성남시 중원구 상대원동 사기막골로 124(SKn테크노파크) 712호, 803호, 1110호",127.177678,37.44000106,
7808,주식회사씨케이인포,서울 종로구,(03173) 서울특별시 종로구 새문안로5길 37 도렴빌딩 12층,126.9743897,37.57364487,
7809,대보에스앤피(S&P),울산 동구,(44113) 울산광역시 동구 방어진순환도로 100 ,,,
7810,정읍산림조합/상용,전북 정읍시,"(56176) 전북특별자치도 정읍시 명덕1길 64(수성동, 정읍산림조합) 정읍산림조합",,,
7811,(주)제이에스테크윈,대구 동구,(41059) 대구광역시 동구 율암동 율암로 84 (주)제이에스테크윈,128.7021649,35.88335428,
7812,한국특장차(주),울산 울주군,(45010) 울산광역시 울주군 대정로 118 한국특장차(주),129.3410548,35.42125057,
7813,주식회사대원디앤씨,경기 화성시,(18523) 경기도 화성시 만년로98번길 84 귀래리449-11,126.9852917,37.13467222,
7814,수협은행,서울 송파구,(05510) 서울특별시 송파구 오금로 62 ,,,
7815,일렉트로닉아츠코리아유한책임회사,서울 강남구,(06133) 서울특별시 강남구 테헤란로 129 강남N타워 17층,127.0323866,37.50004296,
7816,(주)에코비젼,강원 춘천시,(24398) 강원특별자치도 춘천시 거두단지1길 33 ,,,
7817,주식회사세일,경기 연천군,(11049) 경기도 연천군 백학산단길 57 주식회사 세일,126.9163561,38.01825216,
7818,(주)대동창호,강원 홍천군,(25119) 강원특별자치도 홍천군 영서로 2121 .,127.8802146,37.66345639,
7819,성화물산(주),서울 서초구,(06775) 서울특별시 서초구 논현로 87 9층,127.0444633,37.47765862,
7820,정원인더스트리,서울 금천구,(08592) 서울특별시 금천구 가산디지털2로 14 대륭테크노타운 12차 B121호,,,
7821,한국전력공사 부산울산본부,부산 부산진구,(47296) 부산광역시 부산진구 중앙대로666번길 43 한국전력공사 부산울산본부,129.0613358,35.15257996,
7822,주식회사샐러드컴퍼니,서울 강남구,(06154) 서울특별시 강남구 봉은사로72길 8 4층 401호,,,
7823,주식회사피에프에스,대구 달성군,(42982) 대구광역시 달성군 논공중앙로51길 42 ,,,
7824,(주)대주기계,대구 달성군,(43024) 대구광역시 달성군 테크노순환로4길 25 5층 ,,,
7825,(주)아텍에너지,서울 구로구,(08389) 서울특별시 구로구 디지털로30길 28 1303호,126.8952593,37.4820408,
7826,(주)통해,서울 송파구,"(05854) 서울특별시 송파구 법원로 128 C동 911호(문정동,SK V1 지엘메트로시티)",127.1204049,37.48679765,
7827,셀라니즈머티리얼즈코리아 주식회사 울산공장,울산 남구,(44783) 울산광역시 남구 용잠로 416 1층(용잠동),,,
7828,주식회사넥솔,부산 남구,(48400) 부산광역시 남구 전포대로 133 12층 (위워크 15-110),,,
7829,주식회사태승전기,인천 서구,(22769) 인천광역시 서구 건지로 45-26 (주)태승전기,,,
7830,동신이엔지(주),경기 성남시 중원구,"(13162) 경기도 성남시 중원구 자혜로17번길 16 1층 112, 113호",,,
7831,금광전설(주),서울 성동구,(04758) 서울특별시 성동구 마조로16길 29 3 층,,,
7832,성일기업,경기 포천시,"(11191) 경기도 포천시 부마로282번길 76 D,E,F동",,,
7833,삼원중공업(주)-당진1,충남 당진시,(31728) 충청남도 당진시 송악로 612 삼원중공업(주),126.7395715,36.93496708,
7834,엔담솔루션,경기 화성시,(18578) 경기도 화성시 버들로1362번길 67-5 1층,,,
7835,(주)현대자동차강남정비센타,강원 강릉시,(25574) 강원특별자치도 강릉시 성덕로 126 .,,,
7836,(주)진성이엔지,경남 창녕군,(50342) 경상남도 창녕군 서리상촌길 307-76 (주))진성이엔지,,,
7837,부산보건대학교,부산 사하구,(49318) 부산광역시 사하구 사리로55번길 16 덕문관 3419,,,
7838,신대아엔지니어링,부산 영도구,(49038) 부산광역시 영도구 대평로53번길 2 신대아엔지니어링,129.0325965,35.09322786,
7839,삼성터보엔지니어링,부산 영도구,(49050) 부산광역시 영도구 남항남로 12 삼성터보엔지니어링,,,
7840,구미펫직업훈련학원,경북 구미시,"(39219) 경상북도 구미시 역전로 38 2층, 구미펫직업훈련학원",,,
7841,주식회사동천이엔지,울산 동구,(44032) 울산광역시 동구 방어진순환도로 1000 동천이엔지,,,
7842,주식회사 잔치꾼,서울 노원구,"(01878) 서울특별시 노원구 월계동 초안산로 12(인덕대학교,인덕과학기술고등학교) 창업보육실 연지창업팩토리 28호, 29호(월계동)",127.0551276,37.63106449,
7843,반도공업사,부산 영도구,(49043) 부산광역시 영도구 대평로19번길 18 반도공업사,,,
7844,도우누리요양보호사교육원,서울 중구,(04560) 서울특별시 중구 마른내로 136 3층 301호,,,
7845,(주)범양이엔씨,서울 용산구,(04393) 서울특별시 용산구 장문로6길 12 4층,,,
7846,주식회사위디드,경기 군포시,(15807) 경기도 군포시 엘에스로182번길 34-18 2층(산본동),,,
7847,(주)강동테크,대전 대덕구,(34361) 대전광역시 대덕구 대화로52번안길 104 (대화동),,,
7848,포유맨텍,충남 아산시,(31401) 충청남도 아산시 아산호로 710-46 1층,,,
7849,정재수안전주식회사,경기 파주시,(10881) 경기도 파주시 회동길 325-22 4층,,,
7850,(주)에이치비티,경기 성남시 중원구,(13207) 경기도 성남시 중원구 사기막골로 124 비즈동408호,,,
7851,(주)트리톤넷,경기 성남시 중원구,(13207) 경기도 성남시 중원구 사기막골로 124 SKn테크노파크 비즈동 4층 405호,,,
7852,아가곱드래,제주 제주시,(63334) 제주특별자치도 제주시 함와로 267-5  ,,,
7853,주식회사엘오티티에스,경기 안성시,(17575) 경기도 안성시 공단1로 68 제1산업단지내 ,,,
7854,동아대학교산학협력단,부산 사하구,(49315) 부산광역시 사하구 낙동대로550번길 37 ,,,
7855,"주식회사우바툴스(UVATOOLSCo,LTD)",대전 유성구,(34163) 대전광역시 유성구 진잠옛로 267 (복용동),,,
7856,조은요양보호사교육원,경북 포항시 북구,"(37696) 경상북도 포항시 북구 양학로 67 5층 502호(득량동,정성빌딩)",,,
7857,주식회사도우인시스,충북 청주시 흥덕구,(28101) 충청북도 청주시 흥덕구 옥산산단로 42 도우인시스 4층 교육장,,,
7858,제이아트,서울 중구,"(04555) 서울특별시 중구 수표로 22-21 402(저동2가, 경구빌딩)",,,
7859,(주)프린테크,부산 사상구,(46947) 부산광역시 사상구 삼락천로 80 ,,,
7860,한국전력공사 전북본부,전북 전주시 덕진구,(54906) 전라북도 전주시 덕진구 백제대로 741 한국전력공사 전북본부,,,
7861,민영기계,충남 천안시 동남구,"(31226) 충청남도 천안시 동남구 삼성3길 10-18 , 1층",,,
7862,(주)한국계측표준연구원,부산 금정구,(46219) 부산광역시 금정구 중앙대로 2079 1층,,,
7863,한진피엘(주)경주공장,경북 경주시,(38204) 경상북도 경주시 제내2공단길 94 한진피엘(주)경주공장,,,
7864,(주)윈테크글로벌,서울 구로구,(08381) 서울특별시 구로구 구로동 디지털로 271(벽산디지털밸리Ⅲ) 8층805호,126.8936521,37.48323765,
7865,주식회사싱싱,경기 하남시,(12989) 경기도 하남시 초광산단로 90 2층,,,
7866,주식회사모렌소프트,서울 구로구,(08390) 서울특별시 구로구 디지털로30길 31 1404호,,,
7867,(주)디엠이,충북 청주시 흥덕구,(28578) 충청북도 청주시 흥덕구 직지대로 516 DME건물 4층,,,
7868,태창공업(주)2공장,대구 달서구,(42719) 대구광역시 달서구 성서공단로 174 -,,,
7869,(주)비엔케이테크,부산 강서구,(46702) 부산광역시 강서구 대저중앙로 354 ,,,
7870,금암노인복지관,전북 전주시 덕진구,(54899) 전라북도 전주시 덕진구 삼송5길 12 금암노인복지관,127.1372032,35.84304656,
7871,(주)펀네트,서울 강남구,(06103) 서울특별시 강남구 봉은사로 317 8층 801호,127.0415519,37.50998727,
7872,(주)에디넷,부산 동구,(48729) 부산광역시 동구 중앙대로308번길 3-6 향군빌딩 5층,129.0452827,35.12400568,
7873,지인씨앤아이주식회사,서울 마포구,"(04158) 서울특별시 마포구 큰우물로 75 3층 304~305호(도화동, 성지빌딩)",,,
7874,알앤디컨설팅연구소(주),서울 광진구,(05047) 서울특별시 광진구 구의동 아차산로 452(다성리버텔) 310호,127.0926865,37.53889924,
7875,대영산업,경남 김해시,(50851) 경상남도 김해시 명동로 87-37 대영산업 1층 공장동,,,
7876,위드시스템(주),서울 금천구,(08501) 서울특별시 금천구 가산디지털1로 225 10층 1005호~1008호,,,
7877,(주)휴인텍,전남 순천시,(57931) 전라남도 순천시 왕지로 162-3 (주)휴인텍,,,
7878,대원산업주식회사,충남 당진시,(31758) 충청남도 당진시 순성로 866 대원산업 주식회사,,,
7879,산청복음노인통합지원센터,경남 산청군,(52251) 경상남도 산청군 목화로 998 산청복음노인통합지원센터,,,
7880,한국전력공사 경기북부본부,경기 의정부시,(11785) 경기도 의정부시 용민로19번길 80 한국전력공사 경기북부본부,,,
7881,(주)엘탑,광주 북구,(61008) 광주광역시 북구 첨단과기로 333 벤처지원센터 305호,126.8612971,35.22961949,
7882,(주)엔텍코아,대전 유성구,(34003) 대전광역시 유성구 금남구즉로 1359-22 (봉산동),127.3852652,36.44698011,
7883,대성종합열처리,부산 기장군,(46034) 부산광역시 기장군 반룡산단2로 46 대성종합열처리,,,
7884,주식회사유성이앤지,경북 포항시 남구,(37868) 경상북도 포항시 남구 운제로 23 ,,,
7885,케이엠아이(KMI),전북 완주군,(55329) 전라북도 완주군 봉동중앙로 71 케이엠아이,,,
7886,장오에스텍,경기 남양주시,(12021) 경기도 남양주시 진접읍 진벌로 257-13 ,,,
7887,태성전기산업주식회사,경기 광주시,(12729) 경기도 광주시 초월읍 용수길 200-20 태성전기산업주식회사,127.3116966,37.3941452,
7888,주식회사엘앤에이치비,서울 성동구,(04782) 서울특별시 성동구 연무장7길 4 5층(해피드림),,,
7889,주식회사샤크로,서울 구로구,(08389) 서울특별시 구로구 디지털로26길 5 711호,,,
7890,오씨아이주식회사,서울 중구,(04532) 서울특별시 중구 소공로 94 19층,,,
7891,(주)아로마뉴텍,충남 아산시,(31532) 충청남도 아산시 온천대로1122번길 45-10 (득산동),,,
7892,주식회사온궁,충남 아산시,(31544) 충청남도 아산시 서부남로 480-46 주식회사 온궁,,,
7893,동국제강 주식회사,서울 중구,(04539) 서울특별시 중구 을지로5길 19 ,,,
7894,덕진노인복지관,전북 전주시 덕진구,(54895) 전라북도 전주시 덕진구 송천중앙로 36 덕진노인복지관,,,
7895,블루이엔텍주식회사,충남 천안시 동남구,"(31198) 충청남도 천안시 동남구 청수11로 26 5층 502,505호(청당동)",,,
7896,주식회사에이텍오토,경기 성남시 분당구,"(13488) 경기도 성남시 분당구 판교로 289 7층(삼평동, 에이텍 빌딩)",,,
7897,포스랩주식회사,대전 유성구,"(34027) 대전광역시 유성구 테크노9로 35 326호(탑립동, 아이티전용벤처타운)",127.4072393,36.41917933,
7898,(주)힘멘테크,경기 안양시 동안구,(14057) 경기도 안양시 동안구 벌말로102번길 61-16 (주)힘멘테크,126.9715312,37.39830145,
7899,비겐스테크,부산 기장군,(46018) 부산광역시 기장군 곰내길 654-92 비겐스테크,,,
7900,(주)퍼스트텍,경기 시흥시,(14904) 경기도 시흥시 문화마을로16번길 45 3층(대야동),,,
7901,신한정공(주),대구 달서구,(42719) 대구광역시 달서구 성서로 93 ,,,
7902,(주)경옥가,경기 남양주시,(12034) 경기도 남양주시 소래비로416번길 99-1 (주)경옥가 나동 1층,,,
7903,(주)하이테크,전북 완주군,(55332) 전라북도 완주군 테크노밸리로 96-68 하이테크,,,
7904,주식회사부르딕파킹,서울 금천구,(08635) 서울특별시 금천구 시흥대로 189 인피니움타워 713호,126.9016443,37.45062864,
7905,부모섬김요양보호사교육원,경남 진주시,(52649) 경상남도 진주시 진양호로123번길 6 2층 일부,128.0530818,35.16833869,
7906,해운대구장애인복지관,부산 해운대구,(48032) 부산광역시 해운대구 선수촌로207번길 81 해운대구장애인복지관,129.1218565,35.2108581,
7907,(주)주연정공,대구 달서구,(42702) 대구광역시 달서구 성서공단북로43길 9 주연정공,,,
7908,(주)비케이바이오,제주 제주시,(63359) 제주특별자치도 제주시 일주동로 2706-38 비케이바이오,,,
7909,주식회사유니트론아이에스,서울 성동구,"(04793) 서울특별시 성동구 성수일로8길 5 A동 6층 605호(성수동2가, 서울숲 SK V1 TOWER)",,,
7910,에델뷰티학원,경기 평택시,(17854) 경기도 평택시 비전5로 7-1 401호,,,
7911,(주)한조,부산 영도구,(49050) 부산광역시 영도구 남항서로 20 남항동3가 141-127 (주)한조 기술연구소,129.0376515,35.08353669,
7912,주식회사볼트앤너트,서울 마포구,(04147) 서울특별시 마포구 백범로31길 21 712호,,,
7913,주식회사동국,울산 동구,(44032) 울산광역시 동구 방어진순환도로 1000 ,,,
7914,(주)행복찹쌀떡,서울 서초구,(06584) 서울특별시 서초구 방배로 248 지층,126.9892784,37.49504534,
7915,(주)씨에스원파트너 부산센터,부산 중구,(48942) 부산광역시 중구 중앙대로 52 LG유플러스,129.0369597,35.10203118,
7916,까나베나주식회사,대구 달성군,(42972) 대구광역시 달성군 비슬로458길 42-1 까나베나주식회사,,,
7917,한국전력공사 광주전남본부,광주 북구,(61130) 광주광역시 북구 우치로 222 한국전력공사 광주전남본부,,,
7918,(주)아이씨씨,경기 안산시 단원구,(15601) 경기도 안산시 단원구 장자골로 50 ,,,
7919,주식회사한국아이씨티접근성연구센터,서울 금천구,(08507) 서울특별시 금천구 가산디지털1로 168 B동 1205-1호,,,
7920,대한열처리,대구 달서구,(42705) 대구광역시 달서구 성서공단로21길 86 대한열처리1층,,,
7921,(주)성보산업,경기 안산시 단원구,(15438) 경기도 안산시 단원구 산성로 79 성보산업,,,
7922,(주)창성테크,울산 남구,(44784) 울산광역시 남구 처용로 614 (주)창성테크,,,
7923,다다시스템,충남 천안시 서북구,(31040) 충청남도 천안시 서북구 4산단7로 17-15 2동 1층,127.122132,36.86158947,
7924,로셜컴퍼니,서울 은평구,(03371) 서울특별시 은평구 통일로 684 상상청동 3층 319호 로셜컴퍼니,,,
7925,주식회사성문화학,경기 화성시,(18515) 경기도 화성시 덕절제기길 31 3동,,,
7926,성문산업(주),경기 화성시,"(18515) 경기도 화성시 덕절제기길 31 1동, 2동, 4동",,,
7927,코리아에어필터주식회사,경기 광명시,(14308) 경기도 광명시 하안로 228 1동 2층 4호,,,
7928,주식회사한상가득식품,경기 파주시,(10831) 경기도 파주시 방축길 131-19 주식회사 한상가득식품,,,
7929,(주)이앤에스텍,경기 용인시 처인구,(17130) 경기도 용인시 처인구 덕성산단1로28번길 37 (주)이앤에스텍,,,
7930,(주)제일참,충북 음성군,(27653) 충청북도 음성군 금일로700번길 87 (주)제일참,,,
7931,한국폴리아세탈주식회사,서울 중구,(04637) 서울특별시 중구 남대문로5가 소월로2길 30(남산트라팰리스) 20층 한국폴리아세탈(주),126.9757906,37.55382385,
7932,(사)한국지역자활센터협회강원지부,강원 춘천시,(24209) 강원특별자치도 춘천시 소양강로 110 403호,,,
7933,주식회사에듀건,서울 강동구,(05407) 서울특별시 강동구 성내동 양재대로81길 64(코스카 빌딩) 1층,127.1309273,37.52404272,
7934,(주)영풍열처리,대구 달서구,(42719) 대구광역시 달서구 성서로35길 56 (주)영풍열처리,,,
7935,더조은건재,전북 익산시,(54527) 전라북도 익산시 삼기북길 113 A동,,,
7936,세진테크,전북 익산시,(54670) 전라북도 익산시 청수길 5 세진테크,,,
7937,강원화천지역자활센터,강원 화천군,(24115) 강원특별자치도 화천군 상승로8길 15-23 2층,,,
7938,양구지역자활센터,강원 양구군,(24521) 강원특별자치도 양구군 비봉로73번길 52  양구문화복지센터 2층 양구지역자활센터,127.9841389,38.10881786,
7939,(사)한국자동차환경협회,경기 안양시 동안구,(14055) 경기도 안양시 동안구 시민대로 317 6-7층,126.9654789,37.39619133,
7940,유한회사 대성스틸,전남 영암군,(58457) 전라남도 영암군 대불주거7로 87  ,,,
7941,주식회사인스파이어인티그레이티드리조트,인천 중구,(22382) 인천광역시 중구 용유로 542 인스파이어인티그레이티드리조트 ,,,
7942,주식회사새론테크,경남 거제시,(53261) 경상남도 거제시 장평3로 80 (주)새론테크,128.6024733,34.89974226,
7943,강원양양지역자활센터,강원 양양군,(25009) 강원특별자치도 양양군 일출로 42 강원양양지역자활센터,,,
7944,강릉지역자활센터,강원 강릉시,(25527) 강원특별자치도 강릉시 명주로 69 2층,128.8873303,37.75582902,
7945,(주)웰코스글로벌C&D센터(WelcosGlobalC&DCenter),서울 구로구,"(08378) 서울특별시 구로구 디지털로34길 55 (구로동,코오롱싸이언스밸리2차 1404,1405,1409,1410호)",,,
7946,서귀포일터나눔지역자활센터,제주 서귀포시,(63571) 제주특별자치도 서귀포시 속골로 22 서귀포일터나눔지역자활센터,126.5294338,33.24154771,
7947,엠에이치테크,부산 강서구,(46742) 부산광역시 강서구 과학산단2로19번길 100-54 D동 ,128.8159704,35.15360843,
7948,극동공업사,경남 김해시,(50932) 경상남도 김해시 김해대로2611번길 21-18 제나호동 극동공업사,,,
7949,(주)대유넥스티어,서울 성동구,(04790) 서울특별시 성동구 상원12길 34 서울숲에이원지식산업센터 1504-1510,127.0505235,37.54953739,
7950,(주)나인벨,경기 성남시 중원구,"(13201) 경기도 성남시 중원구 사기막골로 99 지하1층 제101호, 제비122호~제비132호, B동 614호~616호(상대원동, 센트럴비즈타워 2차)",,,
7951,(주)네온테크,경기 안양시 동안구,(14055) 경기도 안양시 동안구 부림로 146 1층,126.9639542,37.39647015,
7952,창진ENG(주),경남 양산시,(50561) 경상남도 양산시 석계산단3길 59 ,,,
7953,(주)패스트레인,서울 강남구,"(06159) 서울특별시 강남구 테헤란로 423 8층, 10층",,,
7954,월드자동차공업(주),인천 동구,(22530) 인천광역시 동구 봉수대로 95 (송림동) 월드자동차공업(주),,,
7955,(주)알파이앤시,전남 여수시,(59618) 전라남도 여수시 망양로 1244 주식회사 알파이앤시,,,
7956,우성HITECH,경남 창원시 마산회원구,(51341) 경상남도 창원시 마산회원구 봉암공단5길 42-31 우성HITECH,128.597465,35.21718115,
7957,주식회사에이에스티(AdvancedSilicomTechnology),경기 이천시,(17311) 경기도 이천시 이여로 282-88 주식회사 에이에스티,127.4753699,37.31956878,
7958,(주)선화솔루션,경기 부천시,(14524) 경기도 부천시 도당동 옥산로178번길 27 선화정밀 內 1층,126.7814053,37.50942557,
7959,농업회사법인주식회사주성,경기 안성시,(17516) 경기도 안성시 진촌진말길 12 1층,127.3630326,37.05263547,
7960,한광전기공업(주)광주지점,경기 광주시,(12814) 경기도 광주시 다람로57번길 48 1층,127.3323834,37.33695634,
7961,주식회사뱅크정밀항공,전북 전주시 덕진구,(54841) 전라북도 전주시 덕진구 감수길 30-14 ,,,
7962,대한민국수도배관세척관리총연합회학원,울산 남구,"(44660) 울산광역시 남구 옥동 남부순환도로 551 1층,2층",129.2999185,35.51921104,
7963,주식회사크림솔루션(KLIMSOLUTIONCO.LTD),서울 구로구,(08381) 서울특별시 구로구 디지털로 285 에이스트윈타워 1차 505호,126.8944757,37.48441871,
7964,주식회사에이치앤와이솔루션,충남 아산시,(31454) 충청남도 아산시 탕정면 삼성로 181 삼성디스플레이 아산1캠퍼스 비전홀 2층 협력사사무동  (주)에이치앤와이솔루션,127.0649754,36.81381987,
7965,대륭기업(주),광주 광산구,(62386) 광주광역시 광산구 소촌로85번길 14-15 대륭기업(주),126.7909723,35.15318218,
7966,(주)피스티스,인천 미추홀구,"(22126) 인천광역시 미추홀구 염전로 330 706, 707호(주안동, 주안제이타워1차 지식산업센터)",126.6768097,37.47017925,
7967,모빌텍(주),전북 군산시,(54004) 전라북도 군산시 산단로 109-8  ,,,
7968,(주)유비라이트,경기 안성시,(17551) 경기도 안성시 기업단지로 122-45 ,,,
7969,대동기업(주),강원 양양군,(25001) 강원특별자치도 양양군 강현면 장산1길 21-9 대동기업,128.5976551,38.14657409,
7970,동양PST,경남 거제시,(53302) 경상남도 거제시 거제대로 3370 ,,,
7971,엠피웍스주식회사,울산 남구,(44776) 울산광역시 남구 테크노산업로55번길 79-10 B동 303호,129.3031416,35.50740881,
7972,(주)나노원,인천 서구,"(22744) 인천광역시 서구 경서동 호두산로94번길 23 A, B 동",126.6418089,37.55058968,
7973,(주)한국정밀,광주 광산구,(62416) 광주광역시 광산구 옥동 평동로803번길 31 (주)한국정밀,126.7610885,35.12713133,
7974,동국대학교 드론아카데미,경기 고양시 일산동구,(10326) 경기도 고양시 일산동구 식사동 동국로 32 약학관 2층 정보검색실 (필기 교육장) / 일산동구 동국로 68-28 제2비행장,126.8068989,37.67765607,
7975,살롱의정석,경기 안산시 단원구,(15481) 경기도 안산시 단원구 고잔동 광덕1로 276(시아테마파크) 106호,126.8403857,37.30653371,
7976,(주)시스웍스,경기 평택시,(17796) 경기도 평택시 청북읍 드림산단3로 95 시스웍스,126.9652613,37.06206957,
7977,(주)금산산기,경남 거창군,(50148) 경상남도 거창군 남상면 일반산업길 175 금산산기 2층 회의실,127.9279376,35.65539662,
7978,주식회사에이데이타,서울 성동구,(04790) 서울특별시 성동구 성수동1가 아차산로 49(서울숲 코오롱디지털타워 Ⅲ) 1604호,127.0496844,37.54678972,
7979,주식회사 파랑새스포츠,대전 유성구,"(34040) 대전광역시 유성구 탑립동 탑립로 49 3층, 지하1-2층",127.3984953,36.40989971,
7980,캠클,부산 남구,(48400) 부산광역시 남구 문현동 전포대로 133 14층 112호(문현동),129.0654282,35.14822086,
7981,삼성컴퓨터학원,서울 노원구,(01833) 서울특별시 노원구 공릉동 공릉로 223(도곡빌딩) 3층 삼성컴퓨터학원,127.0767087,37.62917049,
7982,로드텍,경기 안산시 상록구,(15591) 경기도 안산시 상록구 사동 네고지2길 41(한도프라자) 306호,126.8521057,37.29508821,
7983,성심농아재활원,충북 충주시,(27375) 충청북도 충주시 교현동 봉현로 261-1(성심농아재활원) 성심농아재활원,127.9318365,36.9777869,
7984,한국전력공사 경남본부,경남 창원시 성산구    ,(51439) 경상남도 창원시 성산구 신월동 중앙대로210번길 13(한국전력공사경남본부) 3층 HR소통부,128.6890129,35.23170265,
7985,주식회사감소프트,경북 포항시 북구,"(37577) 경상북도 포항시 북구 장성동 침촌지구5길 4-1 2층, (주)감소프트",129.3792617,36.08417142,
7986,주식회사서백산업,경남 김해시,(51002) 경상남도 김해시 삼문동 대청로104번길 92-1 주식회사 서백산업,128.8077266,35.18871593,
7987,(주)제이에스엔지니어링,경기 시흥시,(15079) 경기도 시흥시 정왕동 경기과기대로 239 시화공단 3나 205호,126.734285,37.33602901,
7988,(주)유하전자,경기 용인시 기흥구,(16950) 경기도 용인시 기흥구 영덕동 흥덕중앙로 120(U-TOWER) 3011,127.0807812,37.27482246,
7989,주식회사 다솜,경남 창원시 진해구    ,(51699) 경상남도 창원시 진해구 도천동 여명로 7(유니언외국어학원) 3층 다솜,128.6557675,35.15377345,
7990,농업회사법인(주)힘찬,충북 음성군,(27619) 충청북도 음성군 생극면 음성로 1863-45 1층,127.600179,37.04938994,
7991,지원정밀,부산 강서구,(46723) 부산광역시 강서구 대저2동 맥도길 357 지원정밀,128.9403496,35.13847164,
7992,주식회사대영에어텍,경기 남양주시,(12187) 경기도 남양주시 화도읍 마치로284번길 110-93 주식회사 대영에어텍,127.2792456,37.64383508,
7993,삼오정밀,인천 남동구,(21638) 인천광역시 남동구 남촌동 함박뫼로401번길 44 ,,,
7994,(주)골드밴,경기 화성시,(18630) 경기도 화성시 양감면 용소금각로36번길 125 ,,,
7995,준오헤어 신논현역점,서울 강남구,(06123) 서울특별시 강남구 역삼동 강남대로 442 2층 준오헤어 신논현역점,127.02619,37.50199049,
7996,준오헤어반포점,서울 서초구,(06593) 서울특별시 서초구 반포동 서초중앙로 239 2층 준오헤어 반포점,127.0107984,37.5031548,
7997,(주)선프라텍,경기 부천시,(14441) 경기도 부천시 오정동 산업로8번길 22-14((주)선프라텍) (주)선프라텍,126.7784909,37.52711548,
7998,(주)바이웨이,경기 의정부시,(11813) 경기도 의정부시 민락동 송현로82번길 47 1층 102호(민락동) ,127.0921753,37.74545625,
7999,오륜테크주식회사,경기 평택시,(17818) 경기도 평택시 오성면 오성산단1로 24-48 ,,,
8000,티에스에스,경북 구미시,(39376) 경상북도 구미시 공단동 1공단로 212 한라시그마밸리 1018호,128.3859049,36.10137968,
8001,준오헤어명일점,서울 강동구,"(05269) 서울특별시 강동구 명일동 동남로75길 5(명일이마트별관주차장) 1,2층 준오헤어",127.1559549,37.55392569,
8002,준인터내셔널주식회사,대구 남구,(42419) 대구광역시 남구 대명동 현충로 142 1층,128.5803165,35.84535767,
8003,주식회사 통인익스프레스,서울 서초구,"(06776) 서울특별시 서초구 마방로 48(양재동, 통인빌딩) 5층",,,
8004,탑브레드제과제빵학원,경기 부천시,(14664) 경기도 부천시 역곡동 역곡로 49 401호,126.8095404,37.48931978,
8005,(주)창우기업,제주 제주시,(63064) 제주특별자치도 제주시 애월읍 광령평화2길 117  ,,,
8006,크리에이티브파트너스,서울 강남구,(06127) 서울특별시 강남구 역삼동 봉은사로22길 30 1층,127.0309636,37.50501679,
8007,주식회사소나무정보기술,부산 부산진구,"(47340) 부산광역시 부산진구 가야동 엄광로 176(동의대학교) ,331호",,,
8008,(주)공차코리아,서울 종로구,(03160) 서울특별시 종로구 공평동 종로 47(한국스탠다드차타드은행 빌딩) 7층 공차코리아,126.9826652,37.57128601,
8009,(주)큐빅테크,서울 구로구,(08389) 서울특별시 구로구 구로동 디지털로 272(한신아이티타워) 301,126.8943995,37.48240041,
8010,(주)다이렉트테크,인천 남동구,(21700) 인천광역시 남동구 고잔동 능허대로 657 남동공단 139B 11L,126.6853653,37.39032888,
8011,주식회사한컴어썸텍,대전 유성구,(34047) 대전광역시 유성구 전민동 유성대로1689번길 70(KT대덕2연구센타) 3동 504호,127.3998832,36.40220826,
8012,준오헤어,서울 서초구,(06607) 서울특별시 서초구 서초동 서초대로 331(정우빌딩) 2층 준오헤어,127.0176616,37.49515332,
8013,주식회사포도미디어네트워크,서울 성동구,(04782) 서울특별시 성동구 성수동2가 아차산로 68(AU COMMERCE) 809호,127.0516638,37.54553655,
8014,마더즈의원,부산 동래구,(47818) 부산광역시 동래구 수안동 충렬대로 222 9층~15층(지하1층) 마더즈의원,129.0832208,35.20149865,
8015,(주)모닝아트,인천 남동구,(21694) 인천광역시 남동구 고잔동 능허대로 699 (주)모닝아트,126.6893601,37.3882492,
8016,국제전기(주),충북 음성군,(27681) 충청북도 음성군 금왕읍 신개천로 98 ,,,
8017,컴퍼니EDC,경남 거제시,"(53261) 경상남도 거제시 장평동 장평3로 80(삼성중공업(주)거제조선소) 장평동, 설계1관 1층 복사실",128.6024738,34.89976929,
8018,3030잉글리시 원격평생교육시설,서울 강서구,(07803) 서울특별시 강서구 마곡동 공항대로 247(퀸즈파크나인) C 616,126.8345078,37.55928371,
8019,에이드인더스트리스,경기 부천시,(14786) 경기도 부천시 옥길동 양지로 205(부천옥길 서영아너시티2) 405호,126.8239627,37.46796188,
8020,흥창기업,인천 부평구,(21418) 인천광역시 부평구 일신동 구산로 24 흥창기업,126.7510291,37.48159615,
8021,드론버스,제주 제주시,(63067) 제주특별자치도 제주시 애월읍 광상로 241(유수암리운동장) 유수암리운동장,126.4066075,33.44166802,
8022,준오헤어,서울 서초구,(06627) 서울특별시 서초구 서초동 사임당로 174(강남미래타워) 2층 준오헤어,127.0286068,37.49232233,
8023,베스트원주식회사,경북 구미시,(39263) 경상북도 구미시 공단동 산호대로 363 1층 베스트원,128.3849016,36.11573716,
8024,주식회사엠에스엘,경북 성주군,(40052) 경상북도 성주군 용암면 사곡공단2길 22 (주)엠에스엘,128.3477789,35.83765995,
8025,엑스오,전남 목포시,"(58606) 전라남도 목포시 석현동 영산로 682 제에이동, 비동호 3층",126.4222907,34.82607245,
8026,(주)신형이앤지,충북 음성군,(27642) 충청북도 음성군 금왕읍 금일로 539-10 (주) 신형이앤지 2층,127.5304376,37.00722679,
8027,주식회사비티씨에스,경기 시흥시,(14979) 경기도 시흥시 광석동 연성로156번길 29-5 주식회 비티씨에스,126.8187376,37.38605267,
8028,서면지역아동센터,전남 순천시,(57906) 전라남도 순천시 서면 북차길 2 서면지역아동센터,127.4917438,34.99449186,
8029,유나텍주식회사,경기 고양시 일산동구,(10314) 경기도 고양시 일산동구 문봉동 견달산로 360-15 ,,,
8030,케어에듀옥수요양보호사교육원,서울 성동구,(04734) 서울특별시 성동구 옥수동 독서당로 210 3층,127.0141633,37.54328461,
8031,유한회사현승이엔지,전남 영암군,(58462) 전라남도 영암군 삼호읍 대불로 93(현대삼호중공업) 유한회사 현승이엔지,126.3729089,34.740754,
8032,(주)한길에이치씨,경기 안산시 단원구,"(15426) 경기도 안산시 단원구 신길동 산단로 325(리드 스마트스퀘어 지식산업센터) 에프-410,411,412,413,602,603호",126.784999,37.32325773,
8033,(주)태동씨앤에스,인천 남동구,(21644) 인천광역시 남동구 고잔동 은청로 96 (고잔동),126.7067802,37.40060185,
8034,주식회사정미작소,경기 양주시,"(11494) 경기도 양주시 만송동 광사로 160 1,2동(만송동, 1,2)",127.0855355,37.78412095,
8035,주식회사트로닉스,광주 북구,(61007) 광주광역시 북구 월출동 첨단벤처로 124(한국광기술원) B2동 208호,126.8593469,35.23295214,
8036,주식회사정미작소(밀작),경기 양주시,(11485) 경기도 양주시 삼숭동 삼숭로 83 ,,,
8037,부성정밀(주),경기 김포시,(10048) 경기도 김포시 양촌읍 황금3로7번길 12-48 (주)부성정밀,126.6136699,37.61273965,
8038,이화의대부속서울병원,서울 강서구,(07804) 서울특별시 강서구 마곡동 공항대로 260(이화의대부속서울병원) ,,,
8039,(주)한테크,대전 대덕구,(34326) 대전광역시 대덕구 신일동 신일서로18번길 2 (신일동),127.4012378,36.44045764,
8040,올윈에듀 평택 요양보호사교육원,경기 평택시,(17869) 경기도 평택시 용이동 현촌5길 5-24 301호(용이동),127.1328023,36.99727193,
8041,(주)블루젠트,경기 용인시 처인구,(17118) 경기도 용인시 처인구 남사읍 서촌로 115-11 블루젠트,127.1255639,37.14153011,
8042,강남도배학원,인천 서구,(22714) 인천광역시 서구 심곡동 탁옥로97번길 4-2 은진빌딩 2층 강남도배학원,126.6807769,37.54400811,
8043,"주식회사솔켐(SoulChemCo.,Ltd.)",경기 용인시 기흥구,(17111) 경기도 용인시 기흥구 농서동 서천로201번길 11(기흥 테라타워 지식산업센터)  제티-602호,127.0719694,37.23129913,
8044,주식회사왓위케어,서울 성동구,(04793) 서울특별시 성동구 성수동2가 성수일로12길 20(성동안심상가) 602호,127.0532158,37.54812173,
8045,주식회사한국마린텍,경남 거제시,(53233) 경상남도 거제시 옥포동 옥포로5길 8 2층 (주)한국마린텍,128.6944061,34.88902529,
8046,에코마이스주식회사,서울 강남구,(06051) 서울특별시 강남구 논현동 학동로33길 41(영진빌딩) 3층 에코마이스,127.0319071,37.51743222,
8047,주식회사힘,충남 공주시,(32613) 충청남도 공주시 계룡면 소정길 16-5 ,,,
8048,인터리젠(주),서울 강남구,"(06267) 서울특별시 강남구 도곡동 강남대로42길 13 6층, 7층(도곡동, 호성빌딩)",127.0352754,37.48546412,
8049,엘지이노텍(주) 평택 진위공장,경기 평택시,(17708) 경기도 평택시 진위면 진위2산단로 111 ,,,
8050,(주)동양,경남 진주시,(52845) 경상남도 진주시 정촌면 산업로79번길 5 (주)동양,128.1053509,35.12207036,
8051,주식회사시큐다임,서울 강남구,(06258) 서울특별시 강남구 도곡동 도곡로2길 10(뱅뱅별관) 3층 301호,127.0329702,37.48898762,
8052,세종중앙연구소주식회사,울산 북구,(44252) 울산광역시 북구 효문동 효산1길 20(세종공업부설연구소) 세종중앙연구소,129.3702728,35.57001134,
8053,유위컴주식회사,경기 용인시 기흥구,(16976) 경기도 용인시 기흥구 구갈동 기흥로 58 B동 2507호,127.1180536,37.28037844,
8054,사단법인위드커리어,경기 광주시,"(12759) 경기도 광주시 역동 중앙로 71(성도빌딩) 2층, 209호(역동, 27-24)",127.2605371,37.40647636,
8055,(주)지텍,세종 세종,(30010) 세종특별자치시  전동면 운주산로 560 지텍,127.2503628,36.66589727,
8056,(주)지텍,충남 천안시 동남구,(31217) 충청남도 천안시 동남구 풍세면 풍세산단1로 6 (주)지텍,127.1010084,36.72385746,
8057,주식회사지로보틱스,충남 천안시 동남구,(31217) 충청남도 천안시 동남구 풍세면 풍세산단1로 6 주식회사 지로보틱스,127.1010084,36.72385746,
8058,투썬캠퍼스 원격평생교육원,경기 성남시 분당구,(13494) 경기도 성남시 분당구 삼평동 판교역로 221 지1층 일부,127.1087392,37.4006369,
8059,엔비오가드,대전 대덕구,(34340) 대전광역시 대덕구 평촌동 평촌2길 39 (평촌동),127.4361022,36.4344337,
8060,(주)다데오,서울 강북구,(01030) 서울특별시 강북구 수유동 삼양로117길 34 2층,127.0142692,37.64391492,
8061,미래정밀,경남 김해시,(50850) 경상남도 김해시 한림면 김해대로974번길 103 미래정밀,128.7907793,35.28389863,
8062,주식회사티프라임컨설팅,경북 포항시 남구,"(37685) 경상북도 포항시 남구 대잠동 대이로 5 9, 알파빌딩 301호",129.3432881,36.01563025,
8063,에프에스케이주식회사,경기 김포시,"(10090) 경기도 김포시 장기동 태장로795번길 23 605호(장기동, 김포마스터비즈파크)",126.680803,37.63779973,
8064,주식회사진보,경기 평택시,(17745) 경기도 평택시 모곡동 산단로 103-23 주식회사진보,127.0832031,37.03862976,
8065,코코아코딩학원,강원 원주시,(26392) 강원특별자치도 원주시 무실동 능라동길 48 시네프라자 404호,127.9300828,37.3343858,
8066,(사단법인)한국종이접기협회,서울 중구,"(04597) 서울특별시 중구 다산로 64(신당동, 명진빌딩) 1층 (사)한국종이접기협회",,,
8067,주식회사소프트퍼즐,서울 금천구,(08505) 서울특별시 금천구 가산동 가산디지털2로 101 한라원앤원타워 B동 1609호,126.8802307,37.4768184,
8068,(주)대호비앤피인천공장,인천 계양구,(21129) 인천광역시 계양구 작전동 아나지로396번길 5 ,,,
8069,(주)삼성금속,경기 평택시,(17953) 경기도 평택시 포승읍 포승공단로117번길 30 삼성금속,126.8463668,36.98290379,
8070,(주)티디엠,광주 북구,(61003) 광주광역시 북구 월출동 첨단벤처소로37번길 69((주)티디엠) ,,,
8071,윤쉐프 정직한제빵소 (주식회사 정미작소 양주점),경기 양주시,"(11494) 경기도 양주시 만송동 광사로 158 1,2층(만송동)",127.0853201,37.7844004,
8072,엔젤비엔디,서울 양천구,(07932) 서울특별시 양천구 신월동 국회대로 102(영인빌딩) 3층,126.846176,37.52700845,
8073,풍산솔루션주식회사,충남 아산시,(31457) 충청남도 아산시 탕정면 선문로 387(홍익아파트) 120동 제2층 제205-2호(홍익아파트),127.0783456,36.80896535,
8074,주식회사코아시아세미코리아(CoAsiaSEMIKoreaCorporation),서울 송파구,(05835) 서울특별시 송파구 문정동 정의로 67(MK타워) 3층,127.1149083,37.4858209,
8075,실버팍스,경남 김해시,(50859) 경상남도 김해시 진영읍 진산대로 215 실버팍스 1층,128.719762,35.32205673,
8076,준오헤어,서울 강남구,"(06252) 서울특별시 강남구 역삼동 강남대로 334(SM타워) , 2층 1호(역삼동, 에셈타워)",127.0303824,37.49290757,
8077,(주)더블유에이치엔지니어링,인천 미추홀구,(22117) 인천광역시 미추홀구 도화동 염전로 292-4 1층,126.6723089,37.47057219,
8078,성심요양보호사교육원,전북 전주시 완산구,"(54970) 전북특별자치도 전주시 완산구 유연로 272(중화산동2가, 본치과) 3층",127.1152528,35.82515977,
8079,우일금속주식회사,대구 달서구,(42718) 대구광역시 달서구 대천동 달서대로64안길 21 우일금속주식회사,128.4952654,35.8256006,
8080,주식회사엔데오에프앤비,경기 광명시,(14322) 경기도 광명시 소하동 하안로 60(광명테크노파크) A동 11층 1110호,126.8952668,37.44523502,
8081,준오헤어(양재2),서울 서초구,(06736) 서울특별시 서초구 양재동 남부순환로350길 4(대진빌딩) 2층 준오헤어,127.0351957,37.48423878,
8082,고정현헤어청라2호점,인천 서구,"(22762) 인천광역시 서구 청라동 청라커낼로288번길 16(키움프라자) 204,205호(경서동, 키움프라자)",126.6463136,37.53380906,
8083,앞치마세상,경기 고양시 일산동구,(10312) 경기도 고양시 일산동구 성석동 성현로 198 2층,126.8079858,37.7084888,
8084,일신테크(주),경북 김천시,(39561) 경상북도 김천시 봉산면 봉산로 460-8 일신테크(주),128.0113225,36.16808196,
8085,에이아이텍(주),전남 장성군,(57248) 전라남도 장성군 남면 나노산단로 98 에이아이텍(주),126.8351584,35.23758997,
8086,준오헤어,서울 강남구,(06206) 서울특별시 강남구 대치동 선릉로64길 20 3층,127.0539964,37.49799033,
8087,백마,광주 광산구,(62465) 광주광역시 광산구 오선동 진곡산단2번로 39-31 오선동,126.7877185,35.20101076,
8088,대진몰드,경기 시흥시,(14937) 경기도 시흥시 안현동 수인로3077번길 71-4(대진몰드) 1층,126.8085993,37.42479774,
8089,주식회사티에스,경기 부천시,(14454) 경기도 부천시 내동 부천로425번길 39 훈민빌딩1층(현장)2층(사무실),126.7825448,37.52192442,
8090,유한회사남선엔지니어링,광주 광산구,(62464) 광주광역시 광산구 진곡동 진곡산단5번로 17-10 진곡동,126.7810025,35.20745224,
8091,(주)메이크인,경기 포천시,(11168) 경기도 포천시 가산면 방산1길 14-22 나동,127.1779132,37.83039159,
8092,동탄커피&꽃차학원,경기 화성시,(18480) 경기도 화성시 오산동 동탄기흥로353번길 99-7 안강프라이빗에듀 504호,127.0867506,37.18772442,
8093,나눔장례지도사교육원,경기 안산시 상록구,(15533) 경기도 안산시 상록구 본오동 용신로 411-1 3층,126.8678267,37.30170268,
8094,주식회사아라(ARA),충남 아산시,(31499) 충청남도 아산시 배방읍 호서로79번길 20(호서대학교) 벤처창조융합관 411호,127.074064,36.73541084,
8095,주식회사디아,경기 안성시,(17562) 경기도 안성시 공도읍 고무다리길 73-15 ,,,
8096,주식회사포스코지와이에스테크,전남 광양시,(57812) 전라남도 광양시 금호동 제철로 1800((주)POSCO) 4정비센터 3층/선강정비2실 교육장,127.7247465,34.92267297,
8097,주식회사다다,충남 천안시 서북구,(31028) 충청남도 천안시 서북구 직산읍 부송로 144 ,,,
8098,주식회사스마일요양원,경기 광주시,(12813) 경기도 광주시 곤지암읍 경충대로 363-36 스마트요양원,127.3653868,37.33631922,
8099,내봄평생교육원,경기 성남시 분당구,(13466) 경기도 성남시 분당구 운중동 운중로 122(골드클래스) 601호,127.0765765,37.39128181,
8100,주식회사티큐에스코리아,세종 세종,(30141) 세종특별자치시  집현동 집현중앙7로 6(지식산업센터) b동 406호,127.3304595,36.49858048,
8101,주식회사씨스마일,경기 시흥시,(14957) 경기도 시흥시 포동 신현로12번길 8-1(태헌아파트) 상가 3층,126.7862209,37.40844165,
8102,덕성테크주식회사,충남 당진시,(31745) 충청남도 당진시 신평면 원신당로 188 라동 2층,126.8030382,36.8783046,
8103,(주) 대광주철,충남 예산군,(32401) 충청남도 예산군 고덕면 상몽산단로 136 (주)대광주철,126.7002959,36.80136855,
8104,인터콘시스템스(주),경기 수원시 권선구,(16648) 경기도 수원시 권선구 고색동 산업로155번길 264 4층 대회의실,126.9882867,37.24404998,
8105,주식회사평산인터내셔널,경남 김해시,(50870) 경상남도 김해시 진영읍 서부로179번길 104 평산인터내셔널,128.7750629,35.28944694,
8106,(주)에스앤제이골드,서울 종로구,(03139) 서울특별시 종로구 돈의동 돈화문로5가길 1(피카디리플러스) 4층,126.9912228,37.57108895,
8107,(주)한양그린자동차,서울 성동구,"(04798) 서울특별시 성동구 성수동2가 성수이로22길 40 3층, 4층",127.0612465,37.54331578,
8108,(주)엘이테크,대전 유성구,(34165) 대전광역시 유성구 장대동 유성대로783번길 25 2층,127.3354712,36.36268188,
8109,(주)첨단정밀,광주 광산구,(62213) 광주광역시 광산구 안청동 하남산단9번로 136 (안청동),126.8109167,35.21239763,
8110,준오헤어,서울 서초구,"(06568) 서울특별시 서초구 방배동 동작대로 112(한신휴플러스) (방배동,한신휴플러스201,202,203호)",126.9827559,37.48648496,
8111,(주)태화중공업,충남 당진시,(31739) 충청남도 당진시 신평면 동부길 27 (주)태화중공업,126.7410078,36.8891413,
8112,에이치엘홀딩스 주식회사,서울 송파구,(05510) 서울특별시 송파구 신천동 올림픽로 289(잠실시그마타워) 6층,127.1024866,37.51454667,
8113,주식회사넥스블루,서울 영등포구,(07299) 서울특별시 영등포구 문래동3가 경인로 775(에이스하이테크시티) 제8층 제1-818호,126.8987532,37.51434453,
8114,마인드원(주),서울 강남구,(06302) 서울특별시 강남구 도곡동 논현로26길 10(영현빌딩) ,,,
8115,"주식회사원즈(WONSCO.,Ltd)",울산 중구,"(44420) 울산광역시 중구 성안동 백양로 88-1 1, 2, 4층",129.3158554,35.57332081,
8116,피아노,강원 동해시,(25700) 강원특별자치도 동해시 망상동 동해대로 6270-18(오동동횟집) 2층 피아노 레스토랑,129.0907104,37.59265026,
8117,서일문화예술고등학교,서울 종로구,(03094) 서울특별시 종로구 창신동 지봉로17길 49(서일문화예술고등학교) 1층,127.0128895,37.57934209,
8118,(주)대화라벨앤택스,서울 성동구,(04784) 서울특별시 성동구 성수동2가 성수이로8길 7 (성수동2가),127.0559934,37.53942599,
8119,(주)라임,경북 칠곡군,(39912) 경상북도 칠곡군 왜관읍 3산업단지2길 81 (주)라임,,,
8120,(주)에이오디,제주 제주시,(63118) 제주특별자치도 제주시 연동 연삼로 38 4층,126.4960984,33.49335048,
8121,주식회사케이코딩,서울 강남구,(06192) 서울특별시 강남구 대치동 테헤란로 410(금강타워) 11층 비03호,127.0508229,37.50454188,
8122,반포점기아오토큐,서울 서초구,(06575) 서울특별시 서초구 반포동 사평대로 72(석용빌딩) 기아오토큐 반포점,126.9923651,37.49779369,
8123,대구샘노인요양센터,대구 달서구,(42771) 대구광역시 달서구 진천동 진천로3길 80 대구샘노인요양센터,128.5212593,35.81057726,
8124,일신자동차공업사,서울 성동구,(04793) 서울특별시 성동구 성수동2가 아차산로5길 20(한경자원) 일신자동차공업사,127.0529097,37.54722988,
8125,뉴비트,강원 강릉시,(25440) 강원특별자치도 강릉시 사천면 방동길 38(강릉아산병원) 지하2층,128.8585021,37.81809252,
8126,주식회사브이런치,서울 마포구,(04093) 서울특별시 마포구 구수동 토정로 194(창성빌딩) 2층 201호,126.9323404,37.54514713,
8127,도곡점현대자동차주식회사,서울 강남구,"(06261) 서울특별시 강남구 도곡동 논현로57길 46(다세대주택) B101, B102",127.0373243,37.49070733,
8128,진보이엔지(주),경기 평택시,(17704) 경기도 평택시 서탄면 사리길 95-6 진보이엔지,127.0462549,37.11348189,
8129,(주)그린나래씨앤에스,서울 송파구,(05735) 서울특별시 송파구 거여동 마천로 254(동일빌딩) 311호,127.1449857,37.49862772,
8130,(주)세방섬유,경기 포천시,(11138) 경기도 포천시 신북면 신평로72번길 16 세방섬유,,,
8131,주식회사디케이엘,경기 평택시,(17791) 경기도 평택시 청북읍 드림산단4로 93(주식회사디케이엘) 디케이엘,126.8968973,37.04858436,
8132,(주)이블루젠,경기 용인시 처인구,(17118) 경기도 용인시 처인구 남사읍 서촌로 115-11 나동,127.1255639,37.14153011,
8133,(주)굿모닝실버푸드,서울 동대문구,(02428) 서울특별시 동대문구 휘경동 휘경로 53 A동 1층,127.0659855,37.59453419,
8134,(주)제이티에스코리아,경기 오산시,(18104) 경기도 오산시 서동 서동로 133-30 (주)제이티에스코리아,127.0387018,37.15361715,
8135,세무사박종인사무소,서울 강남구,(06237) 서울특별시 강남구 역삼동 논현로 425(마이다스빌딩) 5층 501호,127.0378818,37.49801423,
8136,금강베이커리,경기 용인시 기흥구,(16921) 경기도 용인시 기흥구 마북동 용구대로 2364-9 금강베이커리,127.1097119,37.29803734,
8137,히어로애니CG디지털드로잉캐릭터일러스트학원,경기 용인시 수지구,"(16944) 경기도 용인시 수지구 상현동 광교중앙로 313(광교 프리미워 타워) 204,701호",127.0688048,37.29812125,
8138,(주)케이케이디씨,경기 고양시 일산서구,"(10208) 경기도 고양시 일산서구 가좌동 가좌로50번길 11-23 1층, 2층 201호, 3층 303호(가좌동)",126.7195792,37.69282204,
8139,안성금오요양보호사교육원,경기 안성시,(17590) 경기도 안성시 봉남동 중앙2길 80 3층,127.2740933,37.00735944,
8140,재정회계법인,서울 강남구,(06252) 서울특별시 강남구 역삼동 강남대로 320(황화빌딩) 4층 401호,127.0309134,37.49182626,
8141,대구지식산업평생교육원,대구 북구,(41404) 대구광역시 북구 팔거천동로 396 2층,,,
8142,주식회사국제셀록홈즈탐정법인,서울 송파구,(05621) 서울특별시 송파구 송파동 백제고분로41길 8(송파빌딩) 301호,127.1085726,37.50707216,
8143,임필수뷰티아카데미미용학원,충남 논산시,(32979) 충청남도 논산시 취암동 중앙로 326 2층,127.09414,36.19458934,
8144,문곡고등학교,인천 서구,(22675) 인천광역시 서구 당하동 청마로 52(인천 세무고등학교) 외 8필지(당하동),126.6697495,37.58861202,
8145,주식회사에이원모터스,서울 성동구,(04791) 서울특별시 성동구 성수동1가 광나루로 192 (주)에이원모터스,127.0512937,37.55067232,
8146,한기장복지재단서귀포시서부종합사회복지관,제주 서귀포시,(63507) 제주특별자치도 서귀포시 대정읍 신영로 23 서귀포시서부종합사회복지관,126.247904,33.22385661,
8147,전주동산지역아동센터,전북 전주시 덕진구,(54848) 전라북도 전주시 덕진구 여의동2가 덕용1길 54(대승아파트) 2층 202호,127.0821969,35.87137646,
8148,강남논현점현대자동차,서울 강남구,(06047) 서울특별시 강남구 논현동 논현로150길 21 강남논현점현대자동차,127.030132,37.51956799,
8149,(주)지란지교시큐리티,경기 성남시 수정구,"(13453) 경기도 성남시 수정구 금토동 금토로80번길 37 지란지교시큐리티 4층, 5층, 6층",127.0884514,37.40696938,
8150,(주)물과소금,서울 노원구,(01625) 서울특별시 노원구 상계동 동일로 1676(한사랑메디컬빌딩) 6층,127.0556838,37.67787917,
8151,세경호텔주식회사,세종 세종,(30120) 세종특별자치시  어진동 다솜3로 6 코트야드 바이 메리어트 세종,127.2666179,36.49580995,
8152,센텀효어르신데이케어센터,부산 해운대구,(48061) 부산광역시 해운대구 우동 해운대로295번길 15  1층,129.1323087,35.17466539,
8153,노무법인남한강,충북 충주시,(27428) 충청북도 충주시 문화동 국원대로 7 창동빌딩 5층,127.9233168,36.97348321,
8154,가온요양보호사교육원,경기 안성시,(17562) 경기도 안성시 공도읍 공도로 50 206~208,127.1665845,36.99813122,
8155,주식회사에스피네이처,경북 포항시 남구,(37860) 경상북도 포항시 남구 호동 서원재로 66 주식회사 에스피네이처,129.3895378,35.98487799,
8156,(주)새빛드론,경기 광명시,(14348) 경기도 광명시 일직동 새빛공원로 67 광명역자이타워 A동1402호,126.8885149,37.41913563,
8157,주식회사푸드맘,대구 동구,(41132) 대구광역시 동구 용계동 동촌로 391-7 ,,,
8158,서정대학교 요양보호사교육원,경기 양주시,(11429) 경기도 양주시 은현면 서정로 27(서정대학) 서정관 1층,127.0379597,37.85675178,
8159,구미상공회의소,경북 구미시,(39277) 경상북도 구미시 송정동 송정대로 120(구미상공회의소) 3층 구미상공회의소,128.3517153,36.11695348,
8160,창성정밀(주),광주 북구,(61007) 광주광역시 북구 월출동 추암로 187 창성정밀(주),126.865378,35.23284197,
8161,반여종합사회복지관,부산 해운대구,(48027) 부산광역시 해운대구 반여동 재반로226번길 13-73(반여종합사회복지관) 반여종합사회복지관,129.1318593,35.19824695,
8162,시엔헤어미용학원,경남 김해시,(50988) 경상남도 김해시 대청동 번화1로79번길 2(센터빌딩) 406호,128.7992014,35.19440308,
8163,세무그룹택스에이드,서울 강남구,(06237) 서울특별시 강남구 역삼동 논현로 425(마이다스빌딩) 501호,127.0378818,37.49801423,
8164,에덴요양보호사교육원,전남 순천시,(58013) 전라남도 순천시 해룡면 신대로 49 3층 1동 103호 ,127.5479327,34.92811052,
8165,영주시니어클럽,경북 영주시,(36101) 경상북도 영주시 가흥동 원당로19번길 29 1층 영주시니어클럽,128.6178039,36.81863046,
8166,주식회사비즈큐브솔루션,서울 강남구,(06134) 서울특별시 강남구 역삼동 강남대로94길 28(유니언타운 강남) 710호,127.0297175,37.49948498,
8167,(주)에스비에스에이앤티,서울 양천구,(07996) 서울특별시 양천구 목동서로 161 SBS방송센터,126.8735156,37.52909581,
8168,실버요양보호사교육원,대전 대덕구,(34437) 대전광역시 대덕구 오정동 오정로100번길 95 2층,127.4118565,36.3576597,
8169,화성코스메틱(주),경기 김포시,(10049) 경기도 김포시 양촌읍 학운산단1로 23(화성코스메틱(주)) 화성코스메틱(주),126.5886149,37.60499611,
8170,(사)대한민국항공보안협회 부설 한국보안인재개발원,서울 강서구,"(07616) 서울특별시 강서구 공항동 방화대로21길 72 4층(공항동, 범천빌딩)",126.812789,37.56375565,
8171,주식회사인천일보아카데미,인천 미추홀구,"(22223) 인천광역시 미추홀구 학익동 매소홀로488번길 6-32 태승빌딩 3층(일부),4층,5층",126.6751379,37.43881996,
8172,의석학원 경기항공고등학교,경기 광명시,(14271) 경기도 광명시 광명동 새터안로 20(경기항공고등학교) 도제부,126.8581015,37.47343264,
8173,미래에어컨아카데미학원,서울 동대문구,(02586) 서울특별시 동대문구 신설동 천호대로 14 402호,127.0248542,37.5745923,
8174,가봄노인복지센터,대구 달서구,(42742) 대구광역시 달서구 송현동 월배로 353 2층 가봄노인복지센터,128.5476145,35.82671438,
8175,한결요양보호사교육원,대전 서구,(35265) 대전광역시 서구 갈마동 대덕대로162번길 23(삼영빌딩) 4층,127.3771332,36.3468514,
8176,의료법인 명지의료재단 명지병원,충북 제천시,(27140) 충청북도 제천시 고암동 내토로 991(의료법인 명지의료재단 명지병원) 의료법인 명지의료재단 명지병원,128.2341141,37.16332822,
8177,강남대학교,경기 용인시 기흥구,(16979) 경기도 용인시 기흥구 구갈동 강남로 40(강남대학교) ,,,
8178,한국우시오주식회사,서울 강남구,"(06232) 서울특별시 강남구 역삼동 강남대로 388(강남센타빌딩) 17층(역삼동, 강남센타빌딩)",127.0283032,37.49732291,
8179,일산고양아이비알뷰티미용학원,경기 고양시 일산동구,"(10402) 경기도 고양시 일산동구 장항동 정발산로 31-17 501호 일부, 502~504호(장항동, 킹타운)",126.7715151,37.65741034,
8180,운수대통화물직업전문학교,경기 화성시,"(18469) 경기도 화성시 동탄기흥로 560 동익미라벨타워 1417호, 1423호~1425호, 1505호",127.0942679,37.21096905,
8181,바디노트,서울 강남구,(06011) 서울특별시 강남구 압구정로75길 28 건물 전체,127.0477791,37.52745921,
8182,끌레르블름 플로리스트학원,경기 성남시 분당구,(13595) 경기도 성남시 분당구 수내동 수내로46번길 11(대덕글로리) 407호 ,127.1169073,37.3800052,
8183,유천커피바리스타학원,대구 달서구,(42764) 대구광역시 달서구 유천동 달서대로 11 5층,128.5144327,35.8111319,
8184,헤스티아뷰티미용학원,울산 중구,(44532) 울산광역시 중구 성남동 젊음의1거리 7 3층 헤스티아뷰티미용학원,,,
8185,(사회복지법인)삼성소리샘복지관,서울 동작구,(07035) 서울특별시 동작구 상도동 양녕로30길 19-4(서울삼성학교) 삼성소리샘복지관,,,
8186,다이닝브랜즈그룹주식회사,서울 송파구,(05551) 서울특별시 송파구 신천동 올림픽로 300(롯데월드타워앤드롯데월드몰) 19층 BHC,127.1034007,37.51304124,
8187,여명노인복지센터,전북 전주시 완산구,(54964) 전라북도 전주시 완산구 효자동3가 배학1길 4-3 여명노인복지센터,127.0965078,35.81894074,
8188,원주애견미용학원,강원 원주시,(26487) 강원특별자치도 원주시 단구동 단구로 354-1 3층,127.9576597,37.32457998,
8189,교대기술사학원,서울 서초구,(06650) 서울특별시 서초구 서초동 서초대로50길 66(성은빌딩) 4층,127.0134656,37.49029742,
8190,한국공간정리전문학원,대전 대덕구,"(34404) 대전광역시 대덕구 송촌동 선비마을로5번길 9 2층(송촌동, 방주빌딩)",127.4454826,36.36193754,
8191,방학컴퓨터.회계학원,서울 도봉구,"(01384) 서울특별시 도봉구 방학동 방학로 171 (방학동) 방학빌딩 2층,3층 ",127.0332099,37.66204809,
8192,씨마크서비스주식회사,강원 강릉시,(25460) 강원특별자치도 강릉시 강문동 해안로406번길 2(씨마크호텔(SEAMARQ)) ,,,
8193,주식회사철원중장비전문학원,강원 철원군,(24025) 강원특별자치도 철원군 동송읍 상노로 519(동송자동차운전전문학원) 옆 철원중장비전문학원,,,
8194,(주)에스엠유니버스,서울 강남구,(06283) 서울특별시 강남구 대치동 영동대로 217 5층,127.0684941,37.49823545,
8195,벨리시뷰티아카데미학원,경기 고양시 일산서구,(10381) 경기도 고양시 일산서구 대화동 강성로 271(대화씨티빌) 301호,,,
8196,케이탑애견미용학원,서울 구로구,(08271) 서울특별시 구로구 오류동 경인로20가길 5(하늘쉼빌딩) 3층301호 ,126.8442406,37.49539911,
8197,영광요양보호사교육원,전남 영광군,(57051) 전라남도 영광군 영광읍 물무로 169 1층,126.516913,35.27505489,
8198,이플평생교육원,경기 고양시 덕양구,(10499) 경기도 고양시 덕양구 화정동 화신로 234(백양빌딩) 302호,126.8351739,37.6306601,
8199,사단법인한국지식서비스연구원,경남 진주시,(52827) 경상남도 진주시 가좌동 진주대로 528(영빌딩) 4층,128.106655,35.15367592,
8200,월드이·미용기술학원,경북 경주시,(38069) 경상북도 경주시 황성동 광중길 35 2층,129.2237256,35.88111233,
8201,구미정신건강복지센터,경북 구미시,(39192) 경상북도 구미시 지산동 선산대로 111(구미보건소) 구미보건소 2층 구미정신건강복지센터,128.3459315,36.1399251,
8202,미사미용학원,경기 하남시,(12913) 경기도 하남시 망월동 미사강변동로 79(미사역타워) 7층 705호,127.1927553,37.56195407,
8203,맘보바리스타제과제빵학원 창원지점,경남 창원시 성산구    ,(51495) 경상남도 창원시 성산구 상남동 마디미로16번길 9(서우빌딩) 7층,128.683961,35.22321146,
8204,드림세무회계학원,대전 중구,(34837) 대전광역시 중구 선화동 대종로 523 4층,127.4235514,36.3301066,
8205,드림전기솔라주식회사,광주 동구,"(61509) 광주광역시 동구 용산동 화산로350번길 18(동산타워) 상가동 비-7호(용산동, 동산타워)",126.9323235,35.11796888,
8206,"주식회사지에스(GSCo.,Ltd)",경기 용인시 기흥구,"(16950) 경기도 용인시 기흥구 영덕동 흥덕중앙로 120(U-TOWER) 1409,1410",127.0807812,37.27482246,
8207,주식회사포스코피알테크,경북 포항시 남구,(37863) 경상북도 포항시 남구 괴동동 대송로 180((주)포스코건설) 포스코피알테크(3층),129.3736177,35.99521271,
8208,수원망포요양보호사교육원,경기 수원시 영통구,(16689) 경기도 수원시 영통구 망포동 영통로 163-6 2층,127.0548939,37.24227343,
8209,(주)바이오포트코리아,부산 기장군,(46034) 부산광역시 기장군 장안읍 반룡산단1로 36 ,,,
8210,꽃밭정이노인복지관,전북 전주시 완산구,(55123) 전라북도 전주시 완산구 평화동2가 평화14길 27-53(꽃밭정이노인복지관) 꽃밭정이노인복지관,127.1344168,35.79116474,
8211,Kstudy한국원격평생교육원,서울 종로구,(03129) 서울특별시 종로구 연지동 종로31길 36(위너스 빌딩) 3~5층,126.9992709,37.57239589,
8212,중구노인복지관,대구 중구,(41901) 대구광역시 중구 태평로3가 태평로 45(중구보건소) 4층,128.5832525,35.87785004,
8213,부산문화방송(주),부산 동구,(48743) 부산광역시 동구 범일동 자성로133번길 15(부산문화방송 범일사옥) 부산문화방송,129.0644204,35.13828028,
8214,게임캔버스학원,서울 강남구,(06129) 서울특별시 강남구 역삼동 강남대로96길 17 3층 게임캔버스,127.0284172,37.4999628,
8215,나임플라워디자인학원,대구 수성구,(42119) 대구광역시 수성구 수성동3가 명덕로 439 4층(수성동3가),128.6181408,35.85435304,
8216,주식회사위텍,충남 아산시,(31457) 충청남도 아산시 탕정면 용머리길 40 1동 556호(탕정유니콘 101 지식산업센터),127.0512063,36.79512957,
8217,KBS아트비전미용학원,대구 중구,(41941) 대구광역시 중구 삼덕동1가 동성로5길 25 8층,128.5959983,35.86796746,
8218,(주)베프컴,서울 금천구,(08513) 서울특별시 금천구 가산동 디지털로 178 현대가산퍼블릭 B동 1522호,126.8867305,37.47729349,
8219,에이치디현대미포주식회사,울산 동구,(44113) 울산광역시 동구 방어동 방어진순환도로 100(현대미포조선) .,129.4039088,35.50013742,
8220,KBS아트비전미용학원,충남 천안시 동남구,(31123) 충청남도 천안시 동남구 신부동 만남로 6(CARAT21) 201호,127.1525611,36.81834763,
8221,주식회사인라이플,서울 구로구,"(08389) 서울특별시 구로구 구로동 디지털로 272(한신아이티타워) 501, 502, 503, 504호",126.8944221,37.48242746,
8222,코슨트바리스타학원,경남 창원시 마산회원구,(51318) 경상남도 창원시 마산회원구 양덕동 양덕서5길 60 501호,128.5774108,35.22734812,
8223,(주)원인터내셔널,경기 안성시,(17502) 경기도 안성시 양성면 만세로 726-21 동항리 821-9,127.1850218,37.06493626,
8224,원주전기학원,강원 원주시,(26453) 강원특별자치도 원주시 단구동 치악로 1470 좋다빌딩 301호,127.9699136,37.31677703,
8225,(유)남경무인항공,전남 무안군,(58560) 전라남도 무안군 삼향읍 영산로 990(남경무인항공교육원) 1층 남경무인항공,126.4280148,34.85018452,
8226,대전동구시니어클럽,대전 동구,(34533) 대전광역시 동구 가양동 동대전로 328 2층,127.4433525,36.34971667,
8227,(주)해도지에프엔비,울산 울주군,(45015) 울산광역시 울주군 서생면 해맞이로 1375-25(주식회사 해도지 FNB) 주식회사 해도지에프앤비,129.3513301,35.36831193,
8228,나무뷰티미용학원,경기 수원시 팔달구,(16463) 경기도 수원시 팔달구 교동 향교로 139 3층,127.0147543,37.27315356,
8229,시흥탑애견미용학원,경기 시흥시,(14948) 경기도 시흥시 신천동 삼미시장1길 39(리앤신빌딩) 202호,126.7818326,37.44118499,
8230,광주소망요양보호사교육원,전남 담양군,(57387) 전라남도 담양군 고서면 가사문학로 342 신미빌딩 2층 201호,126.9738407,35.22198335,
8231,청운대학교산학협력단(인천캠퍼스),인천 미추홀구,(22100) 인천광역시 미추홀구 도화동 숙골로 113(청운대학교 인천캠퍼스) 301호 산학협력단,126.6604519,37.47276388,
8232,(주)에쎈테크안산공장,경기 안산시 단원구,(15603) 경기도 안산시 단원구 성곡동 해봉로 70((주)에쎈테크) ,,,
8233,충주시니어클럽,충북 충주시,(27384) 충청북도 충주시 교현동 예성로 208 3층 충주시니어클럽,127.9352025,36.97476005,
8234,미사커피공방학원,경기 하남시,(12913) 경기도 하남시 망월동 미사강변중앙로204번길 45(성산타워플러스) 4층 406호 미사커피공방학원,127.1903431,37.56589522,
8235,(주)코알라이앤엠,서울 영등포구,(07297) 서울특별시 영등포구 문래동3가 문래로 164(영등포 SK 리더스뷰) 1층 지동 11호,126.8999252,37.51753507,
8236,엠비씨(MBC)아카데미뷰티학원,울산 남구,(44715) 울산광역시 남구 삼산동 삼산로 316 경남은행 건물 5층,129.3412223,35.53957366,
8237,린플라워학원,제주 제주시,(63231) 제주특별자치도 제주시 이도이동 구남동1길 10 1층 린플라워학원,126.5383994,33.49110902,
8238,익산요양보호사교육원,전북 익산시,(54662) 전북특별자치도 익산시 창인동2가 익산대로 133-2 익산요양보호사교육원,126.9462743,35.93839621,
8239,포항디지털치과,경북 포항시 남구,(37815) 경상북도 포항시 남구 해도동 중앙로 59(농협) 1층,129.3693928,36.0181811,
8240,(주)코리아에프피,경기 남양주시,"(12284) 경기도 남양주시 다산동 다산지금로 202 제비에프동 9층 49,50,51호(다산동, 현대테라타워디아이엠씨)",127.1721757,37.5955649,
8241,주식회사신라레저인천지점,인천 중구,(22379) 인천광역시 중구 운서동 공항동로 392(클럽72) ,,,
8242,블리스유미용학원,경기 고양시 덕양구,"(10585) 경기도 고양시 덕양구 지축동 지축1로 39(지축프라자) 704호, 705호, 706호",126.9145656,37.64878369,
8243,제주바리스타커피학원,제주 제주시,"(63206) 제주특별자치도 제주시 이도이동 중앙로 258 2층, 202호 제주바리스타커피학원",126.5313418,33.49684349,
8244,한국평생교육원,인천 남동구,(21534) 인천광역시 남동구 구월동 복개서로97번길 15(향군회관) 3층 301호,126.721608,37.4552117,
8245,전주효자시니어클럽,전북 전주시 완산구,"(55080) 전북특별자치도 전주시 완산구 효자동1가 용머리로 36(서도프라자) 5층 552,553호",127.1143929,35.80538871,
8246,(주)신명패키지,서울 중구,(04546) 서울특별시 중구 주교동 을지로35길 23 1층,127.0009124,37.56772884,
8247,햇살어린이집,전남 광양시,(57792) 전라남도 광양시 중동 광장로 70(성호2차아파트) 212-109 햇살어린이집,127.6921404,34.93123592,
8248,더드림요양보호사교육원,충남 당진시,(31748) 충청남도 당진시 신평면 거산3거리길 26(삼육영어아카데미) 2층 더드림요양보호사교육원,126.7544886,36.87978093,
8249,한국산업인재육성학원,경북 경산시,(38541) 경상북도 경산시 조영동 조영길 18-18(장수빌) 1층,128.7576539,35.83727555,
8250,동국씨엠(주)본사,서울 중구,(04539) 서울특별시 중구 수하동 을지로5길 19(FERRUM TOWER) 동국씨엠,126.9839567,37.56707863,
8251,내포다움간호학원,충남 홍성군,(32256) 충청남도 홍성군 홍북읍 청사로150번길 10(센트럴 뉴 스퀘어) 406호,,,
8252,한국광해광업공단(광산안전센터),강원 태백시,(26021) 강원특별자치도 태백시 황지동 황지로 78(한국광물자원공사) 한국광해광업공단 광산안전센터,128.9927859,37.1655926,
8253,창덕어린이집,전남 광양시,(57746) 전라남도 광양시 광양읍 용강1길 12(창덕에버빌(2단지)) 창덕어린이집,127.6099251,34.97308305,
8254,한아름실버케어센터,대전 서구,(35305) 대전광역시 서구 용문동 계룡로 688(한아름실버케어센터) 용문동,127.3964127,36.33511038,
8255,애플앱개발학원,서울 강동구,(05300) 서울특별시 강동구 길동 명일로 276(BS빌딩) 3층,127.1479329,37.543124,
8256,드론마스터무인항공교육원,경기 포천시,(11112) 경기도 포천시 이동면 새낭로 465-275 경기도 포천시 이동면 노곡리 1145-45,,,
8257,HRDe인재개발원,광주 북구,(61247) 광주광역시 북구 유동 금남로 75 3층,126.9044887,35.15779823,
8258,구시아카데미미용학원,부산 금정구,(46315) 부산광역시 금정구 서동 금사로 49 2층,129.1092217,35.21777408,
8259,머바르니뷰티아카데미학원,경기 용인시 기흥구,"(16898) 경기도 용인시 기흥구 보정동 죽전로 29(포레스트프라자) 7층 703호, 704",127.1122486,37.32078583,
8260,(주)앤츠,부산 해운대구,(48069) 부산광역시 해운대구 송정동 해운대로 1164-21 주식회사 앤츠,129.2048229,35.18860636,
8261,벤자민펫미용학원,경기 용인시 수지구,(16837) 경기도 용인시 수지구 풍덕천동 풍덕천로129번길 6-6(성하빌딩) 7층,127.0962209,37.32384501,
8262,아이사랑어린이집,전남 장흥군,(59323) 전라남도 장흥군 장흥읍 장흥로 80(장흥 코아루 해피트리) 관리동 어린이집,126.913356,34.68482194,
8263,(주)행성사,부산 동래구,(47710) 부산광역시 동래구 온천동 금강공원로 16 3층 ,129.0828929,35.21877014,
8264,금산산업고등학교,충남 금산군,(32742) 충청남도 금산군 금산읍 진악로 1003(금산산업고등학교) ,,,
8265,알롱왁싱아카데미학원 ,인천 연수구,"(21995) 인천광역시 연수구 송도동 컨벤시아대로 69(송도 밀레니엄)  313호 일부(송도동, 송도 밀레 니엄)",126.6508993,37.39560131,
8266,다산(주),세종 세종,(30026) 세종특별자치시  조치원읍 장안로 41 세종창업빌 110호,127.3018556,36.59793364,
8267,전북진안지역자활센터,전북 진안군,"(55440) 전북특별자치도 진안군 진안읍 거북바위로1길 9 1,2층",127.3739778,35.77178293,
8268,진안시니어클럽,전북 진안군,(55431) 전북특별자치도 진안군 진안읍 진장로 29 2층,127.4343624,35.79276078,
8269,한덕개발주식회사,경기 과천시,(13829) 경기도 과천시 막계동 광명로 181 1층(막계동),127.0246332,37.43713696,
8270,식물지인,제주 서귀포시,(63563) 제주특별자치도 서귀포시 강정동 말질로 155 1층,126.4797995,33.23779652,
8271,모란고은손간호학원,경기 성남시 중원구,(13376) 경기도 성남시 중원구 성남동 성남대로 1129(하나빌딩) 8층 805~809호,127.1289937,37.43035923,
8272,패키지팩토리,경북 칠곡군,(39865) 경상북도 칠곡군 지천면 낙산로1길 57 패키지팩토리,128.5321418,35.9371215,
8273,머스트(must)홈케어기술전문학원,경남 양산시,(50650) 경상남도 양산시 동면 금오로 249(동양산농협) NH농협타운 4층 405호,129.0264245,35.31625796,
8274,그린실버요양보호사교육원,경기 용인시 기흥구,(17067) 경기도 용인시 기흥구 상갈동 상갈로23번길 18(유진빌딩) 3층,127.1058823,37.26871234,
8275,로얄컴퓨터회계학원,경북 구미시,"(39316) 경상북도 구미시 형곡동 형곡로38길 4 2층, 로얄컴퓨터회계학원",128.3397994,36.10785049,
8276,경기효성평생교육원,경기 고양시 일산서구,(10341) 경기도 고양시 일산서구 일산동 원일로 109 2층,126.7743189,37.68546285,
8277,춘해보건대학교,울산 울주군,(44965) 울산광역시 울주군 웅촌면 대학길 9 춘해보건대학교,129.1974034,35.45829705,
8278,경기북부건축인테리어기술학원,경기 양주시,(11413) 경기도 양주시 광적면 현석로 781-83 사무실,126.9804644,37.85069155,
8279,주식회사두리번,서울 마포구,(04093) 서울특별시 마포구 구수동 토정로 194(창성빌딩) 2층 202호,126.9323404,37.54514713,
8280,케어에듀행신요양보호사교육원,경기 고양시 덕양구,(10526) 경기도 고양시 덕양구 행신동 충장로 14 4층 401호,126.8346453,37.61388323,
8281,재노스쿨,서울 금천구,(08503) 서울특별시 금천구 가산동 가산디지털1로 205-27 에이원A1빌딩 703호,126.8785134,37.48298843,
8282,부산오륜학교,부산 금정구,(46202) 부산광역시 금정구 오륜동 오륜대로126번길 62 부산오륜학교,129.1048643,35.24679424,
8283,충북도립대학교,충북 옥천군,(29046) 충청북도 옥천군 옥천읍 대학길 15(충북도립대학교) 소방행정과,127.5735892,36.30061122,
8284,대전타일학원,대전 중구,(34966) 대전광역시 중구 유천동 유천로 60-1 3층,127.3978521,36.31797447,
8285,상현동요양보호사교육원,경기 용인시 수지구,(16857) 경기도 용인시 수지구 상현동 수지로 37(수지농협) 나동 3층 301호(상현동),127.0746889,37.3064523,
8286,보이스멘토성우화술학원,서울 강남구,(06100) 서울특별시 강남구 논현동 선릉로 649(대훈빌딩) 2층,127.042052,37.51462721,
8287,모란고은손요양보호사교육원,경기 성남시 중원구,(13376) 경기도 성남시 중원구 성남동 성남대로 1129(하나빌딩) 8층 일부,127.1289937,37.43035923,
8288,성남인테리어기술학원,경기 성남시 중원구,(13406) 경기도 성남시 중원구 하대원동 둔촌대로280번길 22(대지빌딩) 3층302호,127.1503421,37.42757746,
8289,주식회사마음에이아이,경기 성남시 수정구,"(13449) 경기도 성남시 수정구 시흥동 창업로40번길 30 4층 (시흥동, 판교아이티센터)",127.0927269,37.41204789,
8290,이루다뷰티아카데미미용학원,전남 광양시,(57786) 전라남도 광양시 중동 중마청룡길 8 2층,127.6989147,34.94024695,
8291,아뜰리에뷰티아카데미미용학원,경기 구리시,"(11926) 경기도 구리시 인창동 경춘로 229(쌍용오피스텔) 403호,406호",127.1403448,37.60103014,
8292,주식회사한국비엠아이,제주 제주시,(63309) 제주특별자치도 제주시 영평동 첨단로7길 11(BMI) ,,,
8293,산청요양보호사교육원,경남 산청군,(52218) 경상남도 산청군 산청읍 덕계로 46(강한약방) 3층,127.8801928,35.41769577,
8294,함양상림요양보호사교육원,경남 함양군,(50035) 경상남도 함양군 함양읍 필봉산길 50 2층,127.7221483,35.5234329,
8295,유한회사에이치제이기술,전남 영암군,(58462) 전라남도 영암군 삼호읍 대불로 93  (유)유이치제이기술,126.3729089,34.740754,
8296,월드바리스타커피학원,경기 평택시,(17943) 경기도 평택시 안중읍 안현로서8길 15(우성프라자) 701호,126.9235788,36.97849313,
8297,(주)하이브미디어,부산 남구,(48508) 부산광역시 남구 대연동 수영로 312(21 센츄리시티 오피스텔) 918호,129.1009174,35.13739237,
8298,핸디스도예학원,서울 성북구,(02740) 서울특별시 성북구 하월곡동 오패산로 13(동진빌딩) 3층일부 핸디스도예학원,127.037127,37.60331261,
8299,김포탑간호학원,경기 김포시,(10019) 경기도 김포시 통진읍 조강로 78 2층 일부,126.5981992,37.69203552,
8300,울산북구시니어클럽,울산 북구,(44227) 울산광역시 북구 호계동 동대8길 40(북구사회복지관) 보훈회관 3층,129.3537953,35.63142416,
8301,거제대학교산학협력단,경남 거제시,(53325) 경상남도 거제시 장승포동 마전1길 91(거제대학) 학생회관 3층 산학협력단 ,128.7272184,34.85022505,
8302,부산컴퓨터과학고등학교,부산 동구,"(48805) 부산광역시 동구 초량동 초량로80번길 5(부산 컴퓨터 과학 고등학교, 선화여중) 1층",129.0337935,35.12114386,
8303,신한신용정보(주),서울 영등포구,(07293) 서울특별시 영등포구 문래동3가 문래북로 122(원터빌딩) 원터빌딩 3층 ,126.898622,37.51926382,
8304,홍성공업고등학교,충남 홍성군,(32212) 충청남도 홍성군 결성면 구성남로 55 홍성공업고등학교,126.5484838,36.53001098,
8305,주식회사다스종합건축사사무소,충남 아산시,(31514) 충청남도 아산시 온천동 온천대로 1502-3(피자헛) 3층,127.004708,36.78071272,
8306,(사)광양만권인력양성사업단,전남 광양시,(57777) 전라남도 광양시 중동 불로로 123(근로자복지회관) 2층 203호,127.6928085,34.94436493,
8307,주식회사쿠움,서울 서대문구,(03707) 서울특별시 서대문구 연희동 연희로11가길 18 ,,,
8308,달콤 쿠키&베이킹 학원,강원 원주시,(26353) 강원특별자치도 원주시 지정면 신지정로 322 509호,127.8726083,37.38265566,
8309,원양건설(주),대전 대덕구,(34359) 대전광역시 대덕구 읍내동 대전로 1347 2층,127.4198542,36.37405118,
8310,주식회사에스테크원,경북 구미시,"(39243) 경상북도 구미시 산호대로 423(비산동, 강변보성타운) 상가동 303호 주식회사 에스테크원",128.3837045,36.12215035,
8311,주식회사바이오컴플릿(BIOCOMPLETE),서울 구로구,"(08389) 서울특별시 구로구 구로동 디지털로 272(한신아이티타워) 603, 604호",126.8944221,37.48242746,
8312,에이바헤어원주무실점,강원 원주시,(26385) 강원특별자치도 원주시 무실동 만대로 186 2층,127.9241136,37.33252233,
8313,(주)대형종합개발,충남 보령시,"(33429) 충청남도 보령시 화산동 대천로 341-50 1층, 대형종합개발",126.6229536,36.37356188,
8314,스타일바이백승희혁신점,강원 원주시,(26465) 강원특별자치도 원주시 반곡동 배울로 86 1층 101호,127.9782146,37.32450243,
8315,라라반려동물직업전문아카데미,서울 강서구,"(07727) 서울특별시 강서구 화곡동 강서로 154(힐탑빌딩) 라라반려동물 직업전문아카데미 2층 일부, 3층 일부",126.8414632,37.54061601,
8316,토스씨엑스주식회사,서울 강남구,(06133) 서울특별시 강남구 역삼동 테헤란로 133(한국타이어빌딩) 9층,127.0333592,37.50006974,
8317,더이로운아카데미학원,울산 남구,(44720) 울산광역시 남구 달동 화합로 115 2층(달동),129.3403049,35.53493305,
8318,에이치원격평생교육원,서울 강남구,"(06200) 서울특별시 강남구 대치동 선릉로72길 42 402호(대치동, 경창빌딩)",127.0545524,37.50076515,
8319,즐겨찾기컴퓨터학원,부산 남구,"(48445) 부산광역시 남구 대연동 수영로 201 (대연동, 3층일부)",129.0884763,35.13520112,
8320,갤마쥬애견미용학원,경남 창원시 마산합포구,(51751) 경상남도 창원시 마산합포구 해운동 월영동2길 15(해마빌딩) 제1호 4층,128.5592217,35.17954784,
8321,오성온평생교육원,경남 김해시,(50810) 경상남도 김해시 대동면 대동로 52 2층,128.9320484,35.22360267,
8322,강릉B&C,강원 강릉시,(25440) 강원특별자치도 강릉시 사천면 과학단지로 137-24 강릉B&C,128.8523417,37.80648768,
8323,가야전기직업전문학원,전북 전주시 완산구,(55000) 전북특별자치도 전주시 완산구 서노송동 문화광장로 23 2~4층,127.1461438,35.82285733,
8324,한국공동주택교육진흥원원격평생교육원,경기 수원시 권선구,(16584) 경기도 수원시 권선구 권선동 덕영대로 1205(미래타운빌딩) 6층 603호,127.0225052,37.24918513,
8325,토탈측기솔루션,대전 중구,(34902) 대전광역시 중구 오류동 오류로 70 1. 2층,127.4033521,36.32649923,
8326,부산경상대학교산학협력단,부산 연제구,(47583) 부산광역시 연제구 연산동 고분로 170(부산경상대학) 부산경상대학교 학생회관 4층 407호(사무실),129.0996174,35.18419323,
8327,(주)디뉴먼트,서울 금천구,(08506) 서울특별시 금천구 가산동 가산디지털2로 108(뉴티캐슬) 502호,126.8804892,37.47774669,
8328,와이비테크,경기 김포시,(10049) 경기도 김포시 양촌읍 황금산단5로 12 와이비테크,126.5996178,37.60166459,
8329,(주)케이디엠씨,경기 평택시,"(17717) 경기도 평택시 진위면 은산4길 70-33 420-1,420-2동",127.1182771,37.08653722,
8330,(주)디엑스다온,전남 광양시,"(57784) 전라남도 광양시 중동 오류로 45 201호, (주)디엑스다온 ",127.6948625,34.94258659,
8331,청계요양보호사교육원,경기 의왕시,(16013) 경기도 의왕시 청계동 한직골서길 11 가원빌딩 3층,126.9986701,37.38788986,
8332,(주)우영실업,인천 서구,(22770) 인천광역시 서구 원창동 봉수대로501번길 46 ,,,
8333,만세요양보호사교육원,충남 천안시 동남구,(31130) 충청남도 천안시 동남구 영성동 영성로 4(천안농약사) 2층 만세요양보호사교육원,127.1510885,36.79863344,
8334,다산에듀 자동화 세종교육센터,세종 세종,"(30121) 세종특별자치시  어진동 가름로 232(세종비지니스센터) B동 501호, B동 503호, B동 512호",127.2648648,36.49556149,
8335,"(주)에스엠랩SMLABCo.,Ltd.",울산 울주군,(44953) 울산광역시 울주군 삼남읍 가천공단1길 27((주)에스엠랩) 4F 대회의실,129.0876368,35.52625817,
8336,테이크오프,강원 춘천시,(24417) 강원특별자치도 춘천시 석사동 스무숲2길 6 지하1층 101호,127.7491345,37.84876176,
8337,전주시사회복지협의회,전북 전주시 완산구,(54999) 전북특별자치도 전주시 완산구 중앙동1가 전주객사2길 12-8 1층 전주시사회복지협의회,127.1418073,35.81730172,
8338,(주)제이엠지텍,경남 거제시,(53261) 경상남도 거제시 장평동 장평3로 80(삼성중공업(주)거제조선소) 해양지원관 4층 (주)제이엠지텍 거제사업소,128.6024738,34.89976929,
8339,그룸빌잠실롯데월드점애견미용전문학원,서울 송파구,"(05554) 서울특별시 송파구 잠실동 올림픽로 240(롯데월드) 1F-14 펫스트리트 일부 (잠실동, 롯데월드 W/B(3호))",127.0979014,37.51120777,
8340,건축사사무소아이든,전북 군산시,(54094) 전북특별자치도 군산시 미장동 미장안7길 16 301호,126.7309017,35.96477775,
8341,수창기업주식회사,경남 거제시,(53302) 경상남도 거제시 아주동 거제대로 3370(한화오션) D센터 102호,128.69569,34.87216299,
8342,강감찬관악종합사회복지관,서울 관악구,(08729) 서울특별시 관악구 봉천동 양녕로 74 2층 ,126.9468328,37.4885727,
8343,사단법인정부조달수출진흥협회,서울 강남구,(06226) 서울특별시 강남구 역삼동 언주로 319 조우회관 2층,127.0454349,37.49629085,
8344,다소니케어상도요양보호사교육원,서울 동작구,"(06970) 서울특별시 동작구 상도로 297-1(상도1동, 김엔한스 가) 4층",126.9497278,37.50122906,
8345,(주)티앤엘,경기 용인시 수지구,(16827) 경기도 용인시 수지구 동천동 신수로 767(분당수지 U-TOWER) A동 2401호,127.1010463,37.33859078,
8346,듀플라스터학원,부산 남구,"(48457) 부산광역시 남구 문현동 지게골로 101-22 101호,102호",129.073645,35.13519421,
8347,익산지역자활센터,전북 익산시,(54602) 전북특별자치도 익산시 평화동 평동로1길 12-35 ,,,
8348,메이크뷰티미용학원,전북 정읍시,(56162) 전북특별자치도 정읍시 수성동 중앙로 118(아이더) 4층,126.8515946,35.56696874,
8349,대한시멘트 주식회사 ,전남 광양시,(57816) 전라남도 광양시 태인동 백운1로 74(대한시멘트㈜ 2공장) 대한시멘트,127.752965,34.93775301,
8350,주식회사하누리,경기 평택시,(17712) 경기도 평택시 진위면 진위2산단로 140(더퍼스트타워 평택) 1030호,127.0779209,37.11911568,
8351,(주)대홍기업,경기 시흥시,(15102) 경기도 시흥시 정왕동 희망공원로 4((주)대홍기업) ,,,
8352,Endream(엔드림)건축사사무소,전북 전주시 덕진구,(54917) 전북특별자치도 전주시 덕진구 인후동2가 백제대로 714(동전주우체국) 4층 405호,127.1468356,35.84438728,
8353,대경매일강남교육원,서울 서초구,"(06626) 서울특별시 서초구 서초동 강남대로53길 7(강남애니타워) 10층 1001호, 1002호(서초동)",127.0279969,37.49421455,
8354,부평피부미용학원,인천 부평구,(21364) 인천광역시 부평구 청천동 부평대로167번길 42(동아타운) 202호,126.7185544,37.50647992,
8355,목감새빛요양보호사교육원,경기 시흥시,(14985) 경기도 시흥시 목감동 목감우회로 39(목감 시티프라자) 504호,126.8603778,37.38188444,
8356,뚜쥬루성정점,충남 천안시 서북구,(31142) 충청남도 천안시 서북구 성정동 백석로 270(뚜쥬루제과) 뚜쥬루제과,127.1395934,36.81812895,
8357,아세아무인항공교육원,경기 이천시,(17423) 경기도 이천시 율면 임오산로362번길 74-1 1층,127.5783405,37.08857626,
8358,빛나인테리어필름학원,경기 시흥시,(15020) 경기도 시흥시 정왕동 함송로 23(미성프라자) 501호,126.7309694,37.36366453,
8359,(주)우리글,인천 미추홀구,(22227) 인천광역시 미추홀구 주안동 인주대로418번길 22 2층 201호(주안동),126.6827848,37.45009438,
8360,동대문아뜰리에2미용학원,서울 동대문구,(02582) 서울특별시 동대문구 신설동 왕산로 20 동양빌딩 4층 일부,127.0257716,37.57606073,
8361,에르모소뷰티아카데미학원,대구 중구,(41913) 대구광역시 중구 문화동 경상감영길 184 현대빌딩 4층,128.5973044,35.87182499,
8362,주식회사퀀텀퍼스펙티브,서울 강남구,(06210) 서울특별시 강남구 역삼동 테헤란로 302(위워크타워) 18층 102호,127.0434139,37.5023192,
8363,인제대학교 미래교육원,경남 김해시,(50834) 경상남도 김해시 어방동 인제로 197(인제대학교) 인정관 2층 미래교육원,128.9011641,35.25035114,
8364,(주)레전스,인천 서구,(22830) 인천광역시 서구 가좌동 가좌로 54(주안비티센터2차) 404호,126.6822815,37.47798782,
8365,원당요양보호사교육원,경기 고양시 덕양구,(10461) 경기도 고양시 덕양구 주교동 호국로 787(원당메디컬프라자) 601호,126.8358413,37.65638375,
8366,주식회사잇뉴,제주 제주시,(63309) 제주특별자치도 제주시 영평동 첨단로 330(세미양빌딩) A동 1층 CH-103호,126.5714495,33.44228119,
8367,남경중장비학원,전남 목포시,"(58670) 전라남도 목포시 옥암동 선곡로 20 남경중장비학원(옥암동 797,798)",126.4315376,34.81666071,
8368,태백미용학원,강원 태백시,(26020) 강원특별자치도 태백시 황지동 황지로 77 2층,128.9914809,37.16562352,
8369,세종능력개발원,세종 세종,(30017) 세종특별자치시  조치원읍 새내로 200 1층 사무실,127.2975188,36.60951491,
8370,주식회사 에스제이그룹,서울 강남구,(06261) 서울특별시 강남구 도곡동 도곡로 156(SJ빌딩) ,,,
8371,(주)에스에스티,경남 창녕군,(50341) 경상남도 창녕군 계성면 계성장마로 350 (주)에스에스티,128.5041597,35.48153864,
8372,충주YWCA평생교육원,충북 충주시,(27366) 충청북도 충주시 교현동 천변로 163 4층,127.9265375,36.9770083,
8373,동진산업,경기 안산시 단원구,(15411) 경기도 안산시 단원구 성곡동 별망로79번길 109(동양플렉스) 2층 회의실,126.7431586,37.32286638,
8374,현대레이저,인천 계양구,(21077) 인천광역시 계양구 서운동 아나지로568번길 13 현대레이저,126.7547763,37.52453627,
8375,(주)유바이오로직스(춘천제2공장),강원 춘천시,(24410) 강원특별자치도 춘천시 동산면 원무동길 125 유바이오로직스 V Plant,127.7805842,37.76763719,
8376,(사)충북숲해설가협회,충북 청주시 흥덕구,(28453) 충청북도 청주시 흥덕구 봉명동 직지대로 571(윤성열내과의원) 3층 충북숲해설가협회,127.4564479,36.6435469,
8377,인천특수엔지니어링,인천 동구,(22529) 인천광역시 동구 송림동 염전로47번길 16 (송림동),126.651057,37.48498077,
8378,평택반가전문요리학원,경기 평택시,(17909) 경기도 평택시 평택동 평택2로10번길 9-7 3층 전부(평택동),127.088423,36.99249147,
8379,제일요양보호사교육원,충남 태안군,(32164) 충청남도 태안군 안면읍 구억말길 33-1 2층,126.3457548,36.51839702,
8380,주식회사기연써프라이,경기 광주시,(12815) 경기도 광주시 도척면 도척로584번길 100 2층 회의실,127.3285571,37.30013842,
8381,큰사랑요양보호사교육원,경기 동두천시,(11363) 경기도 동두천시 지행동 이담로101번길 8(씨티PARK) 2층 201호 큰사랑요양보호사교육원,127.0600971,37.88886146,
8382,(주)한중기업,강원 강릉시,(25422) 강원특별자치도 강릉시 주문진읍 농공단지길 40-78 ,,,
8383,엔지니어랩학원,서울 종로구,"(03138) 서울특별시 종로구 돈화문로 26(묘동, 단성사) 단성사빌딩 8층",126.9925278,37.57100179,
8384,실버벨요양보호사교육원,광주 북구,(61238) 광주광역시 북구 중흥동 경열로 230-1 3층,126.9071314,35.15976528,
8385,(주)본느,서울 강남구,(06192) 서울특별시 강남구 대치동 선릉로90길 14(본느빌딩) 8층,127.0504606,37.50401945,
8386,(주)동남합성,경기 안양시 만안구,(13967) 경기도 안양시 만안구 석수동 안양로 464 미원빌딩 2층,126.9113431,37.41168617,
8387,알파트론마린코리아주식회사,부산 동구,(48732) 부산광역시 동구 초량동 중앙대로 240 현대해상부산사옥 7층,129.0420366,35.11831095,
8388,세무회계 창,서울 강남구,"(06039) 서울특별시 강남구 도산대로8길 7 ,5층 501호 (논현동, 진영빌딩)",127.0222486,37.51652364,
8389,운정연세요양보호사교육원,경기 파주시,(10908) 경기도 파주시 야당동 경의로 1090(삼융타워) 제902호,126.7599854,37.71440007,
8390,(주)동일프라텍,경기 파주시,(10802) 경기도 파주시 적성면 적성산단2로 16-5 동일프라텍,126.9067425,37.96762216,
8391,화천정보산업고등학교,강원 화천군,(24121) 강원특별자치도 화천군 화천읍 상승로 69 화천정보산업고등학교,127.7045535,38.10720759,
8392,청주IT과학고등학교,충북 청주시 서원구,(28213) 충청북도 청주시 서원구 현도면 죽암도원로 34-13(청주IT과학고등학교) 학교,127.4364292,36.52122149,
8393,주식회사셀바스헬스케어,대전 유성구,(34109) 대전광역시 유성구 신성동 신성로 155((주)셀바스 헬스케어) ,,,
8394,(주)삼호프레스,인천 남동구,(21694) 인천광역시 남동구 고잔동 남동동로93번길 43(삼호프레스) 2층,126.6937288,37.39445202,
8395,공예문화교육원(화성한국문화센터),경기 화성시,(18262) 경기도 화성시 남양읍 시청로 7 위더스프라자 6층 601호602호,126.8191921,37.20860589,
8396,대한주택관리사협회대전시회,대전 서구,"(35265) 대전광역시 서구 갈마동 계룡로500번길 10(장원빌딩) 2층  203호(갈마동,장원빌딩)",127.3793253,36.34402387,
8397,염광메디텍고등학교,서울 노원구,"(01874) 서울특별시 노원구 월계동 월계로45가길 9(염광중,고,메디텍고,유치원) 염광메디텍고등학교",127.0504393,37.63072467,
8398,우성기업(주),경기 화성시,(18545) 경기도 화성시 송산면 송산산단1길 58 우성기업(주),126.6984579,37.21843071,
8399,사회복지법인혜산(엠마오노인복지센터),전북 전주시 덕진구,(54850) 전북특별자치도 전주시 덕진구 여의동 혁신로 650 3층 엠마오노인복지센터,127.0727836,35.86976908,
8400,(주)파버나인,인천 남동구,(21693) 인천광역시 남동구 고잔동 호구포로 33((주)파버나인) ,,,
8401,신현정보미디어학원,경기 광주시,(12771) 경기도 광주시 신현동 신현로 11-9 2층 202호,127.1484496,37.36036455,
8402,오픈패스(OPEN PATH)학원,서울 강남구,(06067) 서울특별시 강남구 청담동 학동로77길 24 2층 전체 ,127.0487401,37.52014788,
8403,휴메디테크(주),경남 김해시,(50801) 경상남도 김해시 생림면 여차로 26 ,,,
8404,인천소방고등학교,인천 미추홀구,(22100) 인천광역시 미추홀구 도화동 석정로 165 인천소방고등학교,126.654865,37.47084647,
8405,계룡시니어클럽,충남 계룡시,(32801) 충청남도 계룡시 신도안면 신도안3길 72(계룡대학습관) 1층 계룡시니어클럽,127.2433733,36.29441382,
8406,비아트 플로리스트학원,경기 수원시 장안구,(16329) 경기도 수원시 장안구 천천동 만석로19번길 25-6(광장프라자) 5층 501호,126.9826149,37.29650702,
8407,(주)엔에스,경남 거제시,(53302) 경상남도 거제시 아주동 거제대로 3370(한화오션) 금융동 512호 ,128.69569,34.87216299,
8408,미래컴퓨터회계학원,경남 창원시 성산구    ,(51495) 경상남도 창원시 성산구 상남동 마디미로 2(미도빌딩) 501호,128.6854902,35.22387513,
8409,프레듀원격평생교육원,서울 은평구,(03443) 서울특별시 은평구 신사동 증산로17길 43-1 2층,126.9085083,37.5910896,
8410,진화마린주식회사,경남 거제시,(53302) 경상남도 거제시 아주동 거제대로 3370(한화오션) 선반분원314호,128.69569,34.87216299,
8411,한국문화센터고양덕양 평생교육원,경기 고양시 덕양구,(10497) 경기도 고양시 덕양구 화정동 화중로104번길 28(화정씨네마플러스) 803호 한국문화센터고양덕양 평생교육원,126.8331232,37.63574766,
8412,조움농산,전북 완주군,(55348) 전북특별자치도 완주군 소양면 송광수만로 227-1 1층,127.2436348,35.88104802,
8413,영진평생교육원,경남 통영시,(53028) 경상남도 통영시 용남면 동암길 132(창신대학통영연수원) 영진평생교육원,128.4509894,34.86894292,
8414,필로상스교육컨설팅 평생교육원,부산 강서구,(46726) 부산광역시 강서구 명지동 명지국제1로 56-1(플러스타워) 705호,128.9053304,35.09361587,
8415,플랑플로리스트학원,경기 안산시 단원구,(15360) 경기도 안산시 단원구 고잔동 예술대학로 9(보배프라자) 보배프라자 403호,126.836357,37.31761967,
8416,전북대학교산학협력단(연구지원과),전북 전주시 덕진구,(54896) 전북특별자치도 전주시 덕진구 금암동 백제대로 567(전북대학교) 본부 3층 연구지원실,127.1330342,35.84546648,
8417,미래솔 원격평생교육원,서울 영등포구,"(07299) 서울특별시 영등포구 경인로 775(문래동3가, 에이스하이테크시티) 1동 10층 1007호",126.8987532,37.51434453,
8418,천안IT교육센터학원,충남 천안시 서북구,(31105) 충청남도 천안시 서북구 두정동 봉정로 347(천안시노동복지회관) 2층 CAIT,127.1448878,36.83265743,
8419,한국지엠피교육센터,서울 금천구,(08506) 서울특별시 금천구 가산동 가산디지털1로 151(이노플렉스1차) 306호,126.8813127,37.47886478,
8420,강릉뷰티미용학원,강원 강릉시,(25546) 강원특별자치도 강릉시 포남동 경강로 2259 2층,128.9089721,37.76529991,
8421,사계인테리어목공기술학원,제주 서귀포시,(63511) 제주특별자치도 서귀포시 대정읍 인성로 5 1층,126.2825042,33.24812558,
8422,프라임요리제과제빵커피학원,부산 남구,(48498) 부산광역시 남구 대연동 용소로 8 8층,129.1002871,35.13633993,
8423,주식회사포스텍서비스,전남 목포시,(58697) 전라남도 목포시 상동 입암로 20 201호,126.4173496,34.80138691,
8424,그린온라인캠프원격평생교육원,서울 서초구,(06620) 서울특별시 서초구 서초동 서초대로78길 5(대각빌딩) 5층 일부,127.0272176,37.49726908,
8425,글로벌인적자원개발학원,대구 수성구,"(42198) 대구광역시 수성구 지범로39길 11-5 202호 일부, 302호",128.641522,35.82062222,
8426,울산여성인력개발센터,울산 남구,(44717) 울산광역시 남구 삼산동 정동로20번길 24 울산여성인력개발센터,129.3465309,35.53523565,
8427,나래직업훈련아카데미학원,부산 강서구,(46773) 부산광역시 강서구 명지동 명지국제11로 72 3층,128.9262479,35.10375754,
8428,(1st)인비원 평생교육원,경기 고양시 일산동구,"(10403) 경기도 고양시 일산동구 백마로 223(장항동, 현대 에뜨레보) 211호",,,
8429,상주간호전문학원,경북 상주시,(37169) 경상북도 상주시 무양동 상산로 351-1 3층,128.1585577,36.42236359,
8430,싱그럽다그대꽃학원,대구 수성구,(42001) 대구광역시 수성구 수성동4가 들안로73길 50-10 4층 싱그럽다그대꽃학원,128.6156414,35.86429905,
8431,부산에이스간호학원(사하하단점),부산 사하구,(49326) 부산광역시 사하구 당리동 낙동대로 438 7층 장원에이스간호학원(당리동),128.9707618,35.10480928,
8432,(주)에스엠인스트루먼트,대전 유성구,(34109) 대전광역시 유성구 신성동 유성대로1184번길 20((주)에스엠인스트루먼트) 3층 ,127.3527765,36.39295648,
8433,대구YMCA평생교육원,대구 중구,(41919) 대구광역시 중구 상서동 국채보상로 541(대구YMCA청소년회관) 4층,128.5898072,35.87062665,
8434,케이엔에이 KNA 간호학원,서울 종로구,(03124) 서울특별시 종로구 종로6가 율곡로 282(서울게임아카데미) 3층 일부(종로 6가),127.007806,37.57219763,
8435,KNA 요양보호사교육원,서울 종로구,(03124) 서울특별시 종로구 종로6가 율곡로 282(서울게임아카데미) 3층 B동,127.007806,37.57219763,
8436,(주)위더스애드,서울 금천구,"(08593) 서울특별시 금천구 가산동 가산디지털2로 35 10층, 비101호",126.8823196,37.47137853,
8437,직지중장비학원,충북 청주시 서원구,"(28805) 충청북도 청주시 서원구 남이면 양촌3길 13          3층(양촌리 33-6),        청주시 흥덕구 서부로 991-34 일부 (휴암동 31)",127.471004,36.59124369,
8438,넷비즈니스아카데미학원,대전 서구,"(35266) 대전광역시 서구 괴정동 괴정로 21 2층, 넷비즈니스아카데미학원",127.3763793,36.34060869,
8439,내일평생교육원,서울 도봉구,(01414) 서울특별시 도봉구 창동 노해로 379 204호,127.0501813,37.65258233,
8440,헤이리스 플라워 학원,경기 의정부시,(11610) 경기도 의정부시 녹양동 체육로 306-10(경원빌딩) 401호,127.0413415,37.76067388,
8441,이룸목공학원,광주 북구,(61205) 광주광역시 북구 풍향동 풍동길13번길 7 1층 (풍향동),126.9211293,35.16667986,
8442,안산에이스 애견미용학원,경기 안산시 단원구,(15462) 경기도 안산시 단원구 고잔동 광덕4로 180(부원프라자) 204호 안산에이스 애견미용학원,126.8323031,37.3143432,
8443,주식회사현진글로벌,충남 아산시,(31401) 충청남도 아산시 둔포면 아산호로808번길 25 주식회사 현진글로벌,126.9924012,36.91192047,
8444,주식회사대성피앤티,충남 아산시,(31401) 충청남도 아산시 둔포면 아산호로808번길 3 주식회사 대성피앤티,126.9926254,36.91356046,
8445,위본오토모티브(주),광주 서구,(61989) 광주광역시 서구 쌍촌동 운천로 192 ,,,
8446,에디슨커피바리스타학원,경남 진주시,(52702) 경상남도 진주시 평거동 평거로26번길 5-4 1층 일부,128.0647398,35.17269832,
8447,한국전통음식학원,경남 거제시,(53251) 경상남도 거제시 고현동 서문로 80(중앙빌딩) 7층 701호,128.6246078,34.88994059,
8448,브이피케이주식회사,경기 군포시,(15847) 경기도 군포시 당정동 공단로140번길 68 1층,126.9574276,37.35764322,
8449,강원도여자중장기청소년쉼터,강원 춘천시,(24210) 강원특별자치도 춘천시 동면 춘천로 527-40 2층 사무실,127.7631683,37.89764578,
8450,(재)경산이노베이션아카데미,경북 경산시,(38453) 경상북도 경산시 진량읍 대구대로 201(대구대학교경산캠퍼스) 자유열람관 1층 (재)경산이노베이션아카데미,128.8428349,35.90252013,
8451,주식회사캠프,경남 진주시,"(52818) 경상남도 진주시 충무공동 범골로54번길 30-9 B1104호, BB103호",128.1327033,35.16687403,
8452,김영평생교육원,서울 서초구,(06626) 서울특별시 서초구 서초동 서초대로78길 48(송림빌딩) 12층,127.028743,37.49354765,
8453,살롱에이대전점,대전 유성구,(34190) 대전광역시 유성구 봉명동 봉명서로 27-12 ,,,
8454,(주)일구팔사,서울 강남구,(06034) 서울특별시 강남구 신사동 강남대로158길 21 1층 101호,127.0204377,37.51920943,
8455,대동시온재활원,경북 경산시,(38449) 경상북도 경산시 진량읍 초원길 53-7(대동시온재활원) ,,,
8456,서천시니어클럽,충남 서천군,(33642) 충청남도 서천군 서천읍 충절로49번길 33-5(농업경영인회관) 1층 서천시니어클럽,126.6885652,36.076461,
8457,대경녹색건설학원,대구 동구,(41143) 대구광역시 동구 검사동 동촌역사로 15 1층 일부,128.6530514,35.88846369,
8458,사단법인인천YWCA,인천 남동구,(21557) 인천광역시 남동구 구월동 정각로 8(인천YWCA) 1층,126.7026676,37.45476867,
8459,주식회사씨티티,경남 창원시 의창구    ,(51390) 경상남도 창원시 의창구 팔용동 사화로 210 한국산업단지 아파트형5공장 110호 (주)씨티티,128.6267367,35.24664928,
8460,공주시니어클럽,충남 공주시,(32572) 충청남도 공주시 신관동 전막1길 15-6 불교회관 2층 공주시니어클럽,127.128182,36.47166858,
8461,(주)플러스컴퓨터학원,경기 용인시 기흥구,(16975) 경기도 용인시 기흥구 구갈동 기흥로14번길 10-4 3층,127.1168873,37.27712686,
8462,대봉엘에프영어조합법인,제주 서귀포시,(63629) 제주특별자치도 서귀포시 표선면 민속해안로 243  ,,,
8463,저스트미용학원,경북 경산시,(38618) 경상북도 경산시 중방동 원효로 3(다보빌딩) 2층 ,128.7380194,35.82394483,
8464,(주)광주식품농업회사법인,광주 광산구,(62362) 광주광역시 광산구 우산동 상무대로 529-13 1층(우산동),126.8237187,35.14404127,
8465,잇츠그루밍(itsGrooming)애견미용학원,경기 부천시 원미구,"(14534) 경기도 부천시 원미구 중동 길주로 319(골든타워) 경기도 부천시 원미구 길주로319,501호504호 (중동,골든타워)",126.7780988,37.50320249,
8466,거창요양보호사교육원,경남 거창군,(50142) 경상남도 거창군 거창읍 강남로1길 20 2층,,,
8467,엠쓰리뷰티아카데미학원,경기 김포시,"(10071) 경기도 김포시 구래동 김포한강9로75번길 100 ,605,606,607,608 (구래동, 태경프라자)",126.6222211,37.6437969,
8468,제일요양보호사교육원,전남 목포시,(58716) 전라남도 목포시 산정동 죽교천로30번길 8 2층,126.377966,34.80144345,
8469,투핸즈목공학원,경기 김포시,(10018) 경기도 김포시 통진읍 조강로36번길 10 1층,126.6015903,37.68973164,
8470,사단법인진주YWCA,경남 진주시,(52782) 경상남도 진주시 상대동 동진로263번길 14(근로자가족복지회관) 2층 진주YWCA,128.1208481,35.18120635,
8471,조은세무회계,서울 송파구,(05577) 서울특별시 송파구 잠실동 백제고분로 166 4층 조은세무회계,127.0851431,37.50491856,
8472,지에스조경산업,충북 청주시 서원구,(28803) 충청북도 청주시 서원구 장성동 궁뜰로 72 2층 지에스조경산업,127.4833914,36.59760138,
8473,주식회사조에바이오,서울 강남구,"(06126) 서울특별시 강남구 역삼동 봉은사로20길 54 1,2층",127.0333041,37.50365571,
8474,춘천시지역아동센터협의회,강원 춘천시,(24374) 강원특별자치도 춘천시 효자동 공지로 255 3층 3호,127.7352462,37.86439882,
8475,코리아바리스타제과제빵학원,경기 안산시 단원구,"(15361) 경기도 안산시 단원구 고잔동 중앙대로 929 3층 306호, 307호 일부",126.8402163,37.31712047,
8476,크레마커피학원,경북 안동시,(36658) 경상북도 안동시 옥동 경북대로 418(테마프라자) B동 304호,128.6999473,36.56618763,
8477,수가인뷰티미용학원,경기 평택시,(17854) 경기도 평택시 비전동 비전2로 200 503호(비전동),127.112834,37.00118472,
8478,서초미래간호학원,서울 서초구,"(06729) 서울특별시 서초구 강남대로45길 20(서초동, 서주빌딩) 201호(서초동)",127.0308329,37.48806913,
8479,김천건축학원,경북 김천시,"(39591) 경상북도 김천시 용두동 용머리6길 16 2층,3층",128.1277928,36.11809403,
8480,한국항공대학교 한국항공안전교육원,경기 고양시 덕양구,(10540) 경기도 고양시 덕양구 화전동 항공대학로 76(한국항공대학교) 한국항공안전교육원,126.8651734,37.59913778,
8481,통일종합A/S센타,서울 영등포구,(07287) 서울특별시 영등포구 문래동4가 경인로71길 50(조흥힐그린) ,,,
8482,명성정밀,서울 영등포구,(07371) 서울특별시 영등포구 문래동1가 경인로76길 5 문래동1가 70-1,126.8941993,37.51128607,
8483,유알(UR)기술학원,경북 경산시,"(38536) 경상북도 경산시 압량읍 화랑로 296 4층, 5층",128.7627412,35.84063437,
8484,주식회사이멕스테크,서울 구로구,(08376) 서울특별시 구로구 구로동 디지털로31길 38-9(에이스테크노타워1차) 602호,126.8936709,37.48582352,
8485,디자인캘리그라피학원,광주 광산구,(62359) 광주광역시 광산구 우산동 사암로215번길 95 4층 디자인캘리그라피학원,126.8031063,35.16376658,
8486,주식회사에이투유정보통신,경기 성남시 분당구,(13595) 경기도 성남시 분당구 수내동 황새울로258번길 10-3 302호(수내동),127.1163544,37.38022197,
8487,서울중앙평생교육원,서울 서대문구,(03789) 서울특별시 서대문구 창천동 연세로5나길 30-2 준빌딩(3층),126.9346719,37.55697844,
8488,휴먼직업기술학원,대전 중구,(34921) 대전광역시 중구 은행동 대종로 484(JS그린빌딩) 8층,127.4266562,36.32758139,
8489,재단법인천리포수목원,충남 태안군,(32121) 충청남도 태안군 소원면 천리포1길 187 천리포수목원,126.1498803,36.79833426,
8490,어알다인테리어필름학원,서울 송파구,"(05833) 서울특별시 송파구 중대로 60-6 3층 일부, 4층",127.1156394,37.49124448,
8491,미래창업평생교육원,경기 부천시 원미구,(14624) 경기도 부천시 원미구 상동 부일로 232(부천상동 행복주택) s001동 3층 26호,126.7556661,37.488012,
8492,디웨이랩,서울 양천구,(08012) 서울특별시 양천구 신정동 목동서로 280(목동신시가지아파트8단지) 809-108,126.8680319,37.52106187,
8493,광양청매실농원(영농조합법인),전남 광양시,(57709) 전라남도 광양시 다압면 지막1길 55(광양청매실농원) 광양청매실농원 영농조합법인,127.7162475,35.07462743,
8494,(주)좋은일자리,울산 남구,(44730) 울산광역시 남구 신정동 수암로 5 ,,,
8495,금강정밀,부산 사하구,(49486) 부산광역시 사하구 다대동 다산로 168 금강정,128.9576588,35.068118,
8496,HC요양보호사교육원,서울 용산구,(04353) 서울특별시 용산구 한강로1가 한강대로 198 4층,126.9747209,37.53583963,
8497,농업회사법인주식회사코오푸드,경기 광주시,(12774) 경기도 광주시 문형동 봉골길134번길 60 농업회사법인주식회사코오푸드,127.2054362,37.35784149,
8498,홍천요양보호사교육원,강원 홍천군,(25136) 강원특별자치도 홍천군 홍천읍 신장대로 46 3층,127.8812422,37.69006248,
8499,나인요양보호사교육원,경기 안산시 단원구,(15382) 경기도 안산시 단원구 원곡동 라성안길 17(베스트플라자) 601호,126.8021373,37.32727956,
8500,주식회사원플,세종 세종,(30016) 세종특별자치시  조치원읍 세종로 2639(홍익대학교세종캠퍼스) 유동 403호,127.2863067,36.62140091,
8501,나무그루학원,울산 북구,(44251) 울산광역시 북구 진장동 진장5길 19 1층 나무그루,129.3576949,35.56717625,
8502,동양화학(주),충남 아산시,(31535) 충청남도 아산시 신창면 서부남로566번길 64 동양화학 주식회사,126.9217154,36.78679452,
8503,(주)금강,부산 사하구,(49486) 부산광역시 사하구 다대동 다산로 170 (주)금강,128.9570205,35.06801113,
8504,주식회사쿨링랩,충남 천안시 서북구,(31035) 충청남도 천안시 서북구 직산읍 직산로 136((재)충남테크노파크천안밸리) 충남테크노파크 생산관 1306호,127.1600332,36.88786619,
8505,A+가평주야간보호센터,경기 가평군,(12417) 경기도 가평군 가평읍 문화로 154 새마을회관 1층,127.5084346,37.82673392,
8506,SQ무인항공교육원,강원 홍천군,(25123) 강원특별자치도 홍천군 홍천읍 희망로13길 24 남양빌딩 5층,127.8900764,37.69597857,
8507,대동요양원,경북 경산시,(38449) 경상북도 경산시 진량읍 초원길 53-7(대동시온재활원) 대동요양원,128.8378365,35.89421648,
8508,피에스앤마케팅주식회사,서울 마포구,(04212) 서울특별시 마포구 공덕동 마포대로 144(마포T타운) ,,,
8509,안산연세간호학원,경기 안산시 상록구,(15552) 경기도 안산시 상록구 본오동 석호로 264 3층,126.8597441,37.29339475,
8510,상동스카이간호학원,경기 부천시 원미구,(14544) 경기도 부천시 원미구 상동 상동로 87(가나베스트타운 쓰리) 211호,126.7523864,37.50512393,
8511,아뜰리에 뷰티아카데미미용학원,충남 아산시,(31465) 충청남도 아산시 탕정면 한들물빛6로 32 502~3호(KJ타워),127.0865707,36.78801828,
8512,에스쓰리아카데미미용학원,부산 부산진구,(47301) 부산광역시 부산진구 전포동 전포대로 242 6층 일부 (전포동),129.0657005,35.15813789,
8513,(주)아이비유,대전 유성구,(34054) 대전광역시 유성구 전민동 유성대로 1646(한남대대덕밸리캠퍼스) 사이언스파크 302호,127.391851,36.39879228,
8514,(주)풍국전자,경남 양산시,(50567) 경상남도 양산시 산막동 산막공단북9길 117 (산막동),129.0581644,35.37439487,
8515,중소혁신경영마케팅연구소 평생교육원,서울 송파구,"(05570) 서울특별시 송파구 백제고분로 113(잠실동, 민성빌딩) 402호",127.0799587,37.50713034,
8516,네버랜드아카데미학원,부산 금정구,(46249) 부산광역시 금정구 구서동 중앙대로 1940(대원빌딩) 5층 네버랜드아카데미학원,129.0915607,35.25745977,
8517,진영테크,인천 동구,(22530) 인천광역시 동구 송현동 방축로37번길 30(인천산업용품유통단지)  37동1층 119호,,,
8518,대한간호전문학원,충남 천안시 동남구,(31123) 충청남도 천안시 동남구 신부동 충절로 14(천안현대오피스텔) 602호,127.1580852,36.81770978,
8519,주식회사세윤컴퍼니,경기 고양시 덕양구,(10457) 경기도 고양시 덕양구 내곡동 내곡길 112 나동 (내곡동),126.810935,37.64221866,
8520,오아시스미용학원,전남 순천시,(57986) 전라남도 순천시 연향동 하대석길 61(명성빌딩) 4층,127.5244591,34.94749382,
8521,벨라루시애견미용학원,경기 화성시,"(18472) 경기도 화성시 영천동 동탄순환대로 725 206호,207호",127.1081885,37.20841319,
8522,(고품격)마터케어,서울 은평구,(03382) 서울특별시 은평구 녹번동 통일로 681 2층,126.9326444,37.60697265,
8523,(주)우신열처리,경기 양주시,(11407) 경기도 양주시 남면 감악산로199번길 71-90 전체,126.9722709,37.88158283,
8524,케이에스테크(주),전북 익산시,(54577) 전북특별자치도 익산시 왕궁면 우주로 415 ,,,
8525,(주)에프에이뱅크,경기 안성시,(17604) 경기도 안성시 미양면 제4산단로 77 주식회사에프에이뱅크(1~4층),127.2525809,36.9566916,
8526,더배움아카데미,강원 원주시,(26437) 강원특별자치도 원주시 단계동 서원대로 117 2층(단계동) 더배움아카데미,127.9262517,37.34680432,
8527,올컴평생교육학원,경북 경산시,(38620) 경상북도 경산시 중방동 경안로 248 2층,128.7360181,35.82960569,
8528,스코트라(주),전북 군산시,(54056) 전북특별자치도 군산시 임피면 동군산로 810-26 ,,,
8529,브이더블유아카데미학원,서울 강동구,(05351) 서울특별시 강동구 길동 양재대로 1488 601호(길동),127.1407053,37.53856465,
8530,예랑어린이집,서울 마포구,(03912) 서울특별시 마포구 상암동 월드컵북로47길 42(상암월드컵파크 2단지) 월드컵파크 2단지 202동 1층 ,126.8912774,37.57458663,
8531,에스에스테크,전북 익산시,(54577) 전북특별자치도 익산시 왕궁면 우주로 413 ,,,
8532,서울바리스타학원(상봉),서울 중랑구,(02148) 서울특별시 중랑구 상봉동 망우로 316(이지팰리스) 802호,127.0874902,37.5964218,
8533,라헨느윤뷰티아카데미,강원 원주시,(26392) 강원특별자치도 원주시 능라동길 42 402호,127.9292263,37.33381559,
8534,스페이스에듀평생교육원,서울 강서구,(07807) 서울특별시 강서구 마곡동 마곡중앙로 59-5 595타워 505~507호,126.8259076,37.55873054,
8535,스마트안전연구소 원격평생교육원,전북 군산시,(54079) 전북특별자치도 군산시 조촌동 조촌로 44(스펀지) 401호,126.7383969,35.96775051,
8536,(주)에스에이산전,경기 포천시,(11167) 경기도 포천시 가산면 정금로238번길 79 1층,127.1837213,37.81325589,
8537,이편한중장비학원,경기 평택시,"(17876) 경기도 평택시 월곡동 이화로 266-13 112호, 113호, 114호",127.1347238,37.01704825,
8538,안동제빵커피학원,경북 안동시,(36661) 경상북도 안동시 옥동 복주1길 41 2층  안동제빵커피학원,128.699639,36.56179504,
8539,디에스,전북 군산시,(54004) 전북특별자치도 군산시 오식도동 동가도길 20-31 ,,,
8540,민컴퍼니인터내셔널주식회사,서울 금천구,(08502) 서울특별시 금천구 가산동 가산디지털1로 196(에이스테크노타워10차) 1205호,126.8812496,37.48289216,
8541,정글디자인학원,서울 서초구,"(06611) 서울특별시 서초구 서초동 사평대로56길 7(서초한일유앤아이주상복합) 3층 307호, 308호 ",127.0235214,37.50315327,
8542,주식회사헥토,서울 강남구,"(06142) 서울특별시 강남구 역삼동 테헤란로 223(큰길타워빌딩) 3층 301호(역삼동, 큰길타워빌딩)",127.0406884,37.50229308,
8543,햇살요양보호사교육원,경기 연천군,(11026) 경기도 연천군 전곡읍 전곡로 216 1층,127.0654467,38.03089815,
8544,나이프코리아(주),인천 남동구,(21700) 인천광역시 남동구 고잔동 남동대로49번길 52 130블럭 7롯트,126.6852532,37.39282436,
8545,주식회사엠지산업,경기 군포시,(15807) 경기도 군포시 산본동 엘에스로182번길 33 .,126.9423657,37.37727856,
8546,시크릿뷰티미용학원,경북 구미시,(39225) 경상북도 구미시 원평동 구미중앙로 111 6층 601호 시크릿뷰티미용학원,128.3344059,36.12778947,
8547,사)제천YWCA요양보호사교육원,충북 제천시,(27169) 충청북도 제천시 명동 풍양로 74-10 3층,128.2076729,37.1379938,
8548,동남전기(주),경기 용인시 처인구,(17033) 경기도 용인시 처인구 모현읍 문현로 311 1층,127.2425066,37.33773112,
8549,한국골프과학기술대학교산학협력단,강원 횡성군,(25247) 강원특별자치도 횡성군 우천면 하대5길 109(한국골프대학교) 본관2층 행정지원,128.075565,37.46701285,
8550,한국모빌리티자동차정비학원,경기 부천시 원미구,"(14523) 경기도 부천시 원미구 약대동 신흥로 320(애드비빌딩) 2층, 3층 일부(약대동, 애드비빌딩)",126.7754139,37.51218022,
8551,한국글로벌널리지네트웍 평생교육원,서울 금천구,(08507) 서울특별시 금천구 가산동 가산디지털1로 168(우림라이온스밸리) B동 1206호 일부,126.8824301,37.48004623,
8552,노하우부산도배학원,부산 금정구,(46335) 부산광역시 금정구 서동 중군진로 27(삼한여명아파트) 1층 102호,129.1090596,35.2127756,
8553,계명문화대학교부설요양보호사교육원,대구 달서구,(42601) 대구광역시 달서구 신당동 달서대로 675(계명문화대학교) 3층 1301호(신당동),128.4910672,35.85913036,
8554,일창산업,경기 안양시 만안구,(14088) 경기도 안양시 만안구 안양동 안양천서로 57 ,,,
8555,(주)소노인터내셔널서울지점,서울 송파구,(05836) 서울특별시 송파구 문정동 법원로 135(소노타워) ,,,
8556,지족동미즈간호학원,대전 유성구,"(34077) 대전광역시 유성구 지족동 지족로 374(옥타브상가) B동(201호,202호)",127.3178294,36.3865744,
8557,자윤보호작업장,전북 군산시,(54046) 전북특별자치도 군산시 성산면 동군산로 122 1호 자윤보호작업장,126.7928909,35.98677492,
8558,주식회사북극여우,경기 부천시 원미구,(14558) 경기도 부천시 원미구 원미동 조마루로385번길 92(부천테크노밸리 U1 center) 809호,126.7901275,37.50072902,
8559,세무회계공존,서울 동대문구,(02489) 서울특별시 동대문구 청량리동 왕산로 239 213호 세무회계공존,127.0481899,37.58297379,
8560,애스톤애견미용학원,대구 동구,(41086) 대구광역시 동구 동호동 동호로3길 32 2층,,,
8561,그린컴퓨터학원,광주 서구,"(61963) 광주광역시 서구 치평동 상무중앙로 44 5층, 501호 일부",126.848912,35.15079095,
8562,베베맘케어-서구지사,대전 서구,(35221) 대전광역시 서구 월평동 한밭대로570번길 8 6층,127.3617777,36.35791071,
8563,명성에듀원격평생교육원,서울 마포구,(03962) 서울특별시 마포구 망원동 월드컵로 163 3층 명성에듀,126.9042894,37.56202952,
8564,이엔테크주식회사,경기 화성시,(18519) 경기도 화성시 정남면 서봉로 1090-63(한울테크) 1층,126.9815699,37.16291943,
8565,실무프로젝트학원,서울 마포구,"(04147) 서울특별시 마포구 공덕동 백범로31길 21(서울창업허브) 본관 202호, 302A호",126.9499238,37.546679,
8566,주식회사케이씨유전력,경기 용인시 처인구,(17131) 경기도 용인시 처인구 이동읍 염티로 142 1층,127.2321465,37.19233485,
8567,그룸빌 애견미용전문학원 신림역점,서울 관악구,(08774) 서울특별시 관악구 신림동 관천로 31 3층 (신림동),126.9271986,37.48243499,
8568,(주)네오오토,서울 종로구,(03173) 서울특별시 종로구 당주동 새문안로5길 19(로얄빌딩) 6층,126.9746053,37.57211326,
8569,연경간호학원,대구 북구,"(41409) 대구광역시 북구 연경동 동화천로 245 바젤메디프라자 8층 804,805,806호",128.6178626,35.94259489,
8570,따뜻한요양보호사교육원,경기 안산시 상록구,(15541) 경기도 안산시 상록구 본오동 샘골로 138(청록빌딩) 2층 204호,126.863461,37.29598513,
8571,채고다방충망기술학원,대구 달서구,(42739) 대구광역시 달서구 송현동 월배로 413 3층,128.5514565,35.83138693,
8572,서울불교대학원대학교 부설 요양보호사교육원,경기 광명시,(14232) 경기도 광명시 철산동 모세로 40(주공상가) 2층,126.8692352,37.48059967,
8573,(A+)마터피아,충남 당진시,(31770) 충청남도 당진시 읍내동 당진중앙2로 163-20(새서울캠퍼스) 3층,126.633136,36.89600019,
8574,코리아요리아트아카데미학원,서울 마포구,(03995) 서울특별시 마포구 동교동 양화로 165 상진빌딩 15층 코리아요리아트아카데미 홍대점,126.9236147,37.55711569,
8575,경기동부상공회의소,경기 남양주시,(12239) 경기도 남양주시 금곡동 홍유릉로248번길 39(다남프라자) 4층 415호,127.2025048,37.62727686,
8576,주식회사 스푼랩스,서울 강남구,(06232) 서울특별시 강남구 역삼동 테헤란로4길 14(미림타워) 13층,127.0298073,37.4974307,
8577,이와원격평생교육원,부산 금정구,(46230) 부산광역시 금정구 구서동 중앙대로1929번길 11(유림빌딩) 4층 일부(구서동),129.0904769,35.25632503,
8578,씨앤에프시스템(주),서울 송파구,(05836) 서울특별시 송파구 문정동 법원로11길 11(문정현대지식산업센터1-1) A동 1209호,127.1182432,37.48543928,
8579,이레정밀씰주식회사,충남 천안시 서북구,(31005) 충청남도 천안시 서북구 성환읍 잠실길 35-11 ,,,
8580,주식회사겨,충북 옥천군,(29001) 충청북도 옥천군 군북면 증약길 211-32 주식회사겨,127.5225368,36.34813696,
8581,씨브레인코딩에듀학원,경기 고양시 일산동구,(10323) 경기도 고양시 일산동구 식사동 위시티2로 43-16 2층 씨브레인코딩에듀학원,126.8147591,37.67584892,
8582,대한건설기계교육원,경기 안산시 단원구,(15414) 경기도 안산시 단원구 성곡동 번영로 115((주)에스에스지) 나동 1층 일부 (성곡동),126.7361915,37.32022949,
8583,애경케미칼(주)청양1공장,충남 청양군,(33353) 충청남도 청양군 정산면 충의로 1547-64 애경케미칼(주)청양공장,126.9463711,36.42231069,
8584,유니산업주식회사,경기 시흥시,(14959) 경기도 시흥시 방산동 마루미길 18-18 1층 유니산업,126.7645201,37.42013097,
8585,명진정밀공업,경기 화성시,(18554) 경기도 화성시 서신면 전곡산단5길 25 명진정밀공업 사무실,126.6739518,37.18757683,
8586,에스티씨선우앤테크주식회사,경기 시흥시,(15108) 경기도 시흥시 정왕동 공단1대로322번길 80((주)선우앤테크) 시화공단 3라 610호,126.7294523,37.32608705,
8587,현대엔지비(주) 원격평생교육시설,서울 관악구,(08826) 서울특별시 관악구 신림동 관악로 1(서울대학교) 서울대학교 314동 3층 일부,126.9571211,37.45329407,
8588,거산정밀,서울 구로구,(08287) 서울특별시 구로구 구로동 벚꽃로 422 (구로2동 400-57),,,
8589,주식회사히즈쇼,경기 안양시 동안구,(14055) 경기도 안양시 동안구 관양동 시민대로327번길 11-41 602호,126.9636484,37.39819098,
8590,미래사회교육재단평생교육원,인천 부평구,"(21388) 인천광역시 부평구 부평대로 57(부평동, 쌍봉빌딩) 403호",126.7221525,37.49653371,
8591,(주)아이제이,울산 북구,(44201) 울산광역시 북구 달천동 농공단지4길 26((주)아이제이) (주) 아이제이,129.3145003,35.63816786,
8592,내포간호학원,충남 예산군,(32416) 충청남도 예산군 삽교읍 예학로 81 401호,126.6768055,36.66472577,
8593,나는에듀,서울 금천구,(08505) 서울특별시 금천구 가산동 가산디지털2로 101 한라원앤원타워 A동 230호,126.8802307,37.4768184,
8594,이노엔주식회사,인천 남동구,(21630) 인천광역시 남동구 남촌동 남동서로330번길 17(대아금속) 3층,126.7013037,37.41726559,
8595,레이징덕주식회사,충남 아산시,(31471) 충청남도 아산시 배방읍 광장로 210(요진 와이시티) 202동 2층 씨232호,127.1084952,36.79589448,
8596,(주)디엔비소프트,강원 원주시,(26353) 강원특별자치도 원주시 지정면 신지정로 202 7층,127.8744213,37.37443435,
8597,주식회사이노버스,서울 영등포구,"(07259) 서울특별시 영등포구 당산동3가 당산로28길 4 4층 (당산동3가, 송암빌딩)",126.896929,37.52459618,
8598,KMG(거명),부산 사하구,(49301) 부산광역시 사하구 하단동 하신번영로 419(삼산빌딩) 5층,128.9605985,35.11819413,
8599,(주)경성정기,부산 강서구,"(46754) 부산광역시 강서구 송정동 녹산산단289로 66 25B동 6L호(송정동,  녹산국가산업단지)",128.8496831,35.0951001,
8600,제이민스주식회사,서울 금천구,(08587) 서울특별시 금천구 독산동 범안로9길 23 라동 1층,126.8898204,37.46743057,
8601,(주)다우산업,충북 청주시 청원구,(28139) 충청북도 청주시 청원구 북이면 신대현암길 1-12 ,,,
8602,언리미트리얼아카데미학원,서울 영등포구,(07291) 서울특별시 영등포구 당산동2가 영등포로22길 3-1 2층,126.8941736,37.52120595,
8603,이해유치과의원,충북 청주시 상당구,(28776) 충청북도 청주시 상당구 월평로184번길 5 1동 201호(용암동),127.5045026,36.60976964,
8604,주식회사케이에스이엔지,경기 김포시,(10049) 경기도 김포시 양촌읍 황금로324번길 3 (주)케이에스이엔지 1층,126.5988986,37.61019066,
8605,주식회사아이일렉,경기 포천시,(11168) 경기도 포천시 가산면 시우동2길 121-1 1층,127.1809401,37.83264841,
8606,미크론,부산 강서구,(46754) 부산광역시 강서구 송정동 녹산산업북로313번길 36 ,,,
8607,미크론,경남 창원시 마산회원구,(51233) 경상남도 창원시 마산회원구 내서읍 중리공단로2길 17(화진철강) ,,,
8608,솔루션교육원,울산 북구,(44224) 울산광역시 북구 매곡동 매산로 102 2층(매곡동),129.3602133,35.63950707,
8609,롯데엔지니어링플라스틱(주),전남 여수시,(59616) 전라남도 여수시 평여동 여수산단로 334-27(롯데첨단소재(주)) 삼박엘에프티(주) 여수지점,127.6766486,34.81399151,
8610,주식회사제이에이치씨(JHCCo.Ltd),충북 청주시 청원구,(28104) 충청북도 청주시 청원구 오창읍 두릉유리로 48 주식회사 제이에이치씨,127.3492099,36.73338739,
8611,유한회사신일정밀,강원 강릉시,(25573) 강원특별자치도 강릉시 입암동 강변로 582 신일정밀,128.9236883,37.76743908,
8612,순천서비스기아오토큐,전남 순천시,(58005) 전라남도 순천시 해룡면 상성길 302  순천 서비스 기아오토큐,127.5367944,34.94380772,
8613,(주)대불용접산업,전남 영암군,(58451) 전라남도 영암군 삼호읍 대불산단6로 293(대불용접산업) 대불용접산업,126.4272891,34.77060684,
8614,주식회사에스엠전자,전북 전주시 덕진구,(54853) 전북특별자치도 전주시 덕진구 팔복동2가 원만성로 106 105호,127.0895342,35.8575193,
8615,주식회사케이씨인더스트리얼,서울 강남구,(06181) 서울특별시 강남구 대치동 테헤란로 534(글라스타워빌딩) 22층 케이씨인더스트리얼,127.0623501,37.50818566,
8616,(주)티엠산업(TM),경북 경주시,(38206) 경상북도 경주시 외동읍 문산2산단4로 74-8 ,,,
8617,주식회사지앤에스인터내셔널,대전 유성구,(34013) 대전광역시 유성구 관평동 테크노4로 17(비즈센터) D동 615호,127.3949623,36.432314,
8618,주식회사진주대동앤드론,경남 진주시,"(52642) 경상남도 진주시 명석면 판문로 504-27 경상남도 진주시 명석면 우수리 240(학과), 경상남도 진주시 명석면 우수리 240외 2필지(실기)",128.0331195,35.2106476,
8619,동아요양보호사교육원,경기 안산시 단원구,(15398) 경기도 안산시 단원구 신길동 신길중앙로2길 16-11 1층 동아요양보호사교육원,126.7654755,37.33567223,
8620,충북청주지역자활센터,충북 청주시 상당구,(28528) 충청북도 청주시 상당구 서문동 남사로83번길 35(청주시사회복지협회) 2층 충북청주지역자활센터,127.4843953,36.63358268,
8621,주식회사오토인더스트리,서울 종로구,"(03173) 서울특별시 종로구 당주동 새문안로5길 19(로얄빌딩) 6층 4호(당주동,로얄빌딩)",126.9746053,37.57211326,
8622,한국제지(주),울산 울주군,(45010) 울산광역시 울주군 온산읍 원산로 40 한국제지 온산사업장,129.3478875,35.40861131,
8623,이러닝교육센터 평생교육원,서울 금천구,"(08513) 서울특별시 금천구 벚꽃로 244(가산동, 벽산디지털밸리5차) 2층 211호",,,
8624,주식회사농업회사법인승후푸드,충남 아산시,(31424) 충청남도 아산시 영인면 토정로 150 승후푸드,126.9597134,36.87194991,
8625,신영기계기술,전남 여수시,(59610) 전라남도 여수시 화치동 여수산단2로 346 ,,,
8626,엘림커피,강원 평창군,(25330) 강원특별자치도 평창군 진부면 땅골길 2-57 1층엘림커피,128.557215,37.62825782,
8627,제라주식회사,대구 서구,(41758) 대구광역시 서구 문화로23길 13 제라 주식회사,128.5446725,35.87537774,
8628,주식회사원우정밀,경기 부천시 원미구,(14522) 경기도 부천시 원미구 도당동 옥산로196번길 13 2층,126.7818755,37.51106625,
8629,나무요양보호사교육원,충북 제천시,(27165) 충청북도 제천시 의림동 명륜로 97 4층 2호,128.2118263,37.14130687,
8630,라라에듀평생교육원,경기 김포시,(10077) 경기도 김포시 운양동 전원로 1(메디프라자) 504호,126.6804435,37.64496145,
8631,(주)마이크로솔루션,경기 파주시,(10847) 경기도 파주시 맥금동 장터고개길 81 ,,,
8632,별가람요양보호사교육원,경기 남양주시,(12097) 경기도 남양주시 별내동 별내3로 336 203호,127.1172318,37.66719516,
8633,(주)휴엔텍,전남 여수시,(59616) 전라남도 여수시 월하동 여수산단로 274-17 ,,,
8634,윤슬원격평생교육시설,서울 서초구,(06693) 서울특별시 서초구 방배동 방배천로2길 7(웅지빌딩) 5층 502호(방배동),126.9834706,37.47737601,
8635,주식회사신일글로벌,강원 강릉시,(25440) 강원특별자치도 강릉시 사천면 과학단지로 158-30 신일글로벌,128.8579238,37.80723766,
8636,그림북일러스트학원,충남 천안시 동남구,"(31128) 충청남도 천안시 동남구 버들로 23(문화동, 아란화원) 3층",127.1505339,36.8084195,
8637,주식회사준우기업,경남 거제시,(53261) 경상남도 거제시 장평동 장평3로 80(삼성중공업(주)거제조선소) 삼성중공업 내 준우기업,128.6024738,34.89976929,
8638,한국정보보안교육원주식회사,대전 유성구,(34028) 대전광역시 유성구 용산동 테크노2로 160(충남대학교 창업지원센터) 513호,127.40244,36.4247646,
8639,한국차폐기술(주),경북 경산시,(38461) 경상북도 경산시 진량읍 공단8로26길 47 한국차폐기술(주),128.8366228,35.86943691,
8640,주식회사하이버스이앤씨(HybusE&C),경기 부천시 원미구,(14558) 경기도 부천시 원미구 원미동 조마루로385번길 92(부천테크노밸리 U1 center) 1615호,126.7901275,37.50072902,
8641,충청화학에너지(주),충남 논산시,(33016) 충청남도 논산시 가야곡면 동안로 1274-10 ,,,
8642,케이에듀원격평생교육원,인천 계양구,(21065) 인천광역시 계양구 용종동 계산새로87번길 16(계양신명스카이홈) 3층 304호,126.7380488,37.53950136,
8643,대양공업사,광주 남구,(61740) 광주광역시 남구 송하동 송암로 52  ,,,
8644,이새론평생교육원,경남 양산시,(50653) 경상남도 양산시 물금읍 증산역로 153(정우프라자) 209호,129.0069284,35.30989628,
8645,우리마더봉교육,강원 원주시,"(26471) 강원특별자치도 원주시 관설동 치악로 1535 4층(일부), 5층502호",127.9640999,37.32088785,
8646,옥천군장애인복지관,충북 옥천군,(29032) 충청북도 옥천군 옥천읍 삼양로 47-4(장애인복지관) 옥천군장애인복지관,127.5675079,36.30641655,
8647,우인테크,인천 서구,(22770) 인천광역시 서구 원창동 원창로 61-20 ,,,
8648,국제인쇄(주),부산 사상구,(46978) 부산광역시 사상구 감전동 새벽로167번길 129(국제인쇄(주)) .,128.9760838,35.15740365,
8649,주식회사바이엠텍(지점),대전 유성구,"(34013) 대전광역시 유성구 관평동 테크노4로 17(비즈센터) A동 207,208호",127.3950207,36.43239068,
8650,(주)데코리아제과,충남 아산시,(31533) 충청남도 아산시 신창면 행목로192번길 46 데코리아제과(주),126.9566632,36.77799143,
8651,주식회사현대시스템솔루션,서울 양천구,(07998) 서울특별시 양천구 목동 목동동로 257(현대하이페리온) 현대백화점 목동점 지하1층 IT실,126.874979,37.52675484,
8652,호승정공,인천 서구,(22837) 인천광역시 서구 가좌동 가정로47번길 23 호승정공,126.6686073,37.48882855,
8653,데이터메이커아카데미원격평생교육원,대전 유성구,(34127) 대전광역시 유성구 죽동 죽동로297번길 72 2층,127.3387448,36.36996312,
8654,(주)티엔씨엔지니어링,경남 거제시,(53261) 경상남도 거제시 장평동 장평3로 80(삼성중공업(주)거제조선소) 티엔씨엔지니어링,128.6018683,34.89962348,
8655,스마트솔루션,대구 달서구,(42718) 대구광역시 달서구 월암동 성서공단남로 37 성서드림타운 504호,128.4963797,35.83074134,
8656,모아원격교육원,서울 영등포구,(07301) 서울특별시 영등포구 영신로34길 10 3층 301호(영등포동4가),126.9021734,37.51956423,
8657,한국폴리텍3대학산학협력단강릉지소,강원 강릉시,(25605) 강원특별자치도 강릉시 노암동 남산초교길 121(한국폴리텍대학 강릉캠퍼스) 산학협력처,128.8900755,37.73731466,
8658,주식회사태승전설,인천 서구,(22769) 인천광역시 서구 석남동 건지로 45-26 2층,126.6471685,37.50148426,
8659,다윗텍,경남 창원시 성산구    ,(51407) 경상남도 창원시 성산구 대원동 남면로 219 코리아지식 산업센타 2동22호,128.6367132,35.22084095,
8660,아스띠에(Astier),서울 송파구,"(05660) 서울특별시 송파구 오금동 마천로 106(한우리) 5층, (오금동, 한양엠티비)",127.1312918,37.50570718,
8661,(주)자연과사람,강원 원주시,(26424) 강원특별자치도 원주시 단계동 북원로 2232-13 2층,127.9350555,37.34507746,
8662,(주)피앤엘 -산청,경남 산청군,(52214) 경상남도 산청군 금서면 친환경로 2436(한국항공우주산업(주)) 피앤엘-산청,127.8529338,35.41603323,
8663,모아직업기술교육원(동부점),서울 영등포구,(07302) 서울특별시 영등포구 영등포동3가 영중로10길 6(델리타운) 302호,126.9061446,37.51895488,
8664,블랙시저스이용학원,경기 평택시,(17910) 경기도 평택시 평택동 평택2로 9-3 4층,127.087502,36.99258224,
8665,(학)서강대학교요양보호사교육원,서울 마포구,(04107) 서울특별시 마포구 신수동 백범로 35(서강대학교) 김대건관 124호,126.9391998,37.55119524,
8666,(주)청명기전,경기 화성시,(18334) 경기도 화성시 봉담읍 갈담초교길 107 주식회사 청명기전,126.9281909,37.18143171,
8667,나비드(주),서울 구로구,(08283) 서울특별시 구로구 구로동 구로동로42길 15 2층,126.8830714,37.49659308,
8668,사회적협동조합에스이컬쳐,대구 남구,(42402) 대구광역시 남구 대명동 계명중앙1길 36 (대명동),128.5816673,35.85599136,
8669,(주)정수플로우텍,경기 김포시,(10046) 경기도 김포시 대곶면 대곶남로265번길 46-12 ,,,
8670,뉴월드크린주식회사,경기 김포시,(10022) 경기도 김포시 월곶면 점동로 73 ,,,
8671,유한회사 다올산업,전남 영암군,(58460) 전라남도 영암군 삼호읍 나불로 235(대상중공업주식회사)   ,,,
8672,에듀아이피에이원격평생교육원,서울 강남구,(06251) 서울특별시 강남구 역삼동 역삼로 120(성보역삼빌딩) 4층 일부(복도우측) (역삼동),127.0327279,37.49355882,
8673,한진타올 주식회사,충북 옥천군,(29024) 충청북도 옥천군 동이면 옥천로 2182(사무소) 스카이산업(주),127.6066493,36.27167583,
8674,주식회사정훈,경남 거제시,(53261) 경상남도 거제시 장평동 장평3로 80(삼성중공업(주)거제조선소) ,,,
8675,주식회사신화하이드로릭스,경남 진주시,(52847) 경상남도 진주시 정촌면 뿌리산단로50번길 98 신화하이드로릭스,128.1103668,35.10930197,
8676,우석엔지니어링,경남 창원시 성산구    ,(51560) 경상남도 창원시 성산구 웅남동 연덕로 108(화천기계(주)) 우석엔지니어링,128.662886,35.21231449,
8677,삼익정밀주식회사,경남 진주시,(52845) 경상남도 진주시 정촌면 연꽃로 125 삼익정밀 주식회사,128.105359,35.11582472,
8678,주식회사한울씨앤비,서울 강남구,(06247) 서울특별시 강남구 역삼동 논현로75길 10 3층,127.0377453,37.49642852,
8679,(주)한미보석감정원,서울 종로구,(03139) 서울특별시 종로구 돈의동 돈화문로5가길 1(피카디리플러스) 309호,126.9912228,37.57108895,
8680,유정이앤티,경남 창원시 의창구    ,(51400) 경상남도 창원시 의창구 팔용동 차룡로14번길 8(유광공업사) 유정이앤티,128.6263633,35.24071388,
8681,(주)지디티,광주 북구,(61003) 광주광역시 북구 월출동 첨단벤처소로15번길 54 2층,126.8601005,35.2354227,
8682,송원족발,경기 안산시 상록구,(15589) 경기도 안산시 상록구 사동 네고지3길 31 1층,126.8510447,37.29553736,
8683,주식회사광원이엔지,서울 영등포구,(07307) 서울특별시 영등포구 영등포동 영신로 12(국제빌딩) 지하1층,126.9093989,37.5126776,
8684,(주)티에이블,경기 성남시 중원구,(13202) 경기도 성남시 중원구 상대원동 사기막골로 177(금강하이테크밸리) 807호,127.1779594,37.44438852,
8685,남도기전(주),전남 해남군,(59021) 전라남도 해남군 옥천면 농공단지길 51 1층,126.6440516,34.57986673,
8686,(주)우림산전,충남 홍성군,(32211) 충청남도 홍성군 결성면 산업로116번길 107 1층,126.5570799,36.55189502,
8687,삼덕특수기어,서울 영등포구,(07290) 서울특별시 영등포구 문래동2가 도림로139길 17-6 1층,126.8923983,37.51312242,
8688,(주)카고로직스,부산 동구,(48822) 부산광역시 동구 초량동 중앙대로 168 3층 (주)카고로직스,129.0387902,35.11230664,
8689,주식회사대웅이엔지,충북 음성군,(27654) 충청북도 음성군 삼성면 대성로380번길 72-43  ,,,
8690,준오헤어,서울 강남구,"(06134) 서울특별시 강남구 역삼동 테헤란로 101(이즈타워) 3층 301,302호",127.0278776,37.49861086,
8691,준오헤어코엑스몰,서울 강남구,(06164) 서울특별시 강남구 삼성동 테헤란로87길 22(한국도심공항터미널) 도심공항몰 R122호,127.0592856,37.50959806,
8692,준오헤어,서울 강동구,(05351) 서울특별시 강동구 길동 양재대로 1484 3층 준오헤어 길동역점,127.1404249,37.53807479,
8693,준오헤어,서울 서초구,(06506) 서울특별시 서초구 반포동 반포대로 291(원베일리 스퀘어) 지하1층 b112호~b115 준오헤어,127.0106065,37.50645245,
8694,마스타테크(MASTERTECH),대구 달서구,(42715) 대구광역시 달서구 호림동 호산동로1길 29 ,,,
8695,준오헤어,서울 강동구,(05266) 서울특별시 강동구 명일동 양재대로 1638 상일빌딩 2층,127.1443394,37.55162465,
8696,신우시앤시코리아(주),경남 고성군,(52939) 경상남도 고성군 고성읍 공단로 87 신우시앤시코리아(주),128.3398906,34.96992611,
8697,준오헤어,서울 강남구,(06253) 서울특별시 강남구 역삼동 강남대로 302(동희빌딩) 2층 준오헤어 ,127.0316692,37.49031972,
8698,삼진정밀,대구 달서구,(42722) 대구광역시 달서구 월성동 성서공단로 332-28 삼진정밀,128.5180971,35.83512841,
8699,주식회사 호만산업,전북 정읍시,(56137) 전북특별자치도 정읍시 북면 3산단3길 102-5(㈜호만산업) ,,,
8700,준오헤어,서울 강남구,"(06279) 서울특별시 강남구 대치동 도곡로 448(동서빌딩) ,2층(대치동,동서빌딩)",127.0595488,37.4979878,
8701,(주)유동금속 예산지점,충남 예산군,(32423) 충청남도 예산군 예산읍 벚꽃로388번길 37(유동금속) 1층,126.8459139,36.71351608,
8702,준오헤어,서울 서초구,(06654) 서울특별시 서초구 서초동 서초중앙로 43(로얄타워) 2층 준오헤어,127.0155858,37.48554615,
8703,준오헤어,서울 강남구,(06054) 서울특별시 강남구 논현동 도산대로 318(SB타워) 어넥스 a동 3층,127.0363688,37.52202187,
8704,준오헤어신사역점,서울 강남구,(06035) 서울특별시 강남구 신사동 도산대로11길 18 2층,127.022632,37.51859641,
8705,준오헤어,서울 송파구,"(05852) 서울특별시 송파구 장지동 위례광장로 270(송파와이즈더샵) 와이 123-2호, 와인124-1호, 와이124-2호(장지동, 송파와이즈더샵)",127.1432326,37.47638088,
8706,준오헤어,서울 강남구,(06030) 서울특별시 강남구 신사동 논현로175길 11 2층,127.0276568,37.52584843,
8707,주식회사올뉴시스템즈,대전 유성구,"(34129) 대전광역시 유성구 가정동 가정로 218(한국전자통신연구원) 융합기술연구생산센터 403호(가정동, 한국전자통신연구원)",127.3664958,36.38299376,
8708,준오헤어문정역점,서울 송파구,(05854) 서울특별시 송파구 문정동 법원로 114(엠스테이트) E동 B119호,127.1197363,37.48585227,
8709,주양이앤씨,경기 여주시,(12635) 경기도 여주시 오금동 여양로 559 1호,127.6470543,37.32899417,
8710,준오헤어대치역사거리점,서울 강남구,"(06291) 서울특별시 강남구 대치동 삼성로 155(대치퍼스트빌딩) 2층 준오헤어 (201,202호)",127.0629428,37.49381368,
8711,준오헤어,서울 강동구,(05328) 서울특별시 강동구 천호동 천호대로 1023 2층  ,127.125905,37.53809446,
8712,신우밸브주식회사,경기 김포시,(10025) 경기도 김포시 월곶면 대곶로508번길 106 신우밸브(주),126.5585962,37.68823508,
8713,신아기업,경기 군포시,(15850) 경기도 군포시 당정동 고산로 166(SK벤티움) 104동804호,126.9523084,37.34970319,
8714,준오헤어잠실점,서울 송파구,(05599) 서울특별시 송파구 삼전동 삼전로 102(삼전빌딩) 2층 준오헤어,127.090913,37.50722038,
8715,준오헤어송파아이파크점,서울 송파구,"(05841) 서울특별시 송파구 문정동 법원로 55(송파 아이파크) 1층 C-302,303,304,305,306(문정동, 송파 아이파크)",127.1217546,37.47987131,
8716,준오헤어,서울 강동구,"(05335) 서울특별시 강동구 천호동 천호대로157길 46 1,2층",127.1277405,37.53959718,
8717,준오헤어 강남역화이트점,서울 서초구,(06615) 서울특별시 서초구 서초동 서초대로77길 13(강남빌딩) 3층 준오헤어 강남역화이트점,127.026101,37.498839,
8718,준오헤어,서울 강남구,"(06018) 서울특별시 강남구 신사동 선릉로 843 2층,3층 204,303,304호(신사동,유성상가)",127.0402107,37.52723801,
8719,메타리얼주식회사,경기 오산시,(18101) 경기도 오산시 양산동 한신대길 137(한신대학교) 창업보육센터 3층 9302호,127.0225021,37.19396965,
8720,동양정보시스템,대구 동구,(41059) 대구광역시 동구 율암동 율암로 74 주식회사동양정보시스템,128.7017797,35.88286327,
8721,준오헤어가든강남구청역점,서울 강남구,(06060) 서울특별시 강남구 논현동 선릉로 703(HS TOWER) 4층,127.0407902,37.51770592,
8722,태평양금속,대구 서구,(41752) 대구광역시 서구 이현동 문화로3길 10 ,,,
8723,(주)링글잉글리시에듀케이션서비스,서울 서초구,(06621) 서울특별시 서초구 서초동 서초대로78길 22(홍우제2빌딩) 11층,127.0273076,37.4957644,
8724,동현금속,부산 기장군,(46027) 부산광역시 기장군 정관읍 산단4로 25 공장 안쪽 동현금속 ,129.1827201,35.31573779,
8725,주식회사영천정밀,경기 부천시 원미구,(14487) 경기도 부천시 원미구 도당동 길주로425번길 102 영천정밀,126.7876853,37.5084551,
8726,주식회사케이퓨어,충남 아산시,(31470) 충청남도 아산시 배방읍 희망로46번길 8 코아루테크노시티 오피스텔 1303호,127.103678,36.78790589,
8727,노마드랩주식회사,부산 사상구,"(47011) 부산광역시 사상구 주례동 주례로 47(동서대학교) 산학협력관 5204호(주례동, 동서대학교)",129.0069846,35.14608389,
8728,주식회사로드팩토리,충남 아산시,"(31538) 충청남도 아산시 신창면 순천향로 22(순천향대학교) 이308호(순천향대학교내 산학협력관, 앙뜨레프레너관)",126.9315276,36.76995017,
8729,유디포엠(주),대전 유성구,"(34052) 대전광역시 유성구 전민동 전민로 74 605호(전민동, 만조빌딩)",127.4004589,36.39924155,
8730,주식회사헥토이노베이션,서울 강남구,"(06220) 서울특별시 강남구 역삼동 테헤란로34길 6(태광타워) 13층 (역삼동, 태광타워)",127.0398508,37.5007977,
8731,유진기술주식회사,대전 유성구,(34054) 대전광역시 유성구 전민동 유성대로 1646(한남대대덕밸리캠퍼스) 이노비즈파크 401,127.3918233,36.39888952,
8732,(주)엠컴,광주 서구,(61955) 광주광역시 서구 마륵동 마륵로 13 ,,,
8733,주식회사포스코피에이치솔루션,경북 포항시 남구,(37863) 경상북도 포항시 남구 괴동동 대송로 180((주)포스코건설) 1층 포스코PH솔루션,129.3736045,35.99526928,
8734,(주)에스비아이티,부산 동래구,(47820) 부산광역시 동래구 수안동 온천천로253번길 14 9층,129.0831761,35.19802102,
8735,오마이어스주식회사,경기 성남시 분당구,(13558) 경기도 성남시 분당구 정자동 성남대로331번길 8(킨스타워) 킨스타워 21층,127.1065797,37.36605802,
8736,유한회사원테크,전남 영암군,(58462) 전라남도 영암군 삼호읍 대불로 93(현대삼호중공업) ,,,
8737,(주)채운테크,경기 안산시 단원구,(15618) 경기도 안산시 단원구 성곡동 진흥로10번길 49((주)세미패트) ,,,
8738,(주)제이앤에이취프레스,경기 시흥시,(15087) 경기도 시흥시 정왕동 공단1대로 30((주)J&H PRESS) ,,,
8739,주식회사푸드원,강원 춘천시,(24210) 강원특별자치도 춘천시 동면 춘천순환로 833 ,,,
8740,광림전기,경북 영주시,(36079) 경상북도 영주시 영주동 선비로 272-1(풍강삼업) 광림전기,128.6154421,36.82806074,
8741,(주)에이치엔티메디칼,서울 금천구,(08589) 서울특별시 금천구 가산동 가산디지털2로 70(대륭테크노타운19차) 2004,126.882136,37.47464615,
8742,(주)제이더블유시스템,서울 서초구,"(06643) 서울특별시 서초구 서초동 서초중앙로 40-8 지하1층 비101호(서초동, 베스트원)",127.0167213,37.48581913,
8743,주식회사메디픽셀,서울 강남구,(06174) 서울특별시 강남구 대치동 테헤란로108길 22(서경빌딩) 지상 3층,127.0658787,37.50801264,
8744,경기수원우만지역자활센터,경기 수원시 팔달구,(16476) 경기도 수원시 팔달구 인계동 장다리로 201(성엽빌딩) 8층,127.0247197,37.26784508,
8745,대상누수탐지기술학원,경북 경주시,(38205) 경상북도 경주시 외동읍 구어들밑길 42 대상누수탐지기술학원,129.3113021,35.69347176,
8746,두원기업주식회사,전남 광양시,(57795) 전라남도 광양시 중동 중마중앙로 49 2,127.6977483,34.93456774,
8747,주식회사두영산업,울산 동구,"(44032) 울산광역시 동구 방어진순환도로 1000(전하동, 현대중공업) 현대중공업 내",,,
8748,비아이랜드주식회사,충북 제천시,(27116) 충청북도 제천시 왕암동 제2바이오밸리로7길 30 비아이랜드(주),128.150479,37.15358098,
8749,메르디앙코스텍(주),서울 금천구,(08548) 서울특별시 금천구 독산동 독산로108길 43 201호,126.9062066,37.47968065,
8750,의료법인양진의료재단,경기 평택시,"(17825) 경기도 평택시 세교동 평택로 284(평택성모병원) 1층(세교동,외5필지(439-5,-10,-11,-12,-15))",127.0739518,37.00836237,
8751,세일포커스주식회사,서울 중구,(04551) 서울특별시 중구 저동2가 마른내로 15(창강빌딩) 601호,126.9893902,37.56498009,
8752,경인정밀(주),대구 달서구,(42719) 대구광역시 달서구 대천동 성서서로 26 ,,,
8753,(주)농경,충북 진천군,(27851) 충청북도 진천군 덕산읍 초금로 894-32((주)농경) (주)농경,127.5128271,36.92231528,
8754,주식회사지유테크,충남 천안시 서북구,(31029) 충청남도 천안시 서북구 직산읍 신갈2길 25 (주)지유테크,127.1093423,36.86553938,
8755,주식회사에코해빗,경기 광주시,(12732) 경기도 광주시 초월읍 선장동길16번길 11 에코해빗,127.3177895,37.38621436,
8756,뚜쥬루 거북이점,충남 천안시 서북구,"(31161) 충청남도 천안시 서북구 불당동 봉서산로 69-22(천안T빌딩) 1,2층(불당동)",127.1140575,36.80707206,
8757,(주)델리캡,경기 남양주시,(12070) 경기도 남양주시 진접읍 경복대로바람골길 42-175(㈜델리캡) (주)델리캡,127.2114686,37.70946547,
8758,(주)에르모어,경기 용인시 처인구,"(17091) 경기도 용인시 처인구 삼가동 중부대로 1108 3층(삼가동, 라파엘메디빌)",127.1684947,37.24113288,
8759,남여수현대서비스주식회사,전남 여수시,(59635) 전라남도 여수시 여천동 시청로 126 남여수현대서비스 주식회사,127.6634411,34.77275047,
8760,주식회사정안,경남 거제시,(53261) 경상남도 거제시 장평동 장평3로 80(삼성중공업(주)거제조선소) 정안,128.6018683,34.89962348,
8761,헬리오센주식회사,경기 성남시 분당구,(13493) 경기도 성남시 분당구 삼평동 판교역로 230 B동 B101호,127.1109081,37.40094128,
8762,(주)시아이에스,경기 시흥시,(15075) 경기도 시흥시 정왕동 공단1대로379번안길 49-3((주)시아이에스) ,,,
8763,주식회사에듀조선,서울 중구,(04519) 서울특별시 중구 태평로1가 세종대로21길 30(조선일보사건물) 1층,126.9763274,37.56789706,
8764,내발산점기아오토큐,서울 강서구,(07680) 서울특별시 강서구 내발산동 강서로 312 내발산동677-8,126.8369315,37.55342174,
8765,영진앵글주식회사,경기 하남시,(12900) 경기도 하남시 미사동 미사동로 46(영진앵글(주)) ,,,
8766,대구한의대학교부설평생교육원,경북 경산시,(38610) 경상북도 경산시 유곡동 한의대로 1(대구한의대학교) 11호(바이오센터)관 1층 평생교육원,128.7757177,35.79672191,
8767,주식회사해성오토모티브,경기 화성시,(18523) 경기도 화성시 정남면 내향로 250-24((주)성경) 2층 회의실,126.9907711,37.1302496,
8768,밀양영남요양보호사교육원,경남 밀양시,(50423) 경상남도 밀양시 내이동 북성로2길 15-19 2층(내이동),128.743252,35.49931502,
8769,미래열처리,대구 달서구,(42720) 대구광역시 달서구 대천동 성서로 7 미래열처리,128.502902,35.8192155,
8770,대구목공학원,대구 북구,"(41501) 대구광역시 북구 침산동 노원로 263 대구목공학원 1,2층",128.5885526,35.90113155,
8771,세경대학교,강원 영월군,(26239) 강원특별자치도 영월군 영월읍 하송로 197(세경대학) 세경대학교,128.4533092,37.17444692,
8772,서진산업,경기 부천시 오정구,(14489) 경기도 부천시 오정구 내동 삼작로164번길 12 2층,126.7793936,37.51966715,
8773,주식회사유일테크,경기 남양주시,(12032) 경기도 남양주시 화도읍 가곡로 61-28 C,127.3003535,37.68621918,
8774,(주)에이엠씨,경남 김해시,(50852) 경상남도 김해시 한림면 용덕로302번길 87 (주)에이엠씨,128.8328278,35.30192401,
8775,주식회사링크플러스,경기 성남시 분당구,"(13636) 경기도 성남시 분당구 구미동 성남대로43번길 10(하나EZ타워) 410,413호",127.107801,37.34002154,
8776,주식회사도트코퍼레이션,대구 달서구,(42699) 대구광역시 달서구 장기동 장기로 364-12 2층 도트코퍼레이션,128.5212606,35.84233791,
8777,(주)슬로우컬쳐,서울 마포구,(03977) 서울특별시 마포구 연남동 연남로 47 202호,126.9205859,37.56350159,
8778,(주)광명바이오산업,광주 광산구,(62415) 광주광역시 광산구 용동 평동로803번길 117-84 ,,,
8779,포레스트수유점,서울 강북구,(01062) 서울특별시 강북구 번동 오패산로 413 2층(번동),127.0261076,37.63736312,
8780,아트인스페이스,서울 동대문구,(02488) 서울특별시 동대문구 청량리동 제기로38길 13 202호,127.0505461,37.58511719,
8781,사단법인한국스마트빌리지협회,서울 서초구,(06567) 서울특별시 서초구 방배동 동작대로 132(안석빌딩) B202호,126.9825989,37.48830326,
8782,(주)대흥정보,서울 영등포구,(07293) 서울특별시 영등포구 문래동3가 문래북로 116(트리플렉스) 403호,126.8980336,37.51937142,
8783,주식회사전흥,경기 김포시,(10044) 경기도 김포시 대곶면 종생로 78-26 ,,,
8784,전흥공예,경기 김포시,(10044) 경기도 김포시 대곶면 종생로 78-26 1,126.5943745,37.64772122,
8785,협성화학섬유(주),경북 경주시,(38204) 경상북도 경주시 외동읍 내외로 467(협성화학섬유㈜) ,,,
8786,주식회사아이엠에스,충남 당진시,(31772) 충청남도 당진시 원당동 당진중앙2로 340 202호,126.6422696,36.89810976,
8787,(주)청림텔레콤,대전 대덕구,(34360) 대전광역시 대덕구 읍내동 대전로1392번길 15-3 (읍내동),127.4221593,36.37790908,
8788,준오헤어강남역4호점,서울 강남구,(06240) 서울특별시 강남구 역삼동 테헤란로4길 25 2층,127.0304177,37.49676382,
8789,태경텍스,경북 경산시,(38475) 경상북도 경산시 진량읍 공단8로 8 태경텍스,128.8315315,35.85841301,
8790,(주)한국산업안전,서울 광진구,"(04910) 서울특별시 광진구 중곡동 긴고랑로 37 2층, 3층",127.0805809,37.56311251,
8791,마끼에,서울 노원구,(01695) 서울특별시 노원구 상계동 동일로 1414(롯데백화점) 9층 ,127.0610392,37.65508218,
8792,(주)더원아이앤씨,경기 시흥시,(15084) 경기도 시흥시 정왕동 옥구천동로 218(타원타크라 6차 지식산업센터) A301,126.7182177,37.34340342,
8793,(주)테이팩스팔탄공장,경기 화성시,(18534) 경기도 화성시 팔탄면 고주동방길 39((주)테이팩스) 테이팩스 팔탄공장,126.8841922,37.13433957,
8794,(주)테이팩스유니랩공장,경기 화성시,(18625) 경기도 화성시 향남읍 만년로 108 테이팩스 유니랩공장,126.9816229,37.1343112,
8795,(사)한국외식산업협회,서울 서초구,(06774) 서울특별시 서초구 양재동 강남대로 27(AT센터) 1101호,127.0393224,37.46826967,
8796,(주)대동,경북 성주군,(40047) 경상북도 성주군 선남면 선노로 58-10(대동밀레니엄) (주)대동,128.3757011,35.88604745,
8797,(주)미락씨이엠,충북 보은군,(28923) 충청북도 보은군 삼승면 남부로 3750-16((주)미락씨이엠 보은공장) (주)미락씨이엠,127.7323241,36.42024121,
8798,한건종합건축사사무소,충북 진천군,(27832) 충청북도 진천군 진천읍 상산로 23 한건빌딩 4층,127.4365896,36.85471271,
8799,(주)지엘에스,경기 안산시 단원구,(15599) 경기도 안산시 단원구 목내동 별망로 453(광양프런티어밸리-2 지식산업센터) 506호,126.7754543,37.3040427,
8800,주식회사건화,경남 거제시,(53206) 경상남도 거제시 연초면 연하해안로 841-54 주식회사 건화,128.5959732,34.9409613,
8801,주식회사큐아,부산 기장군,(46018) 부산광역시 기장군 정관읍 정관상곡2길 59-37 큐아,129.1668811,35.32130134,
8802,동광기업사,경기 안산시 단원구,"(15429) 경기도 안산시 단원구 원시동 산단로163번길 81 (원시동, 동광기업사) ",126.7874452,37.31606306,
8803,이철헤어커커범계점,경기 안양시 동안구,(14072) 경기도 안양시 동안구 호계동 평촌대로217번길 27(백두프라자) 202,126.9539751,37.39022245,
8804,도현산업(주),경북 경주시,(38206) 경상북도 경주시 외동읍 문산2산단4로 45 ,,,
8805,인수ENG,경남 창원시 진해구    ,(51669) 경상남도 창원시 진해구 경화동 경화시장로 53-1(성호허니문아파트) 803호,128.6900933,35.15810371,
8806,(주)테이팩스새만금공장,전북 군산시,(54004) 전북특별자치도 군산시 오식도동 새만금산단1로 66 테이팩스 새만금공장,126.5849314,35.94348926,
8807,주식회사이프랜트,대전 유성구,(34000) 대전광역시 유성구 신동 국제과학8로 13 (신동),127.369688,36.47172942,
8808,마이도쿄,서울 송파구,(05855) 서울특별시 송파구 문정동 송파대로 141(르피에드) 1523호,127.1233157,37.48282133,
8809,서신식품(주),충북 음성군,(27733) 충청북도 음성군 맹동면 맹동산단로 62 서신식품(주),127.5662713,36.92248834,
8810,한국건설직업전문학교 안양캠퍼스,경기 안양시 만안구,(14089) 경기도 안양시 만안구 안양동 수리산로 31 4층,126.929563,37.3883087,
8811,한림해피존지역아동센터,강원 춘천시,(24264) 강원특별자치도 춘천시 교동 삭주로 35 2층,127.7351932,37.88201209,
8812,주식회사클루라이프,서울 성북구,(02841) 서울특별시 성북구 안암동5가 안암로 145(고려대학교안암캠퍼스) 산학관 611-3호,127.0325659,37.58872052,
8813,(주)참빛,경기 광주시,(12774) 경기도 광주시 문형동 봉골길33번길 28-6 (주)참빛 2층,127.2062869,37.34944117,
8814,(주)넥스트칩,경기 성남시 분당구,(13494) 경기도 성남시 분당구 삼평동 대왕판교로 660(유스페이스1) A동 5층 ,127.1069322,37.40061147,
8815,주식회사거성이엔지,대구 달서구,(42723) 대구광역시 달서구 월성동 월곡로99길 42 월성동,128.5193754,35.8313545,
8816,주식회사아테크넷,서울 마포구,(04004) 서울특별시 마포구 서교동 월드컵로10길 5-5 301호,126.9118362,37.55467454,
8817,주식회사대경솔루션,울산 북구,(44230) 울산광역시 북구 창평동 차일2길 43 대경솔루션,129.3619987,35.6169438,
8818,(주)와이엔제이,경기 광주시,(12766) 경기도 광주시 회덕동 회덕길28번길 36-1 (회덕동),127.2443696,37.42961222,
8819,(주)한솔에이치더블유디,충북 충주시,(27325) 충청북도 충주시 용탄동 충주산단3로 108 (주)한솔에이치더블유디,127.9445672,37.01688028,
8820,(주)화진전기산업,인천 동구,(22532) 인천광역시 동구 송림동 방축로191번길 21-2 2동 2층 (송림동),126.666285,37.48034898,
8821,주식회사에이치더블유,경기 광주시,(12798) 경기도 광주시 양벌동 양촌길 236-1 (양벌동),127.2600163,37.36975241,
8822,(주)삼원양산공장,경남 양산시,(50567) 경상남도 양산시 산막동 산막공단로 107-1((주)삼원) 주식회사 삼원일모 양산공장,129.0571585,35.36853905,
8823,주식회사한결건축자재,경기 김포시,(10011) 경기도 김포시 하성면 월하로 680 1층,126.6303398,37.70831362,
8824,고등점기아오토큐,경기 성남시 수정구,(13445) 경기도 성남시 수정구 시흥동 설개로 7 1층 기아오토큐 고등점,127.106001,37.42177693,
8825,주식회사라인솔루션,전남 순천시,"(57956) 전라남도 순천시 장천동 중앙로 68-1(흥국생명) 5층(장천동, 흥국생명)",127.4841325,34.9516353,
8826,(주)에코머터리얼스,충남 서산시,(31919) 충청남도 서산시 지곡면 화천1로 216-20((주)에코머터리얼스) 에코머터리얼스,126.4404078,36.87427617,
8827,준오헤어,서울 서초구,(06665) 서울특별시 서초구 방배동 방배로 84(유성빌딩) 2층,126.9974663,37.48196356,
8828,에스앤에스테크놀러지주식회사,경기 부천시 오정구,(14454) 경기도 부천시 오정구 내동 부천로425번길 12(에스앤에스빌딩) ,,,
8829,채움푸드,충북 옥천군,(29035) 충청북도 옥천군 옥천읍 서부로 10-22 채움푸드,127.5564933,36.29623647,
8830,주식회사삼종산업,울산 북구,(44252) 울산광역시 북구 효문동 효산1길 28(삼종산업) (주)에이엠씨,129.3714781,35.57050786,
8831,세미산업(주),경기 화성시,(18583) 경기도 화성시 장안면 포승장안로 1094 세미산업,126.8535207,37.06364847,
8832,(주)신원열처리,경남 함안군,(52056) 경상남도 함안군 법수면 장백로 794((주)신원열처리) 1층,128.3322778,35.33242379,
8833,주식회사이앤이,강원 춘천시,"(24427) 강원특별자치도 춘천시 퇴계동 퇴계공단2길 46  2동 101호, 201호, 202호(퇴계동))",127.7360198,37.84268324,
8834,농업회사법인주식회사류씨네,경기 김포시,"(10005) 경기도 김포시 하성면 하성로794번길 45 류씨네, 다동",126.6346436,37.74150927,
8835,주식회사에이에이치시스템,세종 세종,(30033) 세종특별자치시  조치원읍 세종로 2296(세종창업키움센터) 304호,127.2919089,36.59184852,
8836,예산군장애인보호작업장,충남 예산군,(32417) 충청남도 예산군 신암면 추사고택로 496(예산군장애인종합복지관) 예산군장애인보호작업장,126.809896,36.76167216,
8837,휴먼텍(주),경기 안산시 단원구,(15407) 경기도 안산시 단원구 신길동 강촌로 37(한국후꼬꾸(주)) 휴먼텍(주),126.7542378,37.31974478,
8838,주식회사에스엠서비스,서울 구로구,(08298) 서울특별시 구로구 구로동 공원로 41(현대파크빌) 421호,126.8898727,37.50028991,
8839,(주)일공일오컴퍼니,경기 수원시 팔달구,"(16463) 경기도 수원시 팔달구 교동 행궁로 92(남문타워) 2층 201호(교동,남문타워)",127.0152506,37.27431583,
8840,(주)유성정밀,경남 사천시,(52531) 경상남도 사천시 사남면 외국기업로 21(유성정밀) 유성정밀,128.0667458,35.06702114,
8841,주식회사로컬러,경기 수원시 영통구,(16549) 경기도 수원시 영통구 매탄동 권선로794번길 6 202호,127.0376116,37.25579524,
8842,꿈틀협동조합,경기 수원시 권선구,(16630) 경기도 수원시 권선구 호매실동 호매실로104번길 90 401호,126.9626495,37.25951475,
8843,워커힐실버타운,서울 광진구,(04958) 서울특별시 광진구 구의동 워커힐로 93(정립회관) ,,,
8844,(주)제일알루미늄,부산 강서구,(46729) 부산광역시 강서구 생곡동 가달1로 64 (주)제일알루미늄,128.8704382,35.13674878,
8845,주식회사반석캠핑,충남 아산시,(31402) 충청남도 아산시 영인면 백석포길 25 반석캠핑,126.9362454,36.89061862,
8846,(주)인비전스페이스,서울 성동구,(04793) 서울특별시 성동구 성수동2가 아차산로7길 15-1(제이제이빌딩) 3층 3060호,127.0544472,37.5464769,
8847,제이포모터스(J4Motors),경기 안산시 상록구,(15208) 경기도 안산시 상록구 장하동 장하로 109 제이포모터스,126.8583181,37.349031,
8848,만조(주),경기 성남시 분당구,(13557) 경기도 성남시 분당구 정자동 정자일로 177(인텔리지Ⅱ) c동 2910호,127.1053624,37.36614355,
8849,(주)새롬테크,대구 달성군,(43011) 대구광역시 달성군 구지면 국가산단대로33길 163 새롬테크,128.4025749,35.65061145,
8850,(사)부산광역시연제구장애인협회,부산 연제구,(47612) 부산광역시 연제구 연산동 봉수로 17 4층(연산동),129.088841,35.17269155,
8851,(주)테이팩스양감공장,경기 화성시,(18627) 경기도 화성시 양감면 초록로532번길 62-16 테이팩스양감공장,126.9779138,37.10113206,
8852,글로벌소프트웨어캠퍼스강남센터(테크브루)평생교육원,서울 강남구,(06258) 서울특별시 강남구 도곡동 도곡로 112(서한빌딩) 3층 301호(도곡동),127.0328009,37.48957331,
8853,주식회사세윤식품,부산 사하구,(49478) 부산광역시 사하구 장림동 다대로1066번길 41-1 주식회사 세윤식품,128.9558029,35.07898208,
8854,YD정밀,대구 달성군,(43013) 대구광역시 달성군 구지면 달성2차2로 13 ,,,
8855,아륜공조산업주식회사,충남 예산군,(32415) 충청남도 예산군 삽교읍 산단2길 99-25 아륜공조산업주식회사 1층,126.7538299,36.67490485,
8856,주식회사신창글로텍,경기 시흥시,(15100) 경기도 시흥시 정왕동 옥구천서로31번길 38 ,,,
8857,한기장복지재단임실시니어클럽,전북 임실군,(55927) 전북특별자치도 임실군 임실읍 호국로 1721 3층,127.288942,35.61610546,
8858,(주)코시스텍,경북 구미시,(39265) 경상북도 구미시 공단동 수출대로7길 90-1 ,,,
8859,고양시니어클럽,경기 고양시 일산서구,(10222) 경기도 고양시 일산서구 대화동 대화로 142-20(고양시 노인일자리센터) ,,,
8860,(주)알피에스,대전 유성구,(34109) 대전광역시 유성구 신성동 유성대로1184번길 56(알피에스) ,,,
8861,(주)동영엔터프라이즈,경북 포항시 남구,(37898) 경상북도 포항시 남구 청림동 정몽주로880번길 7 (주)동영엔터프라이즈,129.4055742,35.99406926,
8862,주식회사에스비제이,경북 포항시 북구,(37555) 경상북도 포항시 북구 흥해읍 포항대학로 7(포항대학교) 305호,129.4106454,36.08539477,
8863,(주)티앤이코리아,충북 청주시 흥덕구,(28220) 충청북도 청주시 흥덕구 오송읍 오송생명9로 192 (주)티앤이코리아,127.2994164,36.63512916,
8864,(주)유니코넥션,세종 세종,(30011) 세종특별자치시  전동면 중노장길 130-8 ,,,
8865,주식회사세웅,경남 김해시,"(50804) 경상남도 김해시 상동면 동북로473번길 183 라동, (주)세웅",128.953203,35.30517698,
8866,(주)지티에스글로벌,경기 성남시 분당구,"(13558) 경기도 성남시 분당구 정자동 성남대로331번길 8(킨스타워) 301~303,304~305호일부호",127.1066023,37.36608503,
8867,자이언트팩토리,부산 금정구,(46228) 부산광역시 금정구 구서동 두실로45번길 53 유영통상 (2층),129.0861729,35.25917247,
8868,백석문화대학교산학협력단,충남 천안시 동남구,(31065) 충청남도 천안시 동남구 안서동 백석대학로 1-2(백석문화대학교(자유관)) 산학협력단 205호,127.1827488,36.83864098,
8869,삼원중공업(주),서울 금천구,(08503) 서울특별시 금천구 가산동 가산디지털2로 144 2001호,126.8793964,37.48100435,
8870,(주)엘엔씨,대전 유성구,(34127) 대전광역시 유성구 죽동 죽동로 79(우정넷) 3층(일부),127.3334036,36.37303915,
8871,주식회사로봇템,충남 아산시,(31410) 충청남도 아산시 둔포면 이화길 126 주식회사 로봇템,127.073852,36.92182347,
8872,주식회사에이치엔알,경북 포항시 남구,(37918) 경상북도 포항시 남구 청림동 신항로 110((주)포스코퓨처엠) 내,129.416688,36.00204123,
8873,주식회사삼경이엔씨,충남 당진시,(31758) 충청남도 당진시 순성면 틀모시로 209-49((주)삼경이엔씨) 주식회사 삼경이엔씨,126.7026298,36.85679165,
8874,강릉뷰티아카데미학원,강원 강릉시,(25546) 강원특별자치도 강릉시 포남동 경강로2255번길 5 3층 (강릉뷰티아카데미학원),128.9084273,37.76525524,
8875,대광텍,전남 영암군,(58453) 전라남도 영암군 삼호읍 자유무역로 173 ,,,
8876,주식회사한솔이엔지,경기 화성시,(18450) 경기도 화성시 석우동 큰재봉길 23-4 201호,127.0798894,37.21838241,
8877,삼익엔티에스(주),대구 달서구,(42702) 대구광역시 달서구 신당동 달구벌대로240길 57 삼익엔티에스(주),128.4976569,35.84632435,
8878,중앙시스템,충북 증평군,(27916) 충청북도 증평군 증평읍 하평로 47 중앙시스템,127.6050481,36.79411084,
8879,(주)유성정공,경남 사천시,(52531) 경상남도 사천시 사남면 공단1로 23-43(유성정공) ,,,
8880,재단법인경북자동차임베디드연구원,경북 영천시,(38822) 경상북도 영천시 녹전동 명산길 97-70(경북차량용임베디드기술연구원) ,,,
8881,주식회사아이엔,경기 부천시 원미구,"(14557) 경기도 부천시 원미구 춘의동 부천로198번길 18(춘의테크노파크II) 202동 1106,1107호",126.7878971,37.50152039,
8882,(재)영진 영진기술직업전문학교,경남 통영시,"(53028) 경상남도 통영시 용남면 동암길 132(창신대학통영연수원) (재)영진 영진 기술직업전문학교 (105호, 205호, 206호, 401호, 402호, 403호)",128.4509682,34.86901781,
8883,(주)아이엠피,경기 양주시,(11416) 경기도 양주시 광적면 백은로 263 (주)아이엠피,126.9897174,37.81716355,
8884,호선이엠티(주),경기 평택시,"(17749) 경기도 평택시 칠괴동 산단로197번길 55(호선EMT(주)) 1층,2층",127.0917057,37.03473589,
8885,한국금투자신탁주식회사,서울 종로구,(03139) 서울특별시 종로구 돈의동 돈화문로5가길 1(피카디리플러스) 4층 402호,126.9912228,37.57108895,
8886,빵숑숑,전남 목포시,"(58747) 전라남도 목포시 상동 평화로 105 1,2층(상동)",126.4357091,34.79804858,
8887,주식회사비전플랜,부산 해운대구,(48097) 부산광역시 해운대구 중동 좌동순환로 473(해운대로데오아울렛) 1층 111-1호,129.1694038,35.16367366,
8888,농업회사법인주식회사저스트그린,경기 안성시,(17563) 경기도 안성시 공도읍 원승두길 169-25 저스트 그린 ,127.1563459,36.98272054,
8889,주식회사프리메디텍,경기 군포시,"(15847) 경기도 군포시 당정동 공단로140번길 46 2층 214호, 215호 (당정동, 엠테크노당정지식산업센터)(당정동)",126.95469,37.35684136,
8890,신일공업(주)안성공장,경기 안성시,(17528) 경기도 안성시 일죽면 주래본죽로 374 1층,127.5136238,37.08782994,
8891,해운대지역자활센터,부산 해운대구,(48008) 부산광역시 해운대구 반송동 윗반송로 64 kt빌딩 3층,129.1565753,35.22957441,
8892,백상세무회계,서울 금천구,(08594) 서울특별시 금천구 가산동 가산디지털1로 5(대륭테크노타운 20차) 2009호 백상세무회계,126.8868518,37.46681698,
8893,(주)대창금속열처리이엔지,경북 고령군,(40113) 경상북도 고령군 다산면 다산산단2길 42 (주)대창금속열처리 이엔지,128.3914993,35.78787411,
8894,유소닉,경기 시흥시,(14931) 경기도 시흥시 도창동 매화산단로 42(신진이엔지) 3층,126.8250398,37.41138935,
8895,대흥솔루션,경기 화성시,(18574) 경기도 화성시 장안면 돌서지길 132-43 1층,126.8355623,37.13633219,
8896,천강평생교육원,서울 금천구,"(08506) 서울특별시 금천구 가산동 가산디지털1로 137(IT캐슬2차) 202,203호",126.8822077,37.47773945,
8897,키움바이오,전북 정읍시,(56204) 전북특별자치도 정읍시 시기동 정읍사로 509(전북과학대학) 창업보육센터 403호,126.8605943,35.54905308,
8898,(주)지케이아키테리어,서울 광진구,(04939) 서울특별시 광진구 중곡동 용마산로8가길 60 1층,127.0884928,37.56225589,
8899,천안시시니어클럽,충남 천안시 동남구,(31188) 충청남도 천안시 동남구 사직동 천안천공원3길 27-20 2층,127.1492598,36.79738318,
8900,키맥아카데미학원,서울 마포구,"(03926) 서울특별시 마포구 매봉산로 75(상암동, 디디엠씨(DDMC)) 3층 301호 일부(상암동)",,,
8901,홍성시니어클럽,충남 홍성군,(32263) 충청남도 홍성군 홍북읍 충남대로 50(국제아르페온2차) 706호,126.6763846,36.65580356,
8902,(주)지아이피건축사사무소,서울 강남구,(06295) 서울특별시 강남구 도곡동 언주로 118(우성캐릭터199) 419호,127.0518289,37.48643149,
8903,주식회사 해원,전남 영광군,(57055) 전라남도 영광군 대마면 전기차1로 116  ,,,
8904,조례점기아오토큐,전남 순천시,(57949) 전라남도 순천시 조례동 남신월길 43 조례점 기아오토큐,127.5205296,34.95705849,
8905,주식회사프리레이저,경기 화성시,(18623) 경기도 화성시 향남읍 발안공단로4길 86 ,,,
8906,우원정보(주),대구 달서구,(42736) 대구광역시 달서구 송현동 학산로 233 ,,,
8907,(주)풍건,대구 동구,(41042) 대구광역시 동구 불로동 방천로1길 67-1 (불로동),128.6322531,35.89648834,
8908,주식회사케이씨씨글라스,서울 서초구,(06526) 서울특별시 서초구 잠원동 강남대로 587(KCC 건설) 9층 인사팀,127.0193349,37.51408549,
8909,콘텐츠와사람들주식회사,서울 금천구,(08595) 서울특별시 금천구 가산동 범안로 1126(대륭21차) 617호,126.8869866,37.46521137,
8910,전북종합공사호남금속,전북 전주시 완산구,(55130) 전북특별자치도 전주시 완산구 석구동 구이로 1905-8 1905-8,127.124483,35.76905841,
8911,(주)에디스,부산 기장군,(46075) 부산광역시 기장군 기장읍 동뫼길 3(실내인테리어제작) (주)에디스,129.2144488,35.22704844,
8912,주식회사정원기업,경남 거제시,(53261) 경상남도 거제시 장평동 장평3로 80(삼성중공업(주)거제조선소) (주)정원기업,128.6018683,34.89962348,
8913,(주)유일,전남 영암군,(58453) 전라남도 영암군 삼호읍 대불산단1로 65((주)유일 본사) (주)유일,126.4514661,34.76840708,
8914,주식회사더자임,전북 남원시,(55801) 전북특별자치도 남원시 노암동 시묘길 56-90 더자임,127.3760341,35.38657022,
8915,(주)슈올즈,부산 사상구,(46986) 부산광역시 사상구 감전동 가야대로133번길 67 (주)슈올즈,128.9877036,35.15314207,
8916,주식회사아이알브릿지,서울 성동구,(04784) 서울특별시 성동구 성수동2가 성수이로 66(서울숲 드림타워) 605호,127.055768,37.54073253,
8917,골든시스주식회사,대구 동구,"(41128) 대구광역시 동구 율암동 안심뉴타운1로 20 4,5,6층(율암동)",128.701069,35.87516879,
8918,아일랜드슈가주식회사,제주 제주시,(63111) 제주특별자치도 제주시 이호일동 일주서로 7528 3층,126.4510477,33.49446535,
8919,(주)씨앤텍시스템즈,서울 성동구,(04788) 서울특별시 성동구 성수동1가 광나루로 130(서울숲IT캐슬) 1205호,127.0446851,37.55100821,
8920,(주)태동테크김천공장,경북 김천시,(39506) 경상북도 김천시 어모면 산업단지8로 16((주)태동테크) (주)태동테크,128.1389828,36.17394956,
8921,한국전력공사 인천본부 ,인천 부평구,(21330) 인천광역시 부평구 갈산동 주부토로 246(한국전력인천지역본부) 한국전력공사 인천본부 ,126.7274937,37.51683037,
8922,농업회사법인넉넉한사람들주식회사,충북 제천시,(27105) 충청북도 제천시 백운면 구학산로2길 38-35 넉넉한사람들,128.026691,37.14321504,
8923,(주)KNN,부산 해운대구,(48058) 부산광역시 해운대구 우동 센텀서로 30(케이엔엔타워) 4층(전체),129.1286027,35.1717079,
8924,(주)대성티엠씨,경남 김해시,(50875) 경상남도 김해시 진례면 테크노밸리1로 28 (주)대성티엠씨,128.772781,35.26237266,
8925,유한회사승국산업,전남 해남군,(59000) 전라남도 해남군 화원면 조선소길 498(해남대한조선소건설현장) (유)승국산업 사무실,126.3169289,34.74342717,
8926,캣츠,강원 원주시,"(26493) 강원특별자치도 원주시 흥업면 연세대길 1(연세대학교 미래캠퍼스) 연세대학교창업보육센터 2-103,104,105호",127.9007044,37.27931139,
8927,신호테크,광주 광산구,(62214) 광주광역시 광산구 오선동 용아로 717 신호테크,126.8034205,35.20749265,
8928,주식회사정도기술,광주 광산구,(62229) 광주광역시 광산구 장덕동 하남산단3번로 29 (주)정도기술,126.7972234,35.18989487,
8929,운정에듀플렉스심리상담연구소,경기 파주시,"(10905) 경기도 파주시 동패동 와석순환로 135(신한프라자) 1001-1(동패동, 신한프라자)",126.7446267,37.71187178,
8930,(주)휴먼아이디비(HumanIDB),서울 송파구,(05839) 서울특별시 송파구 문정동 충민로 52(가든파이브웍스) B동 702-704호,127.1225076,37.47769774,
8931,그린하우스베이커리,전남 목포시,(58691) 전라남도 목포시 상동 신흥로 24 1층 그린하우스,126.4236945,34.80209641,
8932,마그마홀드,경기 화성시,(18625) 경기도 화성시 향남읍 우등길 24 마그마홀드,126.9809243,37.13705927,
8933,파주드림요양병원,경기 파주시,(10924) 경기도 파주시 금촌동 시청로 6 파주드림요양병원,126.7746749,37.75792753,
8934,(주)새팜,서울 영등포구,(07292) 서울특별시 영등포구 당산동1가 영등포로 150(생각공장 당산) A동 603호,126.8979325,37.5203627,
8935,자자(ZAZA)헤어,강원 춘천시,(24390) 강원특별자치도 춘천시 석사동 퇴계로 199 1층,127.7406957,37.85704033,
8936,주식회사에이치엠텍,전남 나주시,(58277) 전라남도 나주시 동수동 동수농공단지길 159-9  ,,,
8937,메종블랑제,경기 부천시 원미구,"(14547) 경기도 부천시 원미구 중동 길주로 234(힐스테이트 중동) 1119,1120호",126.7681378,37.50321409,
8938,삼육대학교산학협력단,서울 노원구,(01795) 서울특별시 노원구 공릉동 화랑로 815(삼육대학교) 백주년기념관 4층 403 산학협력단,127.1059659,37.64271016,
8939,(주)진영테크윈,경북 경산시,(38494) 경상북도 경산시 진량읍 의송길 30-10 진영테크윈,,,
8940,경안정보기술(주),경북 안동시,(36670) 경상북도 안동시 당북동 서동문로 76 ,,,
8941,주식회사가을이엔지,대구 북구,(41496) 대구광역시 북구 노원동3가 3공단로27길 21-1 가을ENG,128.5650844,35.89976308,
8942,(주)청연,전북 군산시,(54158) 전북특별자치도 군산시 소룡동 자유로 15-32 (주)청연,126.5972485,35.96071106,
8943,주식회사 한국연구개발센터(KRDCCo.Ltd.),서울 서대문구,"(03699) 서울특별시 서대문구 연희로25길 13(연희동, 덕화빌딩) 201호",,,
8944,케이스스키드로우더,경기 용인시 수지구,"(16837) 경기도 용인시 수지구 풍덕천동 풍덕천로139번길 16-1(덕원빌딩) 4층 401호(풍덕천동,덕원빌딩)",127.0959629,37.32506159,
8945,(주)청아냉동식품,경북 영천시,(38898) 경상북도 영천시 봉동 도남공단길 94-11 ,,,
8946,다온에스피이,경남 창원시 진해구    ,(51616) 경상남도 창원시 진해구 제덕동 웅천서로41번길 28((주)골드테크) 다온에스피이,128.7441731,35.10637123,
8947,(주)준오뷰티,서울 강남구,(06073) 서울특별시 강남구 청담동 삼성로 728(준오헤어 청담동 사옥) (청담동 애브뉴준오 5층),127.049521,37.52067916,
8948,늘푸른재가노인돌봄센터,대구 달성군,(42914) 대구광역시 달성군 다사읍 대실역북로1길 5-1 4층 402호 늘푸른재가노인돌봄센터,128.4661571,35.85830964,
8949,프랑세즈과자점,서울 서초구,(06603) 서울특별시 서초구 서초동 서초중앙로24길 43(유원서초아파트) 유원상가 103호,127.0183628,37.49551363,
8950,가교실리콘(주),경기 안산시 단원구,(15407) 경기도 안산시 단원구 신길동 강촌로 37(한국후꼬꾸(주)) 2층 가교실리콘(주),126.7542378,37.31974478,
8951,(주)글로스코,대구 달성군,(42983) 대구광역시 달성군 논공읍 논공로87길 128 ,,,
8952,주식회사두아트,경기 화성시,(18462) 경기도 화성시 동탄영천로 150 현대실리콘앨리 B동 935호~936호,127.1018049,37.21584155,
8953,주식회사씨에스에너텍,경기 오산시,"(18126) 경기도 오산시 누읍동 황새로 117(거성정밀) 1층(누읍동,거성정밀) ",127.0594004,37.13749414,
8954,윌로펌프서비스,울산 남구,"(44715) 울산광역시 남구 삼산동 정동로 31 102호, 105호(삼산동)",129.3434908,35.53658589,
8955,(주)무학,경남 창원시 마산회원구,(51341) 경상남도 창원시 마산회원구 봉암동 봉암공단2길 6((주)무학) ,,,
8956,(주)비아이씨스템,서울 금천구,(08588) 서울특별시 금천구 가산동 가산디지털2로 67(에이스 하이엔드타워7) 403호,126.8811634,37.47421042,
8957,준오헤어,서울 강남구,(06150) 서울특별시 강남구 역삼동 선릉로 515 동인빌딩 2층 준오헤어 ,127.0482432,37.50544164,
8958,(주)허브테크,충남 천안시 서북구,(31075) 충청남도 천안시 서북구 차암동 2공단2로 102 (차암동),127.1212307,36.85886908,
8959,준오헤어,서울 서초구,(06536) 서울특별시 서초구 반포동 강남대로 503(청하빌딩) 3층,127.0227759,37.50668529,
8960,호원대학교산학협력단,전북 군산시,(54058) 전북특별자치도 군산시 임피면 호원대3길 64(호원대학교) 산학협력관 209호,126.8647249,35.96693476,
8961,(주)파이브테크,대전 유성구,(34013) 대전광역시 유성구 관평동 테크노4로 17(비즈센터) A동 507호,127.3949623,36.432314,
8962,준오헤어문정역테라타워점,서울 송파구,(05854) 서울특별시 송파구 문정동 송파대로 201(송파 테라타워2) b동 2층 201호 202호 준오헤어 문정역테라타워점 ,127.1201553,37.48748828,
8963,(주)비씨티원(BCTONEInc.),서울 구로구,(08375) 서울특별시 구로구 구로동 디지털로31길 53(이앤씨벤처드림타워5차) 410호,126.8920886,37.48540759,
8964,준오헤어,서울 강남구,"(06018) 서울특별시 강남구 신사동 선릉로161길 16 2층, 3층 준오헤어",127.0392697,37.52744525,
8965,준오헤어,서울 강남구,(06194) 서울특별시 강남구 대치동 테헤란로78길 16(노벨과개미) 지상3층,127.055407,37.5052061,
8966,그레인제빵소,서울 강동구,(05351) 서울특별시 강동구 길동 진황도로47길 67 1층 103호,127.140545,37.53753771,
8967,주식회사동운로지스,경기 화성시,(18635) 경기도 화성시 양감면 요댕이길 149-19 요당리 30-2,126.9366819,37.07328427,
8968,신우정공(주),경기 평택시,(17817) 경기도 평택시 안중읍 용성길 136 신우정공(주),126.9520954,37.01118158,
8969,(주)화인아트,경기 파주시,(10849) 경기도 파주시 야동동 월롱산로 54-2 (주)화인아트,126.7655195,37.78107174,
8970,모두가반한호두파이,충남 천안시 서북구,"(31089) 충청남도 천안시 서북구 두정동 두정로 117(퓨전리더스주차빌딩) 1층 107호, 108호",127.1299768,36.8342025,
8971,사회복지법인한기장복지재단남원시니어클럽,전북 남원시,(55750) 전북특별자치도 남원시 향교동 동림로 45 2층,127.3878807,35.41260741,
8972,주식회사영창특수,전남 순천시,(58023) 전라남도 순천시 해룡면 해룡산단1로 69 영창특수,,,
8973,(주)태건,충북 충주시,(27475) 충청북도 충주시 용관동 중원대로 3757 ,,,
8974,주식회사포디아트,경기 고양시 일산동구,(10393) 경기도 고양시 일산동구 장항동 태극로 60(빛마루) 1506호,126.755307,37.66061529,
8975,만천특장주식회사,경기 화성시,"(18255) 경기도 화성시 남양읍 현대기아로 684 1동,2동",126.8564347,37.20863076,
8976,예원예술대학교 산학협력단(양주캠퍼스),경기 양주시,(11429) 경기도 양주시 은현면 예원대학로 56(예원예술대학교 양주캠퍼스) ,,,
8977,주식회사위텍,대전 유성구,(34208) 대전광역시 유성구 계산동 학하남로47번길 23 (계산동),127.3039414,36.34004711,
8978,태화건축사사무소,대전 서구,(35382) 대전광역시 서구 관저동 구봉로 129 502호(관저동),127.3372407,36.29670867,
8979,(주)마이스코어,서울 구로구,(08338) 서울특별시 구로구 개봉동 개봉로17나길 61-12 201호,126.8517658,37.49276006,
8980,SS패션(경동어패럴),대구 북구,"(41564) 대구광역시 북구 복현동 경진로1길 78(복현시장상가) 나동 지하 96호, 97호, 28호, 44호, 15호 SS패션",128.6198717,35.89255925,
8981,(주)인스펙트,서울 서초구,(06741) 서울특별시 서초구 양재동 바우뫼로41길 54 201호 (주)인스펙트,127.0405755,37.48293694,
8982,해피제이원주식회사,경기 안산시 단원구,(15422) 경기도 안산시 단원구 성곡동 성곡로146번길 17(정현실업) ,,,
8983,예일케미텍 주식회사,충북 진천군,(27844) 충청북도 진천군 이월면 진광로 137 예일케미텍 주식회사,127.440557,36.87670599,
8984,주식회사천차유로,경기 구리시,(11960) 경기도 구리시 토평동 벌말로80번길 31(소매점 및 단독주택) 2층,127.1486175,37.58339314,
8985,수성정보(주),대구 수성구,(42047) 대구광역시 수성구 만촌동 국채보상로 1081 (만촌동),128.6471958,35.86929603,
8986,지원시스템,경기 포천시,(11184) 경기도 포천시 소흘읍 호국로 406 라동 101호,127.1342221,37.80875369,
8987,엔씨글로벌,세종 세종,(30053) 세종특별자치시  장군면 하봉길 294 엔씨글로벌,127.1787847,36.49769294,
8988,느티나무진주발달장애인주간활동제공기관,경남 진주시,(52675) 경상남도 진주시 신안동 석갑로91번길 13 1층,128.0602019,35.17870219,
8989,주식회사필렉트론,경기 하남시,(13023) 경기도 하남시 창우동 검단산로 239(하남시 벤처집적시설) 406호,127.2283122,37.53638384,
8990,(주)비엘피푸드,서울 중랑구,(02057) 서울특별시 중랑구 망우동 용마산로136길 54 2층,127.1040656,37.61164428,
8991,(주)기산정밀,경기 시흥시,(14929) 경기도 시흥시 계수동 건지물길 19-7((주)기산정밀) ,,,
8992,삼오정밀(주),인천 남동구,(21638) 인천광역시 남동구 남촌동 남동동로 329 삼오정밀주식회사,126.709787,37.41164692,
8993,주식회사새롬,전북 익산시,(54576) 전북특별자치도 익산시 왕궁면 왕궁농공단지길 45((주)새롬)  ,,,
8994,선구산업,인천 서구,"(22667) 인천광역시 서구 오류동 검단천로 352((주)태창닛케이) 인천광역시 서구 오류동 검단천로 352(오류동, 검단일반산업단지124-3, 1층) 선구산업",126.6139793,37.59157346,
8995,주식회사신화엘아이디,전남 화순군,(58143) 전라남도 화순군 동면 동농공길 130 ,,,
8996,제이에이아이(JAI),경남 진주시,(52629) 경상남도 진주시 금산면 중천로 42(진주동중학교) 유물전시실,128.1427593,35.21642956,
8997,신한네트웍스주식회사,광주 북구,(61088) 광주광역시 북구 연제동 첨단연신로288번길 12 (연제동) 신한네트웍스주식회사,126.8570543,35.20437302,
8998,(주)고려티티알,부산 강서구,(46728) 부산광역시 강서구 녹산동 낙동남로533번길 15 (녹산동),128.8776962,35.11358427,
8999,영다이케스팅(주),인천 서구,(22774) 인천광역시 서구 석남동 봉수대로277번길 9(YDC) 영다이케스팅 주식회사,126.660446,37.50014808,
9000,주식회사미스터리프렌즈,서울 마포구,(03997) 서울특별시 마포구 서교동 월드컵로20길 68 미스터리프렌즈 사옥,126.9127695,37.55812152,
9001,테바소프트 주식회사,대전 유성구,(34126) 대전광역시 유성구 도룡동 대덕대로512번길 20(대전정보문화산업진흥원) 2층 200-17호(도룡동 대전정보문화산업진흥원),127.3842663,36.3772971,
9002,위카모빌리티주식회사,경기 용인시 기흥구,(17095) 경기도 용인시 기흥구 영덕동 중부대로 242(오토허브) w117호,127.0918009,37.26850272,
9003,아더먼데이,서울 광진구,(05010) 서울특별시 광진구 화양동 능동로15길 7 화양동,127.0724048,37.54486844,
9004,세모건축사사무소,충북 청주시 청원구,(28484) 충청북도 청주시 청원구 우암동 무심동로 564-1 3층 302호,127.4800845,36.65037513,
9005,주식회사주피터피브이디,경기 남양주시,(12034) 경기도 남양주시 수동면 비룡로 635-20 주식회사 주피터피브이디,127.323929,37.69548568,
9006,(주)만월회,경기 용인시 기흥구,(17111) 경기도 용인시 기흥구 농서동 서천로201번길 14(프리미엄원희캐슬 기흥서천) 355호,127.0713839,37.23023935,
9007,(주)윈티앤에스,경북 포항시 남구,(37668) 경상북도 포항시 남구 지곡동 지곡로 394(포항테크노파크) 1벤쳐동 B104호,129.3169859,36.03636976,
9008,주식회사코위드원,경기 수원시 영통구,(16226) 경기도 수원시 영통구 이의동 대학4로 17 207호,127.0463845,37.3004022,
9009,성신이엔피(주),경기 화성시,(18338) 경기도 화성시 기안동 효행로205번길 106-5 성신이엔피(주),126.9804062,37.22584842,
9010,굿모닝우드,인천 서구,(22848) 인천광역시 서구 가좌동 원석로 13((주)홍보산업) 일원(가좌동),126.6411309,37.49672898,
9011,(주)덕성산업,인천 서구,(22770) 인천광역시 서구 원창동 원창로89번길 14-6((주)덕성산업) 2층 회의실,126.6597836,37.51891542,
9012,(주)삼진커뮤니케이션즈,서울 중구,(04555) 서울특별시 중구 충무로3가 수표로6길 23 2층,126.9916315,37.56292608,
9013,세웅건업,제주 제주시,(63299) 제주특별자치도 제주시 화북일동 선반로12길 17 1층(화북일동),126.5685553,33.51370389,
9014,(주)성진정공,광주 북구,(61089) 광주광역시 북구 연제동 첨단연신로 375 (주)성진정공,126.8607696,35.19820719,
9015,(주)올엠커뮤니케이션,서울 성동구,(04790) 서울특별시 성동구 성수동1가 성수일로 89(Metamorpho(지식산업센터)) 9층907호,127.0507896,37.54847018,
9016,창성기업,경기 부천시 오정구,(14446) 경기도 부천시 오정구 오정동 신흥로511번길 180(레노부르크 부천) 408,126.7682824,37.53114023,
9017,디오네,서울 종로구,(03134) 서울특별시 종로구 봉익동 율곡로10길 95-5 3층,126.992162,37.57336852,
9018,진웅스틸,경기 김포시,(10052) 경기도 김포시 양촌읍 김포대로1750번길 14-6 진웅스틸,126.6462734,37.67007998,
9019,(주)서오,경기 남양주시,(12202) 경기도 남양주시 와부읍 수레로640번길 50 1층,127.278109,37.61538367,
9020,(주)그린플로우,경기 군포시,(15847) 경기도 군포시 당정동 산본로54번안길 4((주)그린플로우) ,,,
9021,삼성계기공업,경기 군포시,(15847) 경기도 군포시 당정동 당정로 68 ,,,
9022,이삭식품(주),충북 음성군,(27733) 충청북도 음성군 맹동면 맹동산단1길 47-22 이삭식품(주),127.5635405,36.91933399,
9023,정성기전,경기 안양시 동안구,(14118) 경기도 안양시 동안구 호계동 엘에스로116번길 25-32(안양 SK V1 center) 314,126.9484226,37.37430591,
9024,주식회사비에이치,경남 창원시 마산회원구,(51342) 경상남도 창원시 마산회원구 봉암동 봉암공단11길 76 주식회사비에이치,128.6044988,35.2127589,
9025,새움 원격평생교육원,경기 파주시,(10881) 경기도 파주시 문발동 문발로 214-12(길벗어린이) 1층 내 촬영실,126.6883848,37.71333804,
9026,주식회사 크리자인,전북 완주군,(55365) 전북특별자치도 완주군 이서면 안전로 107-3 501호(안전빌딩),127.0582089,35.83341147,
9027,준오헤어,서울 송파구,(05556) 서울특별시 송파구 잠실동 올림픽로 76(J타워) 2층 201호 준오헤어,127.0789996,37.51156609,
9028,제이원테크(J-oneTeck),부산 사하구,(49479) 부산광역시 사하구 장림동 하신중앙로3번가길 74 제이원테크,128.9593789,35.07864309,
9029,(주)대동몰드,서울 금천구,(08586) 서울특별시 금천구 독산동 범안로11길 34 (대동몰드),126.8914785,37.46805158,
9030,기림음향,강원 홍천군,(25125) 강원특별자치도 홍천군 홍천읍 큰골길 50-18 ,,,
9031,태광통신(주),제주 제주시,(63275) 제주특별자치도 제주시 일도이동 고마로16길 16 1층,126.5397333,33.50523244,
9032,주식회사로드원,경기 시흥시,"(15055) 경기도 시흥시 정왕동 마유로 376 503호(정왕동, 시흥창업센터)",126.7385856,37.34855379,
9033,주식회사모닝듀,경기 남양주시,(12031) 경기도 남양주시 수동면 비룡로 654-38(㈜모닝듀) (운수리),127.3262664,37.69889759,
9034,(유)이음테크,전남 화순군,(58143) 전라남도 화순군 동면 동농공길 49 이음테크,127.0228464,35.02337181,
9035,순창시니어클럽,전북 순창군,"(56046) 전북특별자치도 순창군 순창읍 순창5길 11-4(순창노인복지회관,장애인회관) 2층",127.1409561,35.3729787,
9036,(주)한진테크,경기 군포시,"(15847) 경기도 군포시 당정동 당정로 66 2,3,4층",126.953366,37.3548124,
9037,더로드아이앤씨주식회사,경기 군포시,(15849) 경기도 군포시 당정동 당정로 14(더로드아이앤씨(주)) 3층,126.9565063,37.35072306,
9038,(주)나이스테크,서울 금천구,(08507) 서울특별시 금천구 가산동 가산디지털1로 128(에스티엑스브이타워) 512호,126.8830676,37.47728983,
9039,주식회사대원에스디,대구 달성군,(42921) 대구광역시 달성군 다사읍 세천로1길 88 대원sd,128.4637174,35.87641245,
9040,중부대학교산학협력단,경기 고양시 덕양구,(10279) 경기도 고양시 덕양구 대자동 동헌로 305(중부대학교 고양캠퍼스) 세종관 524호,126.8883198,37.71315646,
9041,주식회사태인솔루션,충남 아산시,(31470) 충청남도 아산시 배방읍 광장로 177-10(펜타폴리스) 402호,127.1052038,36.79793385,
9042,캣벨컴퍼니 주식회사 (catbell company),서울 서초구,(06526) 서울특별시 서초구 잠원동 강남대로95길 16 6층(잠원동),127.0189999,37.51373161,
9043,상원전기,서울 구로구,(08203) 서울특별시 구로구 신도림동 신도림로11나길 5 1층,126.8791715,37.50898277,
9044,한국공조기술개발(주),경기 군포시,(15843) 경기도 군포시 당정동 엘에스로 13(신일IT유토지식산업센터) 1층 101-104호,126.9562479,37.36560857,
9045,주식회사일산,경기 화성시,(18487) 경기도 화성시 방교동 동탄산단6길 53-14(일산정공) 주식회사 일산,127.0907704,37.16960718,
9046,도밍고퍼즐(DomingoPuzzle),서울 중구,(04542) 서울특별시 중구 수표동 청계천로 100(시그니쳐타워) 서관 10층 1024호,126.9884389,37.56736758,
9047,(주)동방다보아,서울 서초구,"(06748) 서울특별시 서초구 양재동 논현로27길 98 (양재동, 두창빌딩1층)",127.0396586,37.47771427,
9048,이진상회베이커리,경기 이천시,(17383) 경기도 이천시 마장면 서이천로 648 본관1층 이진상회베이커리,127.400142,37.27916904,
9049,대성전기,경기 오산시,(18119) 경기도 오산시 가수동 청학로5번길 11 104호,127.0607253,37.15069019,
9050,주식회사아주케미칼,경기 화성시,(18629) 경기도 화성시 양감면 송말길 87-8 1층 공장,126.9893882,37.10521006,
9051,은창티피에스주식회사,경기 포천시,(11189) 경기도 포천시 내촌면 부마로 587 은창티피에스,127.2167243,37.78615423,
9052,도아판지주식회사,경기 포천시,(11190) 경기도 포천시 내촌면 작은넙고개길 103 도아판지,127.2070854,37.81059597,
9053,주식회사석건,경기 화성시,(18633) 경기도 화성시 양감면 은행나무로170번길 45-11 1동,126.9414619,37.07236776,
9054,준오헤어,서울 강남구,(06162) 서울특별시 강남구 삼성동 테헤란로 409(동신빌딩) 2층 준오헤어,127.0504437,37.50549681,
9055,(주)조앤비컨설팅,서울 관악구,(08745) 서울특별시 관악구 봉천동 봉천로 461-1 2층,126.9513936,37.48260118,
9056,군산시니어클럽,전북 군산시,(54027) 전북특별자치도 군산시 신영동 신영3길 11(중앙동주민센터) ,,,
9057,준오헤어,서울 송파구,(05838) 서울특별시 송파구 문정동 충민로 66(가든파이브라이프) 테크노관 5층,127.1249579,37.47757585,
9058,(주)우주씨앤티,대구 동구,(41169) 대구광역시 동구 효목동 아양로 248 문영빌딩5층,128.6401639,35.88696401,
9059,준오헤어,서울 강남구,(06035) 서울특별시 강남구 신사동 도산대로 127(경서빌딩) 신사동 2층,127.0223037,37.51754231,
9060,일광건축사사무소,충북 청주시 청원구,(28502) 충청북도 청주시 청원구 내덕동 덕벌로31번길 2 201호,127.4931736,36.65465633,
9061,세종도시교통공사,세종 세종,(30033) 세종특별자치시  조치원읍 군청로 93(조치원청사) 에이동,127.2925443,36.59284385,
9062,팀204빌딩관리단,서울 중구,(04566) 서울특별시 중구 신당동 마장로 30(Team204) 810호,127.0134813,37.56764899,
9063,준오헤어,서울 송파구,"(05551) 서울특별시 송파구 신천동 올림픽로 300(롯데월드타워앤드롯데월드몰) 신천동, 롯데월드몰6층",127.1035252,37.51310843,
9064,일신기계,대구 북구,(41401) 대구광역시 북구 읍내동 칠곡중앙대로126길 35 ,,,
9065,주식회사아이에스솔루션즈,경기 남양주시,(12248) 경기도 남양주시 다산동 다산중앙로19번길 25-23(다산진건 블루웨일 지식산업센터 2차) 에프628호,127.1537319,37.61325805,
9066,준오헤어 가든강남역점,서울 서초구,"(06614) 서울특별시 서초구 서초동 서초대로77길 27(서초동유빌딩) 3층(서초동, 서초동유빌딩)",127.0253525,37.49999045,
9067,준오헤어,서울 강남구,"(06181) 서울특별시 강남구 대치동 테헤란로 528(슈페리어타워) 201(대치동, 슈페리어타워)",127.0618863,37.50806876,
9068,준오헤어,서울 서초구,(06692) 서울특별시 서초구 방배동 동작대로 22(삼미빌딩) 2층(방배동),126.9821928,37.47829481,
9069,준오헤어,서울 서초구,"(06672) 서울특별시 서초구 방배동 방배로 141(텔콤빌딩 내방) 3층(방배동, 극동빌딩)",126.9940514,37.48632417,
9070,익산시가족센터,전북 익산시,(54663) 전북특별자치도 익산시 송학동 고현로 10-3(익산시가족센터) 1층,126.9408594,35.93830398,
9071,선교정밀,서울 영등포구,(07288) 서울특별시 영등포구 문래동4가 도림로141길 4 (문래동4가) 1층,126.8928509,37.51478855,
9072,성공회대학교산학협력단,서울 구로구,(08359) 서울특별시 구로구 항동 연동로 320(성공회대학교) 일만관 2A202,126.8259893,37.48744699,
9073,경일종합기계,경기 안산시 단원구,"(15616) 경기도 안산시 단원구 성곡동 별망로26번길 21(경일종합기계) 701(성곡동,시화공단4바)",126.7292365,37.31540893,
9074,제일연마공업(주),경북 포항시 남구,(37866) 경상북도 포항시 남구 장흥동 대송로101번길 34 ,,,
9075,주식회사오픈노트,전남 나주시,(58322) 전라남도 나주시 빛가람동 우정로 10 가동 404호,126.7810275,35.02425231,
9076,노인의전화재가노인돌봄센터,대구 서구,(41815) 대구광역시 서구 비산동 국채보상로 356 3층,128.5699266,35.87193298,
9077,라인건축사사무소,충북 청주시 서원구,(28549) 충청북도 청주시 서원구 사직동 사북로 87 ,,,
9078,마이크로텍,부산 강서구,(46706) 부산광역시 강서구 제도로 1142 1동 마이크로텍,128.9345379,35.21184484,
9079,인텍나노소재(주),강원 홍천군,(25107) 강원특별자치도 홍천군 남면 흥성길 181 1층,127.7412403,37.61596594,
9080,신창가설테크주식회사,경북 경주시,(38034) 경상북도 경주시 천북면 천북산단로 120 ,,,
9081,주식회사주은테크기업부설연구소,경기 광명시,(14303) 경기도 광명시 하안동 오리로651번길 8 3층 318호(하안동),126.8752639,37.4590725,
9082,주식회사가리온,광주 광산구,(62405) 광주광역시 광산구 덕림동 빛중앙12로 4 주식회사 가리온,126.6729845,35.18243651,
9083,고정현헤어파라다이스시티점,인천 중구,"(22382) 인천광역시 중구 운서동 영종해안남로321번길 186 H203호(운서동, 파라다이스시티플라자)",126.4564389,37.436876,
9084,고정현헤어루원시티점,인천 서구,(22775) 인천광역시 서구 가정동 가정로 437(루원시티 SK Leaders' VIEW) 301동  B116호(가정동),126.6654275,37.5277115,
9085,덕영테크주식회사,충북 음성군,(27644) 충청북도 음성군 금왕읍 신내로695번길 23 덕영테크 주식회사,127.5328298,36.99528048,
9086,고정현헤어논현홈플러스점,인천 남동구,"(21667) 인천광역시 남동구 논현동 청능대로 596 지하2층(논현동, 논현홈플러스)",126.7255845,37.40057536,
9087,고정현헤어부평모다점,인천 부평구,"(21387) 인천광역시 부평구 부평동 부평문화로 35(모다백화점) 지하1층(부평동, 모다백화점)",126.7193846,37.49331845,
9088,노무법인태종,서울 송파구,(05836) 서울특별시 송파구 문정동 법원로11길 7(문정현대지식산업센터1-2) C동 9층 902호,127.1191515,37.48532717,
9089,(주)엠아이티코리아,세종 세종,(30067) 세종특별자치시  연동면 응암2길 14((주)엠아이티코리아) ,,,
9090,(주)조선물류,경남 고성군,(52948) 경상남도 고성군 고성읍 월평로 122-12 (주)조선물류,128.349108,34.96245171,
9091,에스에이치산업주식회사,경남 고성군,(52948) 경상남도 고성군 고성읍 월평로 122-20 에스에이치산업(주),128.3491576,34.96121752,
9092,주식회사버츠(BUTZInc.),대전 유성구,(34025) 대전광역시 유성구 용산동 테크노2로 187(미건테크노월드) 503호,127.4061886,36.42298574,
9093,태성공업,경기 광주시,(12731) 경기도 광주시 초월읍 동막골길 70-32 태성공업,127.3265795,37.37812154,
9094,엘레멘트홀딩즈코리아주식회사,경기 용인시 기흥구,"(16954) 경기도 용인시 기흥구 영덕동 흥덕1로 13(흥덕IT밸리) 피141, 피143(영덕동)",127.0660797,37.27092076,
9095,태광이엔지,부산 강서구,(46751) 부산광역시 강서구 송정동 녹산산업중로61번길 22 태광이엔지,128.8302562,35.09858293,
9096,(주)대동전자천안공장,충남 천안시 서북구,(31009) 충청남도 천안시 서북구 성환읍 율금6길 118((주)대동전자) ,,,
9097,(주)엘루오씨앤씨,서울 마포구,(04156) 서울특별시 마포구 도화동 마포대로 89(서울마포우체국) 13층,126.9496434,37.54317403,
9098,(주)비엔에프코리아,경기 김포시,(10048) 경기도 김포시 양촌읍 대포산단1로 26 전체,126.6278223,37.6112772,
9099,(주)신용모터풀,서울 성동구,(04798) 서울특별시 성동구 성수동2가 아차산로15길 6 성수동2가,127.0622421,37.54312607,
9100,리엔산업(주),경기 용인시 처인구,(17135) 경기도 용인시 처인구 이동읍 화산로 243-1 2층,127.2269203,37.15075163,
9101,농업회사법인주식회사진성,충북 음성군,(27615) 충청북도 음성군 생극면 송곡길38번길 125-35 ,,,
9102,구리청과(주),경기 구리시,(11916) 경기도 구리시 인창동 동구릉로136번길 90(구리 농수산물 도매시장) 구리청과 2층 사무실,127.1450419,37.61164708,
9103,(주)앤드와이즈,서울 강남구,(06097) 서울특별시 강남구 삼성동 선릉로112길 39 3층,127.0468237,37.51198563,
9104,주식회사인지솔루션,전남 순천시,(58022) 전라남도 순천시 해룡면 해룡산단5로 51 주식회사 인지솔루션,127.566871,34.90475072,
9105,금박비성,서울 중구,(04555) 서울특별시 중구 초동 충무로 29(아시아미디어타워) 지하3층 B305호,126.992469,37.56375506,
9106,효주에스티에스,경기 안산시 단원구,"(15426) 경기도 안산시 단원구 신길동 산단로 325(리드 스마트스퀘어 지식산업센터) F동 459,460호(리드스마트스퀘어 지식산업센터)",126.7851517,37.32332277,
9107,주식회사성신테크,충북 청주시 흥덕구,(28455) 충청북도 청주시 흥덕구 신봉동 사운로396번길 37 신봉동,127.4663098,36.6620719,
9108,케이제이모터스(주),서울 성동구,(04796) 서울특별시 성동구 성수동2가 광나루로6길 24(KJ모터스(주)) 성수동2가,127.0615206,37.54664929,
9109,주식회사스틸리언,제주 제주시,"(63134) 제주특별자치도 제주시 연동 신대로 145 4층 씨2 08호 (연동, 맨써빌딩)",126.4967073,33.48428575,
9110,(주)삼경테크,부산 강서구,(46738) 부산광역시 강서구 화전동 화전산단5로98번길 30(대성ENG) (주)삼경테크,128.8813975,35.10694516,
9111,대성레이저센터,경기 화성시,(18635) 경기도 화성시 양감면 서해로 44 대성레이저센터,126.9153546,37.06926073,
9112,주식회사더블오,부산 남구,(48548) 부산광역시 남구 용당동 신선로 365(부경대학교용당캠퍼스) 용당5관 304호,129.0912946,35.11661508,
9113,(주)이동의즐거움,서울 중구,(04521) 서울특별시 중구 다동 청계천로 24(케이스퀘어시티) 10~11층,126.9801418,37.56847448,
9114,주식회사라인모터스,서울 성동구,(04796) 서울특별시 성동구 성수동2가 아차산로13길 49(디엠라인) ,,,
9115,(주)이피에스솔루션,경기 안양시 동안구,"(14059) 경기도 안양시 동안구 평촌동 흥안대로 415(두산벤처다임) 11층 1119, 1120호(평촌동,두산벤처다임)",126.9728666,37.39130096,
9116,(주)이피에스이앤이,경기 안양시 동안구,"(14059) 경기도 안양시 동안구 평촌동 흥안대로 415(두산벤처다임) 1126호, 1127호, 1128호(평촌동, 두산벤처다임)",126.9728666,37.39130096,
9117,(주)성동씨에스모터스,서울 성동구,(04787) 서울특별시 성동구 성수동2가 연무장17길 15(대산기획) ,,,
9118,종합건축사사무소엠씨,충북 진천군,(27832) 충청북도 진천군 진천읍 문화로 150(엠씨타워) 303호,127.4345017,36.8542968,
9119,의료법인신원의료재단,경기 광명시,"(14316) 경기도 광명시 소하동 소하로 81 아이플랙스 202호, 203호, 204호",126.8839851,37.44760286,
9120,주식회사에프티시스템,경기 화성시,(18608) 경기도 화성시 향남읍 발안공단로2길 74 (주)에프티시스템,126.9133468,37.08409065,
9121,주식회사에스티원,부산 기장군,(46006) 부산광역시 기장군 정관읍 용수공단2길 41 ,,,
9122,중앙텍스,대구 서구,(41755) 대구광역시 서구 중리동 국채보상로10길 6 중앙텍스,128.5359195,35.86804242,
9123,(주)금명,경남 통영시,(53004) 경상남도 통영시 도산면 도산일주로 111((주)금명) 금명,128.3556127,34.89854967,
9124,(주)한페이시스,광주 서구,(61947) 광주광역시 서구 치평동 상무중앙로 110(우체국보험광주회관) 15층 ,126.8489891,35.15648757,
9125,한국세폭,대구 달서구,(42721) 대구광역시 달서구 월암동 성서공단남로 206 한국세폭,128.5149563,35.82976756,
9126,(주)비아이큐브,경기 성남시 중원구,(13207) 경기도 성남시 중원구 상대원동 사기막골로 124(SKn테크노파크) 비즈센터동 304호,127.1776778,37.43993799,
9127,(주)웰탑테크노스,충남 천안시 서북구,(31048) 충청남도 천안시 서북구 성거읍 봉주로 191 웰탑테크노스,127.1689132,36.88059136,
9128,주식회사성수검사정비,서울 성동구,(04783) 서울특별시 성동구 성수동2가 성수이로20길 29 성수동2가,127.0599901,37.54281184,
9129,주식회사아도아,서울 강남구,(06113) 서울특별시 강남구 논현동 강남대로124길 60 2층(논현동),127.0266903,37.51040566,
9130,에이치제이산전(주),경기 수원시 권선구,"(16642) 경기도 수원시 권선구 고색동 오목천로132번길 33(휴먼스카이밸리) 505호, (503호~509호)",126.9764922,37.24272792,
9131,가온팩토리,경기 김포시,(10011) 경기도 김포시 하성면 월하로 631-7 가온팩토리,126.6258343,37.71123641,
9132,동하MJM,경남 양산시,(50566) 경상남도 양산시 상북면 소토1길 33((주)동하기업) ,,,
9133,(주)고운정보통신,대구 서구,(41756) 대구광역시 서구 중리동 평리로21길 46-1 중리동,128.5360607,35.862854,
9134,제일세이프티주식회사,제주 제주시,(63093) 제주특별자치도 제주시 노형동 월산남길 98-2 2층(노형동),126.4689886,33.46593674,
9135,"뷔나에너지피티이엘티디,한국지점",서울 중구,(04631) 서울특별시 중구 회현동2가 퇴계로 100(스테이트타워 남산) 26층,126.9829506,37.56014399,
9136,그레인제빵소,서울 송파구,(05675) 서울특별시 송파구 송파동 가락로 148 1층 103호,127.1123777,37.5027079,
9137,(주)한마당,경기 용인시 처인구,(17037) 경기도 용인시 처인구 모현읍 새래로 135-1 (주)한마당,127.2508126,37.30203902,
9138,네일드블랑,대전 서구,(35264) 대전광역시 서구 탄방동 계룡로 599(한밭새마을금고 사옥) 201-1호,127.3902767,36.3413831,
9139,김청경헤어페이스,서울 강남구,"(06015) 서울특별시 강남구 청담동 도산대로75길 21 1,2,3층",127.0453836,37.52551002,
9140,에코랜드(주),경기 평택시,(17799) 경기도 평택시 청북읍 오금길 30 ,,,
9141,사회적기업청보농업회사법인(주),경기 광주시,(12728) 경기도 광주시 초월읍 지월로 32-82 사회적기업청보농업회사법인(주),127.2943471,37.409858,
9142,(주)워터웰,대구 달서구,"(42709) 대구광역시 달서구 신당동 달서대로 555(일신테크노밸리) 301호, 302호(신당동, 일신테크노밸리)",128.491204,35.84868436,
9143,스마일카크리닉공업사,경기 부천시 원미구,(14614) 경기도 부천시 원미구 심곡동 장말로 268-3 심곡동 1층,126.7717112,37.49151331,
9144,이브리즈,경기 화성시,(18371) 경기도 화성시 병점동 병점노을4로 19 722호,127.030894,37.20548072,
9145,주식회사코디아이앤씨,경북 포항시 남구,"(37684) 경상북도 포항시 남구 대잠동 대이로 41 402호(대잠동, 서진빌딩)",129.3416264,36.01906841,
9146,한국폴리텍3대학산학협력단,강원 춘천시,(24409) 강원특별자치도 춘천시 동산면 영서로 1290-31(한국폴리텍대학 춘천캠퍼스) 한국폴리텍대학 춘천2캠퍼스 1공학관 산학협력단 1층,127.7781057,37.7989698,
9147,(유)한성산기,전북 군산시,(54172) 전북특별자치도 군산시 옥구읍 광월안길 26 유)한성산기,126.7137349,35.93016432,
9148,남양주여성새로일하기센터,경기 남양주시,(12237) 경기도 남양주시 금곡동 경춘로 953(금마루프라자) 3층 남양주여성새로일하기센터,127.2080612,37.63344799,
9149,이수테크 (Tech),경기 광주시,(12774) 경기도 광주시 문형동 오포로 589-7 이수테크,127.2115046,37.35102998,
9150,(주)오엘티파워,경기 시흥시,(15073) 경기도 시흥시 정왕동 산기대학로 237(한국공학대학교) 창업지원센터 202호,126.733633,37.34027441,
9151,(주)케이제이광진모터스,서울 성동구,(04799) 서울특별시 성동구 성수동2가 광나루로 320-20(광진모터스) 성수동2가,127.0651233,37.54750789,
9152,스마트회계컴퓨터학원,충북 청주시 상당구,(28510) 충청북도 청주시 상당구 상당로 128 3층 스마트회계컴퓨터학원,127.4902691,36.63973144,
9153,주식회사웨어로보,서울 성동구,(04778) 서울특별시 성동구 성수동1가 왕십리로10길 6(서울숲비즈포레) 5층 507호,127.0452145,37.54667428,
9154,(주)포나인,서울 성동구,(04787) 서울특별시 성동구 성수동2가 성수이로20길 58(포나인) 성수동2가,127.062603,37.54164827,
9155,대양건축파트너스한민건축사사무소,경기 평택시,(18014) 경기도 평택시 고덕동 고덕중앙로 322(에이스 S-TOWER 지식산업센터) 8층 805호,127.0558374,37.04393437,
9156,신화산업,경남 진주시,(52847) 경상남도 진주시 정촌면 뿌리산단로50번길 95 신화산업,128.1098746,35.11021312,
9157,도원(전산회계컴퓨터)학원,인천 중구,(22327) 인천광역시 중구 도원동 참외전로244번길 1-1 3층 일부,126.6415038,37.46840071,
9158,(주)광진,부산 사상구,(47028) 부산광역시 사상구 감전동 장인로 7-15(주식회사 광진) 감전동,128.9706436,35.14538804,
9159,콘다주식회사,서울 강남구,(06155) 서울특별시 강남구 삼성동 삼성로103길 6 2층,127.0539709,37.51043305,
9160,(주)보배모터스,서울 성동구,(04799) 서울특별시 성동구 성수동2가 광나루로6길 49(모터씨티빌딩) 403호,127.0643831,37.54608922,
9161,(주) 이프라임유통 (지점),제주 제주시,(63035) 제주특별자치도 제주시 애월읍 애원로 216  ,,,
9162,박승철헤어스튜디오서현역점,경기 성남시 분당구,(13591) 경기도 성남시 분당구 서현동 서현로210번길 14(유성트윈프라자2차) 3층 301호,127.1244373,37.38639487,
9163,건축사사무소시선,제주 제주시,(63103) 제주특별자치도 제주시 노형동 노형로 337 2층 ,126.472928,33.4814699,
9164,주식회사케이아이에스,충북 청주시 청원구,(28501) 충청북도 청주시 청원구 내덕동 상당로 314(문화제조창 청주시청제2임시청사) 356호,127.4900667,36.65613874,
9165,(주)브리즈텍스,서울 구로구,(08389) 서울특별시 구로구 구로동 디지털로26길 5(에이스하이엔드타워1차) 620호,126.893451,37.48154359,
9166,히얼위고(주),서울 강남구,"(06166) 서울특별시 강남구 삼성동 삼성로104길 12(윤빈빌딩) 4층 404호(삼성동, 윤빈빌딩)",127.0555999,37.51081976,
9167,김제시니어클럽,전북 김제시,(54392) 전북특별자치도 김제시 요촌동 화동길 115 2층,126.8939142,35.7986046,
9168,엠에스(MS)가죽 공예학원,울산 남구,(44623) 울산광역시 남구 신정동 남산로338번길 24 1층 일부,129.3065391,35.54686169,
9169,청아출판사,경기 파주시,(10881) 경기도 파주시 서패동 회동길 363-15 203호,126.6923172,37.71646239,
9170,카마텍(주),경기 군포시,(15845) 경기도 군포시 당정동 공단로140번안길 26(카마텍군포창고) 3층,126.9540464,37.35911024,
9171,혜성정밀,경남 사천시,(52512) 경상남도 사천시 축동면 두량로 96-18 .,128.1004651,35.09885216,
9172,(주)서강데칼,경기 김포시,(10012) 경기도 김포시 하성면 석평로141번길 55 (주)서강데칼,126.6457717,37.72534437,
9173,(주)글로벌엔지니어링,경기 화성시,(18487) 경기도 화성시 방교동 동탄산단6길 15-20((주)글로벌엔지니어링) ,,,
9174,(주)동성,울산 동구,(44032) 울산광역시 동구 전하동 방어진순환도로 1000(현대중공업) 가공관 502호,129.4389104,35.51386318,
9175,밤뜨래영농조합법인,충남 부여군,(33111) 충청남도 부여군 은산면 은남로20번길 65 밤뜨래영농조합법인,126.8373813,36.30213097,
9176,주식회사엔글로벌,부산 해운대구,(48095) 부산광역시 해운대구 중동 해운대해변로 291(크리스탈비치오피스텔) 203호,129.1624174,35.16072334,
9177,비쥬얼봄,서울 중구,(04555) 서울특별시 중구 초동 충무로 29(아시아미디어타워) 지하 3층 B304호,126.9924833,37.56384685,
9178,두원공과대학교산학협력단,경기 파주시,(10838) 경기도 파주시 파주읍 주라위길 159(두원공과대학) 두원공과대학교 내 본관 1층 1102호,126.8012185,37.81577201,
9179,삼성모터스,서울 성동구,(04785) 서울특별시 성동구 성수동2가 뚝섬로17길 3 성수동2가,127.0594658,37.53778458,
9180,(주)경창엔지니어링,부산 사상구,(46922) 부산광역시 사상구 모라동 사상로477번길 56(서진산업) (모라동),128.9844178,35.18789772,
9181,익산시니어클럽,전북 익산시,(54582) 전북특별자치도 익산시 팔봉동 무왕로 1471-9(노인공동작업장) ,,,
9182,Lineart,서울 도봉구,(01414) 서울특별시 도봉구 창동 마들로11가길 16(KING 프라자) 504호,127.0487987,37.65246576,
9183,(주)에스씨콥,서울 성동구,(04798) 서울특별시 성동구 성수동2가 성수이로22길 51 성수동2가,127.062627,37.54342321,
9184,동호테크,부산 영도구,(49050) 부산광역시 영도구 남항동3가 남항서로 6-1 동호테크,129.0382653,35.08273279,
9185,주식회사나눔건설사업관리,제주 제주시,(63059) 제주특별자치도 제주시 애월읍 하광로 221 1층,126.4200498,33.46824076,
9186,(주)카멘즈,서울 성동구,(04787) 서울특별시 성동구 성수동2가 연무장길 113(녹천금속) ,,,
9187,주식회사스마트에스아이,서울 영등포구,(07217) 서울특별시 영등포구 당산동4가 당산로41길 11(당산 SK V1 center) E동 B114호,126.8982843,37.53086404,
9188,(주)한창,경기 수원시 영통구,(16677) 경기도 수원시 영통구 신동 신원로 22((주)한창) ,,,
9189,삼창기연(주),경기 김포시,(10040) 경기도 김포시 대곶면 학의동로34번길 67-54 삼창기연(주),126.5612968,37.65504569,
9190,주식회사부성엘티에스,경기 화성시,(18608) 경기도 화성시 향남읍 발안공단로1길 39 발안산업단지36블럭12롯트,126.9178202,37.08664393,
9191,주식회사카카오픽코마영업소,경기 성남시 분당구,(13529) 경기도 성남시 분당구 백현동 판교역로 152(알파돔타워) 11층 카카오 픽코마,127.1103454,37.39420281,
9192,씨앤에프아카데미평생교육원,경기 김포시,(10071) 경기도 김포시 구래동 김포한강10로133번길 127 138~140호(디원시티 지식산업센터),126.6179362,37.64441536,
9193,주식회사농업회사법인이에프시,경기 이천시,(17383) 경기도 이천시 마장면 서이천로527번길 116 농업회사법인 이에프시,127.3982433,37.27323203,
9194,에이치투오시스템테크놀로지(주),서울 양천구,"(07997) 서울특별시 양천구 목동 목동서로 159-1 10층(목동, CBS방송국)",126.8744225,37.52803364,
9195,주식회사 지클로,대구 동구,(41064) 대구광역시 동구 각산동 매여로 100 1층,128.708543,35.88851735,
9196,주식회사아남모터스,서울 성동구,(04799) 서울특별시 성동구 성수동2가 광나루로6길 48 ,,,
9197,고경력과학기술인협동조합,대전 유성구,(34007) 대전광역시 유성구 봉산동 봉산로40번길 19(다인주택) 301호,127.3871037,36.43753918,
9198,경기다정방문요양센터,경기 시흥시,"(14963) 경기도 시흥시 월곶동 월곶해안로161번길 5-1 에이동 4층 405호(월곶동, 미도빌딩)",126.7367523,37.38830228,
9199,대명기업,부산 사하구,(49517) 부산광역시 사하구 다대동 감천항로 454 대선조선 내 대명기업,128.991407,35.05361901,
9200,(주)진안산업,인천 남동구,(21515) 인천광역시 남동구 간석동 만월북로44번길 8-98 (주)진안산업,126.7208631,37.46998626,
9201,(주)리더스교육평가원,대전 중구,(34934) 대전광역시 중구 대흥동 대종로 417-1 1층,127.4292997,36.32219203,
9202,"엑스코트코리아주식회사(ExcortKoreaCo.,Ltd)",경기 남양주시,(12196) 경기도 남양주시 화도읍 수레로1120번길 53 가동,127.3092203,37.63689568,
9203,백건,경기 남양주시,(12190) 경기도 남양주시 화도읍 경춘로2290번길 8(남양주월산사랑으로부영1단지) 111-304,127.3400178,37.65466858,
9204,"케이피이 주식회사(KPE Co.,Ltd)",경남 양산시,"(50522) 경상남도 양산시 주남동 주남산단3로 42 케이피이 주식회사(KPE Co.,Ltd)",129.1570879,35.42843048,
9205,(주)대흥기업,부산 해운대구,(48071) 부산광역시 해운대구 송정동 해운대로 1138 ,,,
9206,(주)아임삭,충북 청주시 청원구,(28118) 충청북도 청주시 청원구 오창읍 양청송대길 171 아임삭 주식회사,127.4477825,36.72498278,
9207,케이제이(KJ)선박기술,부산 해운대구,(48060) 부산광역시 해운대구 우동 센텀1로 9(롯데갤러리움센텀) 롯데갤러리움센텀 S동 704호,129.131295,35.16735698,
9208,서원산업주식회사,충남 아산시,(31418) 충청남도 아산시 음봉면 산동로 323 ,,,
9209,주식회사이에이치엠(EHM),세종 세종,(30036) 세종특별자치시  조치원읍 번암공단2길 33-2 (주)이에이치엠,127.2961204,36.5812387,
9210,윤담바리스타학원,경기 화성시,(18439) 경기도 화성시 반송동 10용사3길 33 1층 윤담바리스타학원,127.0674669,37.19215977,
9211,주식회사정일산업기계,인천 미추홀구,(22117) 인천광역시 미추홀구 도화동 장고개로50번길 55(정일산업) 정일산업,126.6703005,37.47091231,
9212,태원엠에스,부산 영도구,(49045) 부산광역시 영도구 남항동1가 남항로9번길 5(한울시너스) 305호,129.0377368,35.09005969,
9213,주식회사진송산업,부산 사하구,(49517) 부산광역시 사하구 다대동 감천항로 454 대선조선 내 (주)진송산업,128.991154,35.05358317,
9214,은연테크,울산 울주군,(45012) 울산광역시 울주군 서생면 천산로 182-21 은연테크,,,
9215,(주)씨지인사이드,서울 구로구,"(08390) 서울특별시 구로구 구로동 디지털로30길 31(코오롱디지털타워빌란트Ⅱ) 1407호 (구로동, 코오롱디지털타워빌란트2차)",126.8959817,37.48281631,
9216,고양KIDS,경기 고양시 일산동구,(10252) 경기도 고양시 일산동구 성석동 은마길 31-39 나동 (성석동),126.8057363,37.71004372,
9217,(주)한성중공업,경북 포항시 남구,(37838) 경상북도 포항시 남구 연일읍 동문로76번길 51((주)한성중공업) 오천리,129.3583852,35.99747847,
9218,서진산업주식회사,인천 서구,(22837) 인천광역시 서구 가좌동 가정로37번길 8 ,,,
9219,고양TMS,경기 고양시 일산동구,(10252) 경기도 고양시 일산동구 성석동 은마길 31-39 나동(성석동),126.8057363,37.71004372,
9220,위림,울산 울주군,(44954) 울산광역시 울주군 삼남읍 살태백이골길 21 위림,129.1336893,35.53914965,
9221,주식회사아토믹크루,서울 금천구,"(08502) 서울특별시 금천구 가산동 가산디지털1로 204 602,603호",126.8808986,37.48345155,
9222,SMTECH,경기 안성시,(17554) 경기도 안성시 원곡면 원암로 84-10 smtech,127.157307,37.08927427,
9223,주식회사지피씨인증원,서울 금천구,"(08590) 서울특별시 금천구 가산동 가산디지털1로 70(호서대벤처타워) 1103호(가산동, 호서대벤처타워)",126.8854842,37.4718232,
9224,주식회사 세아씨앤에스(C&S),전북 군산시,(54158) 전북특별자치도 군산시 소룡동 자유로 15-26 ,,,
9225,주식회사앨비,충북 음성군,(27644) 충청북도 음성군 금왕읍 신내로 482 .,127.5308456,36.98011207,
9226,주식회사고은,제주 제주시,(63309) 제주특별자치도 제주시 영평동 첨단로 330(세미양빌딩) D동 3층 14호,126.5714816,33.44230835,
9227,에프엔이치과기공소,부산 동래구,(47781) 부산광역시 동래구 명장동 명장로20번길 60 3층 에프앤이치과기공소,129.1012563,35.20343879,
9228,강원특별자치도장애인종합복지관,강원 춘천시,(24223) 강원특별자치도 춘천시 사농동 사우로 27(강원특별자치도장애인종합복지관) 강원특별자치도장애인종합복지관,127.7273262,37.90816194,
9229,(주)부성샤프트,광주 광산구,(62416) 광주광역시 광산구 옥동 평동로 831-15 (주)부성샤프트,126.7645035,35.12610154,
9230,주식회사대송엔지니어링,울산 북구,(44252) 울산광역시 북구 효문동 산성로 40(울산지식산업센터) B120호,129.3682102,35.56769084,
9231,주식회사대진테크,경남 거제시,(53254) 경상남도 거제시 고현동 거제중앙로 1859 3층(고현동),128.6249116,34.88424956,
9232,주식회사신한이엔지,부산 사하구,(49517) 부산광역시 사하구 다대동 감천항로 454 대선조선내 (주)신한이엔지,128.991154,35.05358317,
9233,고등현대서비스,경기 성남시 수정구,(13105) 경기도 성남시 수정구 고등동 청계산로2길 14(성남 고등빌딩) ,,,
9234,사단법인칼라클레이문화예술협회,부산 금정구,(46214) 부산광역시 금정구 남산동 벅구산로 24(칼라클레이문화예술협회) 201호,129.0940009,35.26990729,
9235,주식회사하나프리,경기 시흥시,(15101) 경기도 시흥시 정왕동 옥구천동로44번길 36((주)하나프리) ,,,
9236,심스요양보호사교육원,전남 여수시,(59663) 전라남도 여수시 안산동 장성4길 2 2층,127.6564229,34.75497102,
9237,별당,경기 의정부시,"(11801) 경기도 의정부시 고산동 고산로 135 고산동, 지상1,2층",127.1071777,37.73143406,
9238,주식회사탑클래스안경체인,부산 기장군,(46031) 부산광역시 기장군 장안읍 오리산단8로 7 ,,,
9239,피티네트워크,경남 양산시,(50502) 경상남도 양산시 하북면 신평7길 33-1 ,,,
9240,레피소드주식회사,광주 남구,"(61617) 광주광역시 남구 월산동 대남대로 388(스타빌딩) 3층 301호, 302호",126.8907078,35.14579014,
9241,주식회사에이치케이하이웨이,경기 평택시,(17797) 경기도 평택시 청북읍 평택제천고속도로 6(평택복합휴게시설) 2층 휴게소 사무실,126.9442884,37.04490711,
9242,주식회사진성휀테크,경기 김포시,(10011) 경기도 김포시 하성면 귀전로 172-19 (주)진성휀테크,126.6163296,37.72012255,
9243,주식회사카나,서울 서초구,(06743) 서울특별시 서초구 양재동 남부순환로356길 62(가이오빌딩) 2층,127.0383831,37.48215657,
9244,주식회사 디엠모티브(DM Motive Corp.),경남 창원시 진해구    ,(51612) 경상남도 창원시 진해구 남양동 남영로527번길 16((주)대광모티브) 디엠모티브,128.7801171,35.11755086,
9245,거성하이팩,경북 경산시,(38552) 경상북도 경산시 자인면 자인공단로 63((주)거성하이텍) 1층,128.8236979,35.82768464,
9246,(주)로시스정보기술,서울 강서구,"(07547) 서울특별시 강서구 염창동 양천로 583(우림블루나인비즈니스센터) 비동 308,309호",,,
9247,(주)청오플랜트,울산 남구,(44783) 울산광역시 남구 부곡동 용잠로40번길 12((주)청오플랜트) ,,,
9248,(주)광덕에이앤티원주공장,강원 원주시,(26362) 강원특별자치도 원주시 문막읍 문막공단길 176 ,,,
9249,수안과의원,제주 제주시,(63206) 제주특별자치도 제주시 이도이동 중앙로 286 3층(이도이동),126.5328935,33.4944692,
9250,인트레피드컨트롤씨스템즈코리아유한회사,경기 성남시 중원구,(13403) 경기도 성남시 중원구 상대원동 둔촌대로 388(크란츠 테크노) 1310,127.1591196,37.43255774,
9251,주식회사 루셀런스 (Luxellence Corp.),서울 서초구,(06785) 서울특별시 서초구 양재동 강남대로10길 65(화인빌딩) 3층,127.042526,37.46991071,
9252,(주)금성이앤씨,전남 곡성군,(57514) 전라남도 곡성군 겸면 마전농공길 30 (주)금성이앤씨,127.1600976,35.28017403,
9253,주식회사 핏리에버,세종 세종,(30033) 세종특별자치시  조치원읍 세종로 2296(세종창업키움센터) 3층 301호(세종창업키움센터),,,
9254,(주)유니온케미칼청주공장,충북 청주시 흥덕구,(28576) 충청북도 청주시 흥덕구 송정동 직지대로436번길 42 (송정동),127.4406169,36.64212829,
9255,(주)파워넷,서울 금천구,"(08584) 서울특별시 금천구 두산로 70(독산동, 현대지식산업센터) B동 17층",126.8955381,37.46893155,
9256,아이오드주식회사,경기 용인시 기흥구,(17015) 경기도 용인시 기흥구 중동 동백중앙로16번길 16-25(대우프론티어밸리 Ⅰ) 7층 714호,,,
9257,(주)우진피앤티,인천 부평구,(21315) 인천광역시 부평구 청천동 부평북로 229 1층,126.7185829,37.52284193,
9258,안성S.T.S,광주 광산구,"(62418) 광주광역시 광산구 월전동 원두로 64 가, 나동(월전동)",126.7720588,35.12354732,
9259,주식회사아이벡스메디칼시스템즈,강원 원주시,(26348) 강원특별자치도 원주시 지정면 신평로 20 아이벡스메디칼시스템즈,127.8898551,37.37451783,
9260,구루몽(GOURMOND),경기 남양주시,(12260) 경기도 남양주시 다산동 경춘로 377(다산 효성해링턴 타워) 102동 101~103호,127.1560613,37.60592111,
9261,신서기업,부산 사하구,(49517) 부산광역시 사하구 다대동 감천항로 454 대선조선 (내) ,128.991154,35.05358317,
9262,토마틀에듀주식회사,제주 제주시,(63138) 제주특별자치도 제주시 연동 연북로 60(대해빌딩) 2~3층,126.4877303,33.48155312,
9263,에프알엘코리아(주),서울 송파구,(05551) 서울특별시 송파구 신천동 올림픽로 300(롯데월드타워앤드롯데월드몰) 24층,127.1035252,37.51310843,
9264,(주)글로얀,강원 철원군,(24055) 강원특별자치도 철원군 김화읍 외골길 17-7 글로얀,127.407165,38.24764831,
9265,(주)신화스틸,대구 북구,(41511) 대구광역시 북구 검단동 검단로 227 1층,128.62916,35.91383463,
9266,(주)넥스모어시스템즈,서울 성동구,"(04794) 서울특별시 성동구 성수동2가 아차산로 103(영동테크노타워) 708호, 709호",127.0557823,37.54499419,
9267,평산RT,경남 김해시,(50932) 경상남도 김해시 안동 김해대로2635번길 11-28 평산 RT,128.9135201,35.22975913,
9268,"주식회사룩스온(LUXONCo.,Ltd)",경기 김포시,(10090) 경기도 김포시 장기동 태장로 765 517호,126.6818597,37.6397397,
9269,주식회사에셀테크,서울 금천구,(08511) 서울특별시 금천구 가산동 디지털로9길 65(백상스타타워1차) 1005호,126.8853128,37.48021131,
9270,하르딘리코,서울 양천구,(08010) 서울특별시 양천구 신정동 신목로 85 1층  102호 (신정동),126.8742623,37.52248337,
9271,썬테크,충북 진천군,(27809) 충청북도 진천군 광혜원면 진광로 941-1((주)현산) 썬테크,127.4282143,36.94173336,
9272,"주식회사디자인민영(Design Minyoung Co., Ltd.)",경기 고양시 덕양구,(10464) 경기도 고양시 덕양구 성사동 고양대로 1393(상상빌딩) 2층 2B호,126.8389286,37.65418972,
9273,티앤씨샤크주식회사,경기 파주시,(10844) 경기도 파주시 월롱면 다래울길 158-18(TncShark) 티앤씨샤크(주),126.7786273,37.79282156,
9274,주식회사진성이디씨,강원 춘천시,(24233) 강원특별자치도 춘천시 후평동 춘천로 419 3층,127.7520006,37.89059116,
9275,동건쌤미용학원,경기 남양주시,(12084) 경기도 남양주시 별내면 청학로중앙길 15(주공프라자) 305호,127.1180663,37.70844047,
9276,아이엠테크놀로지(주),경기 안성시,(17524) 경기도 안성시 죽산면 용대길 144-32 ,,,
9277,국제환경기술,강원 원주시,(26443) 강원특별자치도 원주시 개운동 도말리길 65-12 1층,127.9566614,37.34199507,
9278,주식회사동남공업사,서울 성동구,(04783) 서울특별시 성동구 성수동2가 연무장길 65(영남공업사) 2층,127.0568324,37.5422809,
9279,지에스플라텍,충북 진천군,(27809) 충청북도 진천군 광혜원면 진광로 941-1((주)현산) 지에스플라텍,127.4282143,36.94173336,
9280,주식회사 팀씨,서울 구로구,(08394) 서울특별시 구로구 구로동 디지털로 242(한화비즈메트로1차) 7층 703호,126.8930904,37.48074137,
9281,(주)하늘숲엔지니어링,충북 진천군,(27839) 충청북도 진천군 진천읍 남산7길 10 201호,127.4434772,36.85326367,
9282,주식회사고려유통,경기 군포시,(15874) 경기도 군포시 대야미동 번영로 252 대야미동,126.9251208,37.33792116,
9283,(주)제일레이저,광주 광산구,(62230) 광주광역시 광산구 하남동 하남산단2번로 45  ,,,
9284,삼우산업,경기 파주시,(10882) 경기도 파주시 산남동 산남로195번길 41 삼우산업,126.7047465,37.69851642,
9285,주식회사송원하이텍,부산 강서구,(46729) 부산광역시 강서구 생곡동 가달2로 60 (주)송원하이텍 1공장,128.8753666,35.13834611,
9286,(주)케이비아이테크,경남 창원시 의창구    ,(51124) 경상남도 창원시 의창구 대산면 봉강가술로559번길 8((주)케이비아이테크) ,,,
9287,모던포인트,대전 서구,(35401) 대전광역시 서구 도마동 도산로 41 2동 1층 101호,127.3806653,36.31240673,
9288,테스코정비,경남 거제시,(53261) 경상남도 거제시 장평동 장평3로 80(삼성중공업(주)거제조선소) 중장비정비고 테스코정비,128.6018683,34.89962348,
9289,평화사무용가구,경기 파주시,(10935) 경기도 파주시 조리읍 능안로266번길 18 평화사무용가구,126.7846196,37.73726048,
9290,한일산업엔에이치씨주식회사,경기 포천시,(11184) 경기도 포천시 소흘읍 호국로523번길 59-108 1층,127.1269784,37.82040652,
9291,유한회사 모든에스에프에스,전남 고흥군,(59502) 전라남도 고흥군 동강면 청정식품단지길 30 모든에스에프에스,127.3461825,34.80725994,
9292,대운토건주식회사,제주 제주시,(63323) 제주특별자치도 제주시 도련일동 건주로4길 6-4(제주 아빌로스) 414호(도련일동),126.580112,33.51651172,
9293,주식회사 이산친환경연구원,전남 담양군,(57309) 전라남도 담양군 담양읍 에코산단3로 30(이산친환경연구원)  ,,,
9294,용우종합건설(주),제주 제주시,(63188) 제주특별자치도 제주시 오라일동 서광로 154(오라동위락시설)    ,,,
9295,(주)스피덴트,인천 남동구,(21692) 인천광역시 남동구 고잔동 남동동로 84(한국산업단지공단 남동지식산업센터) 312호,126.6966143,37.39262908,
9296,주식회사데이블,서울 강남구,(06176) 서울특별시 강남구 대치동 테헤란로114길 38(동일타워) 1층,127.0672691,37.50715595,
9297,(주)세중,경기 용인시 처인구,(17172) 경기도 용인시 처인구 백암면 덕평로80번길 25(세중) ,,,
9298,선진섬유공업사,부산 사하구,(49432) 부산광역시 사하구 신평동 신산로29번길 19 선진섬유공업사,128.9582977,35.09167357,
9299,주식회사케이피전기,경기 이천시,(17387) 경기도 이천시 마장면 오천로 94-12 1층,127.3555921,37.24942401,
9300,주식회사명진에코화이바,경북 김천시,(39536) 경상북도 김천시 어모면 산업단지6로 41(대하산업(주)) 주식회사 명진에코화이바,128.1355964,36.16514482,
9301,(주)브레인케어,부산 사상구,(47006) 부산광역시 사상구 주례동 가야대로 370(동서빌딩) 11층 1102호,129.0128463,35.15111438,
9302,가치공간정보주식회사,서울 강서구,"(07505) 서울특별시 강서구 과해동 하늘길 70 2층 한국공항공사 창업보육센터 (KACoon) 사무실 C 내 가치공간정보주식회사 (과해동, 항공지원센터)",126.7987921,37.56230874,
9303,범진아이엔디(주),경기 안성시,(17509) 경기도 안성시 보개면 신장길 47-10 범진아이엔디(주),127.2845131,37.04516179,
9304,비제이주식회사,경남 김해시,(50853) 경상남도 김해시 한림면 용덕로23번길 109-27 비제이(주),128.8283837,35.28724515,
9305,(주)우성피엔에프,대구 수성구,(42020) 대구광역시 수성구 범어동 동대구로 386(킹덤오피스텔) 1008호,128.6276659,35.86493901,
9306,(주)인딥에이아이,서울 강남구,(06138) 서울특별시 강남구 역삼동 언주로 551 프라자빌딩 401호,127.0395258,37.50673534,
9307,주식회사대영이앤지,경기 광주시,(12814) 경기도 광주시 도척면 국사봉로133번길 33-30 1층,127.3463077,37.31949111,
9308,(주)두일이앤씨,경기 용인시 처인구,(17040) 경기도 용인시 처인구 유방동 영문로29번길 41-25 1층,127.2041489,37.26554145,
9309,주식회사하솔에프앤비,경기 고양시 일산동구,(10302) 경기도 고양시 일산동구 식사동 고양대로 946 1층 102호(식사동),126.7993754,37.67643604,
9310,주식회사안성기업,경기 양주시,(11413) 경기도 양주시 남면 현석로785번길 290-44 경신리 180-2,126.9832682,37.86080058,
9311,(주)동성금형열처리,경기 시흥시,(15108) 경기도 시흥시 정왕동 마유로118번길 87(동성금형열처리) (주)동성금형열처리,126.7285064,37.32598153,
9312,신한테크,경기 부천시 원미구,(14523) 경기도 부천시 원미구 도당동 도약로 261(부천대우테크노파크) A동 409호,126.7784703,37.51131211,
9313,에이치에스테크(HSTECH),경북 김천시,(39536) 경상북도 김천시 어모면 산업단지4로 89-19(그린산업) 에이치에스테크,128.1299742,36.16255499,
9314,노무법인노엘경기남부지사,경기 용인시 처인구,(17051) 경기도 용인시 처인구 김량장동 중부대로 1425(일삼빌딩) 4층 403호,127.2025652,37.23307917,
9315,주식회사 다원물산,광주 북구,(61089) 광주광역시 북구 연제동 첨단연신로 55 주식회사 다원물산,126.863691,35.20272532,
9316,코드웨이브,서울 강동구,(05379) 서울특별시 강동구 성내동 천호옛길 88(G라이트빌딩) 1동 5층 A574호,127.1258231,37.53642772,
9317,공지천제빵소,강원 춘천시,"(24239) 강원특별자치도 춘천시 삼천동 수변공원길 23 1,2층(삼천동)",127.7063638,37.87328681,
9318,(주)성도산업,경기 파주시,(10802) 경기도 파주시 적성면 적성산단로 145 ,(주)성도산업,126.9152677,37.97082709
9319,원강산업주식회사,경남 함안군,(52002) 경상남도 함안군 칠서면 공단안길 51(원강산업(주)) ,,,
9320,주식회사밸러링비즈,서울 종로구,(03178) 서울특별시 종로구 신문로2가 새문안로 41(경찰박물관) 백강빌딩 종로청년차업센터 201호,126.9688704,37.56888538,
9321,기린종합건설주식회사,경기 용인시 처인구,(17041) 경기도 용인시 처인구 유방동 백옥대로 1400(대성빌딩) 2층,127.2129282,37.25993898,
9322,서재요양원,대구 달성군,(42924) 대구광역시 달성군 다사읍 서재로31길 6 서재요양원,128.4958507,35.87690467,
9323,주식회사와이엔씨,경북 경산시,(38460) 경상북도 경산시 진량읍 공단4로40길 23(메모리상사) 주식회사와이엔씨,128.8311084,35.87500189,
9324,주식회사상생어벤져스컴퍼니,서울 강남구,(06028) 서울특별시 강남구 신사동 강남대로162길 27-8 5층(신사동),127.020834,37.52078611,
9325,(주)청우에이티에스,인천 미추홀구,(22121) 인천광역시 미추홀구 주안동 염전로333번길 47 청우ATS(단독 건물),126.6774082,37.47305704,
9326,더스톤즈,서울 종로구,(03139) 서울특별시 종로구 묘동 돈화문로5가길 22(다리치) 4층 401호,126.991607,37.57176669,
9327,주식회사애자일소다,서울 강남구,"(06149) 서울특별시 강남구 역삼동 선릉로 525 3층(역삼동, 인포스톰빌딩) ",127.0475781,37.50626405,
9328,라이징캠프학원,서울 서초구,(06691) 서울특별시 서초구 방배동 방배천로2안길 75 2층 ,126.9838316,37.48024124,
9329,남건테크,대전 대덕구,(34362) 대전광역시 대덕구 대화동 대화로32번길 150(왕림산업) 남건테크,127.413854,36.37454029,
9330,주식회사유비코리아,강원 원주시,(26353) 강원특별자치도 원주시 지정면 무릉로 43 211호(팬더프라자),127.8777233,37.37490551,
9331,유한회사완도세계로237,전남 완도군,(59111) 전라남도 완도군 완도읍 망석길 70-6 완도세계로237,126.7510053,34.30364838,
9332,(주)픽셀즈,충북 청주시 청원구,"(28501) 충청북도 청주시 청원구 내덕동 상당로 314(문화제조창 청주시청제2임시청사) 322호 (내덕동, 청주첨단문화산업단지)",127.4900667,36.65613874,
9333,(주)제이투케이바이오,충북 청주시 청원구,(28104) 충청북도 청주시 청원구 오창읍 두릉유리로 50-3 ,,,
9334,(주)메디커넥터,경북 구미시,"(39373) 경상북도 구미시 공단동 1공단로4길 141-37 가,나,라동",128.3729853,36.09082272,
9335,(주)평우서비스빵빵용달초월점,경기 광주시,(12799) 경기도 광주시 초월읍 경충대로 870 1층,127.3157724,37.36131075,
9336,유동부치아바타주식회사,강원 춘천시,"(24401) 강원특별자치도 춘천시 동내면 외솔길19번길 80-34 1,2,3,4층",127.7587797,37.85759231,
9337,신목로점현대자동차,서울 양천구,(08015) 서울특별시 양천구 신정동 신목로 26(영광빌딩) 1층,126.8745115,37.51828785,
9338,(주)골드팡,서울 종로구,(03139) 서울특별시 종로구 묘동 돈화문로 37-1(골드팡빌딩) 3 층,126.991584,37.57186861,
9339,(주)경성이엔지,충북 청주시 상당구,(28187) 충청북도 청주시 상당구 남일면 효촌송암1길 51-3 (주)경성이엔지,127.5132038,36.5889261,
9340,합천군립노인전문요양원,경남 합천군,(50246) 경상남도 합천군 초계면 우회로 72-14(합천군립노인전문요양원) 합천군립노인전문요양원,128.2464805,35.55974226,
9341,(주)진우씨스템,서울 금천구,"(08594) 서울특별시 금천구 가산동 가산디지털1로 33-33(대륭테크노타운2차) 104, 107호",126.8845571,37.46852885,
9342,로만시스(주)칠서공장,경남 함안군,(52001) 경상남도 함안군 칠서면 공단서1길 49(로만시스주식회사) 로만시스 칠서공장,128.481039,35.36646292,
9343,(주)신라에프에이,광주 광산구,(62227) 광주광역시 광산구 장덕동 하남산단4번로 131-16 신라에프에이,126.8087408,35.19451157,
9344,배선정공,울산 울주군,(44905) 울산광역시 울주군 상북면 길천산업2길 36-8 배선정공,129.0782156,35.59608437,
9345,(주)라이크웨이,서울 강남구,(06131) 서울특별시 강남구 역삼동 테헤란로19길 31 ,,,
9346,(주)다우기업,충남 아산시,(31445) 충청남도 아산시 염치읍 쌍죽길 144-13 다우기업,126.9859682,36.82440587,
9347,전북농촌융복합산업경영체협동조합,전북 전주시 완산구,(55065) 전북특별자치도 전주시 완산구 효자동2가 소태정3길 9-4 201호,127.09993,35.80316615,
9348,명승파워넷(주),서울 영등포구,"(07382) 서울특별시 영등포구 신길동 도신로 98(신길우성5차아파트) 상가동 202, 203호",126.9035759,37.50676882,
9349,(주)노벨오토모티브코리아,대구 달성군,(42993) 대구광역시 달성군 유가읍 테크노중앙대로 70 노벨오토모티브코리아,,,
9350,이래봄수어아카데미평생교육원,경기 성남시 중원구,(13376) 경기도 성남시 중원구 성남동 성남대로 1133 412호,127.1285768,37.43099938,
9351,(주)화남인터내셔날,강원 동해시,"(25798) 강원특별자치도 동해시 구호동 공단1로 177 1층 103호(구호동, 동해자유무역지역)",129.1530177,37.48072106,
9352,(주)에이치엠티,경북 포항시 남구,"(37668) 경상북도 포항시 남구 지곡로 394(지곡동, 포항테크노파크) 4벤처동 2층",129.316933,36.03631504,
9353,(주)티엘론,전북 부안군,(56303) 전북특별자치도 부안군 행안면 부안농공단지길 14-8(티엘론) ,,,
9354,(주)지엠아이,강원 홍천군,(25119) 강원특별자치도 홍천군 홍천읍 옥류동길 137-21 (주)지엠아이,127.8949342,37.63484919,
9355,살롱에이(SalonA)방배역점,서울 서초구,(06665) 서울특별시 서초구 방배동 방배로 90(농전빌딩) 3층,126.997195,37.482378,
9356,피앤티컨설팅주식회사,서울 금천구,(08506) 서울특별시 금천구 가산동 가산디지털1로 149(신한이노플렉스) 905호(신한이노플렉스 2차),126.8819573,37.4787393,
9357,주식회사 에이치엠아이 (HMI Inc.),서울 금천구,"(08504) 서울특별시 금천구 가산동 가산디지털2로 135(가산 어반워크I) 가동 9층 913호 (가산동, 가산어반워크I)",126.8782496,37.48003598,
9358,(주)다원화학,경북 포항시 남구,(37668) 경상북도 포항시 남구 지곡동 지곡로 394(포항테크노파크) 321호,129.3169859,36.03636976,
9359,주식회사킵스(Keeps),경기 파주시,(10802) 경기도 파주시 적성면 적성산단2로 16-2 가월리1853-7,126.9070492,37.96800981,
9360,(주)사세,충북 진천군,(27856) 충청북도 진천군 덕산읍 산수산단3로 11((주)사세) ,,,
9361,(주)더감동팩토리,서울 마포구,(04048) 서울특별시 마포구 서교동 독막로9길 18(서홍빌딩) 서홍빌딩 5층,126.9200361,37.54900437,
9362,"주식회사에스지에스코리아(SGSKOREACO.,LTD.)",경기 화성시,(18449) 경기도 화성시 석우동 삼성1로3길 48 주식회사 SGSKOREA,127.0704572,37.22127739,
9363,주식회사윈백고이스트(Winback Go East)),강원 원주시,(26354) 강원특별자치도 원주시 지정면 기업도시로 200(의료기기종합지원센터) 6층 608호,127.8739701,37.37154551,
9364,무주반딧불시니어클럽,전북 무주군,(55521) 전북특별자치도 무주군 무주읍 단천로 137 무주반딧불시니어클럽,127.6663326,36.00805954,
9365,가람정보기술주식회사,광주 북구,(61011) 광주광역시 북구 오룡동 첨단과기로208번길 43-22(와이어스파크(지식산업센터)) 에프에이-1307호,126.8517018,35.22244113,
9366,두원푸드,전남 강진군,(59259) 전라남도 강진군 칠량면 청자로 656-73 두원푸드,126.7902931,34.58911984,
9367,(주)터보맥스,충북 청주시 흥덕구,(28220) 충청북도 청주시 흥덕구 오송읍 오송생명9로 208 ,,,
9368,(주)액스비스,대전 유성구,(34014) 대전광역시 유성구 관평동 테크노1로 57(휴비스) ,,,
9369,152사운드랩학원,서울 강남구,(06035) 서울특별시 강남구 신사동 강남대로152길 44 다원빌딩 5층 152사운드랩,127.0228947,37.51808449,
9370,엠제이테크주식회사,경기 시흥시,(14930) 경기도 시흥시 안현동 현대마을길 37-1(일광정밀) 엠제이테크(주),126.8117335,37.43747066,
9371,안도세무회계,서울 송파구,(05807) 서울특별시 송파구 문정동 송파대로20길 22 2층 202호(다인빌딩),127.1253678,37.48564215,
9372,불로공업(주),경기 부천시 원미구,(14558) 경기도 부천시 원미구 원미동 부천로168번길 27 불로공업(주),126.7876721,37.49918162,
9373,(주)금명하이텍,광주 광산구,(62405) 광주광역시 광산구 삼거동 빛그린동로 33 (주)금명하이텍,126.6727058,35.16770868,
9374,대한주택관리사협회강원도회,강원 원주시,(26339) 강원특별자치도 원주시 우산동 상지대길 83(상지대학교) 학술정보원 410호,127.9287278,37.37009538,
9375,산림조경전문기술학원,강원 춘천시,(24368) 강원특별자치도 춘천시 퇴계동 우묵길56번길 24 5층 501호,127.7240881,37.86453977,
9376,(주)선우시스,경기 김포시,(10028) 경기도 김포시 대곶면 대곶북로305번길 42-30 선우시스,126.5729206,37.67353948,
9377,한국조경개발(주),경기 부천시 원미구,"(14582) 경기도 부천시 원미구 중동 부흥로315번길 52(다복빌딩) 중동, 다복빌딩, 502호",126.7774136,37.49664422,
9378,주식회사호혜자동차,서울 성동구,"(04798) 서울특별시 성동구 성수동2가 성수이로22길 40 (1,2층) 주)호혜자동차",127.0613263,37.54338472,
9379,주식회사세현파크,경기 안산시 단원구,(15428) 경기도 안산시 단원구 성곡동 강촌로139번길 82-7((주)세현파크) ,,,
9380,데이콘랩주식회사,서울 영등포구,(07293) 서울특별시 영등포구 문래동3가 문래북로 116(트리플렉스) 703호,126.8980336,37.51937142,
9381,주성기공,대전 대덕구,(34436) 대전광역시 대덕구 오정동 옛신탄진로 196-1 주성기공,127.4165862,36.35684983,
9382,주식회사에스앤씨세인,부산 해운대구,(48058) 부산광역시 해운대구 우동 센텀서로 30(케이엔엔타워) 25층 2507호,129.1285869,35.17166692,
9383,주식회사엘시티매니지먼트,부산 해운대구,(48099) 부산광역시 해운대구 중동 달맞이길 30(엘시티) 엘시티포디움동 2066호,129.1689585,35.16066636,
9384,(주)청운이엔지,울산 동구,(44113) 울산광역시 동구 방어동 방어진순환도로 100(현대미포조선) (주)청운이엔지,129.4038472,35.50029984,
9385,(주)세왕기업,울산 동구,(44113) 울산광역시 동구 방어동 방어진순환도로 100(현대미포조선) 도장부 (주)세왕기업,129.4038472,35.50029984,
9386,세진스틸(주),경기 안산시 단원구,(15602) 경기도 안산시 단원구 목내동 신원로 337 ,,,
9387,오르리단팥빵,서울 양천구,(08093) 서울특별시 양천구 신정동 목동서로 377(이스타빌) 1층 101호(신정동)(신정동. 이스타빌),126.8620341,37.51634269,
9388,유테크,충북 청주시 청원구,(28307) 충청북도 청주시 청원구 외남동 외남로 48-57 유테크,127.4866692,36.69648543,
9389,주식회사이노포스트,서울 서초구,(06566) 서울특별시 서초구 방배동 동광로 2(정태빌딩) 5층,126.9831619,37.49062961,
9390,(주)비룡씨에이치씨,강원 춘천시,(24409) 강원특별자치도 춘천시 동산면 논골길 17-24 1층,127.7641131,37.77480128,
9391,(주)에이엘베스트,충남 당진시,(31736) 충청남도 당진시 송악읍 순성로 777-47(에이엘베스트) 에이엘베스트,126.7268165,36.86436536,
9392,(주)동아일보사,서울 종로구,(03187) 서울특별시 종로구 서린동 청계천로 1(동아일보사) ,,,
9393,주식회사더모먼트컴퍼니,서울 성동구,(04702) 서울특별시 성동구 하왕십리동 청계천로 458(동원빌딩) 2층,127.0276374,37.56995169,
9394,(주)팝마트코리아,서울 마포구,(03995) 서울특별시 마포구 동교동 동교로 174 청하빌딩 6층,126.921194,37.5559788,
9395,사회적협동조합희망리본,강원 춘천시,(24367) 강원특별자치도 춘천시 퇴계동 효자로 7-1  2층,127.7259734,37.86559129,
9396,준희어패럴,경기 성남시 수정구,(13288) 경기도 성남시 수정구 태평동 남문로78번길 3 준희어페럴202호,127.1356242,37.44624283,
9397,에스엠천사,충남 천안시 동남구,(31115) 충청남도 천안시 동남구 신부동 북일로 71 DK프라자 403호,127.1580295,36.82896454,
9398,해담어린이집,경남 창원시 마산회원구,(51214) 경상남도 창원시 마산회원구 내서읍 호원로 359(코오롱하늘채2차) 213동 104호,128.5231572,35.26286523,
9399,주식회사은성기업,울산 동구,(44113) 울산광역시 동구 방어동 방어진순환도로 100(현대미포조선) (주)은성기업,129.4038472,35.50029984,
9400,(주)금양기업,울산 동구,(44113) 울산광역시 동구 방어동 방어진순환도로 100(현대미포조선) 금양기업,129.4038472,35.50029984,
9401,주식회사프로그즈,경기 안양시 만안구,(14001) 경기도 안양시 만안구 안양동 안양로 311(PROJECT 500 TOWER) 15층 1509호 주식회사 프로그즈,126.9202575,37.39973665,
9402,나영뷰티아카데미학원,강원 강릉시,(25515) 강원특별자치도 강릉시 교동 솔올로5번길 9 동해타워 2층 b동,128.8762538,37.76260847,
9403,농업회사법인푸르미농산주식회사,충남 천안시 서북구,(31041) 충청남도 천안시 서북구 성거읍 모전1길 345 ,,,
9404,주식회사카카오스타일(KakaoStyleCorp.),경기 성남시 분당구,(13494) 경기도 성남시 분당구 삼평동 판교역로 235(에이치스퀘어 엔동) 6층,127.1086735,37.40209659,
9405,(주)번영이엔지,울산 동구,(44113) 울산광역시 동구 방어동 방어진순환도로 100(현대미포조선) ,,,
9406,동성화학,부산 사상구,(47029) 부산광역시 사상구 감전동 낙동대로 910(마트월드) (마트월드 B-315호) 동성화학,128.9709813,35.14185448,
9407,케이언트헤어,경기 성남시 중원구,"(13356) 경기도 성남시 중원구 성남동 광명로 89(성남 센트럴 푸르지오 시티) 1층, 160호",127.1384737,37.43532171,
9408,동해복층유리공업(주),강원 동해시,"(25799) 강원특별자치도 동해시 공단3로 47(구호동, 동해복층유리공업(주) 관리동) ",,,
9409,(주)엠일일사,서울 서초구,"(06628) 서울특별시 서초구 서초동 강남대로 309(코리아비지니스센타) 4동 17층 417, 418호",127.0304451,37.49059735,
9410,렛츠메이크,경기 안양시 만안구,(13982) 경기도 안양시 만안구 박달동 박달로479번길 19 2층,126.9055367,37.40341029,
9411,금아파워텍주식회사,경남 진주시,(52845) 경상남도 진주시 정촌면 산업로111번길 30 1층,128.1056249,35.12693487,
9412,씨앗나무교육원,대전 동구,(34658) 대전광역시 동구 대동 용운로 16 2층,127.4446801,36.32836323,
9413,임팩트,서울 영등포구,"(07345) 서울특별시 영등포구 63로 40(여의도동, 라이프오피스텔) 1016호",126.9386762,37.51981496,
9414,주식회사코브(KovCorp),충남 천안시 서북구,(31166) 충청남도 천안시 서북구 쌍용동 쌍용8길 17-3 103호,127.1215014,36.80179344,
9415,주식회사소연메디칼,강원 원주시,(26362) 강원특별자치도 원주시 문막읍 문막공단길 222 ,,,
9416,주식회사아이엠지테크,경기 화성시,"(18255) 경기도 화성시 남양읍 주석로80번길 26-32 , 비동",126.8399994,37.21360104,
9417,(주)피엔티,경북 구미시,(39422) 경상북도 구미시 금전동 첨단기업로 33 (금전동),128.4458175,36.13512277,
9418,주식회사화남코퍼레이션,강원 동해시,(25798) 강원특별자치도 동해시 구호동 공단1로 177-21(공장) 주식회사화남코퍼레이션,129.1531285,37.47917524,
9419,(주)진서기업,울산 남구,(44784) 울산광역시 남구 황성동 처용로 800(현대중공업(주)) (주)진서기업,129.3677979,35.46648038,
9420,농업회사법인농부군단주식회사,충남 공주시,(32567) 충청남도 공주시 금흥동 장기로 112 1층(금흥동),127.1524003,36.48075131,
9421,(주)연서산업,울산 남구,(44784) 울산광역시 남구 황성동 처용로 800(현대중공업(주)) 현대미포조선 용연공장부 내 (주)연서산업,129.3677979,35.46648038,
9422,(주)에스씨엘,경기 안산시 단원구,(15658) 경기도 안산시 단원구 목내동 시화호수로 971((주)에스씨엘 시화MTV) (주)에스씨엘,126.7742968,37.29385638,
9423,"주식회사 에스티엠마린 (STM Marine Co., Ltd.)",부산 영도구,(49049) 부산광역시 영도구 남항동2가 남항서로 85(국제선용품유통센터) 504호,129.0352388,35.08792078,
9424,호미탐더파크주식회사,충남 아산시,"(31479) 충청남도 아산시 배방읍 배방로 86 1,2,3동 호미탐",127.0554756,36.76913938,
9425,농업회사법인주식회사대동농기계,충남 부여군,(33168) 충청남도 부여군 부여읍 성왕로 94 2동,126.9045192,36.27487937,
9426,대승산업주식회사,전남 영광군,(57031) 전라남도 영광군 군서면 백수로17길 26 대승산업 주식회사,126.4781481,35.28021329,
9427,렘코주식회사,경북 포항시 남구,(37871) 경상북도 포항시 남구 장흥동 장흥로39번길 44 렘코 주식회사,129.3725457,35.97619584,
9428,주식회사수원기업,울산 동구,(44113) 울산광역시 동구 방어동 방어진순환도로 100(현대미포조선) 외업3관 5층 수원기업,129.4038472,35.50029984,
9429,미래카본주식회사,충남 아산시,(31416) 충청남도 아산시 음봉면 월산로 128-170 1동~2동,127.0848474,36.84250886,
9430,"주식회사페트로마인코리아(Petromine Korea Co.,Ltd.)",경북 칠곡군,(39804) 경상북도 칠곡군 북삼읍 어로4길 74-3 (주)페트로마인코리아,128.3255691,36.04556901,
9431,한성특수금속열처리,대구 달서구,(42711) 대구광역시 달서구 파호동 달서대로95길 146 한성특수금속열처리,128.475677,35.8422162,
9432,테스코주식회사,경남 진주시,(52847) 경상남도 진주시 정촌면 뿌리산단로50번길 78 테스코(주),128.107658,35.10932303,
9433,(주)야정,울산 울주군,(44988) 울산광역시 울주군 청량읍 처용산업4길 14-5((주)성억엔지니어링) 2층 (주)야정,129.3288992,35.47354698,
9434,(주)에스제이테크,강원 횡성군,(25244) 강원특별자치도 횡성군 우천면 우천산업단지로 60-54 ,,,
9435,(주)금성이노텍,경남 진주시,(52845) 경상남도 진주시 정촌면 산업로 21 금성이노텍,128.1023478,35.11818601,
9436,주식회사퓨릿,경북 경주시,(38029) 경상북도 경주시 안강읍 사박길 21(퓨릿 본사) (주)퓨릿 본사,129.1607674,35.98215599,
9437,(주)태운선박,울산 남구,(44784) 울산광역시 남구 황성동 처용로 800(현대중공업(주)) 내 (주)태운선박,129.3677979,35.46648038,
9438,주식회사 아이엔드,울산 울주군,(44936) 울산광역시 울주군 언양읍 반천산업로 108-105(에스아이에스(주)) FA동 2층 (주)아이엔드,129.1534327,35.56157618,
9439,주식회사비에스원,경북 포항시 남구,(37839) 경상북도 포항시 남구 연일읍 철강로107번길 74 주식회사 비에스원,129.3558816,35.99580534,
9440,백진,충남 천안시 서북구,(31043) 충청남도 천안시 서북구 성거읍 오목모전길 56-23 21,127.2067152,36.89800459,
9441,덕흥주식회사,경남 김해시,(50857) 경상남도 김해시 진영읍 본산로110번길 26 덕흥주식회사,128.7449788,35.31350418,
9442,수메디&테크,충남 공주시,(32605) 충청남도 공주시 이인면 조정길 16 101호,127.0866341,36.40178431,
9443,농업회사법인오즈네이쳐주식회사,충북 청주시 흥덕구,(28359) 충청북도 청주시 흥덕구 지동동 지동로 37 오즈네이쳐,127.4120095,36.64395363,
9444,(주)아이비에스에프에이,전남 장성군,(57248) 전라남도 장성군 남면 나노산단로 120-1 ,,,
9445,(주)식판천사,경북 구미시,(39423) 경상북도 구미시 금전동 4공단로 405 103호,128.4597273,36.12906025,
9446,주식회사하나플라텍,충북 청주시 흥덕구,(28114) 충청북도 청주시 흥덕구 옥산면 덕촌삼성골길 20-16 주식회사 하나플라텍,127.3637052,36.66098512,
9447,세무사김수경사무소,서울 동대문구,"(02559) 서울특별시 동대문구 전농동 왕산로 200 섹션오피스 가동 910호(전농동, 청량리역 롯데캐슬sky-L65)",127.0460088,37.57981976,
9448,포천시종합사회복지관,경기 포천시,(11151) 경기도 포천시 군내면 청성로 5(포천종합사회복지관) 포천시종합사회복지관,127.2121181,37.90493857,
9449,(주)우리강산시스템,서울 금천구,"(08507) 서울특별시 금천구 가산동 가산디지털1로 168(우림라이온스밸리) B동 1407, 1408호",126.8824301,37.48004623,
9450,(주)태진김천공장,경북 김천시,(39506) 경상북도 김천시 어모면 산업단지7로 114(주식회사태진) ,,,
9451,남부전력(주),전남 진도군,(58909) 전라남도 진도군 고군면 진도대로 31 1층,126.3194517,34.50137745,
9452,인우기전,경기 평택시,(17815) 경기도 평택시 안중읍 성해1길 33 ,,,
9453,주식회사정진기업,경남 거제시,(53261) 경상남도 거제시 장평동 장평3로 80(삼성중공업(주)거제조선소) 주식회사 정진기업,128.6018683,34.89962348,
9454,신흥세무회계,서울 강남구,(06025) 서울특별시 강남구 신사동 논현로158길 8 102호(단일빌딩),127.0290468,37.5219018,
9455,진광전력,전남 해남군,(59021) 전라남도 해남군 옥천면 옥천로 21 1층,126.6487056,34.56516314,
9456,(주)제이앤에스,경북 칠곡군,(39910) 경상북도 칠곡군 왜관읍 2산업단지2길 111 제이앤에스,128.4029172,35.94555218,
9457,주식회사인성티앤씨,울산 동구,(44113) 울산광역시 동구 방어동 방어진순환도로 100(현대미포조선) 주식회사인성티앤씨,129.4038472,35.50029984,
9458,파인머트리얼즈(주),부산 강서구,(46754) 부산광역시 강서구 송정동 녹산산단261로14번길 45-13 1층,128.8503569,35.09133901,
9459,주식회사경성볼트,부산 강서구,(46736) 부산광역시 강서구 녹산동 낙동남로666번길 9-1 경성볼트,128.8909521,35.11785386,
9460,대승금속,경기 김포시,(10026) 경기도 김포시 대곶면 대곶로321번길 251 대승금속,126.5460094,37.6701498,
9461,한빛테크,대전 대덕구,(34366) 대전광역시 대덕구 대화동 대화로150번길 42-17 ,,,
9462,주식회사엔시스,부산 북구,(46559) 부산광역시 북구 만덕1로104번가길 24 만덕동,129.0260411,35.21512901,
9463,(주)인탑스테크닉,광주 광산구,(62464) 광주광역시 광산구 진곡동 진곡산단5번로 17-15 1 층,126.7800057,35.2073921,
9464,주식회사플렉스로직,충북 청주시 흥덕구,(28576) 충청북도 청주시 흥덕구 송정동 공단로 134(세중테크노밸리) 1402호~1404호,127.4368611,36.64242025,
9465,(주)화왕산업,울산 남구,"(44784) 울산광역시 남구 처용로 800(황성동, 현대중공업(주)) 화왕산업",129.3677979,35.46648038,
9466,주식회사 로하스크리에이티브,경기 안성시,(17562) 경기도 안성시 공도읍 효자비길 58 ,,,
9467,(주)성화정보기술,부산 연제구,(47513) 부산광역시 연제구 거제동 중앙대로1226번길 30(태경썬-싸인 아파트) 태경썬-싸인 아파트 상가동 4층,129.0799463,35.19842356,
9468,이지선 미용학원,강원 원주시,(26392) 강원특별자치도 원주시 무실동 능라동길 75 휴먼빌딩 3층 304호,127.9299522,37.33285683,
9469,사회복지법인청은(함양정신요양원),경남 함양군,(50023) 경상남도 함양군 함양읍 월명길 12 함양정신요양원,127.7790092,35.52076419,
9470,우성이엔지,울산 동구,(44113) 울산광역시 동구 방어동 방어진순환도로 100(현대미포조선) 현대미포조선內 우성이엔지,129.4038472,35.50029984,
9471,(주)신운선박,울산 동구,(44113) 울산광역시 동구 방어동 방어진순환도로 100(현대미포조선) 미포조선내 협력업체 신운선박,129.4038472,35.50029984,
9472,뉴프라임기공소,경기 성남시 분당구,"(13497) 경기도 성남시 분당구 야탑로81번길 10(야탑동, 분당아미고타워) 401호",127.1281586,37.41055603,
9473,주식회사제이에스글로벌,강원 강릉시,(25451) 강원특별자치도 강릉시 대전동 사임당로 641-28 가톨릭관동대학교 창업보육센타 301호,128.8538613,37.79707942,
9474,쎄븐헤어월드포레점,서울 송파구,"(05769) 서울특별시 송파구 가락동 동남로 230(에스아이팰리스송파포레) 지하1층 비101, 비102, 비103. 비105호",127.1330527,37.4971354,
9475,안면도노인복지관,충남 태안군,(32164) 충청남도 태안군 안면읍 승언로 16 안면도노인복지관,126.3441119,36.51728859,
9476,주식회사에코프로씨엔지,경북 포항시 북구,(37948) 경상북도 포항시 북구 흥해읍 영일만산단남로 3((주)에코프로씨엔지) ,,,
9477,(주)제일티엔아이,인천 서구,"(22664) 인천광역시 서구 오류동 보듬로 163 오류동, 검단일반산업단지 16블럭19로트",126.6143005,37.5970133,
9478,주식회사온더라이브,서울 송파구,(05836) 서울특별시 송파구 문정동 법원로9길 26(에이치비즈니스파크) C동 217호,127.1168692,37.48443431,
9479,한국보건복지인재원,충북 청주시 흥덕구,(28159) 충청북도 청주시 흥덕구 오송읍 오송생명2로 187(오송보건의료행정타운) 한국보건복지인재원 2층,127.33,36.63909937,
9480,성신이엔지,대전 대덕구,(34368) 대전광역시 대덕구 대화동 대화로 160(대전산업용재유통상가) 5-327,127.4024516,36.36605428,
9481,(주)디에스텍,경북 포항시 남구,(37841) 경상북도 포항시 남구 연일읍 연일로145번길 72 4층,129.3517057,35.99807661,
9482,배꼽제빵소,강원 양구군,(24519) 강원특별자치도 양구군 양구읍 박수근로365번길 20-2 배꼽제빵소,127.981001,38.10521352,
9483,예산군시니어클럽,충남 예산군,(32423) 충청남도 예산군 예산읍 벚꽃로 226-16(노인일자리지원센터) 예산군시니어클럽,126.8402337,36.69922919,
9484,주식회사파이비스,경북 포항시 남구,"(37668) 경상북도 포항시 남구 지곡로 394(지곡동, 포항테크노파크) 제1벤처동 2층 208호",129.316933,36.03631504,
9485,에스에이치티,경기 평택시,(17710) 경기도 평택시 진위면 동천2길 74 에스에이치티 ,127.1088632,37.13837649,
9486,주식회사씨앤에이아이,서울 강동구,(05203) 서울특별시 강동구 고덕비즈밸리로 38 KS타워 11층,127.1595487,37.56634525,
9487,주식회사 중앙첨단소재,경기 안양시 동안구,"(14041) 경기도 안양시 동안구 시민대로 115 5층 503호(호계동, C&J TOWER)",126.9453394,37.38748259,
9488,제일금속,경남 진주시,(52799) 경상남도 진주시 도동로87번길 4 (상평동),128.1223763,35.17817292,
9489,강릉에코파워(주),강원 강릉시,(25620) 강원특별자치도 강릉시 강동면 율곡로 1954 강릉에코파워(주),128.9786448,37.73261128,
9490,주식회사도원리사이클링,경남 함안군,(52009) 경상남도 함안군 칠서면 이산로 263-3 도원리사이클링,128.4801127,35.35083543,
9491,(주)세인이엔에스,서울 금천구,"(08506) 서울특별시 금천구 가산디지털2로 108(가산동, 뉴티캐슬) 306호 (뉴티캐슬)",126.8804892,37.47774669,
9492,(주)KHPT,경남 창원시 성산구    ,"(51430) 경상남도 창원시 성산구 중앙대로 263(용호동, 오피스프라자) 309호",128.6893199,35.23592503,
9493,주식회사아메리카요가,서울 종로구,"(03189) 서울특별시 종로구 삼일대로17길 51(관철동, 스타골드빌딩) 7층 아메리카 요가",126.9846787,37.56909892,
9494,동양하이테크산업(주),광주 서구,(61902) 광주광역시 서구 동천로10번길 36-8 (동천동 582 외583) 동양하이테크산업주식회사,126.8613765,35.16918434,
9495,(주)전전사,경기 양주시,(11517) 경기도 양주시 백석읍 권율로1203번길 39-37 3층,126.9571175,37.79688778,
9496,로뎀나무실버타운,경북 구미시,(39146) 경상북도 구미시 고아읍 들성로9길 20-39 로뎀나무실버타운,128.3464127,36.16292538,
9497,주식회사한국파워테크,경남 김해시,(50967) 경상남도 김해시 서김해산단안길 28 ,,,
9498,강동수산(주),서울 송파구,"(05699) 서울특별시 송파구 양재대로 932(가락동, 가락동 농수산물도매시장) (가락동, 수산물시장동 3층 법인사무실 1호)",127.1114595,37.4934105,
9499,삼환염공(주),대구 서구,(41708) 대구광역시 서구 염색공단로 71 삼환염공,128.5487971,35.88601727,
9500,주식회사유림생활건강,경남 김해시,(50857) 경상남도 김해시 진영읍 본산2로 115 (주)유림생활건강,128.7574597,35.31289915,
9501,(주)마더네이처,서울 서초구,"(06748) 서울특별시 서초구 논현로27길 98 두창빌딩 , 비102(양재동)",127.0397194,37.47779027,
9502,인컴컴퓨터회계학원,경기 수원시 팔달구,"(16253) 경기도 수원시 팔달구 정조로 850(북수동, 길해빌딩) 2층일부, 3층전체, 4층전체 인컴컴퓨터회계학원",127.0163099,37.28391644,
9503,주식회사영유염직,대구 서구,(41704) 대구광역시 서구 염색공단중앙로21길 38 (주)영유염직,128.5427321,35.88674457,
9504,경희한방재가노인복지센터,경북 구미시,(39408) 경상북도 구미시 인동26길 6 4층 경희한방재가노인복지센터,128.4286225,36.09614722,
9505,(주)레스텍,대전 유성구,(34000) 대전광역시 유성구 국제과학8로 5 본관,127.3689235,36.47185624,
9506,이룸정보통신유한회사,전북 완주군,(55348) 전북특별자치도 완주군 소양면 송광수만로 335 1층,127.2427997,35.89057576,
9507,안김세무회계,강원 춘천시,(24443) 강원특별자치도 춘천시 춘주로 189 101호,127.7276162,37.85992567,
9508,주식회사수퍼브이알,경기 성남시 분당구,"(13595) 경기도 성남시 분당구 황새울로 234(수내동, 분당트라팰리스) 310호",127.1141289,37.37942218,
9509,주식회사태양인더스트리,울산 남구,"(44784) 울산광역시 남구 처용로 800(황성동, 현대중공업(주)) 태양인더스트리",129.3677979,35.46648038,
9510,주식회사에코맘의산골이유식농업회사법인,경남 하동군,(52305) 경상남도 하동군 악양면 정서길 199-8  ,,,
9511,주식회사조이,전북 완주군,(55362) 전북특별자치도 완주군 구이면 신전길 75-96 ,,,
9512,연세통신상대원점,경기 성남시 중원구,(13395) 경기도 성남시 중원구 금상로57번길 1 1층,127.1623224,37.44038317,
9513,(주)케이씨엘,경기 성남시 중원구,(13397) 경기도 성남시 중원구 희망로 348 1,127.1583763,37.43678752,
9514,탑스원(주),인천 미추홀구,(22161) 인천광역시 미추홀구 미추로 62 숭의동 3층,126.6458929,37.46534166,
9515,연세통신은행점,경기 성남시 중원구,(13158) 경기도 성남시 중원구 산성대로 490 1,127.1619802,37.4548537,
9516,주식회사티피아이인사이트,서울 강남구,"(06241) 서울특별시 강남구 테헤란로2길 27(역삼동, 패스트파이브빌딩) 1031호",127.0296034,37.4964847,
9517,주식회사준아기업,경남 거제시,"(53261) 경상남도 거제시 장평3로 80(장평동, 삼성중공업(주)거제조선소) 주식회사 준아기업",128.6018683,34.89962348,
9518,주식회사셀랩,충남 아산시,(31420) 충청남도 아산시 둔포면 윤보선로 291((주)셀랩) ,,,
9519,주식회사이누랩스,서울 중랑구,"(02262) 서울특별시 중랑구 신내역로 111(신내동, 신내 SK V1 center) A동 616호",127.1123694,37.61306041,
9520,강원효실버요양원,강원 춘천시,(24210) 강원특별자치도 춘천시 동면 춘천순환로 847 ,,,
9521,(주)승헌,경북 경주시,(38033) 경상북도 경주시 강동면 강동산단로1길 86-39 (주)승헌,,,
9522,주식회사선일텍스,대구 서구,(41704) 대구광역시 서구 염색공단천로19길 31 (주)선일텍스,128.5451694,35.88615797,
9523,주식회사트렌드코퍼레이션,강원 원주시,(26385) 강원특별자치도 원주시 섬밭들1길 14 1층,127.9217474,37.33372103,
9524,삼일방직(주),경북 경산시,(38495) 경상북도 경산시 진량읍 일연로 539(삼일방직(주)) ,,,
9525,알이디티주식회사,대전 유성구,"(34012) 대전광역시 유성구 테크노2로 13-10(관평동, 알이디티 주식회사) ",,,
9526,엠피케이정공유한회사,광주 광산구,(62416) 광주광역시 광산구 평동로 845 옥동,126.7666121,35.12537558,
9527,주식회사정진이엔지,울산 동구,"(44113) 울산광역시 동구 방어진순환도로 100(방어동, 현대미포조선) 선체조립부 협력업체 정진이엔지",129.4038472,35.50029984,
9528,주식회사금우이엔지,경남 진주시,(52607) 경상남도 진주시 대곡면 대화로 44 .,128.1842543,35.25769053,
9529,(주)갤러리수,서울 종로구,"(03134) 서울특별시 종로구 율곡로10길 63(권농동, 성우빌딩) 2층",126.9915845,37.57464786,
9530,(주)안진테크,울산 동구,"(44113) 울산광역시 동구 방어진순환도로 100(방어동, 현대미포조선) (주)안진테크",129.4039088,35.50013742,
9531,바름교육연구소,대구 수성구,(42113) 대구광역시 수성구 청수로45길 48-9 2층 208호,128.6335595,35.84243907,
9532,CF디자인 학원,충북 청주시 상당구,(28509) 충청북도 청주시 상당구 상당로 180 3층 일부(북문로 2가),127.4897299,36.64412743,
9533,(주)서울디자인하우스,서울 동대문구,"(02589) 서울특별시 동대문구 청계천로 503(용두동, 청계다우 아트리체 디벨) 1206호",127.0323805,37.57056327,
9534,(주)명진이엔씨,경남 창녕군,"(50334) 경상남도 창녕군 창녕읍 화왕산로 147(제1,2종근생) 201호",128.5056342,35.5325831,
9535,마네르Manere,서울 서초구,(06656) 서울특별시 서초구 서초대로40길 50 1층,127.0078006,37.48929768,
9536,마네르헤어&스파,서울 서초구,"(06657) 서울특별시 서초구 반포대로23길 13 1층,2층",127.0080772,37.48892094,
9537,주식회사명성공업사,경기 부천시 오정구,(14445) 경기도 부천시 오정구 석천로453번길 92-15 ,,,
9538,(주)한영,경기 하남시,(12985) 경기도 하남시 초일로 180 ,,,
9539,에이트팜,대전 중구,(35057) 대전광역시 중구 대둔산로300번길 7 404-1번지 1층 에이트팜,127.385044,36.29623878,
9540,현대자동차화북점,제주 제주시,(63298) 제주특별자치도 제주시 청풍남2길 3 현대자동차 화북점,126.5643851,33.51799782,
9541,더엠지주식회사,강원 태백시,(26050) 강원특별자치도 태백시 계산11길 45 ,,,
9542,주식회사드림아이디어소프트,대구 동구,"(41260) 대구광역시 동구 동대구로 465 1101~1104호 (신천동, 대구스케일업허브)",128.6248353,35.87162759,
9543,인지에이엠티(주),충남 당진시,(31721) 충청남도 당진시 송악읍 부곡공단4길 28-156(인지에이엠티(주)) ,,,
9544,주식회사골드앤,서울 종로구,(03133) 서울특별시 종로구 돈화문로11길 42 9층,126.9890491,37.57278256,
9545,솔라라이즈 주식회사 (Solarize Inc.),경북 포항시 남구,"(37673) 경상북도 포항시 남구 청암로 77(지곡동, 포항공과대학교) 공학2동 427호, 429호",129.3265949,36.01290064,
9546,디씨엠주식회사,경남 양산시,"(50539) 경상남도 양산시 웅상농공단지길 55(덕계동, 디씨엠(주)제1공장) 디씨엠(주)",129.1618,35.36651855,
9547,호연정공,경기 김포시,(10026) 경기도 김포시 대곶면 쇄암로117번길 61-57 1층 호연정공,126.5399352,37.67422548,
9548,주식회사지원산업,경북 구미시,(39373) 경상북도 구미시 1공단로4길 141-87 주식회사 지원산업,128.3736816,36.0934607,
9549,아이티무유주식회사,충북 청주시 상당구,"(28543) 충청북도 청주시 상당구 상당로 127(북문로2가, 자연타워빌딩) 제5층 501-113호",127.489703,36.63954931,
9550,제일산업,부산 강서구,(46740) 부산광역시 강서구 화전산단5로 15 제일산업 사무동 2층,128.8774483,35.09987224,
9551,엘에스머트리얼즈주식회사,경기 안양시 동안구,(14118) 경기도 안양시 동안구 엘에스로116번길 39 LS엠트론타워 6F(LS머트리얼즈),126.9498152,37.37376819,
9552,화목재가노인복지센터,경북 구미시,(39209) 경상북도 구미시 야은로9길 23-1 봉곡동,128.3086888,36.14440106,
9553,(주)삼보케미칼,경기 안성시,(17503) 경기도 안성시 양성면 덕봉서원로 357-54 (주)삼보케미칼,127.1808832,37.03571213,
9554,(주)테라엔지니어링,전북 전주시 덕진구,"(54853) 전북특별자치도 전주시 덕진구 반룡로 109(팔복동2가, 테크노빌) B동 209호",127.0832927,35.85815719,
9555,(주)레인보우에프엔에스,부산 사하구,(49479) 부산광역시 사하구 장림로 78-23 1층,128.9617022,35.07981611,
9556,주식회사더크린,경기 김포시,(10012) 경기도 김포시 하성면 동마동로 52 ,,,
9557,다뉴자동차진단평가,경기 광명시,"(14303) 경기도 광명시 오리로651번길 5(하안동, 프라임모터스빌딩) 1층151호",126.8767113,37.45871365,
9558,드로잉라인학원,대구 중구,(41918) 대구광역시 중구 국채보상로 555 3층,128.5913595,35.8707413,
9559,주식회사유성커플러,경기 김포시,(10030) 경기도 김포시 통진읍 가현로85번길 69 ,,,
9560,해동하이드로,부산 사상구,"(47019) 부산광역시 사상구 가야대로104번길 41(학장동, 해동유압) 1층",128.9837447,35.14832551,
9561,주식회사뉴런모터스,광주 광산구,(62213) 광주광역시 광산구 하남산단천변좌로 39 ,,,
9562,협동조합작은시선,부산 남구,"(48548) 부산광역시 남구 신선로 365(용당동, 부경대학교용당캠퍼스) 3층 324호",129.0912803,35.1165621,
9563,주식회사어펙션,경기 용인시 기흥구,"(16976) 경기도 용인시 기흥구 기흥로 58-1 A동 1313,1314호(구갈동,기흥ICT밸리 SKV1)",127.1193271,37.27996272,
9564,(주)미식주,대구 달성군,(42922) 대구광역시 달성군 다사읍 세천북로8길 9-10 1층,128.4775921,35.87889424,
9565,세종아이에스주식회사,세종 세종,"(30151) 세종특별자치시  한누리대로 2150(보람동, 스마트허브Ⅰ) 803B호",127.2873813,36.47851772,
9566,차앤비즈케어주식회사,부산 부산진구,"(47300) 부산광역시 부산진구 중앙대로666번길 50(부전동, 더샵 센트럴스타) 2층205호",129.0611146,35.15145925,
9567,난다코딩전문학원,부산 금정구,"(46232) 부산광역시 금정구 금강로 477(구서동, 구서골드2상가) 3층 302호",129.0876516,35.24992319,
9568,원주시니어클럽,강원 원주시,(26470) 강원특별자치도 원주시 치악로 1367 1층 원주시니어클럽,127.9761558,37.30944813,
9569,리얼코리아(주),부산 서구,"(49277) 부산광역시 서구 원양로 35(암남동, 국제수산물도매시장) 6층 608호",129.0105675,35.05862547,
9570,올케어솔루션,경기 평택시,"(17909) 경기도 평택시 중앙2로 13 6층 602-1-975호(평택동, 센텀스카이)",127.0885011,36.99199583,
9571,올케어회계,경기 평택시,(17902) 경기도 평택시 평택5로34번길 45 4층 1호,127.1145973,36.98903045,
9572,유일테크,부산 강서구,(46754) 부산광역시 강서구 녹산산업북로313번길 33 1층,128.8567371,35.0987345,
9573,케이-비즈솔루션(K-BizSolution),서울 영등포구,"(07205) 서울특별시 영등포구 양평로 136(양평동5가, 파크호텔) 3층, 304호",126.8930394,37.53867732,
9574,(주)대경티엠에스,대구 중구,"(41933) 대구광역시 중구 서성로 20(계산동2가, 대구매일신문사,대구은행계산동지점) 9층 902호",128.5875023,35.86829611,
9575,기대주식회사,부산 강서구,(46747) 부산광역시 강서구 미음국제5로가길 26 1층,128.8641321,35.15468711,
9576,포시즌키친광교직영점,경기 수원시 영통구,"(16517) 경기도 수원시 영통구 광교호수공원로 277(원천동, 광교중흥에스클래스) B2, 249~253, 255, 256",127.0574777,37.28251084,
9577,해강이엔지,울산 동구,"(44032) 울산광역시 동구 방어진순환도로 1000(전하동, 현대중공업) 엔진기계사업부 내 해강이엔지",129.4389104,35.51386318,
9578,주식회사강민,전북 군산시,"(54001) 전북특별자치도 군산시 서해로 625(비응도동, 현대중공업군산조선소) 비응관 3층 안전교육장 내 주식회사강민",126.5361113,35.9612332,
9579,신효구미노인복지센터,경북 칠곡군,(39810) 경상북도 칠곡군 북삼읍 북삼로 101 1층,128.3384141,36.07106424,
9580,주식회사 에스와이텍,경북 구미시,(39422) 경상북도 구미시 4공단로 131 제2-2동호(구포동) (주)에스와이텍,128.4308879,36.13294698,
9581,더엔에스홀딩스주식회사,서울 서초구,"(06782) 서울특별시 서초구 논현로11길 19(양재동, co lux 빌딩) 3층",127.047468,37.47332373,
9582,"주식회사 옴니코트(Omnicoat Co.,Ltd)",경북 포항시 남구,"(37673) 경상북도 포항시 남구 청암로 87(지곡동, 체인지업 그라운드) 625호",129.3236002,36.01254166,
9583,스칼라바리스타학원,부산 북구,"(46525) 부산광역시 북구 금곡대로303번길 2(화명동, 시티타워) 704호 일부",129.0134549,35.23565985,
9584,(주)대한에프앤에스,충북 음성군,(27680) 충청북도 음성군 금왕읍 진성로 1397-25 ,,,
9585,아트앤레더 가죽공예학원,인천 서구,"(22865) 인천광역시 서구 이음5로 80(원당동, 검단퍼스트) 405호",126.716224,37.59530215,
9586,중앙시니어통합복지센터,강원 춘천시,(24274) 강원특별자치도 춘천시 중앙로 110 2층,127.7223903,37.87692878,
9587,태경기업주식회사,울산 동구,"(44113) 울산광역시 동구 방어진순환도로 100(방어동, 현대미포조선) 해양 1관 4층 태경기업주식회사",129.4038472,35.50029984,
9588,(주)해맑음,경남 창원시 성산구    ,"(51440) 경상남도 창원시 성산구 신월로5번길 28 (신월동, 1층)",128.6915952,35.23282019,
9589,주식회사숨비페어스(SUMBIFAIRSCo.Ltd,제주 제주시,(63147) 제주특별자치도 제주시 정실3길 108 1층,126.5099264,33.47232723,
9590,주식회사스파크플러스,서울 강남구,"(06141) 서울특별시 강남구 테헤란로 201(역삼동, 아주빌딩) 2층 스파크플러스 스파크플러스",127.0371827,37.50132277,
9591,효담주간보호센터,경기 용인시 기흥구,"(16994) 경기도 용인시 기흥구 어정로 100(상하동, 조영프라자) 304호",127.1406847,37.27443452,
9592,주식회사올마이티,서울 송파구,"(05565) 서울특별시 송파구 백제고분로19길 25(잠실동, 삼우빌딩) 2층",127.0872649,37.50709831,
9593,주식회사코리아주얼리센터,서울 종로구,"(03139) 서울특별시 종로구 돈화문로 41(묘동, 금성빌딩) 3, 4, 5층",126.99148,37.57217043,
9594,(주)세원상사,강원 철원군,(24055) 강원특별자치도 철원군 김화읍 외골길 22((주)세원) 1층,127.4064874,38.24648289,
9595,농업회사법인주식회사리본푸드,경기 양평군,(12528) 경기도 양평군 단월면 향소절골길 13 리본푸드,127.6578807,37.56314322,
9596,주식회사레인조모빌리티(RM),경기 파주시,(10952) 경기도 파주시 광탄면 심궁로 230 1층 레인조아카데미,126.8751939,37.77828764,
9597,주식회사금륜ENG,경남 김해시,(50878) 경상남도 김해시 주촌면 서부로1637번길 372 금륜ENG,128.8151569,35.25908367,
9598,주식회사이앤에프,충북 청주시 청원구,(28327) 충청북도 청주시 청원구 율봉로 197 5층,127.4907798,36.66875956,
9599,주식회사한국미래에너지,부산 강서구,"(46726) 부산광역시 강서구 명지국제2로28번길 8(명지동, 더프라임) 606호, 607호, 608호",128.9080548,35.09336581,
9600,성광씨앤비,충북 옥천군,(29001) 충청북도 옥천군 군북면 비야대정로 293-10(창고) ,,,
9601,강산플라텍,경남 김해시,(50936) 경상남도 김해시 김해대로2662번길 13-40 ,,,
9602,대성정비센터,경기 김포시,(10038) 경기도 김포시 대곶면 율마로 88 ,,,
9603,주식회사 레벨나인(REBEL 9 Inc.),서울 용산구,"(04401) 서울특별시 용산구 한남대로21길 17(한남동, 신화빌딩) 4층",127.0063893,37.53392384,
9604,(주)지원플러스,경북 구미시,"(39348) 경상북도 구미시 1공단로4길 26-44(공단동, (주)지원플러스) (주)지원플러스",128.3649401,36.09943011,
9605,바른고기,서울 서대문구,(03739) 서울특별시 서대문구 통일로 107-29 1층 바른고기,126.9669888,37.56443228,
9606,사조미가,서울 서대문구,(03740) 서울특별시 서대문구 통일로 107-39 사조빌딩 2층 201호 (충정로2가),126.9660872,37.56428869,
9607,주식회사꿈나루,대구 수성구,(42120) 대구광역시 수성구 신천동로 396 3층(수성동1가),128.6091707,35.86018648,
9608,(주)신우엔지니어링,경북 구미시,"(39270) 경상북도 구미시 수출대로 225-40(공단동, (주)보문디엔씨) 2층 신우엔지니어링",128.3897573,36.11470727,
9609,광주웰케어노인요양원,경기 광주시,(12819) 경기도 광주시 도척면 도척로 1051 광주웰케어노인요양원,,,
9610,주식회사성창유엠에스,경북 칠곡군,(39831) 경상북도 칠곡군 석적읍 3공단1로 62-19 주식회사성창유엠에스,128.404661,36.08815482,
9611,영도아이테크(주),경북 칠곡군,(39831) 경상북도 칠곡군 석적읍 3공단1로 62-19 영도아이테크,128.4046235,36.08809584,
9612,"정다운간호사의집재가노인복지센터, 주야간보호센터",경북 구미시,(39133) 경상북도 구미시 선산읍 성황2길 20 ,,,
9613,주식회사몬스,경기 부천시 원미구,"(14580) 경기도 부천시 원미구 신흥로 161(중동, CDS빌딩) 10층",126.7768254,37.49792926,
9614,현암이엔지,대전 대덕구,(34344) 대전광역시 대덕구 상서당1길 27 현암이엔지,127.4221108,36.42464337,
9615,대전청사아람어린이집,대전 서구,(35208) 대전광역시 서구 청사로 189 대전청사 아람어린이집,127.3848832,36.36215565,
9616,(주)코아,경북 김천시,(39666) 경상북도 김천시 남면 농남로 1094 ,,,
9617,리팩시스템,경북 구미시,"(39364) 경상북도 구미시 오태8길 59(오태동, 리팩시스템공장) 리팩시스템",128.3760261,36.06836752,
9618,(주)창영하드메탈,경기 안산시 단원구,"(15415) 경기도 안산시 단원구 정왕천동로70번길 16(성곡동, 주식회사대일전자) (주)창영하드메탈",126.7303282,37.31850729,
9619,농업회사법인주식회사글로벌금산진생,충남 금산군,(32722) 충청남도 금산군 금산읍 하영처길 29-16 글로벌금산진생,127.5087959,36.10465453,
9620,(주)지앤씨엔지니어링,대전 유성구,"(34016) 대전광역시 유성구 테크노3로 65(관평동, 한신에스메카) 522호",127.3907091,36.42920991,
9621,주식회사태산네트웍스,충북 청주시 청원구,(28350) 충청북도 청주시 청원구 율봉로 130 1층,127.4835021,36.66765375,
9622,주식회사이앤알,충북 청주시 청원구,(28327) 충청북도 청주시 청원구 율봉로 197 4층,127.4907798,36.66875956,
9623,(주)엘지엠호이스트,경기 안산시 단원구,"(15655) 경기도 안산시 단원구 시화벤처로 459(성곡동, (주)고려중기계) 2층(성곡동, 시화MTV 4사207)",126.7253088,37.30986977,
9624,지앤비세무회계시스템,서울 강북구,"(01040) 서울특별시 강북구 한천로155길 38(수유동, 푸른솔어린이집) 4층 (수유동)",127.0193384,37.6439498,
9625,(주)제이피에스,경기 화성시,(18574) 경기도 화성시 장안면 무봉길 166-59 2동,126.8278843,37.13247194,
9626,(주)제이에스엔지니어링건축사사무소,강원 횡성군,(25223) 강원특별자치도 횡성군 횡성읍 화성로 34 2층,127.9897585,37.49344704,
9627,주식회사플레이어원컴퍼니,충남 천안시 서북구,(31156) 충청남도 천안시 서북구 불당34길 7 402호,127.1056173,36.80557482,
9628,(주)금산테크,경남 김해시,(50874) 경상남도 김해시 진례면 진례로147번길 33-12 ,,,
9629,주식회사페트로누스,서울 송파구,"(05836) 서울특별시 송파구 법원로11길 25(문정동, 에이치비지니스파크) A동411호",127.1164903,37.4851887,
9630,가정재가센터,경기 부천시 소사구,(14709) 경기도 부천시 소사구 경인로 197-1 1층,,,
9631,장수노인복지센터,충북 제천시,(27223) 충청북도 제천시 덕산면 약초로 99 2층,128.1660088,36.90866023,
9632,주식회사파로스시스템,충남 홍성군,(32275) 충청남도 홍성군 홍북읍 첨단산단2길 30 ,,,
9633,(주)제이와이네트웍,제주 제주시,(63246) 제주특별자치도 제주시 중앙로 441 1층,126.5436449,33.48380062,
9634,(주)리움코퍼레이션,부산 중구,(48942) 부산광역시 중구 중앙대로 24 4층,129.0371198,35.09964942,
9635,배성건설(주),부산 금정구,(46253) 부산광역시 금정구 오륜대로 29 201호(부곡동),129.0952556,35.24221183,
9636,(주)부일하네스,경남 양산시,(50539) 경상남도 양산시 그린공단로 62 (주)부일하네스,129.1680521,35.3639886,
9637,(주)테스타,부산 사상구,"(46918) 부산광역시 사상구 모라로 22(모라동, 부산벤처타워) 1404호",128.9847366,35.1909404,
9638,(주)텍스타,경남 진주시,(52847) 경상남도 진주시 정촌면 뿌리산단로15번길 24 .,128.1035722,35.11379459,
9639,(주)알지비,서울 강남구,(06100) 서울특별시 강남구 선릉로121길 32 1층,127.0399139,37.5139882,
9640,모비딕메로주식회사,경기 구리시,"(11916) 경기도 구리시 동구릉로136번길 90(인창동, 구리 농수산물 도매시장) 수산동 1층 12059호",127.1450419,37.61164708,
9641,주식회사 더모모스,경남 밀양시,(50457) 경상남도 밀양시 하남읍 양동농공단지길 10 더모모스,128.727423,35.38761127,
9642,은빛인력뱅크,전북 군산시,"(54039) 전북특별자치도 군산시 풍문3길 24(미원동, 군산시니어클럽 공동작업장) 1층",,,
9643,더조은노인요양센터,충남 공주시,(32575) 충청남도 공주시 번영1로 47 202호(신관동),127.1334606,36.47228472,
9644,가온재가복지센터,전북 완주군,(55350) 전북특별자치도 완주군 용진읍 신지용복2길 86 ,,,
9645,건준컴퓨터학원,경기 파주시,"(10907) 경기도 파주시 와석순환로 66(야당동, 한솔프라자) 5층 502,503호",126.7517991,37.71040069,
9646,리더스어린이집,대전 동구,"(34683) 대전광역시 동구 안샘로 11(천동, 리더스시티4BL) 천동",127.4441754,36.31843763,
9647,레이저쎌주식회사,경기 화성시,"(18487) 경기도 화성시 동탄산단4길 9-9(방교동, 레이저쎌(주)) 레이저쎌",127.0861088,37.16573437,
9648,주식회사엘제이이앤에스,부산 사하구,(49487) 부산광역시 사하구 다산로175번길 51 ljens,128.9537195,35.07140683,
9649,주식회사제이솔루션,대구 북구,"(41544) 대구광역시 북구 대학로 91 3.4층(산격동, 제이솔루션빌딩)",128.6097137,35.89330922,
9650,(주)대경산업,경북 구미시,(39170) 경상북도 구미시 산동읍 첨단기업2로 21-13 2동  (주)대경산업,128.4496284,36.14262727,
9651,탱크코리아(주),전북 완주군,(55313) 전북특별자치도 완주군 봉동읍 첨단산업1로 128 ,,,
9652,주식회사다함손해사정,서울 영등포구,"(07264) 서울특별시 영등포구 영등포로 103(당산동2가, 하나비즈타워) 8층 주식회사 다함손해사정",126.8931596,37.5220404,
9653,인테리어부엌가구,제주 제주시,(63060) 제주특별자치도 제주시 애월읍 광령북3길 65-23 ,,,
9654,(주)주어링,서울 종로구,"(03138) 서울특별시 종로구 돈화문로6나길 28-2 1층~3층, 5층(봉익동, 주얼링 빌딩)",126.9928681,37.57205484,
9655,(주)켐스틸글로벌,충북 보은군,(28916) 충청북도 보은군 장안면 매화구인로 334(공장) 켐스틸글로벌,127.7665615,36.4679079,
9656,주식회사글로벌케이엔,경북 영천시,(38882) 경상북도 영천시 금호읍 오계공단길 1-47 주식회사 글로벌케이엔,128.8905852,35.91558933,
9657,제주시니어클럽,제주 제주시,"(63197) 제주특별자치도 제주시 중앙로 165(이도일동, 제주특별자치도 고용복지플러스센터) 5층",126.527147,33.50434665,
9658,주식회사위니브(WENIVCorp.),제주 제주시,(63236) 제주특별자치도 제주시 구산로 58 2층,126.5411142,33.48441138,
9659,(주)씨엔씨레볼루션,서울 서초구,"(06627) 서울특별시 서초구 강남대로 331(서초동, 서초동 광일빌딩) 16층 1601호",,,
9660,(주)제이엔피글로벌,세종 세종,(30033) 세종특별자치시  조치원읍 군청로 95(세종테크노파크) 3층 304호,127.2930317,36.59326057,
9661,(주)영신코아스,경기 화성시,(18545) 경기도 화성시 송산면 송산산단길 127 (주)영신코아스,126.6933473,37.21459708,
9662,노인요양시설늘기쁨요양원,경북 구미시,(39158) 경상북도 구미시 산동읍 적림3길 98 늘기쁨요양원,128.4278972,36.17582941,
9663,시니어재가복지센터,경북 구미시,(39354) 경상북도 구미시 지주중류4길 5-8 시니어재가복지센터,128.3742699,36.07976919,
9664,(주)구구이앤씨,경북 포항시 남구,(37835) 경상북도 포항시 남구 효성로93번길 30-3 구구이앤씨 2층,129.3412664,36.00664097,
9665,효인방문요양센터,경기 시흥시,(14976) 경기도 시흥시 하중로 233 4층 401호 (화중동),126.8064053,37.39105144,
9666,(주)연을담다,전북 전주시 완산구,(54969) 전북특별자치도 전주시 완산구 홍산북로 46-21 3층,127.107338,35.81666067,
9667,포토리딩평생직업교육학원,울산 남구,(44662) 울산광역시 남구 문수로358번길 10 3층 포토리딩평생직업교육학원,129.2920379,35.5332496,
9668,보보리스(BOBORIS),서울 강남구,"(06021) 서울특별시 강남구 언주로154길 14 (신사동, 지하1층~2층, 지상3~4층)",127.0345568,37.52324574,
9669,양지주간보호센터,경북 김천시,(39674) 경상북도 김천시 아포읍 아포대로 1025 1층,128.2411393,36.15859052,
9670,한일고압산업,대전 대덕구,(34437) 대전광역시 대덕구 대전로 1125 1층 한일고압산업,127.4147357,36.35492408,
9671,재단법인가평우리마을,경기 가평군,(12459) 경기도 가평군 설악면 유명로 2267 가평우리마을,127.4484937,37.70258688,
9672,주식회사얼리,서울 종로구,(03138) 서울특별시 종로구 돈화문로6나길 28-2 1층 102호 (봉익동),126.9928074,37.5720081,
9673,농업회사법인(주)대광에프앤지,경남 김해시,(50968) 경상남도 김해시 주촌면 서부로 1530-2 ,,,
9674,(주)케이아이디,대구 달성군,(43013) 대구광역시 달성군 구지면 달성2차2로 28 (주)케이아이디,128.4208566,35.63326277,
9675,사람과기술,충북 청주시 청원구,"(28134) 충청북도 청주시 청원구 북이면 장양2길 20 , 20-1",,,
9676,현대석재(주),전남 화순군,(58110) 전라남도 화순군 화순읍 쌍충로 115 2층,126.980179,35.06167038,
9677,남동구늘품발달장애인평생교육센터,인천 남동구,(21595) 인천광역시 남동구 소래로 610 1층,126.7327251,37.44379496,
9678,김영365직업전문학교,서울 구로구,"(08303) 서울특별시 구로구 도림천로 336-1(구로동, 하나세인스톤Ⅴ) 101호()",126.8938386,37.49487867,
9679,주식회사미르홀딩스,부산 부산진구,"(47296) 부산광역시 부산진구 중앙대로 668(부전동, 에이원플라자) 810호, 811호 ",129.0594901,35.15241658,
9680,주식회사 지지코리아,부산 사상구,(47029) 부산광역시 사상구 장인로20번길 47-13 ,,,
9681,이테시스평생교육원,서울 서초구,"(06693) 서울특별시 서초구 방배천로2길 7(방배동, 웅지빌딩) 5층 501호(방배동)",126.9834408,37.47728563,
9682,더조은여수간호학원,전남 여수시,"(59680) 전라남도 여수시 흥국로 61 , 3층  더조은여수간호학원",127.6692601,34.76232888,
9683,농업회사법인내추럴쿡주식회사,충북 괴산군,(28023) 충청북도 괴산군 괴산읍 쏘가리길 54 ,,,
9684,산동24시마을돌봄터,경북 구미시,(39463) 경상북도 구미시 산동읍 신당3로1길 4 산동도서관 내,128.4299367,36.15812841,
9685,금오산어울림2단지아파트입주자대표회의,경북 구미시,"(39307) 경상북도 구미시 선기로3길 54(남통동, 금오산 금호어울림2단지) 관리사무소 (1층)",128.318093,36.12805981,
9686,유진플랜트주식회사,충남 당진시,(31710) 충청남도 당진시 송산면 송산로 941 유진플랜트 주식회사,,,
9687,주식회사호성이엔지,울산 동구,"(44032) 울산광역시 동구 방어진순환도로 1000(전하동, 현대중공업) 외업2관 4층 412호 호성이엔지",129.4389104,35.51386318,
9688,(주)선진피앤씨,대전 동구,(34708) 대전광역시 동구 안골로28번길 25 주식회사 선진피앤씨,127.470635,36.27006482,
9689,주식회사더프레시에프앤비,강원 춘천시,(24407) 강원특별자치도 춘천시 동내면 동내로 96 3동,127.7632189,37.84837436,
9690,햇잎푸드주식회사,대전 중구,"(35086) 대전광역시 중구 산서로 952-10 1,2층 ",127.4277686,36.24520139,
9691,주식회사대광시스템,충북 청주시 서원구,"(28655) 충청북도 청주시 서원구 사운로46번길 13(사직동, 대광시스템) 102호",127.4804462,36.63335781,
9692,주식회사신넥앤테크,세종 세종,"(30141) 세종특별자치시  집현중앙7로 3(집현동, 산학연클러스터 지원센터) 608호~610호",127.3292318,36.49929152,
9693,시립은평실버케어센터,서울 은평구,(03489) 서울특별시 은평구 수색로 322-3 시립은평실버케어센터,126.8960203,37.58573193,
9694,제이엔에프주식회사,충남 공주시,(32511) 충청남도 공주시 정안면 정안농공단지길 32-172 ,,,
9695,주식회사삼인에이치엔티,대전 유성구,"(34037) 대전광역시 유성구 갑천로 361-17 405호, 406호",127.4148681,36.41225663,
9696,주식회사다인이엔지,울산 동구,"(44048) 울산광역시 동구 방어진순환도로 733(전하동, 삼전 아이필하모니) 208호(주식회사 다인이엔지)",129.4295202,35.50703829,
9697,지엠지(GMG)세무회계,부산 중구,"(48939) 부산광역시 중구 충장대로 11(중앙동4가, 부산무역회관) 1401호",129.0378418,35.1057562,
9698,주식회사대성테크,경남 거제시,"(53261) 경상남도 거제시 장평3로 80(장평동, 삼성중공업(주)거제조선소) (주)대성테크",128.6018683,34.89962348,
9699,글로벌스퀘어주식회사,대전 유성구,(34091) 대전광역시 유성구 노은동로75번길 42 영은성빌딩 401호 글로벌스퀘어,127.3210992,36.36742255,
9700,부루벨코리아(주),서울 강남구,(06019) 서울특별시 강남구 선릉로 801 7층 부루벨코리아,127.0389418,37.52377832,
9701,주식회사강서,경남 거제시,"(53261) 경상남도 거제시 장평3로 80(장평동, 삼성중공업(주)거제조선소) 주식회사 강서",128.6018683,34.89962348,
9702,그루터기요양보호사교육원,대구 달서구,(42652) 대구광역시 달서구 와룡로 156 3층 그루터기요양보호사교육원,128.5375852,35.84650415,
9703,진흥산업,부산 강서구,(46749) 부산광역시 강서구 과학산단로333번길 77-65 ,,,
9704,세한대학교 부설 요양보호사 교육원,전남 영암군,(58447) 전라남도 영암군 삼호읍 녹색로 1113(세한대학교) 세한대학교 영신관 1107호,126.4840972,34.74776628,
9705,앤유코리아,서울 마포구,(04168) 서울특별시 마포구 새창로 11 1247호,126.9514429,37.54253513,
9706,(주)베어비,대전 서구,(35200) 대전광역시 서구 만년남로3번길 123 1층(만년동),127.3714435,36.36632517,
9707,(주)웨이비스,경기 화성시,(18449) 경기도 화성시 삼성1로5길 46 ,,,
9708,주식회사제이엠피,경남 김해시,(50875) 경상남도 김해시 진례면 테크노밸리1로 78 (주)제이엠피,128.773708,35.26667733,
9709,(유)홍익종합관리,전북 군산시,(54094) 전북특별자치도 군산시 미장안7길 8 비동 3층(미장동),126.731643,35.96486786,
9710,주식회사하이브커넥트,대전 유성구,"(34145) 대전광역시 유성구 왕가봉로2번길 68(노은동, 덕청빌딩) 3층 301호(노은동, 덕청빌딩)",127.3174195,36.36504675,
9711,상명대학교 충남혁신원 미래교육센터,충남 천안시 동남구,"(31066) 충청남도 천안시 동남구 상명대길 31(안서동, 상명대학교천안캠퍼스) 본관 411호 미래교육센터",127.1791884,36.83308769,
9712,금동지역아동센터,전북 남원시,(55768) 전북특별자치도 남원시 의총로 25-1 금동지역아동센터,127.375822,35.40300381,
9713,주식회사 엘티엔터테인먼트,제주 제주시,"(63082) 제주특별자치도 제주시 노연로 12(노형동, 제주 드림타워 복합리조트) 2층 드림타워 카지노",126.4813855,33.48528009,
9714,시니어모델협회사회적협동조합,서울 강남구,"(06043) 서울특별시 강남구 학동로3길 32(논현동, 명성빌딩) 지하2층",127.0218842,37.51359604,
9715,주식회사엠에스테크,충북 진천군,(27869) 충청북도 진천군 문백면 문진로 526(엠에스테크) 엠에스테크,127.4356202,36.78810768,
9716,주식회사혜성이엔지,충남 천안시 동남구,(31214) 충청남도 천안시 동남구 풍세면 하도1길 55-11 (용정리 830-29) 혜성이엔지,127.0973939,36.74101471,
9717,(주)오늘소프트,대전 유성구,"(34202) 대전광역시 유성구 복용동로 43 F624호(복용동, 도안더리브시그니처)",127.3217544,36.33785614,
9718,미성자동차공업사,전북 전주시 덕진구,(54846) 전북특별자치도 전주시 덕진구 신복천변1길 1 미성자동차공업사,127.1085263,35.85634024,
9719,솔브레인(주),충남 공주시,"(32598) 충청남도 공주시 공단길 34-32(검상동, 유피시스템(주), 진성전기전자(주)) 725-15, 725-10, 6, 11, 8 (검상동) 솔브레인 공주공장",127.0767064,36.43304613,
9720,해성디에프,경남 창원시 마산회원구,(51342) 경상남도 창원시 마산회원구 봉암공단4길 70 해성디에프,128.6014103,35.21774842,
9721,진해재활원,경남 창원시 진해구    ,"(51703) 경상남도 창원시 진해구 태평로 6(태평동, 진해재활원) 진해재활원",128.6597568,35.14591592,
9722,형곡금호어울림포레1차,경북 구미시,"(39290) 경상북도 구미시 신시로 119(형곡동, 형곡금호어울림포레) 형곡금호어울림포레1차 관리사무소",128.3378702,36.11830455,
9723,까라디미용실,서울 강남구,"(06021) 서울특별시 강남구 언주로154길 14 지상3층,지상4층",127.0345568,37.52324574,
9724,주식회사글로벌제조혁신네트웍,인천 연수구,"(22007) 인천광역시 연수구 인천타워대로 323(송도동, 송도 센트로드) B동 1901호",126.6296721,37.39941053,
9725,주식회사 건일이엔지,서울 금천구,"(08504) 서울특별시 금천구 가산디지털2로 143(가산동, 가산 어반워크II) 18층 1801호",126.8779494,37.48071,
9726,에스비에스(SBS)아카데미미용학원,경기 안산시 단원구,"(15360) 경기도 안산시 단원구 예술대학로 17(고잔동, 안산중앙노블레스) 7층 708~710, 716,717호 SBS미용학원",126.8365068,37.31865634,
9727,(주)제이솔루션,부산 동구,"(48820) 부산광역시 동구 초량중로 14(초량동, 애뜰안) 102호",129.0366266,35.11333735,
9728,다산전기학원,서울 성동구,"(04758) 서울특별시 성동구 마장로 298(마장동, 삼정빌딩) 2층 다산전기학원",127.0430025,37.56563205,
9729,주식회사대진개발,경기 포천시,"(11190) 경기도 포천시 내촌면 부마로503번길 89-11 ,89-20",,,
9730,케어웰솔루션스주식회사,경기 평택시,"(18014) 경기도 평택시 고덕중앙로 320(고덕동, 원희캐슬고덕 지식산업센터) 508호",127.0553318,37.04434007,
9731,(주)금가,서울 서대문구,"(03784) 서울특별시 서대문구 연희로 18(창천동, 금가빌딩) 3층",126.9268369,37.56034333,
9732,(주)용두애브컴,강원 춘천시,(24399) 강원특별자치도 춘천시 동내면 순환대로 878-1 용두빌딩,127.77789,37.857378,
9733,아뜰리에뷰티아카데미미용학원,경기 안산시 단원구,"(15361) 경기도 안산시 단원구 고잔로 108(고잔동, 대동조이월드) 409호",126.8379909,37.31847793,
9734,주식회사칠곡에프앤비,대전 서구,(35304) 대전광역시 서구 도산로 374 1층,127.3926593,36.3373846,
9735,비파운드,제주 제주시,(63102) 제주특별자치도 제주시 수덕5길 39 1층(노형동),126.4747901,33.48488582,
9736,대구제일평생교육원,대구 수성구,(42198) 대구광역시 수성구 지범로39길 13 401호,128.6421391,35.82049694,
9737,명지커피바리스타학원,부산 강서구,"(46726) 부산광역시 강서구 명지국제2로 27(명지동, 대산골든스퀘어) 1015호",128.906165,35.09414348,
9738,진성규세무사사무소,경기 성남시 수정구,"(13643) 경기도 성남시 수정구 위례순환로 211(창곡동, 위례 센트럴 푸르지오) 5402동 601호",127.152462,37.47093993,
9739,주식회사창무,충북 진천군,(27818) 충청북도 진천군 이월면 진광로 479(창무산업) 주식회사 창무,127.4381769,36.90528373,
9740,(주)지오라인정보기술,경기 안산시 단원구,"(15476) 경기도 안산시 단원구 광덕1로 163(고잔동, 동남레이크빌II) 203호",126.8276577,37.30845274,
9741,아이티에스원격평생교육원,경기 하남시,"(12902) 경기도 하남시 미사강변한강로 135(망월동, 미사강변 스카이폴리스) 가동 226호 (2층)",127.1914678,37.57704025,
9742,이아뜰리에아카데미학원,경기 의정부시,"(11757) 경기도 의정부시 청사로47번길 26(금오동, 파크프라자) 701호",127.0683772,37.75221102,
9743,대덕구시니어클럽,대전 대덕구,(34435) 대전광역시 대덕구 대전로1032번길 51 1층 대덕구시니어클럽,127.4193185,36.34880254,
9744,성남도배기능학원,경기 성남시 중원구,(13181) 경기도 성남시 중원구 광명로 296 3층 성남도배기능학원,127.159075,37.4441475,
9745,핵심요양보호사교육원,전북 전주시 완산구,"(55054) 전북특별자치도 전주시 완산구 용머리로 73(효자동1가, 효자프라자) 1층 121호 일부 127호",127.1181399,35.80696616,
9746,주식회사타디스테크놀로지,제주 제주시,"(63309) 제주특별자치도 제주시 첨단로 330(영평동, 세미양빌딩) a동 3층",126.5714816,33.44230835,
9747,주식회사아이토크콘트롤즈,경기 부천시 원미구,(14488) 경기도 부천시 원미구 길주로411번길 12-13 (춘의동),126.7886346,37.50473573,
9748,한국행복평생교육원,서울 서초구,"(06531) 서울특별시 서초구 신반포로47길 9-15(잠원동, 영창빌딩) 3층 301호",127.0192142,37.5109295,
9749,원일베어링공업(주),경기 김포시,(10048) 경기도 김포시 양촌읍 황금3로8번길 41 ,,,
9750,영천시니어클럽,경북 영천시,(38891) 경상북도 영천시 금완로 47 2층,128.933639,35.96073611,
9751,MS줄눈학원,대구 수성구,(42165) 대구광역시 수성구 신천동로 93 2층 일부(상동),128.6069259,35.8334631,
9752,(주)올바른청소,충북 청주시 청원구,(28143) 충청북도 청주시 청원구 내수읍 은곡4길 7(은곡무지개아파트) 301동202호,127.5290854,36.71878807,
9753,파란중장비학원,전남 순천시,"(57991) 전라남도 순천시 구암원길 43(연향동, 순천중장비운전학원) ",,,
9754,재활전문주간보호센터,전북 전주시 완산구,"(55106) 전북특별자치도 전주시 완산구 장승배기로 213 BYC빌딩 201,501",127.1357036,35.79704794,
9755,(유)명지엔지니어링,전북 고창군,(56439) 전북특별자치도 고창군 고창읍 남구1길 7 ,,,
9756,중부중장비학원,강원 양구군,(24558) 강원특별자치도 양구군 국토정중앙면 지픈개길 43 중부중장비학원,127.9858876,38.05728185,
9757,누리노인재가복지센터,충북 청주시 청원구,(28151) 충청북도 청주시 청원구 내수읍 은곡길 9 누리노인재가복지센터,127.5268921,36.70073062,
9758,플란치과병원,부산 부산진구,"(47358) 부산광역시 부산진구 범일로 177(범천동, 메타타워Ⅲ) 13층 및 14층 전부, 15층 3분의 1, 지하 1층 일부(구 범천동, 에이플러스에셋부산 빌딩)",129.0588697,35.14577646,
9759,인터네셔널드론컴퍼니,세종 세종,"(30062) 세종특별자치시  마음로 272-22(고운동, 고운드림) 고운드림빌딩 601호",127.2352241,36.5189715,
9760,삼원에프에이(주),부산 해운대구,(48002) 부산광역시 해운대구 반송로513번길 66-25 삼원FA,129.1188575,35.22221979,
9761,(주)신화,경남 김해시,(50800) 경상남도 김해시 생림면 안양로 276-40 ,,,
9762,주식회사툰즈,충북 충주시,"(27387) 충청북도 충주시 성서3길 16(성서동, 명동타운) 302호",127.9321786,36.97081918,
9763,삼성노블케어,충남 계룡시,"(32826) 충청남도 계룡시 서금암2길 7-1(금암동, 삼성요양원) ",,,
9764,시원한바람에어컨수리학원,경기 남양주시,(12231) 경기도 남양주시 사릉로58번길 57-22 2층,127.2133847,37.64247056,
9765,유진레저 주식회사,경기 포천시,(11166) 경기도 포천시 가산면 금우로 276(푸른솔 골프클럽포천) 2층,127.2357032,37.8403708,
9766,엠평생교육원,부산 부산진구,"(47296) 부산광역시 부산진구 동천로 53(부전동, 구슬빌딩) 7층 엠평생교육원",129.0621243,35.15358148,
9767,순천국제애견미용학원,전남 순천시,"(57942) 전라남도 순천시 시민로 44(남내동, 티파니) 2층",127.4863002,34.95351956,
9768,임마누엘재가노인복지센터,전북 진안군,(55457) 전북특별자치도 진안군 성수면 용포로 166(임마누엘재가노인복지센터) ,,,
9769,(주)에어메이저,인천 서구,"(22853) 인천광역시 서구 북항로 28-54(원창동, 한국전통디자인주식회사) (주)에어메이저",126.634522,37.50886514,
9770,서울원격평생교육원,서울 금천구,"(08511) 서울특별시 금천구 디지털로9길 33(가산동, IT미래TOWER) 1205, 1206, 1207",126.8860723,37.47887859,
9771,한국자동차진단중개사전문학원,경기 수원시 권선구,"(16599) 경기도 수원시 권선구 매송고색로 855 1층 일부, 2층 일부(평동)",126.9959375,37.25736088,
9772,주식회사 푸른기술,서울 광진구,"(05116) 서울특별시 광진구 강변역로4길 68(구의동, 리젠트오피스텔) 309호",127.0926561,37.5324572,
9773,에이케이아이에스주식회사,서울 마포구,"(04051) 서울특별시 마포구 양화로 188(동교동, 애경타워) 8층 AK아이에스",126.92494,37.55942732,
9774,포토이즘강릉점,강원 강릉시,(25466) 강원특별자치도 강릉시 난설헌로 249 3층,128.91508,37.79448672,
9775,아메스산업(주),경기 의왕시,(16073) 경기도 의왕시 한밭들1길 19 아메스산업,126.9657876,37.35378021,
9776,주식회사선우케어,인천 서구,"(22726) 인천광역시 서구 탁옥로51번길 11(심곡동, 심곡네오프라자) 501",126.6748315,37.54511797,
9777,(주)퍼스카,부산 해운대구,"(48059) 부산광역시 해운대구 센텀중앙로 90(재송동, 큐비이센텀) 11층 1101호",129.1260017,35.17549311,
9778,주식회사호운,강원 원주시,(26493) 강원특별자치도 원주시 흥업면 연세대길 1(연세대학교 미래캠퍼스) 창업보육센터 3층 306호,127.9010207,37.28087645,
9779,하라커피학원,부산 사상구,(47009) 부산광역시 사상구 냉정로 110 5층,129.0119007,35.14924664,
9780,원포인트애견미용학원,부산 해운대구,(48094) 부산광역시 해운대구 해운대로 580 2층 원포인트애견미용학원,129.1550925,35.1612177,
9781,신동성건설평생교육원,경기 평택시,(17912) 경기도 평택시 평택로32번길 21 해룡빌딩 6층,127.0887584,36.99113061,
9782,핸드메이트공예학원,서울 용산구,(04317) 서울특별시 용산구 효창원로64길 2 1층,126.9620015,37.53989937,
9783,퓨처에너지테크,경기 안산시 단원구,"(15455) 경기도 안산시 단원구 원포공원1로 67(초지동, 비전타운) 409호",126.8103243,37.30245204,
9784,주식회사유라이프,서울 서초구,"(06775) 서울특별시 서초구 논현로17길 9(양재동, 정호빌딩) 5층",127.0452199,37.47615368,
9785,메이크썸패션디자인학원,경기 시흥시,"(15012) 경기도 시흥시 서울대학로 59-49(배곧동, 건영테크노밸리) 2층 219호",126.7085303,37.35972437,
9786,클래스클라우드 TCK원격평생교육원,서울 중구,"(04534) 서울특별시 중구 남대문로 78(명동1가, 타임워크명동빌딩) 3층 사무실 1, 사무실2, 사무실3, 촬영실, 전산실",126.983015,37.56419224,
9787,(주)타임기술,경남 창원시 성산구    ,"(51573) 경상남도 창원시 성산구 완암로 50(성산동, SK테크노파크) 9층 813호",128.6637335,35.20560376,
9788,아트스토리미술학원,대전 유성구,(34117) 대전광역시 유성구 신성로72번길 48 1층,127.349744,36.38776565,
9789,동강대학교산학협력단,광주 북구,"(61200) 광주광역시 북구 동문대로 50(두암동, 동강대학,동신중.고,동신여중.고등학교) 동강대학교 교수연구동 122호 산학협력단",126.9239836,35.17030277,
9790,홍익병원,서울 양천구,"(07937) 서울특별시 양천구 목동로 225(신정동, 홍익병원본관) ",,,
9791,건준아카데미학원,대구 달서구,(42723) 대구광역시 달서구 월곡로 516 1층일부 3층(월성동),128.522849,35.83591786,
9792,주식회사27,대구 중구,(41938) 대구광역시 중구 국채보상로 634 3층                실기교육장: 경북 영천시 금호읍 대구대길 566-35,128.5999067,35.86984904,
9793,글로벌소프트웨어캠퍼스평생교육원신촌센터,서울 서대문구,"(03779) 서울특별시 서대문구 연세로 8-1(창천동, VERTIGO) 11층",126.9372188,37.55631569,
9794,(주)대림제지,경기 오산시,"(18126) 경기도 오산시 황새로 169(누읍동, 대림제지(주)) ",,,
9795,(주)세일시스,경기 광주시,(12806) 경기도 광주시 곤지암읍 독고개길 132-17 에이동 1층,127.3079954,37.3502306,
9796,(주)엠아이티마스,서울 용산구,"(04382) 서울특별시 용산구 한강대로62길 61(용산동3가, 신우빌딩) 3층",126.9736136,37.53203719,
9797,주식회사무지개연구소,대구 수성구,"(42250) 대구광역시 수성구 알파시티1로42길 11 606,607,610호 (대흥동, 태왕알파시티수성지식산업센터)",128.6833318,35.83835602,
9798,주식회사 귀뚜라미환경테크,경기 안양시 동안구,"(14056) 경기도 안양시 동안구 학의로 282(관양동, 금강펜테리움 IT 타워) A동 1003호~1006호",126.9692051,37.40094443,
9799,원쿡요리학원,서울 강서구,"(07679) 서울특별시 강서구 화곡로 232(화곡동, 진성빌딩) 7층 일부 원쿡요리학원",126.845185,37.5456812,
9800,주식회사남원,전북 군산시,"(54001) 전북특별자치도 군산시 서해로 625(비응도동, 현대중공업군산조선소) 1층 주식회사 남원",126.5361113,35.9612332,
9801,제일정밀,경기 시흥시,"(15115) 경기도 시흥시 마유로20번길 102(정왕동, 대광알미늄공업(주)) 제일정밀",126.7224384,37.31774185,
9802,베이스테크(주),전북 전주시 완산구,(54966) 전북특별자치도 전주시 완산구 바우배기1길 11 4층 402호,127.1027729,35.81490922,
9803,대모엔지니어링(주),경기 시흥시,"(15118) 경기도 시흥시 엠티브이26로58번길 56(정왕동, 대모엔지니어링(주)) ",,,
9804,(주)지앤파트너즈,경기 안양시 동안구,"(14048) 경기도 안양시 동안구 시민대로 161(비산동, 안양무역센터) 안양무역센터 614호",126.9491192,37.39041856,
9805,위드미미용학원,경기 파주시,(10892) 경기도 파주시 청암로17번길 55 704.705호,126.7348139,37.7279511,
9806,주식회사지엔아이,광주 서구,(61955) 광주광역시 서구 풍서우로 424 201호,126.8339144,35.14340694,
9807,세아심리상담복지센터,전북 완주군,(55340) 전북특별자치도 완주군 삼례읍 삼봉로 91 2층,127.0803134,35.91576365,
9808,김포시노인종합복지관,경기 김포시,"(10111) 경기도 김포시 사우중로74번길 48(사우동, 김포시노인종합복지관) 2층 사무실",126.7226397,37.62229496,
9809,루키스에듀,서울 관악구,(08806) 서울특별시 관악구 남현3길 71 5층,126.9803396,37.47540228,
9810,새일인테리어필름학원,대전 유성구,(34181) 대전광역시 유성구 월드컵대로307번길 3 2층,127.3341979,36.34879849,
9811,한국크리에이터아카데미원격학원,서울 구로구,(08389) 서울특별시 구로구 디지털로26길 43 R동 1102호 일부,126.8942639,37.48123744,
9812,(주)에이알티,경기 화성시,(18631) 경기도 화성시 양감면 두머리길 12 art,126.9407536,37.09711097,
9813,"(주)명인이엔지(MYUNGINENGCo,Ltd)",경기 평택시,(17701) 경기도 평택시 서탄면 수월암5길 37 ,,,
9814,곤지암 서비스 아카데미,경기 광주시,(12809) 경기도 광주시 도척면 도척윗로 278 곤지암리조트 문화체육시설 2층 일부,127.2950892,37.33782159,
9815,(주)창대이엔지,경기 화성시,(18583) 경기도 화성시 장안면 포승장안로 1082-20 창대이엔지,126.8539406,37.06164864,
9816,(주)혜윰아이씨티,부산 해운대구,"(48059) 부산광역시 해운대구 센텀동로 35(우동, 센텀에스에이치밸리) 507호",129.1309726,35.17267034,
9817,(주)신신기계,부산 기장군,(46020) 부산광역시 기장군 정관읍 농공길 85((주)신신기계) ,,,
9818,(주)멘퍼스,광주 광산구,(62416) 광주광역시 광산구 평동산단로 239-10 (주)멘퍼스,126.7661967,35.12862864,
9819,바우처베스트맘,울산 중구,(44510) 울산광역시 중구 화합로 427 4층 바우처베스트맘,129.3367028,35.56301086,
9820,울산건축교육원,울산 남구,(44716) 울산광역시 남구 산업로 629 5층,129.3514121,35.53742931,
9821,퀸주방가구,경기 의정부시,(11725) 경기도 의정부시 동일로 116 201호(장암동),127.0546219,37.69937665,
9822,(주)케이지에스금강,경기 광주시,(12729) 경기도 광주시 초월읍 숯골길 17-14 ,,,
9823,이노헬스케어,전북 전주시 완산구,(54993) 전북특별자치도 전주시 완산구 팔달로 284 1층 ,127.1434184,35.82735777,
9824,나무로 목공 인테리어 전문 학원,전남 목포시,(58723) 전라남도 목포시 호남로68번길 6-1 1~2층,126.3858895,34.79354705,
9825,주식회사나우로보틱스,인천 남동구,"(21696) 인천광역시 남동구 앵고개로449번길 42 (고잔동, (주)나우로보틱스)",126.6916391,37.39966196,
9826,더뷰미용학원,서울 은평구,(03333) 서울특별시 은평구 연서로 201 4층 더뷰미용학원 ,126.9186874,37.61677627,
9827,대명요양보호사교육원,대구 남구,(42401) 대구광역시 남구 명덕로 72 1층 ,128.5784514,35.85793497,
9828,토탈케어24원격평생교육원,부산 영도구,(49125) 부산광역시 영도구 태종로765번길 27 6층 ,129.0817831,35.06875632,
9829,에스비에스아카데미사이버평생교육원,서울 강남구,"(06258) 서울특별시 강남구 강남대로 286(도곡동, 부영빌딩) 3층, 4층",127.0324482,37.48902154,
9830,주식회사토트,대전 유성구,"(34121) 대전광역시 유성구 대덕대로 582(도룡동, 옥토빌딩) 4층 402호 에이-3호",127.379022,36.38492683,
9831,(사)한국프랜차이즈산업협회,서울 서초구,"(06774) 서울특별시 서초구 강남대로 27(양재동, AT센터) 603호.",127.0393224,37.46826967,
9832,국전약품음성소재공장,충북 음성군,(27741) 충청북도 음성군 금왕읍 성본산단2로 27 국전약품,127.543188,36.97364098,
9833,퍼스트헤어아카데미뷰티학원,부산 부산진구,"(47296) 부산광역시 부산진구 동천로 53(부전동, 구슬빌딩) 5층",129.0620956,35.15355831,
9834,"주식회사이노데우스(InnoDEUSCo.,Ltd.)",서울 구로구,"(08377) 서울특별시 구로구 디지털로33길 12(구로동, 우림이비지센터2차) 7층 707호",126.8955133,37.48623967,
9835,(주)페트라텍,경기 화성시,"(18535) 경기도 화성시 팔탄면 시청로677번길 19 (1층공장동2층,3층)",,,
9836,주식회사신성에프에이,부산 사상구,(46924) 부산광역시 사상구 사상로417번길 15 주식회사 신성에프에이,128.9850075,35.18192266,
9837,(주)밀레코리아,서울 강남구,"(06126) 서울특별시 강남구 논현로 559(역삼동, 밀레하우스) 1,2,5,6,7,8,9층",127.034178,37.5059288,
9838,피닉스 무인항공,강원 고성군,(24766) 강원특별자치도 고성군 토성면 용원로 66(농막) 피닉스무인항공교육원,128.5680569,38.233948,
9839,주식회사심바트,서울 동작구,"(06938) 서울특별시 동작구 노량진로 10(대방동, 서울가족플라자) 서울창업센터동작 5층 503호",126.9273545,37.51244408,
9840,주식회사카이어,경기 성남시 수정구,"(13449) 경기도 성남시 수정구 대왕판교로 815(시흥동, 판교창조경제밸리) 기업지원허브 창업존 7층 715-2호",127.1005308,37.41352104,
9841,고운빛깔미용학원,경남 창원시 성산구    ,"(51495) 경상남도 창원시 성산구 마디미로9번길 1(상남동, 이지스타운) 703호 ",128.68551,35.22323499,
9842,늘품평생교육원,충북 청주시 상당구,"(28510) 충청북도 청주시 상당구 교동로3번길 111(북문로2가, 일심빌딩) 2층",127.4903108,36.64226875,
9843,주식회사매그니토,인천 연수구,"(21990) 인천광역시 연수구 송도미래로 30(송도동, 송도 BRC 스마트밸리 지식산업센터) 디동 1110호",126.6484044,37.36663549,
9844,논스랩주식회사,서울 강서구,(07522) 서울특별시 강서구 양천로47길 40 10층 1005호 (놀라움),126.8377568,37.57220613,
9845,(주)에이텍컴퓨터,경기 성남시 분당구,"(13488) 경기도 성남시 분당구 판교로 289(삼평동, 에이텍 빌딩) ",,,
9846,동두천사랑요양보호사교육원,경기 동두천시,"(11357) 경기도 동두천시 삼육사로 984(생연동, 동두천고용복지플러스센터) 동두천사랑요양보호사교육원 (1층)",127.0590737,37.89879783,
9847,영진철강산업(주),경기 화성시,(18623) 경기도 화성시 향남읍 서해로 175 영진철강산업(주),,,
9848,(주)대아금속,경기 시흥시,"(15109) 경기도 시흥시 마유로132번길 35(정왕동, 한림기계) 시화공단 3라 229호(정왕동)",,,
9849,(주)금강기업,경기 시흥시,"(15102) 경기도 시흥시 군자천로31번길 28 2바 304호(정왕동, 시화공단)",126.7114153,37.32645114,
9850,경인인테리어필름학원,인천 계양구,(21048) 인천광역시 계양구 계양대로 185 3층,126.722273,37.54033888,
9851,일품진진수라광화문점,서울 종로구,"(03157) 서울특별시 종로구 종로5길 7(청진동, Tower 8) 지하2층 201, 202, 203, 204, 205, 206호(청진동)",126.9806137,37.57071689,
9852,선명이엔지(주),전북 군산시,"(54001) 전북특별자치도 군산시 서해로 625(비응도동, 현대중공업군산조선소) 비응관3층",126.5360347,35.96116785,
9853,동이텍,인천 부평구,"(21300) 인천광역시 부평구 서달로320번길 4-16 3, 4층",126.6885469,37.52231279,
9854,오케이테크,경기 화성시,(18384) 경기도 화성시 반월북길 14 오케이테크,127.0639256,37.2306227,
9855,성일하이텍(주)새만금,전북 군산시,(54002) 전북특별자치도 군산시 새만금북로 122 성일하이텍(주),126.5526233,35.94319274,
9856,(주)낫소,경기 고양시 덕양구,(10267) 경기도 고양시 덕양구 보광로106번길 42 ,,,
9857,오르빌평생교육원,전북 전주시 완산구,"(55011) 전북특별자치도 전주시 완산구 아중로 33(중노송동, 전주정보문화산업진흥원) IT벤처센터 304호",127.1537303,35.82391898,
9858,(주)대성닛블,경기 부천시 오정구,(14491) 경기도 부천시 오정구 수도로 115 대성닛블,126.7779389,37.51633608,
9859,그랜드요리제과제빵학원,대전 유성구,(34171) 대전광역시 유성구 문화원로6번길 1 5층,127.3369705,36.36155124,
9860,주식회사신화푸드,인천 연수구,(21959) 인천광역시 연수구 능허대로 16 ,,,
9861,대광텍스,서울 중랑구,"(02224) 서울특별시 중랑구 동일로96길 20(면목동, 장안제일시장) 3층",,,
9862,당진전기학원,충남 당진시,"(31801) 충청남도 당진시 정미면 대학로 6(대명빌딩) 1,2층 당진전기학원",126.5970233,36.8516769,
9863,(주)에프에스,대전 유성구,"(34126) 대전광역시 유성구 대덕대로512번길 20(도룡동, 대전정보문화산업진흥원) 307호",127.3842663,36.3772971,
9864,(주)씨엔에너지,경기 광명시,(14345) 경기도 광명시 양지로 21 1916호,126.8826062,37.41869081,
9865,올댓뷰티아카데미학원,인천 부평구,"(21388) 인천광역시 부평구 부평문화로 55(부평동, 와이디타워) 12층 일부",126.7223064,37.49430356,
9866,주식회사파이브노드,서울 강서구,(07549) 서울특별시 강서구 양천로 532 314호,126.8582513,37.55884949,
9867,주식회사 에스더블유솔루션,서울 송파구,"(05855) 서울특별시 송파구 법원로6길 7(문정동, 송파유탑테크밸리) 2층 201호 제이1101",127.1217684,37.48354397,
9868,주식회사태경테크,경기 시흥시,"(15084) 경기도 시흥시 옥구천동로 218(정왕동, 타원타크라 6차 지식산업센터) 6층 에이622호",,,
9869,(주)엔에스아이테크놀로지,경기 용인시 수지구,"(16942) 경기도 용인시 수지구 광교중앙로 338(상현동, 광교우미뉴브) C동 712호",,,
9870,(주)피앰아이,서울 서초구,"(06530) 서울특별시 서초구 강남대로91길 16(잠원동, 서린빌딩) 2층",127.01978,37.51210071,
9871,주식회사청정화푸드,경기 남양주시,"(12021) 경기도 남양주시 진접읍 진벌로 198 1동, 2동",127.2247941,37.73846717,
9872,에이티웨이주식회사,서울 성동구,"(04793) 서울특별시 성동구 성수일로10길 26(성수동2가, 하우스디 세종타워) 제1107호 4번실",127.0529371,37.54669913,
9873,주식회사디오테라,경기 용인시 기흥구,"(16976) 경기도 용인시 기흥구 기흥로 58 B동 6층 609호 구갈동(구갈동, 기흥아이씨티밸리 에스케이 브이1)",,,
9874,주식회사대성포레,경기 성남시 분당구,"(13591) 경기도 성남시 분당구 황새울로360번길 21(서현동, 분당서현신영팰리스타워) 신영팰리스타워 804호",127.1254863,37.38572704,
9875,하나로간호학원,전남 순천시,(57968) 전라남도 순천시 장선배기1길 9-8 3층 ,127.521771,34.95347238,
9876,규델리니어텍(주),인천 연수구,"(22013) 인천광역시 연수구 인천타워대로25번길 7-15(송도동, 규델리니어텍(주)) ",,,
9877,빅파인트리,인천 부평구,"(21397) 인천광역시 부평구 장제로 98(부평동, 스위트홈2동) 2동 1005호",126.7303049,37.49414603,
9878,(주)프로발,경기 시흥시,"(15117) 경기도 시흥시 엠티브이25로20번길 38(정왕동, (주)프로발) 프로발",126.7114472,37.31525157,
9879,(주)울산방송,울산 중구,"(44520) 울산광역시 중구 구교로 41(학산동, UBC울산방송국) ",,,
9880,브릿지특허법률사무소,부산 해운대구,"(48058) 부산광역시 해운대구 센텀서로 30(우동, 케이엔엔타워) KNN타워 15층 1502호, 1503호",129.1286027,35.1717079,
9881,서대전도배학원,대전 유성구,(34230) 대전광역시 유성구 진잠로42번길 111 5층 일부(원내동),127.3198954,36.29862557,
9882,해피노인돌봄지원플랫폼,울산 남구,(44717) 울산광역시 남구 화합로120번길 1 농민딜딩 201호,129.3417648,35.53565739,
9883,신명기계,경남 창원시 마산회원구,"(51340) 경상남도 창원시 마산회원구 자유무역3길 180(양덕동, 표준공장 7) 2층 신명기계",128.5939413,35.21954647,
9884,루아카데미 타로 연구소,서울 송파구,"(05558) 서울특별시 송파구 백제고분로7길 53(잠실동, AW TOWER) 1층 루아타로",127.0847922,37.51092927,
9885,세무법인WIN-WIN가람점,경기 부천시 원미구,"(14582) 경기도 부천시 원미구 부흥로315번길 52(중동, 다복빌딩) 305",126.7772482,37.49647947,
9886,힘찬건설평생교육원,대전 동구,(34603) 대전광역시 동구 계족로 271 2층3층,127.4382733,36.33695032,
9887,나눔파트너즈주식회사,서울 강서구,"(07631) 서울특별시 강서구 마곡중앙4로 22(마곡동, 파인스퀘어) 에이동 6층 607호",,,
9888,엔피(NP)케어학원,부산 동래구,(47815) 부산광역시 동래구 충렬대로 186 4층,129.0799191,35.20336172,
9889,벨레토,경기 부천시 원미구,"(14549) 경기도 부천시 원미구 신흥로 190(중동, 위브더스테이트) 1단지 125",126.7772147,37.50140079,
9890,페이크릴,경기 군포시,(15874) 경기도 군포시 삼성로20번길 3-27 1층(부곡동),126.9335047,37.3383949,
9891,나래컴퓨터학원,경남 양산시,(50653) 경상남도 양산시 물금읍 새실로 159(나래메트로시티) B동 206호,129.0043664,35.31522843,
9892,주식회사마린테크,전남 광양시,(57759) 전라남도 광양시 광양읍 초남2공단2길 31 ,,,
9893,주식회사장원에스알,경기 평택시,(17815) 경기도 평택시 안중읍 안청로 263-17 주식회사장원에스알,,,
9894,(주)맥시스,인천 남동구,"(21638) 인천광역시 남동구 함박뫼로377번길 24-24(남촌동, 중앙인재사) 주식회사 맥시스",126.7069715,37.41216981,
9895,(주)디이엔티,경기 오산시,(18103) 경기도 오산시 가장산업서북로 40-56 ,,,
9896,기린지역아동센터,전북 전주시 덕진구,(55012) 전북특별자치도 전주시 덕진구 진버들2길 21 기린지역아동센터,127.1599152,35.83671933,
9897,주식회사유어라운드,서울 강남구,(06105) 서울특별시 강남구 학동로34길 21 3층,127.0338056,37.51315203,
9898,힘찬건설평생교육원,충남 천안시 동남구,"(31144) 충청남도 천안시 동남구 천안천5길 6(성황동, 흥선빌딩) 2층",127.1486917,36.81349299,
9899,주식회사서진이엘티,경기 부천시 소사구,(14730) 경기도 부천시 소사구 경인로 29 전층,,,
9900,디에이치테크놀로지(DHTECHNOLOGY),경기 화성시,(18520) 경기도 화성시 정남면 여의동길 87 ,,,
9901,주식회사엔엠씨,경남 김해시,(50875) 경상남도 김해시 진례면 고모로324번길 135-59 NMC,128.7825419,35.25118273,
9902,글로잉주식회사,서울 동대문구,"(02504) 서울특별시 동대문구 서울시립대로 163(전농동, 서울시립대학교) 2층 213호(전농동, 100주년 기념관)",127.0595147,37.58264483,
9903,(주)제철산업,경남 진주시,(52615) 경상남도 진주시 이반성면 진마대로2498번길 10-12 (주)제철산업,128.3227703,35.14929718,
9904,주식회사엠앤씨솔루션,경남 창원시 성산구    ,(51528) 경상남도 창원시 성산구 완암로 171 주식회사 엠앤씨솔루션,,,
9905,강원특별자치도장애인종합복지관속초분관,강원 속초시,"(24854) 강원특별자치도 속초시 청초호반로 201(교동, 근로자종합복지관) 1층 강원특별자치도장애인종합복지관 속초분관",128.5803515,38.19746446,
9906,주식회사제이엠,경기 평택시,(17703) 경기도 평택시 서탄면 수월암4길 193 ,,,
9907,홈케어창업연구소학원,서울 강북구,(01103) 서울특별시 강북구 삼양로71길 16 101동 B101호,127.016966,37.62893878,
9908,(주)케이티클라우드,서울 강남구,"(06060) 서울특별시 강남구 학동로 343(논현동, The Pinnacle Gangnam) 4층, 15층(논현동, 더피나클강남)",127.0406055,37.5173757,
9909,하남설비보전학원,경기 하남시,"(12965) 경기도 하남시 신평로 36-2(덕풍동, 벽산블루밍아파트) 벽산블루밍아파트상가 203호",127.2047252,37.53630065,
9910,원주설비보전학원,강원 원주시,"(26437) 강원특별자치도 원주시 천사로 24(단계동, 모닝프라자2) 3층 303",127.9280197,37.34784185,
9911,암사재활원,서울 강동구,"(05207) 서울특별시 강동구 올림픽로 864(암사동, 암사재활원) 1층 암사재활원",127.1312192,37.55813798,
9912,주식회사메디라이즈,서울 강남구,"(06349) 서울특별시 강남구 광평로 295(수서동, 사이룩스오피스텔) 서관동 1708호",127.1041817,37.48845783,
9913,의료법인합포의료재단,경남 창원시 마산합포구,"(51740) 경상남도 창원시 마산합포구 3·15대로 76(월남동2가, 합포의료재단) 1층 의료법인 합포의료재단 에스엠지 연세병원 ",128.5615883,35.1862872,
9914,설빛요양보호사교육원,강원 속초시,(24872) 강원특별자치도 속초시 동해대로 4024 제일프라자 5층 505호,128.5945274,38.19017871,
9915,한국교육문화평생교육원,경기 부천시 소사구,(14728) 경기도 부천시 소사구 경인로 56 4층 401호,126.7616061,37.48329407,
9916,(주)광운통신,강원 속초시,(24892) 강원특별자치도 속초시 조양로 58 나동 2층,128.5945961,38.18688168,
9917,테크브릿지,경남 김해시,(50800) 경상남도 김해시 생림면 생림대로939번길 2-7 1층,128.8471992,35.34240184,
9918,주식회사행복드림푸드,경기 고양시 일산동구,"(10245) 경기도 고양시 일산동구 고봉로819번길 75-41 1동, 2동(설문동)",126.7960476,37.72894414,
9919,우진씨엔씨,인천 부평구,"(21364) 인천광역시 부평구 길주로 512(청천동, 롯데하이마트 부평구청점) 2층 2층 일부",126.7189479,37.50738214,
9920,명성실리콘,경기 김포시,(10054) 경기도 김포시 양촌읍 해평로 71-2 ,,,
9921,현대성우쏠라이트(주)경주공장,경북 경주시,(38054) 경상북도 경주시 건천읍 용명공단길 183-12 현대성우쏠라이트(주)경주공장,129.1148424,35.86469551,
9922,에스비에스(SBS)아카데미뷰티미용학원,서울 구로구,"(08376) 서울특별시 구로구 디지털로31길 62(구로동, 아티스포럼) 1층 115호",126.8923971,37.48634998,
9923,세무회계온율,서울 서초구,"(06536) 서울특별시 서초구 강남대로 507 705호(반포동, 신태양빌딩)",127.022301,37.50704576,
9924,업스테이지,경기 용인시 수지구,"(16942) 경기도 용인시 수지구 광교중앙로 338(상현동, 광교우미뉴브) 에이동 8층 815호",127.0712767,37.3001832,
9925,주식회사송천엘앤씨,경기 성남시 수정구,(13101) 경기도 성남시 수정구 신촌로 28 1층,127.1043804,37.45965645,
9926,주식회사두일알루미늄,경기 김포시,(10048) 경기도 김포시 양촌읍 황금로89번길 127 3동 104호,126.6265506,37.61434011,
9927,주식회사에스케이엘엠스,경기 파주시,(10802) 경기도 파주시 적성면 적성산단1로 22-31 에스케이엘엠스,126.9123558,37.96984429,
9928,신영정밀,경남 진주시,(52611) 경상남도 진주시 사봉면 산업단지로 55 신영정밀,128.2769698,35.1895065,
9929,새봄헤어아카데미뷰티학원,세종 세종,"(30153) 세종특별자치시  한누리대로 2257(대평동, 판타지타워) 303호",127.2779754,36.47260431,
9930,건양대학교산학협력단,대전 서구,"(35365) 대전광역시 서구 관저동로 158(관저동, 건양대학교 대전메디컬캠퍼스) 건양대학교 메디컬캠퍼스",127.3431057,36.30686016,
9931,삼창기공(주),인천 서구,"(22773) 인천광역시 서구 건지로97번길 50(석남동, 삼창기공(주)) 1층",126.6529593,37.5036628,
9932,주식회사로열스테크,경남 양산시,"(50524) 경상남도 양산시 웅비공단길 20(용당동, 주식회사 로열스테크) ",,,
9933,부티크KM,서울 서초구,(06786) 서울특별시 서초구 강남대로8길 56 지하,127.0436334,37.4691625,
9934,주식회사예랑이앤씨,경기 시흥시,"(15028) 경기도 시흥시 정왕신길로49번길 28(정왕동, 미주아파트(상가동)) 104호",,,
9935,양산건축기술학원,경남 양산시,(50619) 경상남도 양산시 북안남4길 26 2층,129.036033,35.3456449,
9936,주식회사신세계미디어,서울 광진구,"(05116) 서울특별시 광진구 광나루로56길 85(구의동, 테크노-마트21) 32층 7호",,,
9937,킨디씨지게임그래픽학원,대구 남구,(42402) 대구광역시 남구 현충로 265 2층,128.5826713,35.85582496,
9938,세무법인윈윈,경기 안산시 단원구,"(15354) 경기도 안산시 단원구 화랑로 358(고잔동, 자유센터) 407호",126.8274936,37.3208145,
9939,은송의집,경남 김해시,(50805) 경상남도 김해시 상동면 장척로 611-21 은송의집 ,128.9271251,35.29548569,
9940,목포중앙고등학교,전남 목포시,(58604) 전라남도 목포시 지적로 36 ,,,
9941,남해자동차운전전문학원,경남 남해군,(52413) 경상남도 남해군 남해읍 선소로 117-31 운전학원,127.9093451,34.85113143,
9942,평산공업,경남 사천시,(52531) 경상남도 사천시 사남면 공단1로 23-24 평산공업,128.0707543,35.06612347,
9943,법률신문리걸에듀평생교육원,서울 서초구,"(06633) 서울특별시 서초구 서초대로56길 40(서초동, 지제이빌딩) 4층 일부(서초동)",127.0173728,37.49282063,
9944,유한회사하존솔루션,경기 부천시 원미구,"(14556) 경기도 부천시 원미구 조마루로385번길 122(춘의동, 삼보테크노타워) 1521호",126.7915162,37.5015424,
9945,육군공병학교(대표관리번호),전남 장성군,(57252) 전라남도 장성군 삼서면 태청로 428 (삼서면 대도리 845 사서함 75-20호 / 대표자 임덕기),126.6151089,35.24934649,
9946,주식회사앤하우스,서울 강남구,(06114) 서울특별시 강남구 강남대로 518 11층,127.0230478,37.5083791,
9947,주식회사백산기업,경남 거제시,"(53261) 경상남도 거제시 장평3로 80(장평동, 삼성중공업(주)거제조선소) 주식회사 백산기업 ",,,
9948,(주)대성,충남 논산시,(33004) 충청남도 논산시 은진면 버들길 103(대성정밀(주)) 대성,127.1295032,36.15538616,
9949,오유테크,충남 논산시,(33004) 충청남도 논산시 은진면 버들길 103(대성정밀(주)) 오유테크,127.1295032,36.15538616,
9950,케이코어솔루션,세종 세종,"(30128) 세종특별자치시  국세청로 4(나성동, 갤러리 세종프라자) 807호",127.2588393,36.48583319,
9951,봄소리 김해교육센터,경남 김해시,(50973) 경상남도 김해시 금관대로599번길 12 502호,128.8148954,35.20307297,
9952,경남에스케이드론주식회사,경남 고성군,"(52915) 경상남도 고성군 회화면 회진로 29 2층, 경남sk드론교육원",128.3691318,35.05585011,
9953,사회복지법인 대한사회복지회,서울 강남구,"(06220) 서울특별시 강남구 논현로86길 21(역삼동, 대한사회복지회) 1층",127.0392738,37.50021223,
9954,오양테크,경남 창원시 마산회원구,(51211) 경상남도 창원시 마산회원구 내서읍 함마대로 2502-135 오양테크,128.4952248,35.26164486,
9955,사회복지법인미선,인천 남동구,(21594) 인천광역시 남동구 소래로 630 402호,126.7330791,37.44590411,
9956,유니온화성(주),경기 부천시 오정구,(14445) 경기도 부천시 오정구 오정로39번길 27 유니온화성(주) 교육장-4층,126.7641799,37.5272848,
9957,울산종합건축기술학원,울산 남구,"(44771) 울산광역시 남구 산업로303번길 16 지하1층, 1층일부,2층",129.3370087,35.51295444,
9958,세상의기쁨통증의학과의원,서울 서대문구,"(03772) 서울특별시 서대문구 신촌로35길 10(북아현동, 이편한세상신촌) B426호",,,
9959,퍼스트바리스타제과제빵학원,경기 평택시,(17912) 경기도 평택시 중앙2로 16 7층 702호,127.0886955,36.99148095,
9960,(주)성지시스템,서울 강남구,"(06313) 서울특별시 강남구 논현로 4 5층(개포동, 극동건축빌딩)",127.0508247,37.47196191,
9961,(주)엔투소프트,경기 성남시 중원구,"(13201) 경기도 성남시 중원구 갈마치로288번길 14(상대원동, 성남 SK V1 tower) 728,729,730,1001,1002,1003호",127.1736517,37.43942862,
9962,해바라기요양보호사교육원,대구 서구,(41866) 대구광역시 서구 달구벌대로 1765 6층 해바라기요양보호사교육원,128.5581126,35.85864578,
9963,주식회사엔피티,경남 김해시,(50871) 경상남도 김해시 진영읍 하계로240번길 115 주식회사 엔피티,128.7301167,35.28041111,
9964,과천산후관리사교육원,경기 과천시,(13830) 경기도 과천시 부림로 21 2층,126.9981916,37.43805085,
9965,(주)선진쏘닉테크,경기 시흥시,"(14946) 경기도 시흥시 수인로3413번길 6-1(신천동, 선진쏘닉테크) 선진쏘닉테크",126.7792317,37.44127977,
9966,(주)티씨케이,경기 안성시,(17602) 경기도 안성시 미양면 개정산업단지로 71((주)티씨케이 개정공장) ,,,
9967,(주)천재교과서,서울 금천구,"(08591) 서울특별시 금천구 가산디지털1로 16 11층,18층,19층,20층",126.8874578,37.46749135,
9968,튼튼어린이병원,경기 의정부시,"(11686) 경기도 의정부시 평화로 647(의정부동, 미건메디컬프라자) 지하층 101호,2층 201호 ,3층 전체",127.0446097,37.74961553,
9969,주식회사마루이엔지,울산 동구,"(44113) 울산광역시 동구 방어진순환도로 100(방어동, 현대미포조선) 현대미포조선 내 주식회사마루이엔지",129.4038472,35.50029984,
9970,포켓클래스 원격평생교육원,서울 강서구,"(07807) 서울특별시 강서구 공항대로 168(마곡동, 747) 1201호",126.8261215,37.55919938,
9971,누리,서울 종로구,"(03123) 서울특별시 종로구 김상옥로 65(충신동, 성덕빌딩) 3층",127.0049082,37.57358523,
9972,청주아파트공동주택경리실무학원,충북 청주시 상당구,(28510) 충청북도 청주시 상당구 상당로 150 3층,127.4900828,36.64157583,
9973,(주)제이와이에이엘,경남 김해시,(50853) 경상남도 김해시 한림면 용덕로 262 (주)제이와이에이엘,128.8292444,35.29965781,
9974,선양케이씨(주),전북 군산시,"(54001) 전북특별자치도 군산시 서해로 625(비응도동, 현대중공업군산조선소) 현대중공업 내 선양케이씨(주)",126.5361113,35.9612332,
9975,글로벌인재평생교육원,서울 영등포구,"(07256) 서울특별시 영등포구 당산로31길 16-1(당산동3가, JUM) 4층 일부",126.894931,37.52689442,
9976,"주식회사니콜레타(NICOLETACo.,Ltd)",경기 군포시,"(15850) 경기도 군포시 고산로 166(당정동, SK벤티움) 104동 804-1호(당정동, SK벤티움)",126.9524782,37.34900047,
9977,선보유니텍(주)대불공장,전남 영암군,(58460) 전라남도 영암군 삼호읍 용앙로 255 선보유니텍(주) 대불공장,126.4404292,34.75455712,
9978,부광회계학원,부산 부산진구,(47357) 부산광역시 부산진구 범일로 172 3층 부광회계학원,129.0596024,35.14539328,
9979,(주)목성엔지니어링,대구 수성구,(42028) 대구광역시 수성구 동대구로 330 7층,128.6272278,35.85974543,
9980,(A+)부천이레아이맘교육원,경기 부천시 원미구,"(14543) 경기도 부천시 원미구 길주로 81(상동, 모건시티) 602호",126.7514439,37.50625718,
9981,온스타일치과기공소,경기 의정부시,(11676) 경기도 의정부시 의정로 198 거보빌딩4층,,,
9982,제주특별자치도자원봉사센터,제주 제주시,"(63121) 제주특별자치도 제주시 문연로 30(연동, 제주특별자치도청) 108호",126.5003719,33.48935585,
9983,(주)청하종합개발,대구 달서구,(42617) 대구광역시 달서구 선원로 272 3층 청하빌딩,128.5222721,35.85855614,
9984,(주)비엘비,경기 이천시,(17314) 경기도 이천시 백사면 청백리로393번길 183 3층(에이동물류센터),,,
9985,다사돌봄요양보호사교육원,대구 달성군,(42913) 대구광역시 달성군 다사읍 대실역북로 12 4층401호,128.4667352,35.85780162,
9986,유토피아ENT,서울 영등포구,"(07226) 서울특별시 영등포구 버드나루로 119(당산동, 영등빌딩) B동 2층 1호 유토피아 ENT",126.9076054,37.52873095,
9987,주식회사부민하이텍,부산 사상구,(46908) 부산광역시 사상구 낙동대로1356번길 26 1동,,,
9988,새광명요양보호사교육원,경기 광명시,"(14221) 경기도 광명시 오리로 948(광명동, 광명빌딩) 3층 새광명요양보호사교육원",126.8580002,37.47858959,
9989,아름다운소잉 패션디자인학원,경북 구미시,(39254) 경상북도 구미시 구미대로24길 7-1 4층 401호 아름다운소잉 패션디자인학원,128.3640297,36.11480018,
9990,퓨어엔터프라이즈(주),서울 금천구,(08511) 서울특별시 금천구 디지털로9길 41 삼성IT해링턴타워 5층 508호,126.8860034,37.47926595,
9991,보통작업실,경기 수원시 영통구,(16518) 경기도 수원시 영통구 월드컵로97번길 50 1층,127.0507555,37.27435185,
9992,주식회사제이케이유화,경남 김해시,(50932) 경상남도 김해시 김해대로2579번길 36 제이케이유화,128.9104614,35.23173997,
9993,주식회사디스페이스,경기 부천시 원미구,"(14556) 경기도 부천시 원미구 조마루로385번길 122(춘의동, 삼보테크노타워) 2320호",126.7915162,37.5015424,
9994,주식회사골드퓨쳐,경기 김포시,"(10010) 경기도 김포시 통진읍 월하로519번길 160 가,나동",126.6076121,37.71717709,
9995,고려종합국제운송(주),서울 중구,"(04516) 서울특별시 중구 서소문로 89(순화동, 순화빌딩) 10층, 고려종합국제운송",126.9708635,37.56299942,
9996,케어에듀가양요양보호사교육원,서울 강서구,"(07548) 서울특별시 강서구 양천로 504(등촌동, 명문빌딩) 명문빌딩 5층 (전체이용)",126.8559883,37.56038062,
9997,유나바리스타학원,경기 의정부시,(11803) 경기도 의정부시 효자로 10 송산중앙프라자 302호,127.086239,37.74340642,
9998,혁신마스터컴퓨터학원,충북 음성군,(27738) 충청북도 음성군 맹동면 사예로 56 301호,127.5434033,36.91059541,
9999,(주)베이스존,서울 금천구,"(08503) 서울특별시 금천구 가산디지털2로 156(가산동, 대한통운 가산동 택배터미널) 3층(가산동)",126.8781756,37.48212311,
10000,주식회사미인골드,인천 미추홀구,"(22126) 인천광역시 미추홀구 염전로 330(주안동, 주안 J Tower 1차 지식산업센터) 609호",126.6768097,37.47017925,
10001,주식회사국제표준경영인증원,경기 화성시,"(18479) 경기도 화성시 동탄감배산로 143(오산동, 동탄역 유림노르웨이숲) 오피스동 202동 813호",127.0889412,37.1987986,
10002,신원인슈텍(주),충북 충주시,(27466) 충청북도 충주시 대소원면 첨단산업3로 86-1 신원인슈텍 주식회사,127.829885,36.99263545,
10003,로이체일렉트로닉(주),경기 성남시 분당구,"(13486) 경기도 성남시 분당구 판교로255번길 9-22(삼평동, 판교 우림 W-CITY) A동 502호",127.0998775,37.40372595,
10004,시흥STA종합미용학원,경기 시흥시,"(14912) 경기도 시흥시 비둘기공원7길 39(대야동, 트윈프라자) 601호",126.7923831,37.44246565,
10005,주식회사쇼콘,제주 제주시,"(63270) 제주특별자치도 제주시 신산로 82(일도이동, 제주민속관광타운) 지하1층",126.5339001,33.50638378,
10006,유한회사에스씨에스,전남 영암군,(58462) 전라남도 영암군 삼호읍 대불로 93(현대삼호중공업) 외업3관 A동 103호,,,
10007,(주)데키스트,경기 용인시 기흥구,"(16954) 경기도 용인시 기흥구 흥덕1로 13(영덕동, 흥덕IT밸리) 타워동A-1801",127.0660797,37.27092076,
10008,본디(BONDI),경기 성남시 분당구,"(13488) 경기도 성남시 분당구 판교로289번길 20(삼평동, 판교테크노밸리 스타트업 캠퍼스) 1동 8층 경기스타트업랩 801호",127.1062972,37.40468205,
10009,영남이공대학교 교육과정혁신센터,대구 남구,"(42415) 대구광역시 남구 현충로 170(대명동, 영남대학교(병원), 영남이공대학교) 영남이공대학교 본관 7층 교육과정혁신센터",128.5857969,35.84734483,
10010,계양온누리평생교육원,인천 계양구,"(21058) 인천광역시 계양구 장제로 799(계산동, 동성프라자) 4층 일부호",126.7342086,37.53928659,
10011,디자인봄,경기 수원시 영통구,(16226) 경기도 수원시 영통구 대학4로 17 113호,127.0465046,37.30049704,
10012,주식회사지오앤,강원 횡성군,(25222) 강원특별자치도 횡성군 횡성읍 문화체육로 52 301호,127.9881208,37.49530768,
10013,H2빌,서울 강서구,"(07501) 서울특별시 강서구 금낭화로26가길 130(개화동, 천주의성요한수도회) H2빌",126.8113443,37.58425063,
10014,백석,경기 시흥시,"(14986) 경기도 시흥시 수풀안길 9-36 1층 126,127호(조남동)",126.8667648,37.3790473,
10015,(주)씨앤에이건축사사무소,서울 서대문구,"(03703) 서울특별시 서대문구 증가로 9(연희동, 범우빌딩) 3층",126.9313331,37.56908568,
10016,주식회사호반식품,충북 청주시 청원구,(28146) 충청북도 청주시 청원구 내수읍 청암로 192-21 (주)호반식품,127.5502427,36.71924008,
10017,헤이리하담가죽공예,경기 파주시,"(10859) 경기도 파주시 탄현면 헤이리마을길 93-123 6게이트 104호,105호,106호 헤이리하담가죽공방",126.6976555,37.79193463,
10018,유한회사주은이엔지,전남 영암군,(58462) 전라남도 영암군 삼호읍 대불로 93(현대삼호중공업) 유한회사 주은이엔지,126.3727507,34.74046812,
10019,인포디언스비즈니스연구소,경기 안양시 동안구,"(14072) 경기도 안양시 동안구 시민대로 190(호계동, 힐스테이트 범계역 모비우스) 102동 608호",126.9517839,37.39083421,
10020,부영테크,부산 강서구,(46706) 부산광역시 강서구 낙동북로126번길 37-13 부영테크,128.942484,35.2144873,
10021,청안평생직업교육학원,충남 부여군,(33166) 충청남도 부여군 부여읍 서동로99번길 12 2층,126.9156502,36.27352723,
10022,엠비씨(MBC)아카데미뷰티스쿨미용학원,대전 서구,(35264) 대전광역시 서구 계룡로 637 정일빌딩 8층 MBC 아카데미뷰티학원,127.3931712,36.3390239,
10023,(주)굿사이클,경남 김해시,"(50813) 경상남도 김해시 인제로230번길 46 304호(삼방동, 삼방어울림센터)",128.9071315,35.24715734,
10024,미트리(주),부산 사상구,(46985) 부산광역시 사상구 학감대로 252 7층,128.9907119,35.1532189,
10025,반도체공정기술교육원 주식회사,경기 수원시 영통구,"(16229) 경기도 수원시 영통구 창룡대로256번길 77(이의동, 에이스 광교타워3) B214호",127.0409684,37.29604311,
10026,(주)그린오토테크,전남 영광군,(57055) 전라남도 영광군 대마면 전기차1로 86 (주)그린오토테크,126.5726922,35.28073655,
10027,주식회사그린피앤피,전남 영광군,(57055) 전라남도 영광군 대마면 전기차1로 88 주식회사 그린피앤피,126.5726844,35.28106719,
10028,주식회사그린케미칼,전남 영광군,(57055) 전라남도 영광군 대마면 전기차1로 80 주식회사 그린케미칼,126.5727074,35.2801637,
10029,더뷰미용학원,대전 대덕구,(34317) 대전광역시 대덕구 대덕대로 1578 3층 더뷰미용학원,127.4229841,36.44994202,
10030,(주)광명폴리머,경기 부천시 원미구,(14519) 경기도 부천시 원미구 수도로 110 광명폴리머,126.7781223,37.51587608,
10031,분당아람고등학교,경기 성남시 분당구,"(13500) 경기도 성남시 분당구 장미로 153(야탑동, 분당아람고등학교) ",,,
10032,SBS아카데미컴퓨터아트학원,충북 청주시 상당구,"(28516) 충청북도 청주시 상당구 상당로 58(문화동, 경산타워) 4층 일부",127.4909531,36.63349039,
10033,주식회사정광테크,경기 시흥시,(15083) 경기도 시흥시 군자천로237번길 15 1동 (정왕동),,,
10034,(주)동신모텍함안공장,경남 함안군,(52035) 경상남도 함안군 가야읍 남문길 29-3((주)태창기업) 동신모텍 함안공장,128.3884741,35.27287058,
10035,미도산업,경기 성남시 중원구,"(13207) 경기도 성남시 중원구 사기막골로 124(상대원동, SKn테크노파크) 1006, 1007호",127.1775917,37.4400316,
10036,주식회사스마트이엔지/일괄,부산 금정구,"(46301) 부산광역시 금정구 식물원로9번길 15(장전동, 장전삼정그린코아더베스트) 101-705",,,
10037,소옴크리에이티브부산학원,부산 부산진구,(47283) 부산광역시 부산진구 신천대로102번길 6 6층 소옴크리에이티브 부산,129.0551191,35.15241581,
10038,가온공조아카데미학원,서울 강동구,"(05264) 서울특별시 강동구 올림픽로98길 30(암사동, 탑스빌딩) 202호",127.129434,37.55078562,
10039,파이어락,부산 해운대구,"(48034) 부산광역시 해운대구 반여로 170(반여동, 청혜원) 2층",129.1270047,35.20574856,
10040,공주마이스터고등학교,충남 공주시,(32506) 충청남도 공주시 유구읍 중앙1길 27-12(공주마이스터고등학교) 2층,126.948616,36.54738013,
10041,여성아이병원,경북 포항시 북구,"(37636) 경상북도 포항시 북구 우창동로22번길 7(우현동, 여성아이병원) 여성아이병원",129.3623169,36.05423361,
10042,파주신진중장비운전학원,경기 파주시,(10947) 경기도 파주시 월롱면 정문로293번길 93 1~2층 일부 및 95 실습장 일부 (파주신진중장비운전학원),126.8124861,37.78902198,
10043,바른병원,경남 창원시 성산구    ,"(51409) 경상남도 창원시 성산구 창원천로94번길 82-18(대원동, 푸른요양병원) 주소 경상남도 창원시 창원천로 94번길 82-18 ",128.6582976,35.23727105,
10044,목포여자상업고등학교,전남 목포시,(58644) 전라남도 목포시 영산로 413-3 목포여자상업고등학교,126.4098759,34.80738099,
10045,함께요양보호사교육원,경기 수원시 팔달구,(16257) 경기도 수원시 팔달구 정조로 802 4층 405호,127.0169744,37.27967,
10046,(주)코아오토모티브광주공장,광주 북구,(61009) 광주광역시 북구 첨단벤처로60번길 20 ,,,
10047,(주)부길전기,강원 동해시,(25791) 강원특별자치도 동해시 공단12로 25 1층,129.1355952,37.48193131,
10048,상원테크,인천 서구,"(22774) 인천광역시 서구 건지로153번길 11-23(석남동, 상원테크) ",,,
10049,위사아카데미학원,서울 마포구,"(04075) 서울특별시 마포구 토정로9길 2 1층, 2층(상수동)",126.9244506,37.54528406,
10050,미르컴퓨터학원,전북 전주시 덕진구,"(55018) 전북특별자치도 전주시 덕진구 정언신로 89(인후동1가, 동부새마을금고) 3층 301호",127.1636452,35.83124383,
10051,이소,서울 서초구,(06541) 서울특별시 서초구 사평대로57길 28 1층(반포동),127.0230244,37.50551395,
10052,(주)엔에스에이치,경기 평택시,(17708) 경기도 평택시 진위면 진위2산단로 15-20(스마트큐브 지식 산업센터) 618호,127.067729,37.1218699,
10053,봄소리 교육센터,부산 부산진구,(47214) 부산광역시 부산진구 중앙대로 891 3층,129.0686498,35.17019006,
10054,한국동서발전(주)당진발전본부,충남 당진시,(31700) 충청남도 당진시 석문면 교로길 30(관사) 당진발전본부,126.5091136,37.05714639,
10055,주식회사비더린,서울 송파구,"(05510) 서울특별시 송파구 올림픽로 319(신천동, 사단법인 서울특별시 교통회관) 8층",127.1053474,37.51560598,
10056,정원냉열,충남 아산시,(31419) 충청남도 아산시 음봉면 산동로59번길 42-10 정원냉열,127.0917638,36.83621735,
10057,(주)비피케이,인천 부평구,(21300) 인천광역시 부평구 세월천로 204-6 (주)비피케이,126.6906956,37.51805935,
10058,(주)루미원,대전 동구,(34571) 대전광역시 동구 대전천북로 38 2층,127.424405,36.33763733,
10059,주식회사고명산전,충북 청주시 흥덕구,(28176) 충청북도 청주시 흥덕구 강내면 저산길 120-2 (주)고명산전,127.3598893,36.56627275,
10060,광주제과기술두암학원,광주 북구,(61198) 광주광역시 북구 동문대로 92 2층,126.9241541,35.17160322,
10061,엠아이앤컴퍼니주식회사,서울 영등포구,"(07333) 서울특별시 영등포구 국제금융로 70(여의도동, 미원빌딩) 805",126.9309827,37.52139627,
10062,봄소리 부천 교육센터,경기 부천시 원미구,"(14582) 경기도 부천시 원미구 부흥로315번길 52(중동, 다복빌딩) 703호",126.7772482,37.49647947,
10063,티벳엔지니어링,충북 청주시 서원구,(28211) 충청북도 청주시 서원구 현도면 죽전길 136 티벳엔지니어링,127.4209564,36.49864014,
10064,강북제과제빵학원,서울 강북구,(01170) 서울특별시 강북구 도봉로49길 11 2층 전체(미아동),127.0257565,37.62497397,
10065,메이뷰티 아카데미,대전 유성구,"(34086) 대전광역시 유성구 은구비남로33번길 13-38(지족동, 필연빌딩) 6층 메이뷰티 아카데미",127.3188802,36.37356732,
10066,산수몰드(주),경기 화성시,(18521) 경기도 화성시 정남면 시청로 1706-32 산수몰드,,,
10067,풍류담원제과제빵커피학원,제주 제주시,(63074) 제주특별자치도 제주시 논세길 118 3층,126.4435193,33.48380198,
10068,주식회사다미,강원 춘천시,(24461) 강원특별자치도 춘천시 서면 박사로 882 308,127.6921995,37.89492055,
10069,(주)이노베이션메디칼팜,경기 시흥시,(14943) 경기도 시흥시 찬우물1길 21 (은행동),126.7948267,37.4251347,
10070,계원예술대학교산학협력단,경기 의왕시,"(16038) 경기도 의왕시 계원대학로 66(내손동, 계원예술대학교) 창조관 204B",126.9783017,37.37862752,
10071,르노코리아자동차서비스코너서대신점,부산 서구,(49235) 부산광역시 서구 구덕로 279 르노코리아자동차서비스코너 서대신점,,,
10072,파주여자고등학교,경기 파주시,"(10945) 경기도 파주시 월롱면 함영골길 10(파주여자고등학교, 광일중학교) 파주여자고등학교",126.7867906,37.77487022,
10073,경기물류고등학교,경기 평택시,(17936) 경기도 평택시 안중읍 안현로 403(경기물류고등학교) 경기물류고등학교(직업교육부),126.9297567,36.98681484,
10074,스프레틱스원격평생교육시설,서울 마포구,(04138) 서울특별시 마포구 숭문4길 6 3층(염리동),126.9456458,37.54750591,
10075,검단비손간호학원,인천 서구,"(22865) 인천광역시 서구 이음1로 383(원당동, 세중시그니쳐) 8층 802호803호",126.7168015,37.59463373,
10076,전주고려병원,전북 전주시 덕진구,"(54915) 전북특별자치도 전주시 덕진구 안덕원로 367(산정동, 전주고려병원) 1층 기획실",127.1669159,35.83991067,
10077,에스(S)3아카데미 서울캠퍼스 미용학원,서울 중구,"(04614) 서울특별시 중구 퇴계로 324(광희동2가, 성우빌딩) 6층 601호",127.0076923,37.56389958,
10078,대정테크윈(주),경기 화성시,(18520) 경기도 화성시 정남면 여의동길36번길 41 대정테크윈,126.9713524,37.17078412,
10079,석경산업주식회사,경기 시흥시,"(15090) 경기도 시흥시 군자천로185번길 36(정왕동, 용호산업) 308(정왕동, 시화공단2다)",126.7213349,37.33797213,
10080,플로렌스케어,대구 수성구,(42204) 대구광역시 수성구 지범로 47-10 3층,128.6276376,35.82665937,
10081,승안산업,경기 시흥시,(14981) 경기도 시흥시 금화로550번길 36-1 1층,126.83958,37.3914319,
10082,어르신이편안한재가요양센터,충남 공주시,(32555) 충청남도 공주시 무령로 253 어르신이편안한재가요양센터,127.1279899,36.4562591,
10083,몽소플라워아트스쿨학원,서울 강남구,(06029) 서울특별시 강남구 압구정로14길 41 2층,127.023583,37.52162358,
10084,(주)대코,경기 시흥시,(15090) 경기도 시흥시 공단1대로196번길 37 (주)대코,126.7214233,37.33544949,
10085,현빈개발(주),서울 서초구,"(06775) 서울특별시 서초구 논현로 79(양재동, 윈드스톤호피스텔빌딩) 710호",,,
10086,올아이피정보통신주식회사,서울 서초구,"(06720) 서울특별시 서초구 효령로 304(서초동, 국제전자센터) 95호(서초동, 국제전자센터)",127.0178139,37.48472767,
10087,(주)케이앤에스아이앤씨,대전 유성구,(34055) 대전광역시 유성구 유성대로 1476-55 KNS INC(화암동),127.3780646,36.40610842,
10088,주식회사주성코리아,경기 화성시,(18284) 경기도 화성시 비봉면 주석로 391 주식회사 주성코리아,126.8669684,37.20193959,
10089,순천향대학교산학협력단,충남 아산시,(31538) 충청남도 아산시 신창면 순천향로 22-8(순천향대학교) 지역혁신관 1층,126.9315276,36.76995017,
10090,경기북부가정위탁지원센터,경기 의정부시,"(11611) 경기도 의정부시 가금로 29(가능동, 지승메디컬프라자) 7층 701호 경기북부가정위탁지원센터",127.0395765,37.7555956,
10091,주식회사지호컴퍼니,경기 부천시 원미구,"(14549) 경기도 부천시 원미구 신흥로 190(중동, 위브더스테이트) 1단지 118호 ",126.7771544,37.50134465,
10092,다온요양보호사교육원,경북 김천시,(39547) 경상북도 김천시 시청로 83-1 연수빌딩 3층 다온요양보호사교육원,128.1169782,36.13586496,
10093,(주)볼보자동차코리아,서울 강남구,"(06060) 서울특별시 강남구 학동로 343(논현동, The Pinnacle Gangnam) 더 피나클 5층 볼보자동차코리아",127.0406641,37.51744495,
10094,와이즈뉴메틱(Wisepneumatic),경기 화성시,(18384) 경기도 화성시 반월길12번길 14 나동,127.0635505,37.22966386,
10095,주식회사순간네트웍스,대구 동구,(41186) 대구광역시 동구 아양로 213-4 2층 201호,128.6366106,35.88687976,
10096,마이사가요도예학원,서울 서초구,"(06748) 서울특별시 서초구 양재천로23길 23(양재동, 홍우빌딩) 2층",127.0402399,37.47836252,
10097,(주)지에프시알엔디,경기 포천시,(11158) 경기도 포천시 호국로 1049 가동(선단동),,,
10098,에듀윗 원격평생교육원,대구 북구,(41543) 대구광역시 북구 대학로 5 3층.301호,128.6022549,35.88857537,
10099,어알아인테리어필름학원,전남 순천시,(58005) 전라남도 순천시 해룡면 지봉로 209-2 3층,127.5395692,34.9328619,
10100,(주)우남,부산 사상구,"(46907) 부산광역시 사상구 낙동대로1420번길 42(삼락동, 대신택배) 주식회사우남",128.9800886,35.18616659,
10101,KD인테리어필름학원,경기 부천시 원미구,(14528) 경기도 부천시 원미구 부천로 235 5층 일부(춘의동),126.7863272,37.50508713,
10102,전주도배송천학원,전북 전주시 덕진구,"(54835) 전북특별자치도 전주시 덕진구 솔내로 133(송천동1가, 전평신협) 401호",127.12664,35.86215525,
10103,(주)대성산업개발2공장,경북 구미시,(39161) 경상북도 구미시 산동읍 동백로 341 ,,,
10104,피라스튜디오 원격평생교육원,경기 의정부시,(11813) 경기도 의정부시 민락로 195 에이치동 704호,127.1002842,37.74276498,
10105,차와수패션디자인학원,인천 남동구,(21552) 인천광역시 남동구 석산로 58 3층,126.6983379,37.46062308,
10106,솔루션소방기술학원,대전 중구,"(34864) 대전광역시 중구 선화서로 42(선화동, 그린손해보험빌딩) 3층, 솔루션소방기술학원",127.4185439,36.32750286,
10107,크리스챤쇼보미용학원,경기 성남시 수정구,"(13345) 경기도 성남시 수정구 산성대로 211(신흥동, 신창메디칼) 4층 401호",127.1412952,37.43834637,
10108,노아이엔티(주),울산 동구,"(44113) 울산광역시 동구 방어진순환도로 100(방어동, 현대미포조선) 외업5관 2층 노아이엔티(주)",129.4038472,35.50029984,
10109,서강플러스치과,서울 마포구,(04074) 서울특별시 마포구 독막로 86 2층,126.9228669,37.5473395,
10110,참빛간호조무사학원,전남 고흥군,(59542) 전라남도 고흥군 고흥읍 백련장전길 21 2층,127.2785513,34.59773074,
10111,태성에컴스주식회사,충남 천안시 서북구,(31007) 충청남도 천안시 서북구 성환읍 왕지1길 255-42 태성에컴스주식회사,127.1006284,36.9187864,
10112,디자인FIT,서울 종로구,"(03139) 서울특별시 종로구 돈화문로5가길 22(묘동, 다리치) 7층 702호",126.991551,37.57170165,
10113,케이티에프서초평생교육원,서울 서초구,(06682) 서울특별시 서초구 효령로31길 80 2층,126.9948883,37.48445917,
10114,행복뜰요양원,제주 제주시,(63008) 제주특별자치도 제주시 한경면 고산남8길 17-8  ,,,
10115,(주)행복맘스,인천 서구,"(22639) 인천광역시 서구 완정로 19(마전동, 검단무광프라자) 305호",126.671863,37.59458242,
10116,노무법인호암노동법률,충북 충주시,(27428) 충청북도 충주시 국원대로 3-2 2층,,,
10117,재돈TEXTILE,경남 김해시,(50805) 경상남도 김해시 상동면 상동로375번길 87-72 ,,,
10118,정평생교육원,부산 금정구,(46230) 부산광역시 금정구 금강로 514 4층 정원격평생교육원,,,
10119,(주)포시즌모터스,부산 남구,"(48475) 부산광역시 남구 우암로 375(문현동, 부산골프연습장) (주)포시즌 모터스",,,
10120,대성미용학원,서울 성북구,(02729) 서울특별시 성북구 도봉로 31 31-1 3층 대성미용학원,,,
10121,청년후계농업 평생교육원,경기 안산시 상록구,"(15541) 경기도 안산시 상록구 석호로 315(본오동, 신안코아) 208-99호",126.8649628,37.29504081,
10122,e-편한치과의원,서울 송파구,"(05833) 서울특별시 송파구 중대로 80(문정동, 문정프라자) 3층",127.11771,37.49165666,
10123,사단법인대한드론협회,광주 북구,(61109) 광주광역시 북구 용봉택지로 39 5층 501호 (G플레이스용봉),126.8911951,35.17876526,
10124,사랑나무치과의원,서울 강동구,"(05328) 서울특별시 강동구 올림픽로 654(천호동, 삼영빌딩) 3층",127.124154,37.53979013,
10125,주식회사코너스톤프로젝트,충북 충주시,(27446) 충청북도 충주시 중앙탑면 묘곡내동길 274 ,,,
10126,(주)해양공사,부산 중구,(48936) 부산광역시 중구 충장대로5번길 50 해양공사 5층,,,
10127,대경직업기술학원,대구 달서구,(42632) 대구광역시 달서구 와룡로 231 2층,128.5369018,35.85307489,
10128,주식회사지트,경기 광주시,(12774) 경기도 광주시 보뚱치길 43 (문형동),,,
10129,수치과의원,경기 성남시 분당구,"(13586) 경기도 성남시 분당구 돌마로 478(서현동, 창인프라자) 3층 (서현동 298-3)",127.1337137,37.37680723,
10130,주식회사알테오젠헬스케어,서울 영등포구,"(07292) 서울특별시 영등포구 영등포로 150(당산동1가, 생각공장 당산) 제지 1층 제엘107오호",126.8979325,37.5203627,
10131,뉴욕연세치과,서울 강남구,"(06232) 서울특별시 강남구 강남대로 378(역삼동, 준빌딩) 3층",127.0286417,37.49665441,
10132,가나가와치과,서울 강남구,"(06267) 서울특별시 강남구 강남대로 246(도곡동, 다림빌딩) 6층 (도곡동 953)",127.0340278,37.48552442,
10133,브라이트치과의원,서울 용산구,"(04401) 서울특별시 용산구 한남대로 59(한남동, 남한빌딩) 5층",127.0067513,37.53406798,
10134,(주)청담고등학교부설 평택드론아카데미,경기 평택시,(17991) 경기도 평택시 팽성읍 팽성송화로 192 청담고(부사관1층 드론 운영실),127.0628473,36.96262953,
10135,선우케어교육원전주지사,전북 전주시 덕진구,"(54902) 전북특별자치도 전주시 덕진구 동부대로 879(호성동1가, 남촌빌딩 B동) 201호. 선우케어 교육원 전주지사",127.1487707,35.86454688,
10136,사단법인청풍위장회,충북 충주시,(27394) 충청북도 충주시 용정7길 11 101호,,,
10137,로운아카데미 원격평생교육원,전북 전주시 완산구,(55134) 전북특별자치도 전주시 완산구 맏내3길 7 2층,,,
10138,우성화인텍(주),경북 칠곡군,(39846) 경상북도 칠곡군 석적읍 장곡길 258 우성화인텍(주),128.4224856,36.07382801,
10139,(주)성신수출포장,경기 시흥시,"(15111) 경기도 시흥시 마유로82번길 17(정왕동, (주)성신수출포장) 시화공단 3마 128호",,,
10140,주식회사빛글림,서울 종로구,"(03131) 서울특별시 종로구 율곡로6길 23(운니동, 주원빌딩) 2층",,,
10141,라임구미요리학원,경북 구미시,(39276) 경상북도 구미시 송원동로 36 3층,,,
10142,포우펫미용학원,인천 부평구,"(21379) 인천광역시 부평구 부평대로87번길 13(부평동, 메트로시티) 201호",,,
10143,케이치과병원,서울 송파구,"(05510) 서울특별시 송파구 올림픽로 319(신천동, 사단법인 서울특별시 교통회관) 2층동 2층",,,
10144,알파플러스온 원격평생교육원,서울 영등포구,(07269) 서울특별시 영등포구 선유서로 117 601호,126.8862364,37.52603669,
10145,경희행복나무한의원,서울 양천구,"(07995) 서울특별시 양천구 목동서로 213(목동, 세신비젼프라자) 4층 411~416호",,,
10146,오픈박스충주주식회사,충북 충주시,(27337) 충청북도 충주시 팽고리산길 93 1층,,,
10147,사단법인경북아이씨티융합산업진흥협회,경북 포항시 북구,(37553) 경상북도 포항시 북구 흥해읍 해안로 1104 404호(한국해양과학기술원 수중로봇복합실증센터),,,
10148,베써(BESSER),경기 고양시 덕양구,(10550) 경기도 고양시 덕양구 삼원로3길 52 1층,,,
10149,주식회사휴맥스네트웍스,경기 성남시 분당구,"(13595) 경기도 성남시 분당구 황새울로 216(수내동, 휴맥스빌리지) 7층",,,
10150,평생교육원 오쌤,광주 북구,(61238) 광주광역시 북구 경양로 170 한경빌딩 4층 ,126.9100598,35.16010979,
10151,박치과의원,서울 강남구,"(06261) 서울특별시 강남구 도곡로 190(도곡동, 서원빌딩) 3층",,,
10152,주식회사한국도로시험연구원,경기 파주시,(10947) 경기도 파주시 월롱면 정문로 316-46 ,,,
10153,대전직업능력개발원,대전 대덕구,"(34325) 대전광역시 대덕구 신일동로 70(신일동, 대전직업능력개발원) ",,,
10154,프레이아트,경기 고양시 덕양구,"(10468) 경기도 고양시 덕양구 고양대로1384번길 19-15(성사동, 새롬프라자) 5층 507호",126.838013,37.65313431,
10155,디더블유아카데미원격학원,대전 중구,"(34838) 대전광역시 중구 중앙로121번길 20(선화동, 방산빌딩) 3층, 302호",,,
10156,코어오브크리에이티브원격학원,서울 강남구,(06027) 서울특별시 강남구 강남대로160길 19 2층 ,127.0202229,37.51956986,
10157,삼성공구,인천 서구,(22743) 인천광역시 서구 사렴로65번길 39 ,,,
10158,(주)아이시글로벌,인천 미추홀구,"(22134) 인천광역시 미추홀구 경원대로 869(주안동, 르네상스빌딩) 1402호",,,
10159,신성토탈주식회사,경남 김해시,(50848) 경상남도 김해시 한림면 한림로 176 신성토탈 주식회사,,,
10160,(주)가본,경남 창원시 마산회원구,"(51338) 경상남도 창원시 마산회원구 자유무역3길 59(양덕동, 주식회사 가본) 마산자유무역지역1공구",,,
10161,(주)서진테크놀로지,경기 군포시,"(15850) 경기도 군포시 고산로148번길 17(당정동, 군포IT밸리) B동 1803호 1804호 1805호",,,
10162,(주)창성몰드테크,부산 사상구,"(47023) 부산광역시 사상구 대동로 186(학장동, 창성정밀부식) (주)창성몰드테크",128.9844907,35.14394983,
10163,부안요양보호사교육원,전북 부안군,(56315) 전북특별자치도 부안군 부안읍 석정로 241(청운학원) 2층,,,
10164,남천안중장비학원,충남 천안시 동남구,(31216) 충청남도 천안시 동남구 풍세면 가송로 130-33 남천안중장비학원,,,
10165,부안 우리들 요양보호사교육원,전북 부안군,(56306) 전북특별자치도 부안군 부안읍 석정로 171 21세기병원 4층 부안 우리들 요양보호사교육원,,,
10166,(주)천하엔지니어링,울산 북구,"(44259) 울산광역시 북구 염포로 238-8(효문동, 천하엔지니어링) ",,,
10167,천하계전,울산 북구,"(44259) 울산광역시 북구 염포로 238-8(효문동, 천하엔지니어링) A동 1층 101호",,,
10168,광주씨티병원,광주 남구,"(61710) 광주광역시 남구 서문대로654번길 5(진월동, 씨티병원) 광주씨티병원",,,
10169,(주)영신에프앤씨,경기 화성시,(18541) 경기도 화성시 마도면 마도로620번길 22-15 주식회사 영신에프앤씨,,,
10170,드론N코딩,경남 진주시,(52709) 경상남도 진주시 진주대로 931 현대빌딩 5층 3호(강남동),,,
10171,한국반려동물전문학원,경남 양산시,"(50549) 경상남도 양산시 평산남1길 6(평산동, 동화골프연습장) 2층 한국반려동물전문학원",129.1532199,35.37960005,
10172,(주)잡디자인,서울 영등포구,"(07229) 서울특별시 영등포구 영중로 134-1(영등포동8가, 문성빌딩) 801호",126.9063363,37.52826225,
10173,(주)이도시스,경기 군포시,"(15808) 경기도 군포시 엘에스로 175(산본동, 에스에이타워) 301호",,,
10174,놀면뭐해주식회사,서울 강남구,"(06155) 서울특별시 강남구 삼성로103길 6 2층 201호 (삼성동, 제이제이빌딩)",,,
10175,주식회사로보비즈코어,경기 성남시 중원구,"(13217) 경기도 성남시 중원구 갈마치로 215(상대원동, 금강펜테리움IT타워) 에이동 1006호",,,
10176,언양중장비학원,울산 울주군,(44903) 울산광역시 울주군 상북면 상북로 183 언양중장비학원,,,
10177,"주식회사더블유피(WPCO.,Ltd)",충남 천안시 서북구,(31156) 충청남도 천안시 서북구 불당36길 63 충남천안아산강소특구 제3캠퍼스 303-11호(불당동),,,
10178,사단법인경북경산산학융합원,경북 경산시,(38408) 경상북도 경산시 하양읍 아이웨어로 31(경북경산산학융합원) 기업연구관,,,
10179,주식회사네오에코,경기 시흥시,(14986) 경기도 시흥시 수풀안길 9-36 케이엠텍지식산업센터 720호,126.8667625,37.37894565,
10180,사능진건요양보호사교육원,경기 남양주시,(12133) 경기도 남양주시 진건읍 진건오남로105번길 7 301호(대아빌딩),,,
10181,주식회사순작알앤씨,서울 강남구,(06012) 서울특별시 강남구 도산대로89길 19-14 302-01호,127.0504972,37.52598559,
10182,엠젠트,인천 서구,(22661) 인천광역시 서구 검단로326번길 35-84 왕길동,126.6447495,37.59113362,
10183,주식회사엠바스,부산 연제구,"(47605) 부산광역시 연제구 연제로 24(연산동, 나라키움 부산 청년창업허브) 204호",129.0773077,35.17728938,
10184,(주)백산이엔씨,경남 거제시,"(53302) 경상남도 거제시 거제대로 3370(아주동, 한화오션) (주)백산이엔씨",128.696264,34.87304189,
10185,시크릿커피학원,서울 중구,"(04619) 서울특별시 중구 퇴계로 258-1 3층, 시크릿커피학원",127.0004936,37.56248624,
10186,주식회사동일산업,부산 강서구,(46702) 부산광역시 강서구 대저중앙로286번길 106-3 ,,,
10187,귤곰원격학원,제주 제주시,"(63133) 제주특별자치도 제주시 신대로18길 8-1 ,1층",,,
10188,(주)덕흥,경기 수원시 권선구,(16648) 경기도 수원시 권선구 산업로156번길 189 3층,126.9866757,37.24123854,
10189,체인지아카데미,서울 금천구,(08513) 서울특별시 금천구 디지털로 178 가산퍼블릭 B동 426호,126.8867837,37.47593895,
10190,(주)제이에스개발컨설팅,부산 남구,"(48520) 부산광역시 남구 신선로 428(용당동, 동명대학교) ICT2관 311호",,,
10191,동남FA,부산 사상구,"(47000) 부산광역시 사상구 사상로 50(주례동, 동남전기) 동남FA",,,
10192,미서울치과,서울 송파구,"(05657) 서울특별시 송파구 마천로 53(오금동, 대경빌딩) 4층",127.126795,37.50840594,
10193,주식회사드가자,서울 강남구,(06031) 서울특별시 강남구 논현로159길 10 지하 1 층 ( 신사동 ),127.0273843,37.52306443,
10194,오픈와이즈 원격평생교육원,서울 금천구,"(08592) 서울특별시 금천구 가산디지털1로 75-15(가산동, 가산 하우스디 와이즈타워) 521,522,523",126.884107,37.47233878,
10195,주식회사베스트정공,경기 김포시,(10049) 경기도 김포시 양촌읍 삼도공단로85번길 26 주식회사 베스트정공,126.5958444,37.59919283,
10196,한국장애인고용공단 경기남부직업능력개발원,경기 화성시,(18469) 경기도 화성시 동탄순환대로 924 경기남부직업능력개발원 실습관 ,127.0876178,37.21181759,
10197,하이텍직업인재원격평생교육원,인천 서구,"(22726) 인천광역시 서구 탁옥로51번길 11(심곡동, 심곡네오프라자) 601호",,,
10198,(주)삼광켐,경기 안성시,(17501) 경기도 안성시 양성면 양성로 390((주)삼광켐) ,,,
10199,사단법인한국재난안전산업협회,서울 강서구,"(07802) 서울특별시 강서구 마곡중앙6로 42(마곡동, 사이언스타) 1303호, 1304호",,,
10200,허니아케이드주식회사(HONEYARCADEInc.),서울 송파구,"(05854) 서울특별시 송파구 법원로 128(문정동, 문정역SKV1) 에이동 6층 611호",127.1204049,37.48679765,
10201,(주)골드밴지점,전북 완주군,(55314) 전북특별자치도 완주군 봉동읍 테크노밸리2로 72 ,,,
10202,강릉요양보호사교육원,강원 강릉시,(25548) 강원특별자치도 강릉시 용지각길 20 3층,128.9057482,37.76127128,
10203,피넛(P.nut),충북 청주시 흥덕구,"(28160) 충청북도 청주시 흥덕구 오송읍 오송생명1로 194-25(청주 SB플라자) 3층 A=19호, 피넛",127.325783,36.63600623,
10204,아로마젠타평생교육원,서울 서초구,"(06649) 서울특별시 서초구 반포대로24길 47(서초동, 석당빌딩) 3층",,,
10205,유진수산,제주 서귀포시,"(63627) 제주특별자치도 서귀포시 표선면 일주동로5645번길 78 일주동로5645번길 78, 72외 2필지(66, 73)",126.8472596,33.33654893,
10206,EXSCIR평생교육원,서울 동대문구,(02576) 서울특별시 동대문구 왕산로19라길 13 3층 301호(제기동),,,
10207,(주)씨엔텍,경기 안성시,(17553) 경기도 안성시 원곡면 지문로 97-6 본관,127.1350138,37.04977007,
10208,주식회사더존솔루텍,제주 제주시,(63305) 제주특별자치도 제주시 황사평길 35 ,,,
10209,석이원주조,대전 동구,(34530) 대전광역시 동구 흥룡로71번길 27 1층,127.451843,36.35196501,
10210,서울커피직업학원,서울 관악구,"(08753) 서울특별시 관악구 신림로 366(신림동, 정림빌딩) 정림빌딩 6층",126.9292293,37.48685115,
10211,씨엔씨에이드주식회사,대전 서구,(35260) 대전광역시 서구 둔산중로14번길 15-8 302,127.3878785,36.34818703,
10212,씨스톤테크놀로지스(주),경기 수원시 영통구,"(16229) 경기도 수원시 영통구 창룡대로256번길 91(이의동, 에이스광교타워2) 805,806,1004호",127.0416607,37.29573963,
10213,(주)에피젠,충북 청주시 흥덕구,"(28581) 충청북도 청주시 흥덕구 직지대로436번길 76(송정동, 직지스마트타워) 305호, 주식회사 에피젠",127.4404137,36.64060643,
10214,주식회사제이케이모터스,충북 청주시 서원구,(28633) 충청북도 청주시 서원구 청남로 1865-13 1층,127.4749052,36.60218257,
10215,조은맘인재평생교육원,경기 안성시,(17564) 경기도 안성시 공도읍 진사길 31(안성공도 우림아파트) 상가동 208호 조은맘 인재평생교육원,127.140301,36.99162757,
10216,주식회사엘케이아이엔씨,부산 강서구,(46751) 부산광역시 강서구 녹산산업중로 32-13 1층,,,
10217,굿모닝평생교육원,경남 양산시,"(50529) 경상남도 양산시 삼호1길 36-5(삼호동, 웅상클리닉센터) 601호",129.1674646,35.41330552,
10218,삼성하우스산업,강원 춘천시,(24203) 강원특별자치도 춘천시 신북읍 샘뜨락길 46-92 단독,127.7532877,37.94802805,
10219,상상캠퍼스 원격평생교육원,서울 금천구,"(08588) 서울특별시 금천구 가산디지털2로 53(가산동, 한라시그마밸리) 202호",126.8811188,37.47293602,
10220,아리아물류(주),서울 영등포구,"(07292) 서울특별시 영등포구 영등포로 150(당산동1가, 생각공장 당산) 씨동 701호",,,
10221,유한회사진테크,전북 군산시,"(54158) 전북특별자치도 군산시 동장산1길 44(소룡동, (주)오스템) 유한회사 진테크",,,
10222,서울앤플란트치과의원,서울 마포구,"(03912) 서울특별시 마포구 월드컵북로 347(상암동, 상암메디컬빌딩) 501호",,,
10223,굿맘굿베이비 교육원,인천 연수구,"(22006) 인천광역시 연수구 센트럴로 313(송도동, 송도씨워크인테라스한라) C동 509호 510호 511호 ",126.6315673,37.40162705,
10224,주식회사하나관광여행사,경북 포항시 남구,(37826) 경상북도 포항시 남구 상공로 76-1 2층,129.3587334,36.01488427,
10225,주식회사프링즈(FringsInc.),인천 연수구,"(21999) 인천광역시 연수구 갯벌로 12(송도동, 미추홀타워 별관A동) 511호",126.6546423,37.38230453,
10226,주식회사솔루밀,경기 오산시,(18105) 경기도 오산시 세남로 80 주식회사솔루밀,127.0371682,37.19758737,
10227,(유)영선테크,전남 영암군,(58462) 전라남도 영암군 삼호읍 대불로 93(현대삼호중공업) 유한회사 영선테크,126.3727507,34.74046812,
10228,와이제이방음방진(주),경기 김포시,(10049) 경기도 김포시 양촌읍 황금산단1로 21 ,,,
10229,에스튜브,충남 예산군,(32416) 충청남도 예산군 삽교읍 애향12길 23 ,,,
10230,사회복지법인육주복지회동구재가노인돌봄센터,대구 동구,(41111) 대구광역시 동구 경안로109길 22-7 1층,128.711766,35.87161733,
10231,도듬애견미용학원,경기 의정부시,(11787) 경기도 의정부시 산단로76번길 113-4 2층(용현동),127.084368,37.74374024,
10232,주식회사대국이에스,경북 포항시 북구,(37710) 경상북도 포항시 북구 두호로51번길 9-7 ,,,
10233,주식회사마레종합물류,경남 양산시,(50615) 경상남도 양산시 물금읍 제방로 145 (양산ICD 9단지),129.0130635,35.30059378,
10234,삼우산업,인천 부평구,(21300) 인천광역시 부평구 서달로298번길 133-8 ,,,
10235,더플랜컴퓨터아트회계학원,경기 이천시,(17365) 경기도 이천시 영창로 143 3층 301호,127.4385685,37.28227274,
10236,에이아이엑스(AIX)학원,광주 동구,"(61474) 광주광역시 동구 예술길 31-15(대의동, 광주아트센터) 3층",,,
10237,주식회사퓨런헬스케어,강원 원주시,(26365) 강원특별자치도 원주시 문막읍 동화공단로 130-2 206호((재)강원테크노파크),127.8374128,37.33616425,
10238,한국교육원,서울 영등포구,"(07264) 서울특별시 영등포구 영등포로 109(당산동2가, 영등포유통상가) 2층가열 14호 및 16호",126.8939689,37.52247222,
10239,오투텍,경기 부천시 원미구,"(14521) 경기도 부천시 원미구 부천로 345(도당동, 씨티에스타워) 2층",126.7842174,37.51472863,
10240,(주)아이씨엠코리아,서울 중구,"(04626) 서울특별시 중구 필동로8길 12-9 (필동2가, 상전빌딩)",126.9949712,37.5553671,
10241,상상아이디,경기 성남시 수정구,(13112) 경기도 성남시 수정구 복정로134번길 8 1층(복정동),127.1277966,37.4646616,
10242,(주)마레콘솔리데이션,서울 영등포구,"(07271) 서울특별시 영등포구 양산로 53(양평동3가, 월드메르디앙비즈센터) 6층 6, 7호",126.888892,37.52565242,
10243,횡성간호학원,강원 횡성군,(25231) 강원특별자치도 횡성군 횡성읍 문정로 42 2층,127.9877069,37.48876115,
10244,나비청소학원,대전 대덕구,"(34435) 대전광역시 대덕구 대전로1020번길 86(오정동, 영진로얄맨션) 상가 건물 2층",127.4199355,36.34960243,
10245,엔와이치과의원,서울 관악구,(08849) 서울특별시 관악구 난곡로 226 (신림동) 레이크메디칼빌딩 3층,,,
10246,최덕황애견미용학원,서울 중랑구,(02108) 서울특별시 중랑구 동일로 751 2층,127.079882,37.59747215,
10247,(주)더담은프렌즈,충북 청주시 청원구,(28308) 충청북도 청주시 청원구 공항로220번길 79-2 1층,127.4871656,36.67748804,
10248,고양에듀요양보호사교육원,경기 고양시 일산서구,(10209) 경기도 고양시 일산서구 가좌4로 6-10 1층,126.719162,37.68626204,
10249,진양테크,경기 화성시,(18515) 경기도 화성시 정남면 정남동로207번길 55-7 ,,,
10250,디엑스라인주식회사,서울 금천구,"(08591) 서울특별시 금천구 가산디지털1로 30(가산동, 에이스하이엔드타워10) 314호",126.8868114,37.4688242,
10251,(주)너싱 맘 산후관리사 아카데미,경기 안양시 동안구,"(14047) 경기도 안양시 동안구 시민대로 187(비산동, 안양건설타워) 안양건설타워1201호",126.9516478,37.39169011,
10252,에이에프아이주식회사,경기 화성시,(18516) 경기도 화성시 정남면 보통내길55번길 20-78 ,,,
10253,하라커피아카데미장유율하점학원,경남 김해시,(51014) 경상남도 김해시 율하3로 75 401호 하라커피아카데미장유율하점학원,128.8159598,35.174311,
10254,아세아직업전문학교,서울 용산구,"(04313) 서울특별시 용산구 청파로43다길 30 2층일부(202~203호), 3층일부(306호)",126.969211,37.54223886,
10255,(주)태일송풍기,경남 창녕군,(50350) 경상남도 창녕군 도천면 적말길 50 ,,,
10256,(주)세종레미콘,충북 충주시,(27459) 충청북도 충주시 주덕읍 솔고개로 456 (주)세종레미콘,127.7718954,37.00808713,
10257,지니더바틀(주),서울 강남구,"(06044) 서울특별시 강남구 학동로1길 10(논현동, 논현H빌딩) 5층",127.0219743,37.51198325,
10258,스카이모터스,충북 청주시 흥덕구,(28113) 충청북도 청주시 흥덕구 청주역로 565 1층,127.3802305,36.65916773,
10259,클리어치과기공소,서울 강남구,"(06096) 서울특별시 강남구 봉은사로 457(삼성동, S&C TOWER 삼성) 클리어치과 기공소",,,
10260,강릉영동대학교 부설 요양보호사교육원,강원 강릉시,"(25521) 강원특별자치도 강릉시 공제로 357(홍제동, 강릉영동대학) 미래융합교육관3층 평생교육원 내 부설 요양보호사교육원",128.8562875,37.74652512,
10261,대구광역시지정효경기억학교,대구 달성군,"(43017) 대구광역시 달성군 현풍읍 테크노상업로 26 1동, 701호, 704호",128.4537227,35.6913923,
10262,(주)티엘엔지니어링,경기 광명시,(14283) 경기도 광명시 원광명로37번길 32 (주)티엘엔지니어링,126.8532061,37.46229021,
10263,주식회사세미콜론즈,부산 금정구,(46244) 부산광역시 금정구 금정로 225 301호,129.0903378,35.24411256,
10264,커넥트밸류 평생교육원,서울 종로구,"(03189) 서울특별시 종로구 우정국로2길 21(관철동, 대왕빌딩) 대왕빌딩 4층",126.9842164,37.56961945,
10265,(주)벨르뷰티미용학원,경북 구미시,"(39230) 경상북도 구미시 구미중앙로33길 7 4,6층 (원평동)",128.3438419,36.1240107,
10266,(주)엠에프지아이앤씨(MFGInc),서울 영등포구,"(07282) 서울특별시 영등포구 선유로13길 25(문래동6가, 에이스하이테크시티2) 14층 02호",,,
10267,경운대학교 부설 요양보호사교육원,경북 구미시,(39160) 경상북도 구미시 산동읍 강동로 730(경운대학교) 2호관 235호,128.4681118,36.16723962,
10268,우진테크,인천 남동구,"(21696) 인천광역시 남동구 남동대로155번길 81(고잔동, 이화금속공업(주)) 87블록 12로트(고잔동) 우진테크",,,
10269,아이스컴퍼니,충북 청주시 흥덕구,(28381) 충청북도 청주시 흥덕구 강서로 17 아이스 컴퍼니,127.4225589,36.61833726,
10270,카스사이언스,대전 대덕구,"(34368) 대전광역시 대덕구 대화로 160(대화동, 대전산업용재유통상가) 18동 172, 173호",127.4021648,36.36573815,
10271,아이큐씨에스(주),서울 영등포구,"(07238) 서울특별시 영등포구 은행로 29(여의도동, 정우빌딩) 10층 1013호",126.9218683,37.52898571,
10272,환택스,강원 춘천시,(24448) 강원특별자치도 춘천시 안마산로 169-11 2층,127.7332452,37.85278939,
10273,건우정공주식회사,경남 사천시,(52531) 경상남도 사천시 사남면 공단2로 42(건우정공) ,,,
10274,크린필터주식회사,경기 양주시,(11416) 경기도 양주시 광적면 부흥로 847(양주테크노시티) 504~7호 ,,,
10275,내일평생교육원,경북 구미시,"(39367) 경상북도 구미시 1공단로7길 86-9 3층(301호 일부, 302호 일부)",128.3784253,36.10993891,
10276,코라법률교육원,전북 전주시 완산구,(54950) 전북특별자치도 전주시 완산구 백제대로 421 3층,127.1223638,35.83088639,
10277,법무법인명헌포항분사무소변호사,경북 포항시 북구,(37572) 경상북도 포항시 북구 법원로 177 202호,129.3877177,36.09070741,
10278,사단법인스마트제조혁신협회,서울 서초구,"(06651) 서울특별시 서초구 사임당로 26(서초동, 신영빌딩) 7층",127.0129112,37.48751339,
10279,주식회사아이트,서울 금천구,"(08504) 서울특별시 금천구 서부샛길 606(가산동, 대성디폴리스지식산업센터) 14층 A1403호",126.8769813,37.47968015,
10280,(주)진용산업,경남 창원시 마산회원구,(51211) 경상남도 창원시 마산회원구 내서읍 함마대로 2525-1 진용산업,128.4986797,35.26290813,
10281,거제시여성인력개발센터(회관),경남 거제시,"(53257) 경상남도 거제시 계룡로13길 6(고현동, 거제시여성회관,거제시노인복지회관) 거제시여성인력개발센터",128.6192252,34.88429827,
10282,나래원격평생교육원,부산 동래구,(47731) 부산광역시 동래구 충렬대로 79 3층,129.070286,35.20835268,
10283,기룡정밀,대구 달서구,(42709) 대구광역시 달서구 호산동로 112 기룡정밀,128.4874898,35.84537804,
10284,엔담주식회사,인천 남동구,(21634) 인천광역시 남동구 남동서로 249 (논현동)엔담주식회사,126.6945603,37.41163495,
10285,에스엠이씨주식회사,경기 용인시 수지구,"(16942) 경기도 용인시 수지구 광교중앙로 338(상현동, 광교우미뉴브) 비동 820,821호",127.0713278,37.3003248,
10286,(주)티에스아이,경기 화성시,"(18469) 경기도 화성시 동탄첨단산업1로 27(영천동, 금강펜테리움 IX타워) M201호",127.0897192,37.21092883,
10287,메디컬에듀케이션,경기 용인시 수지구,"(16827) 경기도 용인시 수지구 신수로 767(동천동, 분당수지 U-TOWER) B동 732호",127.1016806,37.33821379,
10288,주식회사기준,서울 중구,"(04613) 서울특별시 중구 다산로29길 39(신당동, 이안타워) 405호 (신당동, 이안타워)",127.011744,37.5614757,
10289,인재개발요양보호사교육원,경기 동두천시,(11329) 경기도 동두천시 정장로 51 2층,127.0562089,37.90418814,
10290,"주식회사샤인아스트라(ShineAstraCo.,Ltd)",서울 강남구,"(06132) 서울특별시 강남구 테헤란로 143(역삼동, 고운빌딩) 8층 6호",127.0349271,37.50058796,
10291,한국직업교육평가개발원,서울 강동구,"(05380) 서울특별시 강동구 천호대로 1082(성내동, 경남빌딩) A동 6층603호, 2층201호",127.1317889,37.53569663,
10292,서울글로벌아카데미학원,서울 동대문구,"(02490) 서울특별시 동대문구 홍릉로 28(청량리동, 성일빌딩) 4층",127.0446347,37.58239847,
10293,바른인력개발원,서울 종로구,(03086) 서울특별시 종로구 대학로8길 25 더브릭스 빌딩 3층,127.0037763,37.58100933,
10294,드림기술학원,경기 동두천시,(11318) 경기도 동두천시 삼육사로 1007-12 드림기술학원,127.0621925,37.89986306,
10295,메가스터디뷰티아카데미홍대학원,서울 마포구,"(04043) 서울특별시 마포구 양화로 78 2층, 3층 일부",126.9170919,37.55129837,
10296,주식회사한울이엔지,충북 청주시 흥덕구,(28164) 충청북도 청주시 흥덕구 오송읍 오송생명14로 16 ,,,
10297,이지컴퓨터회계학원,경남 창원시 성산구    ,"(51495) 경상남도 창원시 성산구 마디미로4번길 9(상남동, 우진상가) 3층 302호 이지컴퓨터회계학원 ",128.6846781,35.22412002,
10298,펫아카데미경남학원,경남 진주시,(52648) 경상남도 진주시 진양호로 47 2층(판문동),128.0450455,35.16737146,
10299,경기시니어문화협회교육원,경기 성남시 중원구,"(13373) 경기도 성남시 중원구 둔촌대로 107(성남동, 금호빌딩) 5층",127.1308227,37.42952834,
10300,소화누리,광주 남구,(61682) 광주광역시 남구 용대로74번길 27 A동 소화누리,126.9197803,35.12085188,
10301,(주)에스엠컬처앤콘텐츠광고사업부문,서울 성동구,"(04769) 서울특별시 성동구 왕십리로 83-21(성수동1가, 아크로 서울포레스트) SM C&C 12,13층",127.0438032,37.54443554,
10302,구로유디치과의원,서울 구로구,"(08381) 서울특별시 구로구 디지털로 273(구로동, 에이스트윈타워2차) 204호",,,
10303,주식회사보드엠,경기 고양시 덕양구,(10545) 경기도 고양시 덕양구 향동로 201 813호,126.8916134,37.60741862,
10304,(주)뉴그린코리아,광주 광산구,(62419) 광주광역시 광산구 평동산단7번로 132-7 (주)뉴그린코리아,126.7611297,35.11807762,
10305,참조은간호학원,전남 순천시,(57967) 전라남도 순천시 이수로 304 6층,127.5177147,34.95257926,
10306,주식회사엠에프테크,경기 안산시 단원구,"(15613) 경기도 안산시 단원구 해안로 315(초지동, (주)엠에프테크) H동",126.7914005,37.29752099,
10307,(주)큐브탑,경기 포천시,(11184) 경기도 포천시 소흘읍 민락로 636-42 건물전체,127.1162618,37.77607807,
10308,와이지엠,울산 동구,"(44113) 울산광역시 동구 방어진순환도로 100(방어동, 현대미포조선) 와이지엠",129.4038472,35.50029984,
10309,에듀팜,부산 부산진구,(47278) 부산광역시 부산진구 가야대로 722 5층 에듀팜,,,
10310,한국전기기술학원,경기 부천시 원미구,(14625) 경기도 부천시 원미구 중동로85번길 7 4층 401호,126.7646003,37.48745372,
10311,주식회사인디언즈,부산 동래구,"(47905) 부산광역시 동래구 충렬대로 506(안락동, 우양빌딩2) 2층",129.1129942,35.19406709,
10312,뒤낭옻칠학원,서울 중구,"(04616) 서울특별시 중구 퇴계로56길 43(장충동2가, 신양빌딩) 4층",127.0059152,37.56183639,
10313,주식회사스타버스랩,경기 고양시 덕양구,"(10543) 경기도 고양시 덕양구 으뜸로 110(덕은동, 힐스테이트 에코 덕은) 사무소동 1020호",126.8680871,37.57866865,
10314,(주)보한,대전 대덕구,(34441) 대전광역시 대덕구 한남로150번길 87 ,,,
10315,더화인인재개발원,서울 금천구,"(08591) 서울특별시 금천구 가산디지털1로 2(가산동, 우림라이온스밸리2차) 13층 1316호",126.8882616,37.4667353,
10316,목원대학교 미래창의평생교육원 부설 장례지도사 교육원 ,대전 서구,"(35349) 대전광역시 서구 도안북로 88(도안동, 목원대학교) 캠퍼스타운 209호 목원대학교 미래창의평생교육원 부설 장례지도사교육원 ",127.3384678,36.32460744,
10317,정안산업주식회사,충북 충주시,(27459) 충청북도 충주시 주덕읍 당우리길 319 ,,,
10318,(주)한국클라우드,서울 금천구,"(08504) 서울특별시 금천구 서부샛길 606(가산동, 대성디폴리스지식산업센터) 비동 432호",126.8769813,37.47968015,
10319,주식회사주신엔지니어링,경기 안양시 동안구,"(14059) 경기도 안양시 동안구 흥안대로427번길 16(관양동, 평촌디지털엠파이어) 216호",126.9737242,37.39288695,
10320,이인건설주식회사,대전 중구,"(34909) 대전광역시 중구 계백로 1719(오류동, 센트리아오피스텔) 1902호",127.4103793,36.32219494,
10321,주식회사 세미라인,경기 이천시,(17343) 경기도 이천시 대월면 대평로214번길 108 세미라인,,,
10322,종이문화공예학원,전북 전주시 완산구,"(55096) 전북특별자치도 전주시 완산구 유기전2길 25(효자동1가, 대명까지맨션) 상가동 2층 201-1호",127.1381685,35.80708133,
10323,(주)신한철강산업,충북 진천군,(27862) 충청북도 진천군 문백면 문덕길 66-23((주)신한철강산업) ,,,
10324,(주)충주산업,충북 충주시,(27471) 충청북도 충주시 대소원면 중원대로 4052((주)충주산업) 2층사무실,127.8573649,36.96529459,
10325,(주)충주레미콘,충북 충주시,(27471) 충청북도 충주시 대소원면 중원대로 4052((주)충주산업) 품질관리실,127.8573649,36.96529459,
10326,주식회사퍼플링크,서울 성동구,"(04766) 서울특별시 성동구 왕십리로 125(성수동1가, KD타워) 803호",,,
10327,(주)대진브로아,경기 김포시,(10010) 경기도 김포시 통진읍 애기봉로 616-43 주식회사 대진브로아,126.6078521,37.72387733,
10328,카네기평생교육원,서울 강남구,(06237) 서울특별시 강남구 역삼로17길 47 카네기빌딩 2~4층,127.0364285,37.49781164,
10329,동의과학대학교 부설 요양보호사교육원,부산 부산진구,"(47230) 부산광역시 부산진구 양지로 54(양정동, 동의과학대학) 황령관 701호",129.0732564,35.16598511,
10330,(주)삼우,충북 음성군,(27660) 충청북도 음성군 대소면 대금로379번길 50 ,,,
10331,비긴랩 바이오교육센터 금천학원,서울 금천구,"(08587) 서울특별시 금천구 범안로 1155(독산동, 동남빌딩) 6층 일부",,,
10332,플러스직업전문학원,세종 세종,"(30153) 세종특별자치시  한누리대로 2275(대평동, 알파메디컬센터) 220호,307호",127.2763352,36.47157204,
10333,든든정형외과의원,대전 유성구,"(34223) 대전광역시 유성구 계백로 927 1,2,3층 (원내동, 코잴랜드)",127.3267454,36.30112317,
10334,(주)에이치앤제이이엔씨(H&JENCInc.),경기 광주시,(12770) 경기도 광주시 목동길36번길 11-1 1층,127.1966909,37.38362142,
10335,주식회사우리옵토,경기 용인시 처인구,(17042) 경기도 용인시 처인구 유림로90번길 10-23 우리옵토,127.2053741,37.25943799,
10336,좋은날치과의원,경기 김포시,(10108) 경기도 김포시 돌문로 43 GS마트 3층,126.7178523,37.61893385,
10337,마크인포특허법률사무소,경남 창원시 성산구    ,"(51436) 경상남도 창원시 성산구 용지로169번길 15(용호동, 레이크펄스) 10층 1001호",128.6806534,35.23059319,
10338,닥터맘산모도우미,광주 서구,"(61920) 광주광역시 서구 월산로 228 4층 403호, 404호",126.8908125,35.15674656,
10339,(주)와이비네트웍스,세종 세종,"(30141) 세종특별자치시  집현중앙7로 6(집현동, 지식산업센터) A동 9층 913호",127.3309387,36.49841696,
10340,주식회사마크인포,경남 창원시 성산구    ,"(51436) 경상남도 창원시 성산구 용지로169번길 15(용호동, 레이크펄스) 10층 1001호",128.6806534,35.23059319,
10341,포항에너지기술학원,경북 포항시 남구,"(37792) 경상북도 포항시 남구 해동로 100 2층, 포항에너지기술학원",129.3722371,36.02843212,
10342,제일학원,전북 익산시,(54638) 전북특별자치도 익산시 무왕로 1086 4층,126.9773757,35.95814378,
10343,궁전학원,전북 전주시 덕진구,(54871) 전북특별자치도 전주시 덕진구 오공로 33-14 502호,127.059486,35.83726469,
10344,주식회사퓨어덴기공소,인천 연수구,"(21972) 인천광역시 연수구 앵고개로246번길 10(동춘동, 대산프라자) 302-1호",,,
10345,매트건축사사무소,서울 서초구,(06763) 서울특별시 서초구 바우뫼로6길 66 4층,127.0282708,37.4683559,
10346,코딩밸리원격평생교육원,서울 강남구,"(06241) 서울특별시 강남구 강남대로 364(역삼동, 미왕빌딩) 17층1709호",127.0292412,37.49548468,
10347,사)단미교육원,부산 부산진구,(47253) 부산광역시 부산진구 새싹로 36 3층(부전동),129.0568691,35.16082924,
10348,(주)영암산업,경기 포천시,(11163) 경기도 포천시 천보길 42 (주)영암산업,,,
10349,캄애견미용학원,대구 동구,(41196) 대구광역시 동구 경대로 36 무지개빌딩 8층,128.6139853,35.88439363,
10350,미쁘다상담센터,서울 강서구,(07638) 서울특별시 강서구 강서로47나길 24 4층 402호,126.834706,37.55164365,
10351,영재컴퓨터코딩학원,전북 전주시 완산구,(55063) 전북특별자치도 전주시 완산구 용호로 75 401호,127.0973379,35.8097203,
10352,청담패션커피학원,대구 달서구,(42702) 대구광역시 달서구 달구벌대로 1190 2층,128.497483,35.85121074,
10353,주식회사이롬컴퍼니,서울 강서구,(07548) 서울특별시 강서구 화곡로68길 15 11층 1110호,126.8548684,37.55928396,
10354,미담장학회,대구 중구,(41934) 대구광역시 중구 종로 45-4 3층,128.5909427,35.86982765,
10355,알에스에이(RSA)테크,경기 시흥시,(14909) 경기도 시흥시 뱀내장터로25번길 5 201호,126.7874347,37.44210534,
10356,(주)엠이씨,인천 남동구,(21699) 인천광역시 남동구 능허대로595번길 21 1층 ,126.6793426,37.39388054,
10357,서울봄플란트치과,서울 송파구,"(05657) 서울특별시 송파구 마천로 61(오금동, 바인빌딩) 2층",,,
10358,이더가죽학원,부산 동래구,"(47734) 부산광역시 동래구 중앙대로1333번길 12(온천동, 삼소헌 빌딩) 2층",129.0765869,35.20613622,
10359,주식회사네오엔터,전북 완주군,(55365) 전북특별자치도 완주군 이서면 안전로 151 대산빌딩501-1,127.0582192,35.83754622,
10360,KBT중장비운전학원,경남 거창군,(50146) 경상남도 거창군 거창읍 창동로 102 2층,127.9215115,35.68630407,
10361,세종에듀원격평생교육원,세종 세종,"(30127) 세종특별자치시  한누리대로 245(나성동, 에스알파크원) 5층, 513호",127.2576458,36.48600697,
10362,빈스먼스(BeansMonth),경기 안산시 단원구,"(15612) 경기도 안산시 단원구 산단로 14(원시동, 안산KDT지식산업센터) 5층 532호",126.7852626,37.29712299,
10363,메가스터디뷰티아카데미수원학원,경기 수원시 팔달구,"(16491) 경기도 수원시 팔달구 효원로 278 1304호 일부, 1305호~1318호",127.0322181,37.26094102,
10364,(주)카라멜라,광주 남구,"(61740) 광주광역시 남구 송암로24번가길 46(송하동, 광주실감콘텐츠큐브(방송통신시설)) 503호",126.877823,35.11258846,
10365,(주)에스지엠,경북 경주시,(38048) 경상북도 경주시 현곡면 용담로 583-4 ,,,
10366,넷플러스원격평생교육원,경기 광명시,(14333) 경기도 광명시 영당로 9 3층,126.8783453,37.43437935,
10367,주식회사더픽트,강원 춘천시,(24330) 강원특별자치도 춘천시 효자로 144 ,,,
10368,고려인삼엑스포공사,충남 금산군,(32754) 충청남도 금산군 부리면 창평로 558-12(고려인삼엑스포공사) ,고려인삼엑스포공사,,
10369,주식회사라피카,서울 강남구,"(06142) 서울특별시 강남구 테헤란로37길 7(역삼동, 조이타워) 8층",127.0405529,37.50262649,
10370,레퍼런스아카데미 평생교육시설,서울 금천구,"(08507) 서울특별시 금천구 가산디지털1로 168(가산동, 우림라이온스밸리) C동304호",,,
10371,두이엔지주식회사,전북 군산시,(54001) 전북특별자치도 군산시 산단남북로 189 전북산학융합원 601호,,,
10372,하트맘케어,전남 여수시,(59678) 전라남도 여수시 쌍봉로 121 3층,127.669233,34.76574529,
10373,팀노바3학원,서울 동작구,"(07004) 서울특별시 동작구 사당로13길 36 3,4층",126.9720601,37.48559968,
10374,계림평생교육원,경남 창원시 성산구    ,"(51484) 경상남도 창원시 성산구 대암로 36(남양동, 한성종합상가) 7층 7-1호",128.7003784,35.2139497,
10375,미래여성인재교육원,경기 오산시,"(18106) 경기도 오산시 수목원로 610(세교동, 세마타워) 세마타워 304호",127.041893,37.18613481,
10376,영덕요양보호사교육원,경북 영덕군,(36439) 경상북도 영덕군 영덕읍 읍사무소1길 39 태의빌딩 202호,129.372923,36.40897709,
10377,(주)칸디자인뱅크,대전 유성구,(34202) 대전광역시 유성구 복용동로 43 에프동 508호,127.3217544,36.33785614,
10378,농업회사법인새싹나라주식회사,충북 충주시,(27320) 충청북도 충주시 동량면 호반로 127-18 농업회사법인새싹나라주식회사,,,
10379,춘천간호학원,강원 춘천시,(24374) 강원특별자치도 춘천시 공지로 257 2층,127.735249,37.86467809,
10380,탑케미텍주식회사,경기 화성시,(18623) 경기도 화성시 향남읍 발안공단로4길 110 1동101호,126.8982196,37.08439363,
10381,주식회사솔솔푸드시스템,경기 오산시,(18102) 경기도 오산시 독산성로232번길 14-43 (지곶동),,,
10382,KBS아트비전미용학원,경남 통영시,(53020) 경상남도 통영시 광도면 죽림4로 8(해피데이) 202호,128.4158884,34.88620324,
10383,주식회사제이티솔루션,경기 평택시,(17927) 경기도 평택시 오성면 교포3길 71 ,,,
10384,(주)루샘,경북 구미시,(39166) 경상북도 구미시 산동읍 첨단기업5로 10-167(루샘) 루샘,,,
10385,씨앰에이씨지엠코리아(주),서울 중구,"(04513) 서울특별시 중구 세종대로9길 41(서소문동, 퍼시픽타워) 15층",126.9729457,37.561256,
10386,미앤지뷰티직업전문학원,전북 군산시,(54091) 전북특별자치도 군산시 수송5길 5 js빌딩4층,,,
10387,(주)한양공업,대전 대덕구,"(34366) 대전광역시 대덕구 대화로150번길 42-6(대화동, 대양알로이스틸) 1층",127.4031166,36.36664542,
10388,부천마스터미용학원,경기 부천시 소사구,"(14786) 경기도 부천시 소사구 옥길로 118(옥길동, 문영 퀸즈파크 B) 901,902호",,,
10389,충주지역자활센터,충북 충주시,(27384) 충청북도 충주시 예성로 208 4층,127.9352025,36.97476005,
10390,영남일보부설 HRD교육원,대구 동구,"(41260) 대구광역시 동구 동대구로 441(신천동, 영남타워) 4층",128.6254693,35.8696005,
10391,채고다방충망기술학원,서울 강서구,"(07802) 서울특별시 강서구 공항대로 209 303호, 304호(마곡동, 지엠지엘스타)",126.8308892,37.55972392,
10392,농업회사법인관주식품주식회사,충북 단양군,(27003) 충청북도 단양군 매포읍 우덕길 18(아로니아 가공센터) 1층 관주식품,128.3293701,37.01890688,
10393,"주식회사온페이스에스디씨(OnfaceSDCCo.,Ltd.)",경북 구미시,"(39270) 경상북도 구미시 수출대로 225(공단동, 엘지전자1공장) 온페이스에스디씨",,,
10394,영상테크,충남 천안시 서북구,(31007) 충청남도 천안시 서북구 성환읍 신방로 142-66 영상테크,127.0909287,36.92513844,
10395,(주)쥬테크,충북 청주시 청원구,(28305) 충청북도 청주시 청원구 팔결로324번길 21 (주)쥬테크,127.4782237,36.71224487,
10396,퐁듀베이커리,인천 남동구,"(21510) 인천광역시 남동구 경인로644번길 119(간석동, 태양빌딩) ",,,
10397,견학생스쿨반려동물행동지도사교육전문학원,경기 시흥시,"(15042) 경기도 시흥시 봉화로193번길 22 붉은벽돌 단독건물 1,2층 독채건물 ",126.7559968,37.3645827,
10398,노마드원격평생교육원,서울 은평구,(03442) 서울특별시 은평구 증산로 393-1 402호,126.9134235,37.59148282,
10399,다온컴퍼니평생교육원,경기 시흥시,"(15011) 경기도 시흥시 배곧2로 95(배곧동, 배곧 유호 N-CITY 2차) 209호",126.7268854,37.36610582,
10400,이노툴(INNOTOOL),충남 천안시 서북구,(31029) 충청남도 천안시 서북구 직산읍 부송로 165-7 이노툴,127.1096154,36.88448002,
10401,(주)트루밸류,대전 서구,(35281) 대전광역시 서구 신갈마로127번길 9 2층 (주)트루밸류,127.3678884,36.34471719,
10402,(주)아진트랜스,서울 용산구,"(04373) 서울특별시 용산구 청파로 46(한강로3가, 한통빌딩) 1401호",,,
10403,주식회사아이엘모빌리티,경기 화성시,(18589) 경기도 화성시 향남읍 토성로 84 3층,126.9360158,37.12252794,
10404,뉴시흥평생교육원,경기 시흥시,(14950) 경기도 시흥시 수인로 3299 4층 2호(일부),126.7919266,37.43837429,
10405,피플에듀 평생교육원,경기 고양시 덕양구,(10546) 경기도 고양시 덕양구 향기로 180 DMC마스터원 920호,126.8973308,37.60479386,
10406,(주)충주철거공사,충북 충주시,(27486) 충청북도 충주시 번던1길 57-3 (안림동),127.9658042,36.9702629,
10407,도담도담 산후도우미 세종점,세종 세종,"(30152) 세종특별자치시  한누리대로 2264(대평동, 씨티오브드림) 2층 204호",127.2767497,36.47292507,
10408,주식회사한입,충북 청주시 청원구,(28325) 충청북도 청주시 청원구 율량로 40 103호(주중동) 주식회사 한입,,,
10409,매닉모터스포츠,충북 청주시 흥덕구,(28427) 충청북도 청주시 흥덕구 진재로 85-11 1층,127.4292936,36.63855193,
10410,(주)선주,경기 시흥시,"(15091) 경기도 시흥시 군자천로119번길 33(정왕동, (주)선주) 정왕동",126.7163309,37.3326979,
10411,엠디씨설비진단학원,전남 나주시,(58325) 전라남도 나주시 문화로 230 1동 4층 406호,126.785274,35.01927122,
10412,미소돌봄장기요양센터,부산 해운대구,(48053) 부산광역시 해운대구 재반로 144 4.5층,129.1279057,35.19069734,
10413,콤퓨타학원,광주 북구,(61066) 광주광역시 북구 하백로29번길 38 303호,126.8903368,35.18955779,
10414,국제표준인증평생교육원,광주 서구,"(61993) 광주광역시 서구 상무대로 948(쌍촌동, 광주광역시치과의사회관) 3층 301호",,,
10415,주식회사에이치엠티씨,경기 화성시,(18583) 경기도 화성시 장안면 신촌길 60-32 건물 전체,126.8515598,37.074544,
10416,이음메디컬세일즈플랫폼주식회사,서울 강서구,(07595) 서울특별시 강서구 양천로30길 123-28 마곡NH타워 4층,126.8238209,37.56737063,
10417,환경에스엔씨주식회사,서울 서초구,"(06542) 서울특별시 서초구 사평대로 353(반포동, 서일빌딩) 304호",,,
10418,아워컨투어,서울 중구,(04529) 서울특별시 중구 남대문시장4길 21 1층 136-1호(남창동),126.9778923,37.55933806,
10419,청담원원격평생교육원,서울 서초구,(06723) 서울특별시 서초구 효령로70길 36-9 위너빌딩 201호,127.0243834,37.48532357,
10420,(주)청이엔지건축사사무소,세종 세종,"(30127) 세종특별자치시  새롬중앙로 34(새롬동, 크리스마스빌딩) 504",127.2524742,36.484531,
10421,블룸9헤어영등포신길점,서울 영등포구,(07393) 서울특별시 영등포구 신풍로 39 1층  2층,,,
10422,주식회사일경건축사사무소,세종 세종,"(30150) 세종특별자치시  한누리대로 2149(보람동, 엔젤타워) 802",127.2878023,36.47772934,
10423,(주)환경음향연구소,경기 용인시 기흥구,(16976) 경기도 용인시 기흥구 기흥로 58 비동 2206호,127.1180536,37.28037844,
10424,엘리트모델아카데미학원,서울 강남구,"(06296) 서울특별시 강남구 남부순환로 2726(도곡동, 거북빌딩) 5층",127.0441059,37.48551543,
10425,(주)디스트릭트코리아,서울 강남구,"(06167) 서울특별시 강남구 테헤란로87길 29(삼성동, M TOWER) 9층 904호(삼성동, M타워)",127.0579402,37.50960236,
10426,영상문화프로덕션이리,강원 춘천시,"(24232) 강원특별자치도 춘천시 후석로420번길 7 춘천하이테크타워 527,528,529호",127.7450496,37.88781533,
10427,신성하이테크,경북 경산시,(38470) 경상북도 경산시 진량읍 공단4로 29(자원메티칼주) 신성하이테크,,,
10428,삼봉재활주간보호센터,전북 완주군,(55334) 전북특별자치도 완주군 삼례읍 삼봉2로 12 JS 빌딩 5층,127.1237322,35.92036409,
10429,세라치과의원,서울 강남구,"(06096) 서울특별시 강남구 봉은사로 457(삼성동, S&C TOWER 삼성) B102호",,,
10430,주식회사루피너스,경기 안성시,(17605) 경기도 안성시 서운면 제3공단2길 6 ,,,
10431,브이피엠에스(주),경북 경주시,(38209) 경상북도 경주시 외동읍 문산공단안길 44(NVHKOREAINC) 브이피엠에스(주) 보전기술팀,,,
10432,선실미용실,전북 익산시,"(54662) 전북특별자치도 익산시 익산대로 171(창인동1가, 뷰티패션중앙직업전문학교(중앙미용학원)) 1층 선실미용실",126.947591,35.94162689,
10433,주식회사비다스테크,경기 성남시 중원구,"(13209) 경기도 성남시 중원구 사기막골로45번길 14(상대원동, 성남 우림 라이온스밸리) 2차 A동 1214~16호,  B302,B303호",127.1700804,37.43640016,
10434,환희치과,서울 강남구,"(06207) 서울특별시 강남구 도곡로 409(대치동, 타워엠프리스) 502호",,,
10435,(주)한국카스코,서울 강서구,(07548) 서울특별시 강서구 화곡로68길 15 806호,,,
10436,주식회사케이엠씨,경남 진주시,(52845) 경상남도 진주시 정촌면 산단중앙로 86 주식회사케이엠씨,128.1043812,35.1241416,
10437,주식회사와룡식품,경북 경산시,(38540) 경상북도 경산시 매봉재길 22 (주)와룡식품,,,
10438,주식회사에이아이오투오,대구 북구,"(41593) 대구광역시 북구 옥산로 111(칠성동2가, 대구은행 제2본점) 유니콘랩 대구 A05호",128.5882962,35.8844387,
10439,(사단법인)한국건강기능식품협회,경기 성남시 분당구,"(13488) 경기도 성남시 분당구 대왕판교로 700(삼평동, 코리아바이오 파크) B동 102호",127.1051526,37.404163,
10440,세진산업,경기 부천시 오정구,"(14449) 경기도 부천시 오정구 석천로 397(삼정동, 부천 테크노파크 쌍용3차) 201동 B104",126.7670041,37.52300093,
10441,스타에듀평생교육원,서울 광진구,"(04969) 서울특별시 광진구 아차산로78길 44(광장동, 크레스코빌딩) 612호",127.1097884,37.55062485,
10442,(주)에이치바이오테크,경기 포천시,(11168) 경기도 포천시 가산면 정금로101번길 144 C동,,,
10443,한일정밀화학,경기 포천시,(11168) 경기도 포천시 가산면 정금로101번길 144 B동,,,
10444,누리정공,경기 부천시 원미구,(14556) 경기도 부천시 원미구 원미로225번길 16-3 1층 (춘의동),,,
10445,일진약품,경기 남양주시,(12021) 경기도 남양주시 진접읍 진벌로 207 1층,127.225947,37.73857592,
10446,경인정밀,경기 부천시 원미구,"(14523) 경기도 부천시 원미구 도약로 261(도당동, 부천대우테크노파크) 3층 D-305",126.777952,37.51149104,
10447,(주)에센텍,경기 안산시 단원구,"(15598) 경기도 안산시 단원구 범지기로 22(목내동, (주)에센텍) 반월공단 3블럭 4-1호",126.7781825,37.31021624,
10448,유림,경남 함양군,(50049) 경상남도 함양군 함양읍 이은농공길 32(유림) 건물 전체,127.7291427,35.50939861,
10449,다락원격평생교육원,전북 전주시 덕진구,(54868) 전북특별자치도 전주시 덕진구 만성중앙로 54-33 601호,127.077263,35.84188136,
10450,세림테크,경기 시흥시,"(15119) 경기도 시흥시 엠티브이북로 43-15(정왕동, 한국기계유통단지2) 305동 1층 105호",126.6864522,37.33050466,
10451,세경엠엔피,울산 동구,"(44113) 울산광역시 동구 방어진순환도로 100(방어동, 현대미포조선) 세경엠엔피",129.4039088,35.50013742,
10452,성윤테크,인천 서구,(22840) 인천광역시 서구 봉수대로182번길 17 성윤테크,126.6631097,37.4919838,
10453,주식회사윌켐코리아,경기 안산시 단원구,(15607) 경기도 안산시 단원구 별망로 264 (성곡동),126.755137,37.30889079,
10454,(주)디프넷,경기 고양시 일산동구,"(10401) 경기도 고양시 일산동구 중앙로 1305-30(장항동, 마이다스 오피스텔) 827호",,,
10455,(주)세움이앤씨건축사사무소,경기 과천시,"(13840) 경기도 과천시 과천대로7나길 37(갈현동, 디 엠(The M)) 701호",126.9777672,37.41669053,
10456,세계경영아카데미,서울 종로구,"(03174) 서울특별시 종로구 사직로8길 34(내수동, 경희궁의아침 3단지) 728호",126.9720578,37.57353617,
10457,교육나무HRD원격평생교육원,서울 마포구,(03991) 서울특별시 마포구 동교로23길 58 5층 2호실,,,
10458,러닝스타원격평생교육원,부산 금정구,"(46220) 부산광역시 금정구 금강로 694(남산동, 거성리젠시) 205호",129.0897,35.26929671,
10459,(유)호연비에스,전북 전주시 완산구,(54964) 전북특별자치도 전주시 완산구 배학4길 26 1층,127.0995302,35.82016404,
10460,(주)엠아이인터내셔널,서울 강남구,"(06296) 서울특별시 강남구 논현로32길 5 2층 (도곡동, 청우빌딩)",,,
10461,주식회사제이엠테크,경기 양주시,(11464) 경기도 양주시 천보산로5번길 46 (회암동),127.0922345,37.84186662,
10462,(주)금산인삼주,충남 금산군,(32708) 충청남도 금산군 금성면 파초길 23(금산인삼주) 1층 금산인삼주,127.4664379,36.12788578,
10463,요게벳어린이집,경북 구미시,"(39206) 경상북도 구미시 봉곡동로2길 4(봉곡동, 요게벳어린이집) 1층",128.3153892,36.15102347,
10464,(주)서광,경남 거창군,(50148) 경상남도 거창군 남상면 일반산업길 191 (주)서광,127.927849,35.65442397,
10465,이티에이(ETA)대전IT기술사학원,대전 서구,(35262) 대전광역시 서구 문정로 70 7층 ETA대전IT기술사학원,127.3870098,36.34643904,
10466,(주)한울플라텍,경기 포천시,(11184) 경기도 포천시 소흘읍 호국로 389-30 (주)한울 플라텍,127.1306975,37.80817505,
10467,시프트원주식회사,서울 강남구,(06245) 서울특별시 강남구 역삼로17길 9 201호,127.0357433,37.49542899,
10468,주식회사엘엑스판토스,경기 평택시,(17709) 경기도 평택시 진위면 엘지로 222 LG디지털파크(서문) 러닝센터 기술관 2층,,,
10469,예진테크,대전 대덕구,(34369) 대전광역시 대덕구 대화로161번길 31 1층,127.4040836,36.363496,
10470,(주)조흥,경기 안산시 단원구,"(15410) 경기도 안산시 단원구 시화로 38(성곡동, (주)조흥) 본사건물 (7층)",126.7406453,37.32708661,
10471,주식회사우석엔지니어링,전북 정읍시,(56162) 전북특별자치도 정읍시 대흥3길 16-7 2층,126.8509567,35.56596751,
10472,쓰리얼라이언스주식회사,서울 강남구,(06098) 서울특별시 강남구 학동로44길 16 1F,127.0371656,37.51468279,
10473,금강방재주식회사,경북 포항시 남구,(37764) 경상북도 포항시 남구 중흥로172번길 26-3 2층,129.3577361,36.01778898,
10474,주식회사놀던친구들,서울 강남구,(06156) 서울특별시 강남구 봉은사로68길 55 지하1층,127.0526353,37.50892896,
10475,주식회사백두레미콘,충북 충주시,(27319) 충청북도 충주시 동량면 수회길 110 주식회사 백두레미콘,127.9499338,37.04336816,
10476,티스치과의원,서울 강남구,"(06217) 서울특별시 강남구 역삼로 310(역삼동, 한솔필리아) 2층 30호",,,
10477,(주)초이스테크놀로지,인천 연수구,"(21984) 인천광역시 연수구 송도과학로 32(송도동, 송도테크노파크IT센터) 에스 1404호",126.6622649,37.38206544,
10478,케이엠디플러스원격학원,서울 성동구,(04714) 서울특별시 성동구 무학봉28길 4-1 3층 및 5층,127.0324767,37.56222155,
10479,주식회사더에스엘,대전 대덕구,"(34435) 대전광역시 대덕구 대전로 1046(오정동, 만제빌딩) 2층",127.4165187,36.34810936,
10480,(주)두리에너지,경기 파주시,(10863) 경기도 파주시 소라지로202번길 35 3층,126.692702,37.74267217,
10481,해피존멘토지역아동센터,광주 광산구,(62300) 광주광역시 광산구 목련로394번길 40-7 3층,126.8348308,35.18337393,
10482,(주)라온마케팅컴퍼니,서울 강남구,(06237) 서울특별시 강남구 논현로 427-1 8층,127.0377123,37.49834764,
10483,제이앤디써키트주식회사,인천 남동구,"(21630) 인천광역시 남동구 함박뫼로 325 (남촌동, 14블록 10로트)",126.7003088,37.41465915,
10484,퍼펙트치과의원,서울 강남구,"(06233) 서울특별시 강남구 테헤란로4길 5(역삼동, 해암빌딩) 1층",,,
10485,메티스주식회사,경북 구미시,(39457) 경상북도 구미시 장천면 신장1길 74 ,,,
10486,겟스마트아카데미원격평생교육원,서울 강남구,"(06093) 서울특별시 강남구 선릉로 636(삼성동, 키스톤빌딩) 4층 402호",127.04299,37.51312224,
10487,챗사피엔스원격평생교육원,서울 강남구,"(06132) 서울특별시 강남구 테헤란로25길 20(역삼동, 역삼현대벤쳐텔) 1105호",127.0354067,37.50148376,
10488,비엠티,경기 화성시,(18523) 경기도 화성시 정남면 만년로303번길 3-10 비엠티 1층,,,
10489,(주)선봉식품,인천 서구,"(22653) 인천광역시 서구 검단로93번길 31(오류동, (주)선봉식품) 3층",126.620106,37.5967662,
10490,(유)평화점현대자동차,전남 목포시,(58747) 전라남도 목포시 평화로107번길 5 블루핸즈평화점,126.4355074,34.79842777,
10491,충남도립대학교,충남 청양군,(33303) 충청남도 청양군 청양읍 학사길 55(충남도립대학교) ,,,
10492,주식회사디스트릭트제주,제주 제주시,(63038) 제주특별자치도 제주시 애월읍 어림비로 478(아르떼뮤지엄) ,,,
10493,디플러스(주),경기 화성시,(18554) 경기도 화성시 서신면 전곡산단5길 69 ,,,
10494,제이앤에스주식회사,경기 광주시,(12813) 경기도 광주시 곤지암읍 경충대로244번길 28 제이앤에스(주),127.3762987,37.33634836,
10495,(주)코모텍,경기 성남시 중원구,(13210) 경기도 성남시 중원구 사기막골로 80 (상대원동),127.173433,37.43669158,
10496,양산인공지능고등학교,경남 양산시,(50639) 경상남도 양산시 동면 금오2길 24(양산인공지능고등학교) ,,,
10497,주식회사메가브릿지,서울 영등포구,"(07238) 서울특별시 영등포구 은행로 37(여의도동, 기계산업진흥회) 3층",126.9225581,37.52928351,
10498,주식회사아르떼뮤지엄코리아,강원 강릉시,"(25466) 강원특별자치도 강릉시 난설헌로 131(초당동, 아르떼뮤지엄 강릉) ",,,
10499,주식회사어고,서울 종로구,(03037) 서울특별시 종로구 옥인3길 21 1층,126.9657492,37.58036379,
10500,주식회사우리집식품,충북 청주시 서원구,(28181) 충청북도 청주시 서원구 남이면 가좌신송로 40-8 1층,,,
10501,(주)태경식품,경기 군포시,"(15807) 경기도 군포시 엘에스로 196(산본동, 삼성IT타워 지식산업센터) 2층 (주)태경식품",126.9426606,37.37711766,
10502,화인코리아코퍼레이션(주),서울 영등포구,"(07294) 서울특별시 영등포구 선유로 70(문래동3가, 우리벤처타운2) 6층2호",,,
10503,(주)로얄라이프,서울 영등포구,"(07271) 서울특별시 영등포구 선유로33길 15(양평동3가, 에이스테크노타워) 704호",126.8887584,37.52650767,
10504,주식회사미핑기획,서울 강남구,"(06147) 서울특별시 강남구 언주로 532(역삼동, 세일빌딩) 6층",127.0415497,37.50578865,
10505,에이티커니코리아유한회사,서울 강남구,"(06164) 서울특별시 강남구 영동대로 517(삼성동, ASEM 및 한국종합무역센타단지) 40층",127.0588019,37.51245809,
10506,(주)대신기연,부산 강서구,(46727) 부산광역시 강서구 가리새1로17번길 14 1층,,,
10507,주식회사동서에코글로벌,충남 보령시,(33506) 충청남도 보령시 웅천읍 산업단지길 10-81(동서철강(주)) (주) 동서에코글로벌,126.5795423,36.24698439,
10508,주식회사몰덴아이,서울 용산구,"(04385) 서울특별시 용산구 서빙고로 67(용산동5가, 파크타워) 103-903",,,
10509,은평시니어클럽,서울 은평구,(03450) 서울특별시 은평구 증산로23길 7 1~3층,126.9143323,37.59716671,
10510,(주)케이옥션,서울 강남구,"(06017) 서울특별시 강남구 언주로172길 23(신사동, 아트타워) 1층",,,
10511,주식회사아이데이션,강원 춘천시,"(24252) 강원특별자치도 춘천시 한림대학길 1(옥천동, 한림대학교) 창업보육센터 12203호 ",,,
10512,(주)명성엔지니어링,경기 시흥시,"(15091) 경기도 시흥시 공단1대로196번길 84 정왕동, 시화공단2라 509호",,,
10513,대림대학교 원격평생교육원,경기 안양시 동안구,"(13916) 경기도 안양시 동안구 임곡로 29(비산동, 대림대학교) 대림대학 도서관 및 교수회관 5층",,,
10514,삼원 D. M. P,경남 양산시,(50603) 경상남도 양산시 물금읍 가촌서8길 54(동림산업) 삼원 D. M. P,,,
10515,주식회사 크라우드아카데미,서울 강남구,"(06151) 서울특별시 강남구 테헤란로43길 8(역삼동, KODECO TOWER) 7층",127.0442191,37.50376981,
10516,인포뱅크(주),경기 성남시 분당구,"(13494) 경기도 성남시 분당구 대왕판교로 660(삼평동, 유스페이스1) 12층",127.1069322,37.40061147,
10517,임팩트스테이션 평생교육시설,서울 영등포구,"(07345) 서울특별시 영등포구 63로 32(여의도동, 콤비빌딩) 1123호",126.9385865,37.51886888,
10518,한승원격평생교육원,서울 송파구,"(05510) 서울특별시 송파구 올림픽로 319(신천동, 사단법인 서울특별시 교통회관) 8층 일부",,,
10519,(주)스타일모터스,서울 성동구,(04799) 서울특별시 성동구 아차산로11가길 34 성수동2가,,,
10520,(주)프롬디,경기 구리시,(11901) 경기도 구리시 갈매중앙로 190 4층 401호 (갈매동),,,
10521,백담요양보호사교육원,강원 인제군,"(24631) 강원특별자치도 인제군 인제읍 인제로 213 3층, 백담요양보호사 교육원",,,
10522,주식회사세일리틱스,서울 중구,"(04626) 서울특별시 중구 퇴계로36길 2(필동2가, 동국대학교 충무로 영상센터) 본관 9층 907호",,,
10523,보성황실2차입주자대표회의(관리사무소),경북 구미시,"(39327) 경상북도 구미시 상사동로28길 11(사곡동, 보성2차황실타운) 관리사무소",,,
10524,주식회사두원,충남 아산시,(31443) 충청남도 아산시 음봉면 음봉면로 90 (주)두원,127.0163488,36.85425957,
10525,삼익제약(주),인천 부평구,(21301) 인천광역시 부평구 청안로 13 (청천동),,,
10526,주식회사올담길,경남 창원시 의창구    ,(51147) 경상남도 창원시 의창구 창이대로309번길 2 a101,,,
10527,메트로평생교육원,대전 서구,(35412) 대전광역시 서구 복수남로32번길 29 4층 ,127.3779995,36.29983479,
10528,신일화학공업(주),경기 안산시 단원구,"(15618) 경기도 안산시 단원구 진흥로38번길 11(성곡동, 신일화학공업(주)) ",,,
10529,엠티(MT)옵틱스,대구 북구,(41555) 대구광역시 북구 노원동로11길 10 1층,,,
10530,범성옵티칼,대구 북구,(41555) 대구광역시 북구 노원동로11길 10 3층,,,
10531,문광타올,대전 대덕구,"(34342) 대전광역시 대덕구 방두말3길 34(평촌동, 문광타올) 문광타올",,,
10532,수제찬,경기 시흥시,"(14922) 경기도 시흥시 은계번영길 28(은행동, 은계 디스퀘어) 113호",,,
10533,아이러니,제주 제주시,(63278) 제주특별자치도 제주시 동문로9길 13-1 2층 아이러니,,,
10534,아트닷,서울 동작구,"(07023) 서울특별시 동작구 남부순환로259가길 32(사당동, 100빌딩) 2층",,,
10535,(주)인우테크,경북 칠곡군,(39912) 경상북도 칠곡군 왜관읍 3산업단지2길 100 ,,,
10536,주식회사엔투스,울산 중구,"(44542) 울산광역시 중구 종가6길 7(우정동, 혁신 더 테라스) 602호",,,
10537,우리플라텍(주),충북 음성군,(27670) 충청북도 음성군 대소면 대금로196번길 59-2 우리플라텍(주),,,
10538,(주)오토허브셀카,경기 용인시 기흥구,"(17095) 경기도 용인시 기흥구 중부대로 242(영덕동, 오토허브) A동 1층 W118-W124",,,
10539,(주)지엘에스앤피,인천 서구,"(22667) 인천광역시 서구 도담로 177(오류동, (주)에스앤테크) ",,,
10540,주식회사쿨런바이크,인천 서구,(22603) 인천광역시 서구 가현산로23번길 60 주식회사 쿨런바이크,,,
10541,홈피스기술창업교육학원,서울 광진구,(05056) 서울특별시 광진구 자양로 71 2층,,,
10542,새샘어린이집,울산 중구,"(44457) 울산광역시 중구 신기3길 28(태화동, 삼익그린맨션) 101호",129.2947196,35.55031532,
10543,신소재산업(주),광주 광산구,(62211) 광주광역시 광산구 하남산단10번로 77 신소재산업(주),,,
10544,동아참메드주식회사,경기 군포시,"(15850) 경기도 군포시 고산로148번길 17(당정동, 군포IT밸리) 에이동 13층 2804호, 비211~214호, 비동 비216~217호, 에이동 502호(당정동)",,,
10545,남양주시청일자리정책과,경기 남양주시,"(12237) 경기도 남양주시 경춘로 953(금곡동, 금마루프라자) 3층 일자리정책과",,,
10546,(주)길창,경북 경산시,(38464) 경상북도 경산시 진량읍 공단7로 58 (주)길창,,,
10547,위드크니모,경기 김포시,(10062) 경기도 김포시 양촌읍 양곡로 495 2층 202-AC81호,126.6281366,37.65515589,
10548,토러스치과기공소,인천 계양구,(21054) 인천광역시 계양구 계양대로 171-3 2층,126.7221413,37.53923036,
10549,주식회사테크놀로지옵틱스,대전 대덕구,"(34324) 대전광역시 대덕구 신일동로93번길 17-14 에이동 1,2층(신일동)",,,
10550,엘아이지정밀기술(주),대전 유성구,"(34127) 대전광역시 유성구 죽동로 167(죽동, 엘아이지정밀기술(주)) ",,,
10551,동물세포실증지원센터,경북 안동시,(36618) 경상북도 안동시 풍산읍 산업단지1길 48-27 동물세포실증지원센터 ,128.5381507,36.59548459,
10552,송학고려홍삼(주),충남 금산군,(32754) 충청남도 금산군 부리면 물페기길 264(송학고려인삼(주)) 송학고려홍삼(주),,,
10553,부원산업(주),경남 양산시,(50511) 경상남도 양산시 주남로 69-47 부원산업(주),129.1628405,35.41756929,
10554,다우리,서울 중구,(04558) 서울특별시 중구 창경궁로1길 22 지1층,126.997053,37.56275529,
10555,덕신테크,충남 당진시,(31709) 충청남도 당진시 송산면 두멍개길 8-37 ,,,
10556,주식회사허브월드,경기 부천시 오정구,"(14449) 경기도 부천시 오정구 석천로 397(삼정동, 부천 테크노파크 쌍용3차) 302동 307호",,,
10557,코라스,경기 안양시 동안구,(14099) 경기도 안양시 동안구 평촌대로107번길 21 지하1층 코라스,,,
10558,동남주식회사,인천 미추홀구,"(22108) 인천광역시 미추홀구 염전로 139(도화동, 동남(주)) 동남주식회사",,,
10559,주식회사드림윈스,경기 김포시,(10022) 경기도 김포시 월곶면 안진골로 30-21 일부,,,
10560,정훈산업,대전 대덕구,"(34326) 대전광역시 대덕구 신일서로18번길 20(신일동, (주)광성기공) 대전 대덕구 신일서로 18번길 20, 1층(신일동)",,,
10561,아이시시스템,경남 창원시 성산구    ,"(51534) 경상남도 창원시 성산구 남면로 599(외동, S&T중공업) 아이시시스템",,,
10562,오알에스코리아유한회사(ORSKOREALLC),경남 창원시 마산회원구,"(51340) 경상남도 창원시 마산회원구 자유무역3길 184(양덕동, 표준공장 5) 표준공장5호동 2층",,,
10563,우일밴딩,인천 계양구,(21078) 인천광역시 계양구 아나지로462번길 19 ,,,
10564,목포과학대학교부설평생교육원,전남 목포시,(58644) 전라남도 목포시 영산로 413-1 탐구관 305호,126.4099261,34.80748179,
10565,주식회사아틱,서울 강남구,"(06062) 서울특별시 강남구 도산대로 446(청담동, 경원오피스텔) 1725호",,,
10566,주식회사브랜드디,서울 마포구,"(03991) 서울특별시 마포구 연남로3길 61(연남동, 청한빌) 2층",,,
10567,(주)제주바생푸즈,제주 제주시,(63075) 제주특별자치도 제주시 신산마을길 113 2층,,,
10568,신양사다리,경기 양주시,(11424) 경기도 양주시 광적면 현석로 42-18 비암리,,,
10569,주식회사이비트론,대전 대덕구,"(34328) 대전광역시 대덕구 산업단지로 127(신일동, 주식회사이비트론) (주)이비트론",,,
10570,넥스트모아학원,제주 제주시,"(63309) 제주특별자치도 제주시 첨단로 245-2(영평동, (주)엠트리) 1층 넥스트모아학원",,,
10571,주식회사이든팜,경기 김포시,(10049) 경기도 김포시 양촌읍 황금로323번길 3 3층,126.6001172,37.60985612,
10572,내고향식품,경북 경산시,(38539) 경상북도 경산시 압량읍 가일길8길 15(신안산업) ,,,
10573,라인즈주식회사,인천 서구,(22600) 인천광역시 서구 대곡로89번길 17-3 라인즈주식회사,,,
10574,주식회사니즈,경기 성남시 분당구,(13479) 경기도 성남시 분당구 서판교로44번길 3-15 1층 일부호(판교동),,,
10575,아트메디텍,서울 구로구,"(08381) 서울특별시 구로구 디지털로27길 24(구로동, 벽산디지털밸리1차) 403호",,,
10576,꿈누리어린이집,대전 유성구,"(34002) 대전광역시 유성구 과학성장로 33(둔곡동, 서한이다음2단지) 단지 내 어린이집",,,
10577,(주)굿솔루션,경기 안양시 동안구,"(14057) 경기도 안양시 동안구 벌말로 126(관양동, 평촌 오비즈타워) 2407호 ",,,
10578,서용건설(주),서울 서초구,"(06718) 서울특별시 서초구 서초중앙로 15(서초동, 현대슈퍼빌) 상가동 302호",,,
10579,위니코니(주),부산 기장군,(46026) 부산광역시 기장군 정관읍 산단7로 99-48(위니코니(주)) ,,,
10580,대성치과기공소,강원 원주시,(26413) 강원특별자치도 원주시 원일로 260 가동 302호,,,
10581,파워텍,광주 광산구,(62214) 광주광역시 광산구 손재로 482 1층,,,
10582,주식회사애드원,대구 달성군,(43017) 대구광역시 달성군 현풍읍 테크노공원로 16 605호,,,
10583,영성팩키지,서울 성동구,"(04793) 서울특별시 성동구 아차산로 73(성수동2가, (주)성음) 1층 영성팩키지",,,
10584,에이블치과,서울 동대문구,"(02440) 서울특별시 동대문구 휘경로 6(이문동, 사이버한국외국어대학교 제2교사) 5층 에이블치과",,,
10585,농업회사법인주식회사매월매주(mewolmejooCorp.),경북 김천시,(39516) 경상북도 김천시 개령면 신룡길 106-5 1층,,,
10586,(주)아이지,경기 성남시 중원구,(13204) 경기도 성남시 중원구 순환로198번길 7 아이지 빌딩,127.1800095,37.44161038,
10587,대방산업개발주식회사,서울 강서구,"(07805) 서울특별시 강서구 공항대로 248(마곡동, 대방빌딩) 11층",,,
10588,주식회사엠키스코어,서울 송파구,"(05503) 서울특별시 송파구 올림픽로 203(잠실동, 잠실주공아파트) 2층 215-1호(잠실동, 중앙상가)",,,
10589,천일테크윈(주),인천 동구,(22510) 인천광역시 동구 화도진로 127 ,,,
10590,(주)삼한앤컴퍼니,울산 북구,(44222) 울산광역시 북구 매곡산업6길 48 (주)삼한앤컴퍼니,,,
10591,우성어패럴,대구 동구,"(41224) 대구광역시 동구 신암남로23길 30(신암동, 고려아파트) a동상가지하",,,
10592,우성파워텍주식회사의성공장,경북 의성군,(37356) 경상북도 의성군 금성면 금성현서로 18 우성파워텍주식회사의성공장,,,
10593,완도시니어클럽,전남 완도군,(59114) 전라남도 완도군 완도읍 개포로 154-13 2층,126.7453833,34.31897537,
10594,비엔테크,경남 김해시,(50887) 경상남도 김해시 주촌면 서부로1701번안길 94-2 비엔테크,128.8387502,35.24629475,
10595,그린승강기주식회사,울산 남구,"(44632) 울산광역시 남구 북부순환도로 17(무거동, 남운프라자) 402호",,,
10596,주식회사용가리물류,경기 시흥시,"(15011) 경기도 시흥시 서울대학로264번길 35(배곧동, 시흥배곧 아브뉴프랑 센트럴 그린) 402호",,,
10597,홍보시계(주),부산 부산진구,"(47285) 부산광역시 부산진구 가야대로 772(부전동, 롯데백화점부산본점) 1층 롤렉스",,,
10598,김천직업교육학원,경북 김천시,(39547) 경상북도 김천시 신양3길 27 2층,,,
10599,이양재노인종합센터,전북 전주시 완산구,"(55100) 전북특별자치도 전주시 완산구 서학2길 33(서서학동, 이양재노인종합센터) ",,,
10600,서인조경(주),서울 송파구,"(05854) 서울특별시 송파구 법원로 128(문정동, 문정역SKV1) C동 612호 서인조경(주)",,,
10601,일신프런티어주식회사,울산 북구,(44222) 울산광역시 북구 매곡산업4길 56 ,,,
10602,종합스틸,전북 정읍시,(56169) 전북특별자치도 정읍시 서부산업도로 523 ,,,
10603,(주)다인테크,광주 북구,"(61009) 광주광역시 북구 첨단벤처로28번길 19(대촌동, 다인테크공장) (주)다인테크",,,
10604,주식회사가라미,충남 공주시,(32546) 충청남도 공주시 감영길 11 1층,,,
10605,비크산업,대구 달서구,(42725) 대구광역시 달서구 성서로 18-36 1층,128.5073175,35.82160242,
10606,주식회사씨에스테크,충남 천안시 서북구,(31002) 충청남도 천안시 서북구 성환읍 우신새터길 34-7(우신리근생시설) 3층,,,
10607,에벤에셀목공학원,충북 청주시 상당구,"(28523) 충청북도 청주시 상당구 산성로101번길 20 101,102호 (용담동)",,,
10608,미래일(주),서울 금천구,"(08589) 서울특별시 금천구 가산디지털2로 70(가산동, 대륭테크노타운19차) 10층 1007호~1015호",,,
10609,유한회사함께걷는발달연구소,경남 창원시 의창구    ,(51143) 경상남도 창원시 의창구 사림로 63 함께걷는발달연구소,128.6793161,35.2467343,
10610,서용이엔씨주식회사,대구 동구,"(41260) 대구광역시 동구 장등로 36(신천동, 농공빌딩) 5층",,,
10611,모두건축자재,인천 부평구,(21314) 인천광역시 부평구 안남로434번길 23 D동 1층 영림몰딩도어 모두건축자재,,,
10612,주식회사와이비홀딩스,서울 중구,"(04552) 서울특별시 중구 수표로 23(저동2가, 영락빌딩) 지하1층 비101호",,,
10613,(주)티디엘나주지점,전남 나주시,(58327) 전라남도 나주시 황동3길 18-6 ,,,
10614,브이메이커주식회사,대구 서구,(41756) 대구광역시 서구 와룡로 335 브이메이커(주),,,
10615,이피캠텍(주)군산2공장,전북 군산시,"(54002) 전북특별자치도 군산시 새만금산단2로 358(오식도동, 이피캠텍 주식회사) 이피캠텍 주식회사",,,
10616,한영대학,전남 여수시,"(59720) 전라남도 여수시 장군산길 18-43(여서동, 한영대학교, 한영고등학교) 한영대학교",,,
10617,(주)삼아삭스호일,경기 안성시,(17525) 경기도 안성시 일죽면 방초산단1로 2 1층,,,
10618,(주)경일통신,충북 영동군,(29144) 충청북도 영동군 영동읍 계산로3길 9-9(KT충북영동지점) 주식회사 케이티 영동빌딩 (주)경일통신,,,
10619,덴탈플러스치과기공소,강원 강릉시,(25552) 강원특별자치도 강릉시 동부시장3길 5 3층,,,
10620,동마산지역아동센터,경남 창원시 마산회원구,"(51354) 경상남도 창원시 마산회원구 구암남7길 7(구암동, 대성프리존텔) 201,202호",,,
10621,티엔플러스주식회사,서울 영등포구,"(07321) 서울특별시 영등포구 의사당대로 82(여의도동, 하나증권빌딩) 19층 13호",,,
10622,(주)성도텍,인천 미추홀구,(22108) 인천광역시 미추홀구 염전로 175 ,,,
10623,(주)에이치앤지테크,경기 안산시 단원구,"(15434) 경기도 안산시 단원구 산단로 112-9(원시동, (주)그린엠에스티 협동화단지) 나동 2층",,,
10624,부자펙토리(BUJAFACTORY),충북 청주시 서원구,"(28185) 충청북도 청주시 서원구 남이면 남이외천1길 106 가동, 나동",,,
10625,대명지이씨(주),서울 강남구,"(06232) 서울특별시 강남구 테헤란로2길 21 7,8층",127.0292756,37.49679111,
10626,피앤에치치과기공소,서울 송파구,"(05836) 서울특별시 송파구 법원로9길 26(문정동, 에이치비즈니스파크) C동 12층 2호",,,
10627,태응약품(주),경기 시흥시,(14951) 경기도 시흥시 두문로 18-2 3층,126.7909139,37.43051575,
10628,(주)에이치티아이티,경기 부천시 원미구,"(14519) 경기도 부천시 원미구 수도로 88-81(도당동, 주식회사 에이치티아이티) (주)에이치티아이티",,,
10629,더디엔에이(주),서울 금천구,"(08504) 서울특별시 금천구 가산디지털2로 135(가산동, 가산 어반워크I) 929호",,,
10630,주식회사아이에스엘,경기 파주시,"(10881) 경기도 파주시 직지길 376(문발동, 에프엔씨애드컬쳐) ",,,
10631,주식회사한국공간데이터,서울 서초구,"(06646) 서울특별시 서초구 서초대로46길 19-12(서초동, 서초안빌딩) 2층",,,
10632,시즈오카한성주식회사,전북 익산시,"(54627) 전북특별자치도 익산시 보석로4길 29(신흥동, 한성공업(주)) 시즈오카한성",,,
10633,주식회사가이저소프트,서울 송파구,"(05510) 서울특별시 송파구 올림픽로35가길 11(신천동, 한신잠실코아) 오피스텔 1206호",,,
10634,지니씨엔씨,경기 안성시,(17516) 경기도 안성시 삼죽면 서동대로 6226-14 1층,,,
10635,(유)포디헤윰,전북 전주시 덕진구,(54857) 전북특별자치도 전주시 덕진구 용정길 16 ,,,
10636,한승에코,충북 진천군,(27816) 충청북도 진천군 이월면 밤디길 65-17 2동,,,
10637,농업회사법인깊은숲속행복한식품(주),전북 익산시,(54520) 전북특별자치도 익산시 여산면 옥금동길 235 1층 ,,,
10638,(주)대청에프앤씨,대전 대덕구,(34364) 대전광역시 대덕구 대화로50번길 57-37 (주)대청에프앤씨,,,
10639,제이드필러,서울 송파구,"(05855) 서울특별시 송파구 법원로8길 8(문정동, 문정역2차 SK V1) 625호",,,
10640,(주)펜테크,인천 서구,"(22844) 인천광역시 서구 보도진로73번길 10(가좌동, 펜테크) 펜테크",,,
10641,(주)유앤생명과학,경기 안산시 단원구,(15438) 경기도 안산시 단원구 별망로 627 유앤생명과학 2층,,,
10642,주식회사씨엠이노베이션,서울 구로구,"(08389) 서울특별시 구로구 디지털로 272(구로동, 한신아이티타워) 3층 310호",,,
10643,(주)정진오토,울산 남구,(44780) 울산광역시 남구 장생포고래로 7 (주)정진오토,129.3683868,35.51146274,
10644,주식회사천일테크,충남 당진시,(31806) 충청남도 당진시 면천면 옥수로 334-34 ,,,
10645,주식회사니나,경북 영천시,"(38899) 경상북도 영천시 영천산단로 64(채신동, (주)니나) ",,,
10646,대광케미칼,충북 음성군,(27681) 충청북도 음성군 금왕읍 봉곡길63번길 3-1 대광케미칼,127.5767137,36.96659057,
10647,(주)신흥전력공사,경기 광주시,(12793) 경기도 광주시 양벌로119번길 12-20 신흥전력공사(주),,,
10648,씨아이에스주식회사-아산사업장,충남 아산시,(31409) 충청남도 아산시 둔포면 아산밸리남로 124 ,,,
10649,대경수출포장산업,경북 칠곡군,(39828) 경상북도 칠곡군 약목면 관호1길 22 ,,,
10650,경산시니어클럽,경북 경산시,(38617) 경상북도 경산시 원효로3길 30 2층,,,
10651,대원산업,경기 화성시,(18624) 경기도 화성시 향남읍 서봉로 724-46 대원산업,126.958763,37.13897233,
10652,"주식회사루덴스(LUDENSCo.,Ltd.)",경기 안양시 동안구,"(14116) 경기도 안양시 동안구 경수대로 563(호계동, 현대제우스타워) 403호",,,
10653,신한정밀공업(주),경남 양산시,(50567) 경상남도 양산시 산막공단북13길 73 ,,,
10654,(주)아이넵,서울 성동구,"(04799) 서울특별시 성동구 광나루로6길 35(성수동2가, 성수동 우림 이비즈센터) 601호",,,
10655,유창성업(주),인천 서구,"(22849) 인천광역시 서구 갑문2로 49(오류동, 유창성업(주)) 오류동1548-7",,,
10656,한컴캠퍼스평생교육시설,서울 영등포구,"(07248) 서울특별시 영등포구 버드나루로 50(영등포동2가, 리버타워오피스텔) 1014, 1015호",,,
10657,주식회사 한마당,경기 포천시,(11139) 경기도 포천시 신북면 호국로 2274-25 주식회사 한마당,,,
10658,(주)현대백화점,서울 강남구,"(06181) 서울특별시 강남구 테헤란로98길 12(대치동, 현대백화점 본사) 현대백화점 본사",,,
10659,신도공업(주),경기 김포시,(10038) 경기도 김포시 통진읍 가현로4번길 29-9 신도공업,,,
10660,파인그린농업회사법인주식회사,충북 증평군,(27950) 충청북도 증평군 증평읍 남하길 41 파인그린 농업회사법인 주식회사,,,
10661,주식회사 위드피에스,전남 순천시,(58023) 전라남도 순천시 해룡면 해룡산단6로 114 위드피에스,127.5639654,34.90624439,
10662,종로시니어클럽,서울 종로구,"(03110) 서울특별시 종로구 숭인동2길 28(숭인동, 숭인동마을회관) 2층",,,
10663,둥근마음,전북 익산시,(54537) 전북특별자치도 익산시 익산대로76길 9-33 ,,,
10664,태영,경기 화성시,(18284) 경기도 화성시 비봉면 현대기아로 801 단독공장,,,
10665,"주식회사히포티앤씨(HippoT&C,Inc.)",경기 성남시 분당구,(13487) 경기도 성남시 분당구 판교로 242 판교디지털센터 5층 A502,,,
10666,케어크린,경남 양산시,(50638) 경상남도 양산시 동면 금산5길 28-13(Care Clean) ,,,
10667,유앤디건축사사무소주식회사,제주 제주시,(63133) 제주특별자치도 제주시 노연로 148 3층(연동 지채시빌딩),,,
10668,(유)남산,전남 영암군,(58452) 전라남도 영암군 삼호읍 소등로 23((주)금정이엔지) ,,,
10669,(주)대광케미칼,충북 충주시,(27459) 충청북도 충주시 주덕읍 중원산업로 141 (주)대광케미칼,,,
10670,(주)리본케어,서울 금천구,(08592) 서울특별시 금천구 가산디지털2로 34 325~328호,,,
10671,주식회사토오텍,경기 용인시 처인구,(17027) 경기도 용인시 처인구 포곡읍 둔전로65번길 2 토오텍 빌딩,,,
10672,주식회사한울테크,충남 아산시,(31477) 충청남도 아산시 배방읍 갈산교로 72-37 1층,127.0655174,36.78025555,
10673,사단법인부산광역시자동차검사정비사업조합,부산 부산진구,(47214) 부산광역시 부산진구 중앙대로 891 2층,,,
10674,철마산업주식회사,인천 남동구,"(21686) 인천광역시 남동구 논현고잔로 127-9(고잔동, 도남상사) 도남상사",,,
10675,한국아쿠아스케이프교육센터주식회사,경남 창원시 성산구    ,(51706) 경상남도 창원시 성산구 삼귀로 367 3층,,,
10676,(주)아트다솔,경기 부천시 원미구,"(14557) 경기도 부천시 원미구 부천로198번길 18(춘의동, 춘의테크노파크II)  201동 206~207호",,,
10677,나우비긴주식회사,서울 서초구,"(06739) 서울특별시 서초구 논현로 175(양재동, 신한빌딩) 4층",,,
10678,충무전기공업사,부산 영도구,(49037) 부산광역시 영도구 봉래나루로 40 충무전기공업사,,,
10679,라인솔루션주식회사,경기 오산시,(18102) 경기도 오산시 서랑로 208-34 라인솔루션 주식회사,,,
10680,노무법인함께포항지사,경북 포항시 남구,(37761) 경상북도 포항시 남구 새천년대로 434 새론빌딩 5층 503호,,,
10681,주식회사벨라골드,서울 종로구,"(03134) 서울특별시 종로구 율곡로8길 101(묘동, 버들빌딩) 2층 201호",,,
10682,주식회사아이젠,전남 나주시,(58324) 전라남도 나주시 그린로 370 4층 418호,126.7954488,35.01936537,
10683,주식회사라츠인터내셔널,서울 중구,"(04613) 서울특별시 중구 다산로29길 39(신당동, 이안타워) 307호",,,
10684,(주)제이티하네스,서울 구로구,"(08293) 서울특별시 구로구 구로중앙로32길 12(구로동, 태원빌딩) 2층",,,
10685,주식회사앨트리,서울 강남구,"(06109) 서울특별시 강남구 봉은사로33길 5(논현동, 동화빌딩) 5층",,,
10686,건축사무소지성건축,제주 제주시,(63148) 제주특별자치도 제주시 동성길 62  1층(오라삼동),,,
10687,위더맥스(주),경기 용인시 기흥구,"(16976) 경기도 용인시 기흥구 기흥로 58 비동 20층 2001호~2010호 (구갈동, 기흥아이씨티밸리에스케이브이원)",,,
10688,영광솔루션,경기 안산시 단원구,"(15657) 경기도 안산시 단원구 엠티브이7로 13(성곡동, 삼위정밀 M.T.V 공장) A동 4층",,,
10689,소상공인시장진흥공단,대전 유성구,"(34077) 대전광역시 유성구 지족로364번길 92(지족동, 국민은행대전콜센터) 2층",,,
10690,엔티큐주식회사,세종 세종,"(30128) 세종특별자치시  나성로 125-4(나성동, 세종엔에스타워2) 604호",,,
10691,철우테크(주),충남 아산시,(31424) 충청남도 아산시 영인면 토정샘로 86 철우테크(주),126.9745166,36.87534246,
10692,이레정밀,대전 대덕구,(34376) 대전광역시 대덕구 대화로234번길 5-3 이레정밀,,,
10693,영흥식품(주),충북 음성군,(27674) 충청북도 음성군 대소면 산내로 147-31 영흥식품(주),,,
10694,(주)의신정밀평택공장,경기 평택시,(17843) 경기도 평택시 세교산단로 17 의신정밀,,,
10695,주식회사싱크앤두랩,부산 남구,"(48533) 부산광역시 남구 유엔평화로76번길 26(대연동, 가람빌딩) 502호",,,
10696,평강산업(주),전남 광양시,(57765) 전라남도 광양시 광양읍 율촌산단3로 111 한화오션에코텍 2공장,,,
10697,용성로봇웰딩,경남 창원시 성산구    ,"(51534) 경상남도 창원시 성산구 남면로 599(외동, S&T중공업) ",,,
10698,농업회사법인(주)연우,충북 음성군,(27619) 충청북도 음성군 생극면 능안로 70 농업회사법인주식회사연우,,,
10699,서영이앤티(주),서울 서초구,"(06720) 서울특별시 서초구 서초중앙로 14(서초동, (주)진로) 서초동, 7층 서영이앤티",,,
10700,주식회사에스비이엔지,경기 화성시,"(18487) 경기도 화성시 동탄산단6길 74 방교동, (주)에스비이엔지",,,
10701,건축사사무소현,제주 제주시,"(63223) 제주특별자치도 제주시 남광북1길 1(이도이동, 제주법조타워) 7층 701호",,,
10702,주식회사청우비제이,경남 창원시 성산구    ,(51503) 경상남도 창원시 성산구 상남로58번길 9 3층 일부(동쪽),,,
10703,(주)도시농사꾼농업회사법인,부산 남구,(48576) 부산광역시 남구 분포로 66-40 용호별빛공원 내,129.1201154,35.1327509,
10704,바치코리아,인천 남동구,"(21629) 인천광역시 남동구 남동서로362번길 59(남촌동, (주)에스제이켐텍) 바치코리아",126.7053675,37.41847647,
10705,민영테크,경남 창원시 성산구    ,"(51534) 경상남도 창원시 성산구 남면로 599(외동, S&T중공업) 민영테크",,,
10706,주식회사미남컴퍼니,서울 중구,"(04617) 서울특별시 중구 동호로24길 27-10(장충동2가, DODAM) 1층",,,
10707,지현테크,경남 창원시 성산구    ,"(51534) 경상남도 창원시 성산구 남면로 599(외동, S&T중공업) 지현테크",,,
10708,주식회사웰스텍,부산 해운대구,(48071) 부산광역시 해운대구 해운대로 1138 2층 201호,,,
10709,주식회사 이음아이씨티,전남 순천시,(57905) 전라남도 순천시 서면 운평길 22-1 가동 1층,127.4832975,35.00737899,
10710,(주)유니포스트,서울 강남구,"(06043) 서울특별시 강남구 강남대로 574(논현동, 전기공사공제조합회관) 5층",,,
10711,주식회사파트코(Partco),인천 미추홀구,"(22107) 인천광역시 미추홀구 염전로 103(도화동, 트인테크노6차) 트인테크노 6차 비동 107호 2층",,,
10712,주식회사도담,경기 광명시,(14348) 경기도 광명시 새빛공원로 67 에이동 16층 20호,,,
10713,의료법인 은혜와감사의료재단 (화성중앙종합병원),경기 화성시,(18592) 경기도 화성시 향남읍 발안로 5(화성중앙병원) ,,,
10714,우성정밀,부산 기장군,(46027) 부산광역시 기장군 정관읍 산단4로 71 우성정밀,129.1872997,35.31656664,
10715,남경,경남 김해시,(50805) 경상남도 김해시 상동면 상동로 113 1층,,,
10716,아이씨엔아이티(주),서울 구로구,"(08377) 서울특별시 구로구 디지털로33길 12(구로동, 우림이비지센터2차) 1212호",,,
10717,세인텍,경북 포항시 남구,"(37788) 경상북도 포항시 남구 중앙로 154(해도동, 학산타워빌딩) 901호",,,
10718,(주)대양정밀,경남 김해시,(50854) 경상남도 김해시 진영읍 본산로 153-33 (주)대양정밀,128.7418644,35.31850554,
10719,대양공업사,경남 김해시,(50854) 경상남도 김해시 진영읍 본산로 153-23 대양공업사,,,
10720,(주)누리테크,전북 군산시,(54058) 전북특별자치도 군산시 임피면 호원대3길 32 호원대창업보육센터 105호,,,
10721,(주)서진정보,경북 포항시 남구,(37819) 경상북도 포항시 남구 중앙로27번길 22 1층,,,
10722,악어새치과기공소,서울 강동구,"(05364) 서울특별시 강동구 진황도로 162(둔촌동, 평화빌딩) 4층",,,
10723,미루종합건설주식회사,제주 제주시,"(63126) 제주특별자치도 제주시 도령로 131(연동, 청원빌딩) 지하1층",,,
10724,주식회사 마이온컴퍼니,서울 강남구,"(06114) 서울특별시 강남구 강남대로124길 34(논현동, 조안빌딩) 4층",,,
10725,장암칼스주식회사,충남 아산시,(31435) 충청남도 아산시 인주면 인주산단로 123-63 1층,,,
10726,주식회사한국안전교육원,서울 금천구,"(08511) 서울특별시 금천구 벚꽃로 286(가산동, 삼성리더스타워) 609B",,,
10727,티엠제이치과기공소,서울 관악구,"(08782) 서울특별시 관악구 남부순환로 1710(봉천동, 이너스빌딩) 봉천동,3층",,,
10728,주식회사공오일,부산 해운대구,"(48059) 부산광역시 해운대구 센텀중앙로 78(우동, 센텀그린타워) 308호",,,
10729,주식회사서지텍,대전 유성구,"(34054) 대전광역시 유성구 유성대로 1646(전민동, 한남대대덕밸리캠퍼스) 이노비즈파크 407호",,,
10730,한섬종합건설주식회사,제주 제주시,"(63231) 제주특별자치도 제주시 승천로 74 (아라이동,지하층)",,,
10731,동구화정현대서비스주식회사,울산 동구,"(44077) 울산광역시 동구 방어진순환도로 603(화정동, 신한종합정비) 1층",,,
10732,주식회사마스터플랜(MASTERPLANCorp.),서울 금천구,"(08500) 서울특별시 금천구 가산디지털2로 173(가산동, 에이스 비즈포레 지식산업센터) 7층 716호",,,
10733,(주)지에스씨,경기 화성시,(18580) 경기도 화성시 장안면 버들로 880 (외4필지),,,
10734,유미캐피탈대부주식회사,서울 마포구,"(04143) 서울특별시 마포구 마포대로 137(공덕동, KPX빌딩) 3층4호, 14층6호",,,
10735,델타기계(주),서울 구로구,(08262) 서울특별시 구로구 부일로1나길 22-42 2층사무실,,,
10736,이엠씨주식회사,경남 함안군,(52057) 경상남도 함안군 법수면 법정로 124(대웅ENG) 1층,,,
10737,우주타운입주자대표회의,경북 경주시,"(38087) 경상북도 경주시 용담로 24-25(황성동, 우주타운) 관리사무소",,,
10738,두례기수출포장,경남 김해시,(50875) 경상남도 김해시 진례면 고모로364번길 71 1층,128.7762441,35.25745158,
10739,"주식회사에이치에스니트컴퍼니(HS-KnitCompanyCo.,Ltd.)",서울 노원구,"(01724) 서울특별시 노원구 중계로 162-11(중계동, 현대프라자) 지층 102호",,,
10740,(주)화신지엠에스,경기 부천시 원미구,"(14543) 경기도 부천시 원미구 길주로77번길 19-45(상동, 디아뜨갤러리4) 208호",,,
10741,주식회사사나푸드,경기 성남시 분당구,"(13505) 경기도 성남시 분당구 매화로 51(야탑동, 로즈프라자) 3층 302-4카호(야탑동, 로즈프라자)",,,
10742,주식회사더이노베이터스,인천 연수구,"(21998) 인천광역시 연수구 컨벤시아대로 165(송도동, 포스코타워-송도) 26층 브이591",,,
10743,이지쿡(주),부산 기장군,(46031) 부산광역시 기장군 장안읍 오리산단2로 51 2층,,,
10744,주식회사다타카,경기 김포시,(10045) 경기도 김포시 양촌읍 듬박로 11-3 1층,,,
10745,혜민병원,서울 광진구,"(05056) 서울특별시 광진구 자양로 85(자양동, 혜민병원) ",,,
10746,재성이엔지주식회사,경기 안산시 단원구,(15429) 경기도 안산시 단원구 산단로163번길 47 2호,,,
10747,(주)하인스,인천 서구,"(22664) 인천광역시 서구 보듬8로 9(오류동, 하인스) 하인스",,,
10748,(주)여름종합건축사사무소,서울 마포구,"(04078) 서울특별시 마포구 서강로 37-10(창전동, 보성빌딩) 3층",,,
10749,신진계전(주),인천 서구,"(22771) 인천광역시 서구 원창로64번길 43(원창동, 신진계전주식회사) 신진계전주식회사",,,
10750,(주)세화씨엔씨,인천 남동구,(21643) 인천광역시 남동구 남동동로183번길 40 ,,,
10751,(주)컨포트랩,서울 송파구,"(05854) 서울특별시 송파구 법원로 114(문정동, 엠스테이트) B동 1306호",,,
10752,스튜디오49비주얼(Studio49visual),서울 강남구,(06223) 서울특별시 강남구 언주로81길 42 현성빌딩 지하2층,,,
10753,에스에이치윈도우,제주 제주시,(63297) 제주특별자치도 제주시 선반로 34 (화북일동),126.5617261,33.51476166,
10754,"(주)청향엔에프(ChengHyangNFCo.,LTD)",서울 종로구,(03122) 서울특별시 종로구 대학로 48-2 1층 실라,,,
10755,주식회사오름에듀테크,서울 서초구,"(06643) 서울특별시 서초구 서초중앙로 40-8 제지1층 제비101호,제비102호(서초동,베스트원빌딩)",,,
10756,(주)에이치케이우드,인천 서구,(22769) 인천광역시 서구 북항로32번길 29-21 ,,,
10757,(주)아이씨푸드세종공장,세종 세종,(30084) 세종특별자치시  금남면 성덕영곡길 266 ,,,
10758,우창정보기술(주),서울 서초구,"(06781) 서울특별시 서초구 언남16길 3(양재동, 동신빌딩) 3층",,,
10759,와이티에스주식회사,광주 광산구,(62412) 광주광역시 광산구 평동산단2번로 159 ,,,
10760,주식회사일하,전남 순천시,"(57962) 전라남도 순천시 역전광장3길 54(풍덕동, 생태비즈니스센터) 2층 215호",,,
10761,(주)공덕기계,경기 평택시,(17701) 경기도 평택시 서탄면 수월암5길 43 (주)공덕기계,,,
10762,(주)픽슨이앤씨,전북 남원시,(55801) 전북특별자치도 남원시 시묘길 56-56 ,,,
10763,충남부여시니어클럽,충남 부여군,(33164) 충청남도 부여군 부여읍 왕중로104번길 13-2 부여시니어클럽,126.924041,36.26321453,
10764,퍼스트바리스타제과제빵학원,인천 부평구,"(21394) 인천광역시 부평구 부평대로 6(부평동, 대신스카이프라자) 4층 401호,402호 퍼스트바리스타제과제빵학원",,,
10765,피아이건축사사무소,제주 서귀포시,(63588) 제주특별자치도 서귀포시 동홍서로 73 (동홍동),,,
10766,(주)엠에스엠,울산 울주군,(44988) 울산광역시 울주군 청량읍 처용산업4길 42-17((주)엠에스엠) (주)엠에스엠,,,
10767,(주)푸드빌,경기 구리시,(11956) 경기도 구리시 아치울길3번길 48 푸드빌(아천동),,,
10768,클라우드,전북 고창군,(56439) 전북특별자치도 고창군 고창읍 남구4길 27-1 202호,,,
10769,길요양원,충북 청주시 흥덕구,(28368) 충청북도 청주시 흥덕구 관암로 16 길요양원,127.40715,36.62517935,
10770,주식회사더드로잉웍스(DrawingWorks),서울 서대문구,"(03766) 서울특별시 서대문구 신촌역로 16(대현동, 신촌가이아) 302호",,,
10771,부산수영지역자활센터-재가요양서비스,부산 수영구,"(48212) 부산광역시 수영구 구락로 150(망미동, 고려제강(주)) 2층 사무실",,,
10772,(주)퓨처사이언테크,경기 성남시 수정구,"(13449) 경기도 성남시 수정구 창업로 43 B동 310호(시흥동, 판교제2테크노밸리 글로벌비즈센터)",,,
10773,스마트업,충남 천안시 서북구,"(31035) 충청남도 천안시 서북구 직산읍 직산로 136((재)충남테크노파크천안밸리) 정보영상융합센터 615,616호",,,
10774,주식회사비엔에스알(BNSR),경기 평택시,(17936) 경기도 평택시 안중읍 안현로서6길 10(대원빌딩) 405-디13호,,,
10775,대훈정밀,경기 부천시 오정구,"(14441) 경기도 부천시 오정구 산업로8번길 22-4(오정동, 평화정밀) 2층",,,
10776,(주)보경,전남 광양시,(57797) 전라남도 광양시 눈소1길 46 (주) 보경,,,
10777,대아기공,경기 시흥시,(15079) 경기도 시흥시 경기과기대로 219 길산SST 지식산업센터 3층 310호(정왕동),,,
10778,하나테크툴,경기 하남시,(12988) 경기도 하남시 초광산단서로16번길 7 초이동,,,
10779,주식회사나우앤뉴,서울 구로구,"(08377) 서울특별시 구로구 디지털로33길 48(구로동, 대륭포스트타워7차) 501,502호",,,
10780,CORE치과기공소,강원 춘천시,(24368) 강원특별자치도 춘천시 우묵길56번길 20 2동 201호 코어치과기공소,,,
10781,모노리스제주파크(주),제주 제주시,(63038) 제주특별자치도 제주시 애월읍 천덕로 880-24(애월스마트테마파크) ,,,
10782,블루웨이브텔(주),경북 구미시,(39363) 경상북도 구미시 금오대로20길 41-2 블로우웨이브텔 구미공장,,,
10783,주식회사 광양훼더,전남 순천시,(58034) 전라남도 순천시 해룡면 율촌산단4로 26-133((주)광양훼더) ,,,
10784,에스더블유엔주식회사,경남 진주시,(52611) 경상남도 진주시 사봉면 산업단지로44번길 41-66 에스더블유엔(주),128.2756052,35.18648357,
10785,태안시니어클럽,충남 태안군,(32144) 충청남도 태안군 태안읍 환동로 46 3층,126.2933633,36.75114982,
10786,(주)원신레미콘,경기 파주시,(10945) 경기도 파주시 월롱면 정문로 220-1 ,,,
10787,(주)아이디어콘서트,경기 성남시 수정구,(13449) 경기도 성남시 수정구 창업로 43 판교제2테크노밸리 글로벌비즈센터 B동 410호 (시흥동),,,
10788,신용협동조합중앙회(신협제주연수원),제주 제주시,(63046) 제주특별자치도 제주시 애월읍 신엄안3길 135 ,,,
10789,지비로터리(주),경기 파주시,"(10878) 경기도 파주시 산업단지길 179 라동 지하1층, 지상1층, 지상1층(문발동)",,,
10790,가구엔,경기 포천시,(11161) 경기도 포천시 호국로929번길 59 가구엔,,,
10791,주식회사데코,경기 포천시,(11161) 경기도 포천시 호국로929번길 83 라동,,,
10792,리뷰팩토리,서울 강남구,"(06103) 서울특별시 강남구 선릉로111길 8(논현동, 윙갤러리 빌딩) 3층",,,
10793,(주)경우정밀,인천 남동구,"(21693) 인천광역시 남동구 능허대로 753(고잔동, (주)경우정밀) 능허대로 755, (주)경우정밀",,,
10794,(주)대정,전북 군산시,"(54158) 전북특별자치도 군산시 자유로 15-15(소룡동, (주)대정) (주)대정",,,
10795,대성기공(유)(유한),대구 북구,(41494) 대구광역시 북구 3공단로48길 17 대성기공(유),,,
10796,(주)케이웍스,대전 유성구,"(34218) 대전광역시 유성구 도안북로 54-53(용계동, (주)케이웍스 기업부설연구소) 2층",,,
10797,CNJ,경북 칠곡군,(39803) 경상북도 칠곡군 북삼읍 칠곡대로 136-14 CNJ,,,
10798,주식회사디오스가구,경기 포천시,(11161) 경기도 포천시 삼육사로2186번길 55 주식회사 디오스가구,,,
10799,(주)중앙식품,강원 춘천시,(24232) 강원특별자치도 춘천시 후석로462번길 34 ,,,
10800,1급수오자동차공업사,경기 광주시,(12769) 경기도 광주시 고불로 328-2 1급수오자동차공업사,,,
10801,제일공업사,인천 부평구,(21360) 인천광역시 부평구 장제로 151 제일공업사,,,
10802,케이지엠이천서비스센터주식회사,경기 이천시,(17308) 경기도 이천시 황무로 723 (사음동),127.429132,37.30454423,
10803,유니크우드주식회사,전남 무안군,(58540) 전라남도 무안군 청계면 청운로 358(청계서초등학교) 유니크우드주식회사,,,
10804,(주)디트라이브,서울 성동구,"(04766) 서울특별시 성동구 왕십리로 125(성수동1가, KD타워) 1002호 1002-2,4,5,6",,,
10805,주식회사지역도시건축사사무소리플래폼,서울 송파구,"(05829) 서울특별시 송파구 중대로12길 10(가락동, 몬로스타) 6층 전체",,,
10806,주식회사유니얀,경기 포천시,(11184) 경기도 포천시 소흘읍 호국로 217-29 ,,,
10807,코메스,경기 부천시 원미구,"(14488) 경기도 부천시 원미구 길주로411번길 20(춘의동, 춘의 디아크원) 7층 718호",,,
10808,(주)스포니스,서울 강남구,"(06083) 서울특별시 강남구 영동대로112길 38(삼성동, NSC빌딩) 지하 1층",,,
10809,주식회사지은,서울 영등포구,"(07335) 서울특별시 영등포구 여의대로 108(여의도동, 파크원) 3층",,,
10810,(주)건영기업,광주 광산구,(62413) 광주광역시 광산구 평동산단1번로 29 (옥동),126.7592828,35.13665499,
10811,한국오오타식품주식회사,전남 완도군,(59108) 전라남도 완도군 완도읍 농공단지7길 13 한국오오타식품주식회사,,,
10812,(주)성공닷컴,서울 구로구,"(08376) 서울특별시 구로구 디지털로31길 38-21(구로동, 이앤씨벤처드림타워3차) 701호",,,
10813,주식회사매쉬에이아이,서울 금천구,"(08501) 서울특별시 금천구 가산디지털1로 233(가산동, 에이스하이엔드타워9차) 1106호",,,
10814,제천지역자활센터,충북 제천시,(27185) 충청북도 제천시 의림대로 43 제천지역자활센터,128.2070615,37.13208048,
10815,주식회사 와이비세미콘,대전 서구,"(35203) 대전광역시 서구 둔산대로117번길 44 만년동, 엑스포오피스텔718호",,,
10816,"주식회사 엠티에스(MTSCo.,Ltd.)",대전 대덕구,"(34400) 대전광역시 대덕구 동춘당로114번길 11-17(송촌동, 비젼타워) 2층 씨262호",,,
10817,한국종합기술(주),경기 안양시 동안구,"(14118) 경기도 안양시 동안구 엘에스로 122(호계동, 호계 데시앙플렉스) 808호",,,
10818,(주)태경치과기공소,경기 성남시 중원구,"(13361) 경기도 성남시 중원구 원터로 81(성남동, 유창빌딩) 2층",,,
10819,(주)산하에코종합건설,경기 화성시,"(18479) 경기도 화성시 동탄감배산로 143(오산동, 동탄역 유림노르웨이숲) 202동 18층 1812호, 1813호, 1814호, 1815호, 1816호(오산동, 동탄역 유림노르웨이숲)",,,
10820,창신이앤피(주),경남 함안군,(52032) 경상남도 함안군 산인면 신산로 19(창신이앤피(주)) ,,,
10821,(주)송현,부산 수영구,(48274) 부산광역시 수영구 감포로 32 ,,,
10822,주식회사지앤지라인,서울 강남구,"(06252) 서울특별시 강남구 강남대로 320(역삼동, 황화빌딩) 4층 402호",,,
10823,(주)동일기계,경남 사천시,(52531) 경상남도 사천시 사남면 공단1로 23-42((주)동일기계) ,,,
10824,제니스전장주식회사,경북 경산시,(38494) 경상북도 경산시 진량읍 일연로 639-42 제니스전장(주),,,
10825,(주)광일엔씨,울산 북구,"(44201) 울산광역시 북구 농공단지3길 5(달천동, 광일NC) ",,,
10826,주식회사골든아워(GoldenhourInc),충북 청주시 흥덕구,"(28420) 충청북도 청주시 흥덕구 가로수로 1251(복대동, 충북지방중소기업청) 본관동 3층 301-2호",,,
10827,씨엔지바이오주식회사,충북 청주시 흥덕구,"(28420) 충청북도 청주시 흥덕구 가로수로 1251(복대동, 충북지방중소기업청) 201-2",,,
10828,소프트지노믹스주식회사,경기 화성시,"(18469) 경기도 화성시 동탄기흥로 614 1813호(영천동, 더퍼스트타워투)",,,
10829,(주)그린넷,충남 아산시,"(31511) 충청남도 아산시 충무로 93(권곡동, KT아산지점) ",,,
10830,"농업회사법인주식회사잇츠프레시(Eatsfreshco.,Ltd)",경기 광주시,(12816) 경기도 광주시 도척면 사기소길14번길 50 잇츠프레시,,,
10831,오복누리,대구 군위군,(43137) 대구광역시 군위군 효령면 용매로 1011-7 ,,,
10832,(주)티케이하이텍,경북 칠곡군,(39804) 경상북도 칠곡군 북삼읍 어로4길 41 (주)티케이하이텍,,,
10833,토브코리아(TOVKOREA),충북 청주시 흥덕구,"(28420) 충청북도 청주시 흥덕구 가로수로 1251(복대동, 충북지방중소기업청) 2동 202호(복대동, 충북지방중소기업청)",,,
10834,주식회사지비라이프케어(GBLifecare),서울 강동구,"(05203) 서울특별시 강동구 고덕비즈밸리로 26(고덕동, 강동U1센터) A동 3층 308,309호",,,
10835,주식회사웨코,충남 아산시,(31416) 충청남도 아산시 음봉면 월산로 128-113 ,,,
10836,동형이엔지(주),울산 동구,"(44032) 울산광역시 동구 방어진순환도로 1000(전하동, 현대중공업) 조선공장내",,,
10837,(주)우진케이,울산 동구,"(44032) 울산광역시 동구 방어진순환도로 1000(전하동, 현대중공업) ",,,
10838,삼미유공압,서울 영등포구,(07253) 서울특별시 영등포구 버드나루로3길 9 1층 (영등포로2가) ,,,
10839,한국공동주택관리주식회사,경북 구미시,(39108) 경상북도 구미시 선산읍 유학길 439 ,,,
10840,파주장애인자립생활센터,경기 파주시,"(10922) 경기도 파주시 중앙로 193(금릉동, 금능프라자) 401/402호, 파주장애인자립생활센터",,,
10841,그랜드파워솔루션주식회사,서울 영등포구,"(07202) 서울특별시 영등포구 양평로30길 14 3층 301호 (양평동6가, 세종앤까뮤스퀘어)",,,
10842,주식회사쉼표와느낌표,대구 서구,(41786) 대구광역시 서구 문화로 289 3층,128.5642263,35.8759632,
10843,임실군노인종합복지관,전북 임실군,(55927) 전북특별자치도 임실군 임실읍 운수로 33-46 2층 사무실,,,
10844,사단법인하나-경주지역자활센터,경북 경주시,(38159) 경상북도 경주시 태종로791번길 6 경주지역자활센터,,,
10845,토성산업(주),경기 포천시,(11183) 경기도 포천시 소흘읍 무봉로 93 ,,,
10846,한라정밀,인천 미추홀구,"(22108) 인천광역시 미추홀구 염전로165번길 34(도화동, 한라정밀) 1층",,,
10847,(주)마크,경기 고양시 덕양구,"(10550) 경기도 고양시 덕양구 삼원로 63(원흥동, 고양 아크비즈 지식산업센터) 14층 F1427호",,,
10848,주식회사윤성,경남 거제시,(53206) 경상남도 거제시 연초면 연하해안로 825 주식회사 윤성,,,
10849,주식회사태원정공,부산 강서구,(46708) 부산광역시 강서구 호계로79번길 78 태원정공,128.889637,35.19899332,
10850,(주)토성레미콘,경기 포천시,(11130) 경기도 포천시 영중면 은잿말길 294-30 ,,,
10851,강동스카이치과기공소,서울 강동구,(05264) 서울특별시 강동구 올림픽로98길 8-15 3층 1호실,,,
10852,일신테크,경남 창원시 의창구    ,(51106) 경상남도 창원시 의창구 북면 천주로769번길 56 일신테크,,,
10853,태화알미늄,경북 경주시,(38205) 경상북도 경주시 외동읍 구어2산단로1길 122-1 태화알미늄,,,
10854,(주)씨피엑스시스템즈,세종 세종,(30033) 세종특별자치시  조치원읍 세종로 2296(세종창업키움센터) 302호,,,
10855,유한회사 부경,전남 장성군,(57248) 전라남도 장성군 남면 나노산단3로 11 ,,,
10856,대진이엔지(주),울산 동구,"(44032) 울산광역시 동구 방어진순환도로 1000(전하동, 현대중공업) 외업1관 5층",,,
10857,화진테크,경기 부천시 원미구,"(14557) 경기도 부천시 원미구 부천로198번길 18(춘의동, 춘의테크노파크II) 춘의테크노파크2 202동 b109호",,,
10858,대안교육기관숲나학교,서울 서초구,"(06759) 서울특별시 서초구 남부순환로294길 33(방배동, 재외공무원자녀기숙사) 3층 숲나학교",,,
10859,대광정밀,경기 부천시 소사구,(14677) 경기도 부천시 소사구 경인로 539 대광정밀,,,
10860,주식회사우리마트양산유통센터,경남 양산시,(50639) 경상남도 양산시 동면 양산대로 377(농산물종합유통센터) ,,,
10861,스타전력,서울 강동구,(05323) 서울특별시 강동구 천중로11길 32 1층 101호,,,
10862,(주)동일알앤이,경북 포항시 남구,(37876) 경상북도 포항시 남구 오천읍 송덕로 228-4(동일알앤이) (주)동일알앤이,,,
10863,주식회사건축사사무소예인그룹,서울 마포구,"(04029) 서울특별시 마포구 동교로 112(서교동, 에스엠알빌딩) 4층",,,
10864,주식회사코릴,인천 서구,"(22819) 인천광역시 서구 가석로 48(가좌동, (주)삼국산업) 주식회사코릴",,,
10865,중원엔지니어링,인천 부평구,"(21315) 인천광역시 부평구 부평대로 337(청천동, 부평 제이타워3차 지식산업센터) 228호",,,
10866,(사)중증장애인복지협회도둠프린팅,광주 동구,(61491) 광주광역시 동구 의재로109번길 32-4 ,,,
10867,비케이스틸,울산 동구,"(44032) 울산광역시 동구 방어진순환도로 1000(전하동, 현대중공업) ",,,
10868,비앤케이평생교육원,부산 남구,"(48499) 부산광역시 남구 수영로 298(대연동, 산암빌딩) 7층",129.0990032,35.13665939,
10869,(주)삼익산업,경기 광주시,(12748) 경기도 광주시 경충대로 1896 ,,,
10870,주식회사그로스하이,서울 성동구,(04782) 서울특별시 성동구 연무장7길 11 10층,127.0543783,37.54373342,
10871,(주)보강시스템,대구 달서구,"(42709) 대구광역시 달서구 달서대로 559(신당동, 이앤씨이노비즈타워) 6층 604호",,,
10872,주식회사에스에프원,경기 평택시,(18014) 경기도 평택시 고덕중앙로 290 801호,,,
10873,(주)제이케이글로벌,경기 시흥시,(15047) 경기도 시흥시 봉우재로209번길 6 제이케이글로벌,126.755968,37.35827724,
10874,(주)광명시스템,충북 청주시 흥덕구,(28369) 충청북도 청주시 흥덕구 강촌로 63 3층,127.395039,36.62448992,
10875,주식회사코덱트,경기 여주시,(12603) 경기도 여주시 산북면 금품1로 145 주식회사 코덱트,,,
10876,칠곡군산림조합/상용,경북 칠곡군,(39906) 경상북도 칠곡군 왜관읍 달오2길 26(칠곡군 산림조합) ,,,
10877,강산ENG,울산 동구,"(44032) 울산광역시 동구 방어진순환도로 1000(전하동, 현대중공업) 현대중공업내 건조1부",,,
10878,디에스메탈,경북 경주시,(38205) 경상북도 경주시 외동읍 구어들밑길 34-47(디에스메탈) 디에스메탈,,,
10879,주식회사해린,울산 동구,"(44032) 울산광역시 동구 방어진순환도로 1000(전하동, 현대중공업) ",,,
10880,무끔붙임머리,대전 유성구,(34177) 대전광역시 유성구 계룡로38번길 79 1층,,,
10881,대주오토텍주식회사,전북 완주군,(55316) 전북특별자치도 완주군 봉동읍 완주산단6로 300(솔라파크엠(주)) 대주오토텍 한옥관,,,
10882,유한회사정운산업,울산 동구,"(44032) 울산광역시 동구 방어진순환도로 1000(전하동, 현대중공업) 대조립3공장",,,
10883,(주)태산엔지니어링,전남 함평군,(57141) 전라남도 함평군 대동면 동함평산단길 93 태산엔지니어링,,,
10884,(주)제이에스시스템,대구 수성구,(42250) 대구광역시 수성구 알파시티1로31길 39 JSS빌딩,128.6790902,35.83402115,
10885,주식회사에이치에스자동차서비스,서울 성동구,(04799) 서울특별시 성동구 아차산로17길 66 ,,,
10886,주식회사신명모터스,경기 화성시,(18255) 경기도 화성시 남양읍 주석로 124 1층,,,
10887,(주)아이네스인코퍼레이티드,경기 안성시,(17525) 경기도 안성시 일죽면 초막길 100 ,,,
10888,티앤비시스템,인천 남동구,"(21631) 인천광역시 남동구 은봉로 55(논현동, 남동SD타워지식산업센터) 512호, 513호, 514호",,,
10889,(주)징코스테크놀러지,서울 금천구,"(08507) 서울특별시 금천구 가산디지털1로 128(가산동, 에스티엑스브이타워) 1203호",,,
10890,주식회사스팩스페이스,인천 연수구,"(21985) 인천광역시 연수구 송도문화로 119(송도동, 인천글로벌캠퍼스) B1006호",,,
10891,주식회사룸,경기 성남시 분당구,"(13488) 경기도 성남시 분당구 판교로289번길 20(삼평동, 판교테크노밸리 스타트업 캠퍼스) 1동 8층 1호",,,
10892,주식회사토오부,대전 대덕구,(34404) 대전광역시 대덕구 동춘당로44번길 16 302호,,,
10893,주식회사에이티앤아이,경북 경산시,(38430) 경상북도 경산시 하양읍 하양로 13-13(대구가톨릭대학교) D1동 4층 406호,,,
10894,주식회사잇스,서울 강남구,"(06192) 서울특별시 강남구 테헤란로 410(대치동, 금강타워) 11층 H08호(대치동, 금강타워)",,,
10895,주식회사케나즈,전남 순천시,(57956) 전라남도 순천시 시민로 29 2층,127.4856845,34.95255051,
10896,주식회사세광주얼리,전북 익산시,"(54629) 전북특별자치도 익산시 선화로63길 22-1(영등동, 세광주얼리) ",,,
10897,가더스산업(주),경기 안산시 단원구,(15657) 경기도 안산시 단원구 엠티브이5로18번길 25 목내동,,,
10898,(주)한웅건설,강원 춘천시,(24205) 강원특별자치도 춘천시 신북읍 신샘밭로 446 1층,,,
10899,팝스월드 평생교육원,충북 단양군,(27024) 충청북도 단양군 단양읍 다리안로 335(팝스월드 다자구할미네) 1층 (팝스월드 단양),,,
10900,이피 존(EP Zone),충북 진천군,(27850) 충청북도 진천군 덕산읍 신척산단4로 108(EP Zone) 1층,,,
10901,(주)브랜드아큐멘,서울 마포구,"(03925) 서울특별시 마포구 월드컵북로 396(상암동, 누리꿈스퀘어) 1105-05호",,,
10902,주식회사클리어창,전북 전주시 완산구,"(55069) 전북특별자치도 전주시 완산구 천잠로 303(효자동2가, 전주대학교) 127호",,,
10903,제우기공(주),울산 북구,"(44252) 울산광역시 북구 송도길 11(효문동, 한국정밀) 2층 제우기공",,,
10904,리앤정CNT,경기 부천시 원미구,(14521) 경기도 부천시 원미구 평천로 814 도당동,,,
10905,주식회사코넥스,경북 포항시 남구,"(37859) 경상북도 포항시 남구 서원재로 7(호동, (주)포스렉) (주)코넥스",,,
10906,브라이트 평생교육시설,경기 안산시 단원구,"(15445) 경기도 안산시 단원구 초지로 124(초지동, 골드프라자) 501호 ",,,
10907,(주)명성마그네트,인천 서구,"(22794) 인천광역시 서구 석남로 38(석남동, (주)명성마그네틱) ",,,
10908,에스씨케이(주),서울 성동구,"(04797) 서울특별시 성동구 아차산로11길 18(성수동2가, (주)부래당, (주)언어더필) 6층 608호 (성수동2가, 쁘랭땅빌딩)",,,
10909,더좋은날치과기공소,서울 금천구,"(08589) 서울특별시 금천구 가산디지털1로 119(가산동, SK트윈테크타워) 에이동 7층 709호",,,
10910,스마트엔지니어링(주),전남 여수시,(59649) 전라남도 여수시 소라면 조산로 285 스마트엔지니어링,127.6288419,34.78190517,
10911,수경재가노인돌봄센터/노인맞춤돌봄서비스,대구 달성군,"(42956) 대구광역시 달성군 화원읍 비슬로 2490 4층, 수경재가노인돌봄센터",,,
10912,(주)제이텍,대구 달성군,(43011) 대구광역시 달성군 구지면 국가산단서로50길 5 (주)제이텍,,,
10913,유진기업,울산 동구,"(44032) 울산광역시 동구 방어진순환도로 1000(전하동, 현대중공업) 유진기업",,,
10914,주식회사디티아이,경기 시흥시,"(15089) 경기도 시흥시 공단1대로 152(정왕동, Y.T 몰드텍)  104동(정왕동, 시화공단2다203-1)",,,
10915,영승공업,경북 경산시,(38469) 경상북도 경산시 진량읍 공단3로 41(영승공업) ,,,
10916,시뉴필름,서울 강남구,"(06056) 서울특별시 강남구 선릉로 727(논현동, NK빌딩) 지하1층",,,
10917,주식회사 넥스트솔(NextSol Inc.),서울 성동구,"(04763) 서울특별시 성동구 왕십리로 222(사근동, 한양대학교) 517호",,,
10918,한국농식품분석연구소주식회사,전남 순천시,(57928) 전라남도 순천시 서면 화정길 34-14 1층,,,
10919,에이펙,경기 화성시,(18535) 경기도 화성시 팔탄면 현대기아로556번길 184 가동 에이펙,,,
10920,(주)시온카독크,서울 성동구,(04786) 서울특별시 성동구 뚝섬로15길 23-19 성수동2가,,,
10921,경동카센타,서울 노원구,"(01807) 서울특별시 노원구 공릉로62가길 11(하계동, 경동카센터) 1층",,,
10922,하이아르떼,경남 양산시,(50657) 경상남도 양산시 물금읍 황산로 356 201호,,,
10923,주식회사성은씨엔티,경남 거제시,"(53261) 경상남도 거제시 장평3로 80(장평동, 삼성중공업(주)거제조선소) ",,,
10924,(주)이글로벌시스템,서울 강남구,"(06151) 서울특별시 강남구 선릉로93길 54(역삼동, 일환빌딩) 4층",,,
10925,주식회사제이엠케이모터스,서울 성동구,"(04796) 서울특별시 성동구 성수이로26길 31-1(성수동2가, MK모터스) 1층",,,
10926,(주)이쓰리피에스,서울 서초구,"(06772) 서울특별시 서초구 매헌로 27(양재동, 명연빌딩) 3,5,6층",,,
10927,농업회사법인주식회사이삭푸드,충북 청주시 청원구,(28135) 충청북도 청주시 청원구 북이면 송정새터말길 38-10 2층,,,
10928,(주)마이컴피앤씨,서울 중구,(04623) 서울특별시 중구 서애로5길 12-17 1층,126.9969401,37.55900719,
10929,현우산업(주),인천 서구,(22653) 인천광역시 서구 검단로 51 현우산업,126.6141403,37.60068621,
10930,주식회사인티그레이션,서울 강남구,"(06159) 서울특별시 강남구 테헤란로 427(삼성동, 위워크타워) 2층 101호, 102호, 지하 1층 101호",,,
10931,(주)아키신화종합건축사사무소,부산 금정구,"(46272) 부산광역시 금정구 중앙대로 1622(부곡동, 해피투모로우) 608호",,,
10932,(주)동미금속,경기 시흥시,"(15110) 경기도 시흥시 마유로144번길 22(정왕동, (주)동미금속) 114(정왕동,시화공단3라)",,,
10933,(주)상진미크론광주지점,광주 광산구,(62243) 광주광역시 광산구 하남산단9번로 186-6 ,,,
10934,주식회사캠코에프엠씨,경기 수원시 영통구,"(16500) 경기도 수원시 영통구 월드컵로150번길 33(원천동, 한국자산관리공사 경기지역본부) 2층",,,
10935,유한회사서진이엔씨,전북 김제시,(54325) 전북특별자치도 김제시 백산면 지평선산단2길 20 서진이엔씨,126.8693274,35.85146403,
10936,주식회사인아이티,대전 대덕구,"(34366) 대전광역시 대덕구 대화로 120(대화동, 가온비즈타워) 1024호",,,
10937,에이치제이이앤지주식회사,광주 광산구,"(62213) 광주광역시 광산구 하남산단8번로 127-18 A,B동",,,
10938,주식회사제이에프케미칼,경기 양주시,(11415) 경기도 양주시 광적면 그루고개로 257 주식회사제이에프케미칼,,,
10939,(주)와이제이팩토리,서울 강남구,(06247) 서울특별시 강남구 논현로77길 9 501호(역삼동),,,
10940,복운치과기공소,서울 송파구,(05660) 서울특별시 송파구 중대로33길 18 2층 201호,127.1298454,37.50645656,
10941,클린테크아카데미학원,광주 광산구,(62274) 광주광역시 광산구 첨단중앙로170번길 17 302호,,,
10942,주식회사창민테크론,경남 함안군,(52025) 경상남도 함안군 칠원읍 갈티길 93-1(일반공장) 1층,,,
10943,주식회사성훈옵틱스,경기 시흥시,"(15078) 경기도 시흥시 산기대학로 330(정왕동, 동양타워지식산업센터) 611, 612호",,,
10944,원테크,울산 울주군,(44953) 울산광역시 울주군 삼남읍 수정가천길 68-12 ,,,
10945,(주)광동전력,제주 서귀포시,(63575) 제주특별자치도 서귀포시 호근북로 97-1 주식회사광동전력,,,
10946,피트치과기공소(Fit.치과기공소),서울 동대문구,(02443) 서울특별시 동대문구 이문로 54 2층,127.0574914,37.59211479,
10947,(주)한진에프에이,광주 광산구,(62213) 광주광역시 광산구 하남산단8번로 127-18 C동,,,
10948,와이지에스,부산 사상구,"(46981) 부산광역시 사상구 대동로 303(감전동, 부산디지털밸리아파트형공장) 1동516호",,,
10949,주식회사엔틀,대구 수성구,"(42250) 대구광역시 수성구 알파시티1로42길 11 819호(대흥동, 태왕알파시티 수성)",,,
10950,신한열기(주),경기 시흥시,"(15089) 경기도 시흥시 공단1대로132번길 13(정왕동, 신한열기(주)) 212호",,,
10951,한전전력연구원,대전 유성구,"(34056) 대전광역시 유성구 문지로 105(문지동, 한국전력연구원) ",,,
10952,키푸드(Keyfood),서울 강서구,"(07548) 서울특별시 강서구 화곡로68길 15 602호,603호, 213호",,,
10953,(주)빅아이,경남 창원시 성산구    ,"(51573) 경상남도 창원시 성산구 완암로 50(성산동, SK테크노파크) 넥스동 1118호",,,
10954,(주)미래,전남 광양시,(57796) 전라남도 광양시 발섬4길 7-10 ,,,
10955,(주)이즈인사이트,충북 청주시 흥덕구,"(28420) 충청북도 청주시 흥덕구 가로수로 1251(복대동, 충북지방중소기업청) 충북대학교 지테크벤처센터 303-1호",,,
10956,주식회사아우내푸드,충남 천안시 동남구,(31250) 충청남도 천안시 동남구 수신면 발산길 130 주식회사 아우내푸드,127.2959051,36.72939447,
10957,주식회사청해기업,울산 동구,"(44032) 울산광역시 동구 방어진순환도로 1000(전하동, 현대중공업) 외업21관 417호 (주)청해기업 탈의실 ",,,
10958,(주)선일,경기 광주시,(12810) 경기도 광주시 도척면 다람로36번길 65-71 주식회사 선일,,,
10959,(주)코멕,경기 평택시,(17957) 경기도 평택시 포승읍 평택항만길 348((주)코맥) 코멕,,,
10960,브레인요양보호사교육원,부산 해운대구,(48062) 부산광역시 해운대구 해운대로383번길 30 301호,,,
10961,주식회사모아,제주 제주시,"(63236) 제주특별자치도 제주시 구산서길 29(아라일동, 그린나래) 102동 102호",,,
10962,(주)큐피엘전장,인천 서구,"(22844) 인천광역시 서구 건지로 166(가좌동, (주)큐피엘전장) ",,,
10963,주식회사 스포티큐,서울 중랑구,(02160) 서울특별시 중랑구 면목로 430 B1F,,,
10964,(주)진원시스템,대전 서구,(35209) 대전광역시 서구 청사로 228 503호,127.3889928,36.35954709,
10965,주식회사다한산업,전북 완주군,(55314) 전북특별자치도 완주군 봉동읍 테크노밸리로 477 ,,,
10966,(주)테르텐,서울 구로구,"(08389) 서울특별시 구로구 디지털로26길 61(구로동, 에이스하이엔드타워2차) 602호",,,
10967,(주)원일바이오,충북 제천시,(27159) 충청북도 제천시 바이오밸리1로 56 ,,,
10968,(주)부자관광,경기 평택시,(17741) 경기도 평택시 청원로 1352 (주)부자관광,,,
10969,(주)제일에프에이,경기 수원시 권선구,(16643) 경기도 수원시 권선구 서부로 1449-54 제일에프에이 2층 ,,,
10970,주식회사유진기술,울산 울주군,(44985) 울산광역시 울주군 청량읍 상남2길 14-13 ㈜유진기술,,,
10971,에이치비티주식회사,충북 음성군,(27681) 충청북도 음성군 금왕읍 금왕테크노로 62 가동,127.5691819,36.9639776,
10972,주식회사가람영산건축사사무소,제주 제주시,(63088) 제주특별자치도 제주시 한라대학로 39 4층 (노형동),,,
10973,농업회사법인주식회사말린,전북 완주군,(55362) 전북특별자치도 완주군 구이면 모악산길 24 말린,,,
10974,주식회사페픽,광주 동구,"(61436) 광주광역시 동구 동계천로 150(동명동, I-PLEX 광주) 506호",,,
10975,(주)플라스콤,경기 화성시,(18574) 경기도 화성시 장안면 석포로 382-11 (주)플라스콤,126.8210515,37.14255339,
10976,(주)광진통신,충남 아산시,"(31511) 충청남도 아산시 충무로 93(권곡동, KT아산지점) 별관(권곡동) 1층",,,
10977,명전바이오주식회사,충북 진천군,(27868) 충청북도 진천군 문백면 도하3길 183-7(공장) 2층 사무실,,,
10978,주식회사 코드데이원,대전 서구,"(35345) 대전광역시 서구 배재로 155-40(도마동, 배재대학교) H301호",,,
10979,(주)에스엠컬처앤콘텐츠에스엠타운트래블,서울 성동구,"(04769) 서울특별시 성동구 왕십리로 83-21(성수동1가, 아크로 서울포레스트) 디타워 14층",,,
10980,(주)한미프렉시블,경남 김해시,(50969) 경상남도 김해시 주촌면 골든루트로 186 (주)한미프렉시블,128.8258597,35.2215449,
10981,(주)베이프랩,서울 동대문구,(02595) 서울특별시 동대문구 황물로 65 2층(답십리동),,,
10982,(주)플라스콤,경기 화성시,(18574) 경기도 화성시 장안면 석포로 382-11 주식회사 플라스콤,,,
10983,(주)엠아이티,전북 군산시,"(54004) 전북특별자치도 군산시 외항로 847(오식도동, 창원금속공업㈜) 1층",,,
10984,지엘파마주식회사,경기 안양시 만안구,"(14088) 경기도 안양시 만안구 시민대로 35(안양동, 지엘파마 주식회사) 지엘파마 주식회사",,,
10985,케이엔케이코팅스(주),경기 평택시,(17959) 경기도 평택시 포승읍 포승공단로 152 케이엔케이코팅스(주),126.8508631,36.98107145,
10986,주식회사신성이엔지,전북 군산시,(54002) 전북특별자치도 군산시 산단남북로 154-22 신성이엔지,,,
10987,주식회사나프,충남 아산시,(31499) 충청남도 아산시 배방읍 호서로79번길 20(호서대학교) 호서대 벤처창조융합관 407호,,,
10988,엔비티에스주식회사,울산 북구,"(44214) 울산광역시 북구 이화산업1길 9(중산동, 현대모비스(주)) 엔비티에스",,,
10989,수월한주식회사,경북 문경시,(36990) 경상북도 문경시 신기산단2길 21 수월한(주),128.1816089,36.64264278,
10990,(주)제노라인,경남 김해시,(50802) 경상남도 김해시 생림면 나전로 238-25 (주)제노라인,128.8781833,35.30569884,
10991,페이스치과기공소,서울 동대문구,(02443) 서울특별시 동대문구 이문로 54 2층,127.0574914,37.59211479,
10992,에너에버배터리솔루션주식회사,전북 완주군,(55315) 전북특별자치도 완주군 봉동읍 완주산단6로 224((재)전북테크노파크 전북과학기술진흥센터) 334호 전북테크노파크 창조관,,,
10993,(주)대경엔지니어링<제조-금속가공>,전북 군산시,(54160) 전북특별자치도 군산시 미창로 156 제1동 2층,,,
10994,(주)현승도크야드,울산 동구,"(44113) 울산광역시 동구 방어진순환도로 100(방어동, 현대미포조선) 현승도크야드",,,
10995,더에이알피주식회사,충남 천안시 서북구,"(31094) 충청남도 천안시 서북구 백석공단1로 10(백석동, 천안 미래에이스하이테크시티) B동 711호, 712호",,,
10996,주식회사지디씨(GDC),전북 정읍시,"(56167) 전북특별자치도 정읍시 2산단2길 24(하북동, ㈜대창) ",,,
10997,(주)아이제이에스,경북 경산시,(38471) 경상북도 경산시 진량읍 공단4로 14(주일지테크) ,,,
10998,주식회사아이피에스벤처스,서울 서초구,"(06640) 서울특별시 서초구 서초중앙로8길 7 3층(서초동, 더에스엠빌딩)",,,
10999,더퓨리티주식회사,충남 천안시 서북구,(31020) 충청남도 천안시 서북구 성환읍 대학로 91(남서울대학교) 15423호,,,
11000,주식회사그린루프,경기 부천시 오정구,(14437) 경기도 부천시 오정구 오정로 222 4층 그린루프,,,
11001,고려산업가스(주),울산 울주군,(45000) 울산광역시 울주군 온산읍 덕신로 368(고려산업가스(주)) ,,,
11002,오십일H,서울 강남구,"(06099) 서울특별시 강남구 선릉로129길 9-7(논현동, 미림빌딩) 7층",,,
11003,(주)대흥산업,경북 칠곡군,(39868) 경상북도 칠곡군 지천면 금호로 304 (주)대흥산업,128.4480469,35.95828596,
11004,주식회사에스디에어로,경남 진주시,"(52818) 경상남도 진주시 동부로169번길 12(충무공동, 윙스타워) A동 1911호",,,
11005,(주)셀큐라티오,대전 유성구,"(34054) 대전광역시 유성구 유성대로 1646(전민동, 한남대대덕밸리캠퍼스) 이노비즈파크 405-406호",,,
11006,주식회사러닝크루,서울 성동구,"(04782) 서울특별시 성동구 연무장5가길 7(성수동2가, 성수역 현대테라스타워) W동 1001-1003호",,,
11007,주식회사삼국유리,경북 영천시,(38869) 경상북도 영천시 청통면 금송로 711-28 ,,,
11008,주식회사대림에스엔피지점,경남 고성군,(52948) 경상남도 고성군 고성읍 율대6길 63 주식회사 대림에스엔피 지점,,,
11009,태광정밀,인천 남동구,(21638) 인천광역시 남동구 함박뫼로377번길 71 37블록4로트,126.7068371,37.41485588,
11010,엠아이엠(MIM),울산 중구,"(44428) 울산광역시 중구 종가로 362-11(교동, 울산과학기술진흥센터/그린카기술센터) 805호",,,
11011,청남TECH,전남 여수시,(59649) 전라남도 여수시 소라면 조산로 295 ,,,
11012,(주)쟁이얼덴탈랩,서울 강동구,"(05355) 서울특별시 강동구 진황도로 94 길동, 태창빌딩 3층",,,
11013,일신카본(주),경기 화성시,(18580) 경기도 화성시 장안면 버들로 896 일신카본(주),,,
11014,주식회사엠와이시스템,경남 함안군,(52013) 경상남도 함안군 대산면 송산로 743 (주)엠와이시스템,128.4496386,35.33346796,
11015,북부종합사회복지관,충북 청주시 청원구,"(28333) 충청북도 청주시 청원구 충청대로107번길 16-1(율량동, 북부종합사회복지관) 북부종합사회복지관",,,
11016,세이프케어코리아,서울 서초구,"(06771) 서울특별시 서초구 매헌로 16(양재동, 하이브랜드) 1312호 R12",,,
11017,안성상공회의소,경기 안성시,"(17595) 경기도 안성시 미양로 847(도기동, 안성상공회의소) 안성상공회의소",,,
11018,(주)보스코텍,서울 금천구,"(08511) 서울특별시 금천구 벚꽃로 278(가산동, SJ테크노빌) 1005호",,,
11019,주식회사세이프케어코리아,서울 서초구,"(06771) 서울특별시 서초구 매헌로 16(양재동, 하이브랜드) 1312호 R11",,,
11020,주식회사BDC,대전 유성구,(34157) 대전광역시 유성구 진잠옛로 291-26 (복용동),127.3186917,36.34346952,
11021,주식회사단성,경남 거제시,"(53261) 경상남도 거제시 장평3로 80(장평동, 삼성중공업(주)거제조선소) 주식회사 단성",,,
11022,주식회사마린기업,경남 거제시,"(53261) 경상남도 거제시 장평3로 80(장평동, 삼성중공업(주)거제조선소) ",,,
11023,주식회사레오모터스팩토리,서울 성동구,(04798) 서울특별시 성동구 성수이로22길 53-1 1층(성수동2가),,,
11024,(주)호이스트코리아,전북 완주군,(55315) 전북특별자치도 완주군 봉동읍 완주산단6로 229 (주)호이스트코리아,,,
11025,(주)조운선박,울산 동구,"(44032) 울산광역시 동구 방어진순환도로 1000(전하동, 현대중공업) ",,,
11026,(주)이퓨인터내셔널,서울 종로구,(03097) 서울특별시 종로구 창신길 53 3층,,,
11027,성신공업(주),경북 경주시,(38212) 경상북도 경주시 외동읍 개곡공단길 62-6(성신공업㈜) ,,,
11028,주식회사크리에이티브랩,경기 부천시 원미구,"(14557) 경기도 부천시 원미구 부천로198번길 18(춘의동, 춘의테크노파크II) 201동 502호",,,
11029,주식회사비엠아이,경기 남양주시,(12139) 경기도 남양주시 진건읍 진관산단로54번길 3 2층 비엠아이,,,
11030,세종ENG,울산 동구,"(44032) 울산광역시 동구 방어진순환도로 1000(전하동, 현대중공업) 세종ENG",,,
11031,주식회사우정기술산업,경남 거제시,"(53261) 경상남도 거제시 장평3로 80(장평동, 삼성중공업(주)거제조선소) 주식회사우정기술산업",,,
11032,진해물산,서울 성북구,(02748) 서울특별시 성북구 화랑로5길 66 1층,127.0402987,37.60508657,
11033,(주)보릿골푸드,인천 계양구,(21042) 인천광역시 계양구 경명대로 977 나동 지1호,126.7155022,37.54444911,
11034,주식회사나눔누리,경북 구미시,(39394) 경상북도 구미시 3공단2로 235 A1동 1층 나눔누리 ,128.4040179,36.10276421,
11035,티와이파우들러주식회사,전남 순천시,(58034) 전라남도 순천시 해룡면 율촌산단1로 19-70(티와이 파우들러(주)) ,,,
11036,(주)엑서스,서울 마포구,"(03972) 서울특별시 마포구 월드컵북로 128 2,4층(성산동)",,,
11037,(주)브이아이테크,강원 춘천시,(24427) 강원특별자치도 춘천시 퇴계공단2길 50 ,,,
11038,단양지역자활센터,충북 단양군,(27011) 충청북도 단양군 단양읍 수변로 83(단양군노인회관) 1층 단양지역자활센터,,,
11039,한국컴플라이언스인증원(주),서울 강서구,"(07801) 서울특별시 강서구 마곡중앙6로 11(마곡동, 보타닉파크타워3) 808호",,,
11040,주식회사케이팜솔루션,강원 동해시,"(25798) 강원특별자치도 동해시 공단1로 177-20(구호동, 공장) 3동 1층",,,
11041,신우정공주식회사,충남 홍성군,(32210) 충청남도 홍성군 은하면 은하로184번길 111-26 ,,,
11042,주식회사플러스모터스,서울 성동구,(04786) 서울특별시 성동구 뚝섬로15길 19 성수동2가 257-5,,,
11043,한국베어링산업협회,경기 광명시,"(14353) 경기도 광명시 덕안로104번길 17 1207호(일직동,엠클러스터)",,,
11044,의료법인 정화의료재단 봉생힐링병원,부산 남구,"(48543) 부산광역시 남구 양지골로 241(감만동, 감만동 봉생 제3병원) ",,,
11045,주식회사서번,부산 강서구,(46740) 부산광역시 강서구 화전산단5로 27 주식회사 서번 사무동 1층 세미나실,,,
11046,(주)한밭기업,대전 대덕구,(34379) 대전광역시 대덕구 한밭대로 1027 5층,127.4125979,36.35882866,
11047,써큘러스리더(주),서울 노원구,(01867) 서울특별시 노원구 초안산로2라길 11 3층(월계동),,,
11048,주식회사메가테크,울산 울주군,(44905) 울산광역시 울주군 상북면 길천산업1길 30-3 거리 1162-3,129.0794686,35.59419752,
11049,주식회사나눔세상,광주 북구,(61009) 광주광역시 북구 첨단중앙로182번길 147 나눔세상,,,
11050,(주)승진테크,경기 평택시,(17953) 경기도 평택시 포승읍 평택항로268번길 96 (주)승진테크,126.8480808,36.98510465,
11051,주식회사한국드론센터,제주 서귀포시,(63630) 제주특별자치도 서귀포시 성산읍 수송로 144 ,,,
11052,(주)삼희기획,대구 중구,(41945) 대구광역시 중구 달구벌대로443길 62-12 3층,,,
11053,에스케이렌터카주식회사,서울 구로구,(08326) 서울특별시 구로구 서부샛길 822 (구로동),,,
11054,카시아속초호텔앤리조트주식회사,강원 속초시,"(24901) 강원특별자치도 속초시 대포항희망길 120(대포동, 카시아 속초) 카시아속초 ",,,
11055,(주)미래하이테크,경남 창원시 마산회원구,(51343) 경상남도 창원시 마산회원구 자유무역5길 13 (주)미래하이테크,128.6062402,35.21554217,
11056,제이엔티주식회사,전남 장성군,(57248) 전라남도 장성군 남면 나노산단로 105 1층,,,
11057,주식회사에이아이웹(AIWEB),서울 금천구,"(08507) 서울특별시 금천구 가산디지털1로 168(가산동, 우림라이온스밸리) B동 312호",,,
11058,(주)시스템위즈,서울 서초구,"(06609) 서울특별시 서초구 서운로 226(서초동, 서초오피스텔) 510호",,,
11059,다원푸드,부산 연제구,(47564) 부산광역시 연제구 안연로7번나길 18 ,,,
11060,주식회사대신테크젠,경북 경산시,(38428) 경상북도 경산시 하양읍 가마실길 50(경일대학교) 알앤디비센터 207호,,,
11061,횡성한우협동조합,강원 횡성군,(25213) 강원특별자치도 횡성군 횡성읍 한우로 681 ,,,
11062,(주)우신기연,경기 화성시,(18465) 경기도 화성시 중리북길 32 ,,,
11063,영남드론교육원,경남 양산시,(50589) 경상남도 양산시 원동면 화제로 73-50(영업X) 1층,,,
11064,(주)한국공학기술연구원,전남 순천시,(57982) 전라남도 순천시 기적의도서관길 25 3층,127.5251534,34.94822094,
11065,(주)한솔계측엔지니어링,부산 영도구,(49047) 부산광역시 영도구 절영로 88 2층,,,
11066,케이에스광학주식회사,전남 순천시,(58034) 전라남도 순천시 해룡면 율촌산단4로 26-108(케이에스광학) ,,,
11067,주식회사상동,강원 삼척시,(25925) 강원특별자치도 삼척시 새천년도로 113-1 2층,,,
11068,엠에스씨푸드영어조합법인,전남 목포시,(58600) 전라남도 목포시 대양산단로125번길 131 대양동,,,
11069,주식회사볼드인터내셔널,경기 하남시,"(12939) 경기도 하남시 미사강변중앙로7번안길 25(풍산동, u-테크밸리) D동 10층 13,14,15호(풍산동)",,,
11070,주식회사사이언스웍스,대전 유성구,(34054) 대전광역시 유성구 유성대로1628번길 74 (주)사이언스웍스,,,
11071,주식회사그라핀,경기 고양시 일산동구,(10434) 경기도 고양시 일산동구 장항로 144-5 1층,126.7814032,37.63627457,
11072,주식회사케이테스트,경기 이천시,(17385) 경기도 이천시 마장면 서이천로 138 주식회사 케이테스트,,,
11073,충북반도체고등학교,충북 음성군,(27627) 충청북도 음성군 금왕읍 무극로 393-1(충북반도체고등학교) ,,,
11074,주식회사에스티엘,충남 천안시 서북구,(31035) 충청남도 천안시 서북구 직산읍 직산로 136((재)충남테크노파크천안밸리) 515호 (정보영상융합센터),,,
11075,사단법인한국인더스트리사점영협회,서울 서초구,"(06644) 서울특별시 서초구 반포대로30길 81(서초동, 웅진타워) 1106",,,
11076,하나스틸산업,강원 원주시,(26497) 강원특별자치도 원주시 부론면 견훤로 527(유진건철공장) 하나스틸산업,,,
11077,(주)티에스씨테크놀러지,경기 안산시 단원구,"(15433) 경기도 안산시 단원구 산단로 232(원시동, 신안산비즈스타복합지식산업센터) 606호",,,
11078,학성금속(주),대구 달서구,(42721) 대구광역시 달서구 성서공단남로36길 24 ,,,
11079,블루핸즈영암점,전남 영암군,(58419) 전라남도 영암군 영암읍 새동네길 5 ,,,
11080,주식회사이솔,경기 광주시,(12801) 경기도 광주시 곤지암읍 광여로99번길 22 1층,127.3574987,37.35062417,
11081,두레식품주식회사,경기 화성시,(18522) 경기도 화성시 정남면 서봉로851번길 76-13 두레식품(주),,,
11082,(주)밀포터,대전 동구,(34526) 대전광역시 동구 계족로140번길 191-6 (주)밀포터,,,
11083,유한회사 로뎀건설,전북 군산시,(54175) 전북특별자치도 군산시 옥산면 봉황길 120 로뎀건설,126.7575913,35.94502181,
11084,주식회사솔향기새싹,충북 청주시 흥덕구,"(28420) 충청북도 청주시 흥덕구 가로수로 1251(복대동, 충북지방중소기업청) 3층 302호-2호(복대동, 충북대학교글로벌테크벤처센터)",,,
11085,메틀러토레도코리아(주),서울 송파구,"(05855) 서울특별시 송파구 송파대로 155(문정동, NH송파농협) 5층",,,
11086,대영전기(주)경산지점,경북 경산시,(38478) 경상북도 경산시 진량읍 공단7로 161 대영전기,128.8397839,35.86585631,
11087,(주)원환경/건설일괄,제주 서귀포시,(63520) 제주특별자치도 서귀포시 대정읍 평화로 192 원환경,,,
11088,월드ENG.CO,경남 김해시,(50849) 경상남도 김해시 한림면 가산로 113 ,,,
11089,우현정공,대구 북구,(41513) 대구광역시 북구 검단로 151-19 1층,,,
11090,(주)마크앤팀스,경기 성남시 수정구,"(13105) 경기도 성남시 수정구 고등로 3(고등동, 현대지식산업센터 성남고등) 현대지식산업센터 A-813",,,
11091,삼성기전(주),경기 화성시,"(18487) 경기도 화성시 동탄산단9길 6(방교동, 삼성기전(주)) A 동 3층, 4층 회의실",,,
11092,경동정공(주),경북 경주시,(38034) 경상북도 경주시 천북면 천북산단로1길 10(경동정공㈜) 경동정공,,,
11093,순천삼성요양원,전남 순천시,(57919) 전라남도 순천시 상사면 모금산길 30(다솜요양원) 순천삼성요양원,,,
11094,신요양원,대구 달성군,(42974) 대구광역시 달성군 논공읍 금강로10길 19 신요양원,128.4114929,35.77190192,
11095,뷰티엠네일전문학원,울산 중구,(44527) 울산광역시 중구 화합로 301 2층 1호,,,
11096,서울강남시니어클럽,서울 강남구,"(06058) 서울특별시 강남구 학동로43길 17(논현동, 논현2동주민센터) 2층 서울강남시니어클럽",,,
11097,(주)두산산업,울산 울주군,(44985) 울산광역시 울주군 청량읍 상남2길 14-16 1층,,,
11098,한맥하이텍(주),경기 평택시,(17794) 경기도 평택시 청북읍 고렴길 135 한맥하이텍,,,
11099,예진기계,경남 사천시,(52513) 경상남도 사천시 사천읍 두량로 394-2 1267-1,,,
11100,(주)태성공업,경기 양주시,(11426) 경기도 양주시 은현면 운하로 142 태성공업,,,
11101,(주)관웅2공장,경기 안산시 단원구,(15607) 경기도 안산시 단원구 별망로270번길 10 ,,,
11102,주식회사오토젠,경북 경주시,(38212) 경상북도 경주시 외동읍 개곡공단길 30-23(㈜오토젠) 오토젠,,,
11103,(주)미도기업,전북 완주군,(55322) 전북특별자치도 완주군 봉동읍 과학로 886(LS엠트론) 미도기업,,,
11104,주식회사신화에스엠피,전북 군산시,"(54001) 전북특별자치도 군산시 서해로 625(비응도동, 현대중공업군산조선소) 주식회사 신화에스엠피",,,
11105,라인테크(LineTech),경기 부천시 원미구,(14520) 경기도 부천시 원미구 부천로 365-1 (도당동26-4) 1층,,,
11106,"주식회사디윅스(DweaxCo.,Ltd)",서울 강남구,"(06162) 서울특별시 강남구 선릉로94길 12(삼성동, 세웅타워) 7층",,,
11107,부천설비용접학원,경기 부천시 원미구,"(14598) 경기도 부천시 원미구 부일로205번길 47(상동, 서진프라자) 402호",,,
11108,미래교역,경기 시흥시,(14981) 경기도 시흥시 금화로550번길 25 ,,,
11109,(유)남순천현대자동차서비스,전남 순천시,(58019) 전라남도 순천시 해룡면 여순로 1495(사무소) ,,,
11110,주식회사아이테크,광주 북구,"(61008) 광주광역시 북구 첨단과기로 333(대촌동, 광주테크노파크) 로봇센터 208호",,,
11111,(주)혜인기계,전북 전주시 덕진구,(54841) 전북특별자치도 전주시 덕진구 감수길 30-22 (주)혜인기계,,,
11112,한솔씨엘주식회사,울산 동구,"(44032) 울산광역시 동구 고늘로 77(일산동, 현대건설기계) HD현대건설기계(주) 스마트팩토리 남쪽 사무동 2층",,,
11113,(주)제일의장,부산 영도구,(49040) 부산광역시 영도구 대평로 20 제일의장,,,
11114,태성하이텍,경북 구미시,(39422) 경상북도 구미시 첨단기업로 5 태성하이텍,,,
11115,농업회사법인(주)함양산양삼,경남 함양군,(50008) 경상남도 함양군 안의면 당본마암길 44 2층,,,
11116,(주)위니드소프트,세종 세종,"(30121) 세종특별자치시  가름로 232(어진동, 세종비지니스센터) 비동 606호(어진동, 세종비지니스센터)",,,
11117,대한노인회 전북취업지원센터,전북 전주시 완산구,(54981) 전북특별자치도 전주시 완산구 백제대로 342 2층,127.1233709,35.82357627,
11118,선양산업주식회사,경북 경주시,(38206) 경상북도 경주시 외동읍 문산2산단2로 35 ,,,
11119,대구재가노인돌봄센터,대구 달서구,(42741) 대구광역시 달서구 월배로 385 2층,128.5498198,35.82916416,
11120,포근한병원,서울 강북구,"(01128) 서울특별시 강북구 도봉로 266(미아동, 포근한병원) 포근한병원",,,
11121,유한회사수호테크놀로지,전북 익산시,(54570) 전북특별자치도 익산시 덕기길 9 유)수호테크놀로지,,,
11122,정든식품,충남 금산군,(32703) 충청남도 금산군 복수면 오곡동길 9 정든식품,,,
11123,에이스웨이브텍(주),인천 연수구,"(21984) 인천광역시 연수구 연구단지로55번길 25(송도동, 빅텍&에이스웨이브텍 기술개발연구소) 4,5층",,,
11124,두알산업(주),경북 영천시,(38901) 경상북도 영천시 고경면 상리공단길 28 두알산업(주),,,
11125,(주)코지텍,부산 강서구,(46700) 부산광역시 강서구 평강로 373 (대저1동),,,
11126,세화종합관리(주),서울 강서구,(07621) 서울특별시 강서구 개화동로25길 73 3층,126.8097979,37.56492208,
11127,아이에스비,인천 남동구,"(21655) 인천광역시 남동구 호구포로 194 1503-5호(고잔동, 마크원지식산업센터)",,,
11128,신우엔지니어링주식회사,전남 순천시,(58023) 전라남도 순천시 해룡면 해룡산단6로 90(신우엔지니어링) 신우엔지니어링,,,
11129,범양기업,경북 경주시,(38204) 경상북도 경주시 외동읍 영지로 21-22(범양기업) ,,,
11130,(주)용연산업,경기 평택시,(17801) 경기도 평택시 청북읍 옥길1길 92 1층,126.9139924,37.03201884,
11131,톤뮤직실용음악학원,경기 군포시,"(15862) 경기도 군포시 번영로 498(금정동, 산본빌딩) 504호",,,
11132,에스에이치이엔지,전북 완주군,(55322) 전북특별자치도 완주군 봉동읍 과학로 886(LS엠트론) 공조동 3층,,,
11133,(주)한국라이스텍,경북 안동시,(36755) 경상북도 안동시 남후면 농공길 24 농업회사법인(주)한국라이스텍,,,
11134,(주)파인디지털,경기 성남시 분당구,"(13496) 경기도 성남시 분당구 성남대로925번길 41(야탑동, 파인디지털) 7층",,,
11135,주식회사파모스,경남 양산시,(50568) 경상남도 양산시 산막공단남12길 47 주식회사파모스,,,
11136,비앤에스프린팅,서울 중구,(04626) 서울특별시 중구 퇴계로36가길 103 가동 나동,126.9954465,37.55559237,
11137,진주세란병원,경남 진주시,"(52717) 경상남도 진주시 진주대로 829(주약동, 세란병원) ",,,
11138,대정공업,경북 경주시,(38053) 경상북도 경주시 서면 화촌길 15-70 대정공업,129.0324558,35.90088798,
11139,(사단법인)경상북도장애인부모회,경북 포항시 남구,(37843) 경상북도 포항시 남구 연일읍 연일중앙로 8 2층,129.3447108,35.99737551,
11140,(주)은하에어테크,충남 아산시,(31401) 충청남도 아산시 영인면 아산호로746번길 42-20 은하에어테크,126.9850969,36.9084234,
11141,사단법인 한국방위산업보호협회,경기 의왕시,(16108) 경기도 의왕시 광진말로 54 의왕스마트시티퀀텀 C동 621호,,,
11142,은성기업,경남 창원시 성산구    ,"(51711) 경상남도 창원시 성산구 두산볼보로 22(귀곡동, 두산에너빌리티(주)) 두산에너빌리티내 은성기업",,,
11143,태진산업,부산 남구,"(48581) 부산광역시 남구 동명로169번길 18(용호동, 원진정밀) ",,,
11144,(주)리빗,경북 경산시,(38542) 경상북도 경산시 삼풍로 27 글로벌벤처동 311호,,,
11145,주식회사유뱃,대전 유성구,(34028) 대전광역시 유성구 테크노8로 65-1 유뱃 ,127.4047461,36.4218529,
11146,(주)비월드,충남 아산시,(31421) 충청남도 아산시 영인면 윤보선로 251 ,,,
11147,농업회사법인다선주식회사,경기 이천시,(17307) 경기도 이천시 신둔면 둔터로 101 ,,,
11148,디디공감가죽공방,전북 전주시 덕진구,(54806) 전북특별자치도 전주시 덕진구 쪽구름로 182 2동 1층,,,
11149,"주식회사일루베이션(illu-vationco.,Ltd.)",전북 전주시 덕진구,(54870) 전북특별자치도 전주시 덕진구 오공로 123 517호(만성동),,,
11150,와이즈핸드텍(WISEHANDTEC),강원 원주시,(26464) 강원특별자치도 원주시 건강로 23 하늘정원프라자 3층 304호,,,
11151,삼주외식산업(주),대전 유성구,(34177) 대전광역시 유성구 계룡로46번길 32 (구암동),,,
11152,대명장례지도사교육원,대구 달서구,(42739) 대구광역시 달서구 학산로 248-1 3층,,,
11153,(주)서베이피플,서울 서초구,"(06530) 서울특별시 서초구 강남대로91길 16(잠원동, 서린빌딩) 5층",,,
11154,수현플라텍,충북 진천군,(27845) 충청북도 진천군 진천읍 송두4길 72-1(거성산업) 수현플라텍,,,
11155,(주)가인이엔지코퍼레이션,서울 도봉구,"(01459) 서울특별시 도봉구 도봉로106길 23(창동, 북한산현대홈시티) 101동 807호",,,
11156,(주)웅전공업,경남 진주시,(52845) 경상남도 진주시 정촌면 연꽃로145번길 40-20 40-20,128.1051526,35.11793521,
11157,주식회사아성,경기 오산시,"(18103) 경기도 오산시 가장산업서북로 56(가장동, (주) 아성) (주)아성",,,
11158,주식회사제이엠몬도,서울 송파구,(05676) 서울특별시 송파구 가락로 142 402호,,,
11159,주식회사새움아트,경기 파주시,(10904) 경기도 파주시 교하로425번길 17-27 1층,,,
11160,영신철망산업,충북 청주시 서원구,(28182) 충청북도 청주시 서원구 남이면 저산척북로 664 ,,,
11161,한일특장주식회사,전북 완주군,(55313) 전북특별자치도 완주군 봉동읍 첨단산업3로 24 ,,,
11162,써보랜드(SERVORAND),대구 북구,"(41518) 대구광역시 북구 유통단지로 16(산격동, 유통단지산업용재관) 3동 7호",,,
11163,(주)한국몰드,울산 울주군,(44988) 울산광역시 울주군 청량읍 처용산업3길 144((주)한국몰드) 사무동,,,
11164,(주)메디오젠충주공장,충북 충주시,(27461) 충청북도 충주시 대소원면 메가폴리스3로 17((주)메디오젠) ,,,
11165,(주)하원정밀화학,세종 세종,(30011) 세종특별자치시  전동면 노장공단길 53-10 (주)하원정밀화학,127.2686634,36.66295624,
11166,호성(豪姓),경기 김포시,(10037) 경기도 김포시 대곶면 율마로194번길 62-24 1층,,,
11167,(주)성한트랜스텍,서울 은평구,(03414) 서울특별시 은평구 연서로9길 34 401호,,,
11168,영농조합법인산골농장,강원 횡성군,(25200) 강원특별자치도 횡성군 서원면 서원로 987 산골농장,,,
11169,주식회사선우정밀,경남 김해시,(50850) 경상남도 김해시 한림면 김해대로1099번길 107 (주)선우정밀,,,
11170,주식회사씨에프앤비,서울 강남구,"(06296) 서울특별시 강남구 논현로 168(도곡동, 은하수빌딩) 2층(도곡동,은하수빌딩)",,,
11171,신성헤라&레이져,대구 북구,(41512) 대구광역시 북구 검단동로 5-7 1층,,,
11172,아중요양병원,전북 전주시 덕진구,(55023) 전북특별자치도 전주시 덕진구 아중로 223 (우아동2가) 아중요양병원,,,
11173,(주)자이언트네트워크그룹,서울 강서구,"(07612) 서울특별시 강서구 개화동로25길 19(방화동, (주)자이언트) 방화동, 자이언트빌딩 1,2층",,,
11174,가온테크,경북 영천시,(38911) 경상북도 영천시 대창면 한제길 12-7 ,,,
11175,(주)태영,경기 안양시 동안구,"(14057) 경기도 안양시 동안구 벌말로 126(관양동, 평촌 오비즈타워) 906호",,,
11176,(주)진명파이프,경북 경주시,(38202) 경상북도 경주시 외동읍 영지로 328-29 진명파이프,,,
11177,신우치과기공소,강원 강릉시,(25533) 강원특별자치도 강릉시 문화의길7번길 7 3층,,,
11178,주식회사인랩,서울 성북구,"(02732) 서울특별시 성북구 동소문로 287-4 지하 1층, 지상 1층",,,
11179,대명산업사,경북 구미시,(39267) 경상북도 구미시 수출대로 107 대명산업사,,,
11180,주식회사스타세이키코리아,인천 남동구,(21682) 인천광역시 남동구 고잔로 102 고잔동,,,
11181,(주)용성,경기 광주시,(12729) 경기도 광주시 초월읍 숯골길 31-19 ,,,
11182,(주)리빙라이프,경기 광주시,(12724) 경기도 광주시 곤지암읍 신만로 275-43 리빙라이프,127.3924979,37.3507033,
11183,주식회사금일테크,경남 창원시 의창구    ,(51389) 경상남도 창원시 의창구 평산로78번길 17 (주)금일테크,,,
11184,주식회사에임스,경기 광명시,"(14353) 경기도 광명시 덕안로104번길 17 17층 1703호(일직동, 광명역엠클러스터)",,,
11185,(주)지원산업,울산 동구,"(44032) 울산광역시 동구 방어진순환도로 1000(전하동, 현대중공업) (주)지원산업",,,
11186,주식회사현테크,부산 강서구,(46741) 부산광역시 강서구 화전산단2로 64 (화전동),,,
11187,사단법인별의친구들,서울 영등포구,"(07222) 서울특별시 영등포구 선유로54길 13(당산동6가, 성연) 성연빌딩 1-5층",,,
11188,한국교육컨설팅,대전 서구,(35233) 대전광역시 서구 둔산로 63 4층 403-525호(둔산동),,,
11189,주식회사킴텍,경남 창원시 의창구    ,(51107) 경상남도 창원시 의창구 북면 동전산단서로 34 주식회사 킴텍,,,
11190,(주)허스델리,충남 서천군,(33653) 충청남도 서천군 장항읍 장항산단23길 5 (주)허스델리,126.688794,36.03846662,
11191,엠보싱앵글주식회사,경기 평택시,(17815) 경기도 평택시 안중읍 덕우2길 92-78 ,,,
11192,굿실버재가노인돌봄센터,대구 달서구,(42806) 대구광역시 달서구 상인로 84 4층,128.5477351,35.81466452,
11193,법무법인(유한)신원,서울 서초구,"(06645) 서울특별시 서초구 서초대로48길 33(서초동, 허브 원) 402,502호",,,
11194,(주)태금솔루션,광주 광산구,(62229) 광주광역시 광산구 하남산단3번로 14-3 (주)태금솔루션,,,
11195,디앤티서비스,전남 영암군,(58453) 전라남도 영암군 삼호읍 나불로 163(리팩토리 대불) 공장동 201호,,,
11196,(주)알피엠텍,대전 유성구,"(34027) 대전광역시 유성구 테크노2로 240(탑립동, (유)대한중공업) 11동(탑립동, (유)대한중공업)",,,
11197,유한회사글로벌이노비즈,부산 동래구,(47705) 부산광역시 동래구 차밭골로 38-1 4층,129.0777274,35.21729983,
11198,APEX,경기 포천시,(11160) 경기도 포천시 해룡로 109-162 ,,,
11199,주식회사신장로,경기 포천시,(11160) 경기도 포천시 해룡로 109-210 2층,127.1432784,37.84775403,
11200,효마을실버빌요양원,경기 남양주시,(12169) 경기도 남양주시 화도읍 마치로 147-49 효마을실버빌요양원,,,
11201,보경테크(주),경북 칠곡군,(39909) 경상북도 칠곡군 왜관읍 공단로7길 15-5 보경테크(주),128.4139642,35.96763992,
11202,원디자인(주),경기 광주시,(12774) 경기도 광주시 오포안로 144 원디자인,,,
11203,주식회사델타엑스,서울 구로구,"(08213) 서울특별시 구로구 경인로 590(신도림동, 아주빌딩) 5층",,,
11204,신영엔지니어링(주),울산 북구,(44231) 울산광역시 북구 하원지2길 5-6 신영엔지니어링(주),,,
11205,(주)신정기공,대구 달성군,(43008) 대구광역시 달성군 구지면 국가산단대로28길 71 (주)신정기공,128.4268851,35.64329395,
11206,주식회사영진상사양양공장,강원 양양군,(25013) 강원특별자치도 양양군 양양읍 포월새말길 23-23 영진상사,,,
